original_image_path,original_label_path,copied_to,class_names
C:\Wind Turbine blades.v2-1111.yolov8\train\images\1-Copy-2-_jpg.rf.ddb2dabbb07736716b6d21fef5bf91d9.jpg,C:\Wind Turbine blades.v2-1111.yolov8\train\labels\1-Copy-2-_jpg.rf.ddb2dabbb07736716b6d21fef5bf91d9.txt,C:\Users\yys\Desktop\风机\wind-fault-detection-platform\hard_cases\new_small_defect_samples\train_1-Copy-2-_jpg.rf.ddb2dabbb07736716b6d21fef5bf91d9.jpg,Good;MechanicalDamage
C:\Wind Turbine blades.v2-1111.yolov8\train\images\1-Copy-2-_jpg.rf.e2f0d11c6bdb0495f8f3faeccc318849.jpg,C:\Wind Turbine blades.v2-1111.yolov8\train\labels\1-Copy-2-_jpg.rf.e2f0d11c6bdb0495f8f3faeccc318849.txt,C:\Users\yys\Desktop\风机\wind-fault-detection-platform\hard_cases\new_small_defect_samples\train_1-Copy-2-_jpg.rf.e2f0d11c6bdb0495f8f3faeccc318849.jpg,Good;MechanicalDamage
C:\Wind Turbine blades.v2-1111.yolov8\train\images\10-Copy-2-_jpg.rf.30294fb4be17772dc194beb732b76f88.jpg,C:\Wind Turbine blades.v2-1111.yolov8\train\labels\10-Copy-2-_jpg.rf.30294fb4be17772dc194beb732b76f88.txt,C:\Users\yys\Desktop\风机\wind-fault-detection-platform\hard_cases\new_small_defect_samples\train_10-Copy-2-_jpg.rf.30294fb4be17772dc194beb732b76f88.jpg,Good;MechanicalDamage
C:\Wind Turbine blades.v2-1111.yolov8\train\images\10-Copy-2-_jpg.rf.79e07aa550f079c20cc3c1a0e7212141.jpg,C:\Wind Turbine blades.v2-1111.yolov8\train\labels\10-Copy-2-_jpg.rf.79e07aa550f079c20cc3c1a0e7212141.txt,C:\Users\yys\Desktop\风机\wind-fault-detection-platform\hard_cases\new_small_defect_samples\train_10-Copy-2-_jpg.rf.79e07aa550f079c20cc3c1a0e7212141.jpg,Good;MechanicalDamage
C:\Wind Turbine blades.v2-1111.yolov8\train\images\10-Copy-2-_jpg.rf.f538f75155f61e4c041cb54ad8b1140a.jpg,C:\Wind Turbine blades.v2-1111.yolov8\train\labels\10-Copy-2-_jpg.rf.f538f75155f61e4c041cb54ad8b1140a.txt,C:\Users\yys\Desktop\风机\wind-fault-detection-platform\hard_cases\new_small_defect_samples\train_10-Copy-2-_jpg.rf.f538f75155f61e4c041cb54ad8b1140a.jpg,Good;MechanicalDamage
C:\Wind Turbine blades.v2-1111.yolov8\train\images\100_jpg.rf.21657728b0e6345674801c97eaddaac0.jpg,C:\Wind Turbine blades.v2-1111.yolov8\train\labels\100_jpg.rf.21657728b0e6345674801c97eaddaac0.txt,C:\Users\yys\Desktop\风机\wind-fault-detection-platform\hard_cases\new_small_defect_samples\train_100_jpg.rf.21657728b0e6345674801c97eaddaac0.jpg,Scratch
C:\Wind Turbine blades.v2-1111.yolov8\train\images\100_jpg.rf.2dd92a17d5beba4097f22b174f111e4f.jpg,C:\Wind Turbine blades.v2-1111.yolov8\train\labels\100_jpg.rf.2dd92a17d5beba4097f22b174f111e4f.txt,C:\Users\yys\Desktop\风机\wind-fault-detection-platform\hard_cases\new_small_defect_samples\train_100_jpg.rf.2dd92a17d5beba4097f22b174f111e4f.jpg,Scratch
C:\Wind Turbine blades.v2-1111.yolov8\train\images\100_jpg.rf.780a69569f611233043fb2733fd4e969.jpg,C:\Wind Turbine blades.v2-1111.yolov8\train\labels\100_jpg.rf.780a69569f611233043fb2733fd4e969.txt,C:\Users\yys\Desktop\风机\wind-fault-detection-platform\hard_cases\new_small_defect_samples\train_100_jpg.rf.780a69569f611233043fb2733fd4e969.jpg,Scratch
C:\Wind Turbine blades.v2-1111.yolov8\train\images\101_jpg.rf.0fd211e89ebee2fdef9eda131802d6c7.jpg,C:\Wind Turbine blades.v2-1111.yolov8\train\labels\101_jpg.rf.0fd211e89ebee2fdef9eda131802d6c7.txt,C:\Users\yys\Desktop\风机\wind-fault-detection-platform\hard_cases\new_small_defect_samples\train_101_jpg.rf.0fd211e89ebee2fdef9eda131802d6c7.jpg,Scratch
C:\Wind Turbine blades.v2-1111.yolov8\train\images\101_jpg.rf.3bd988927dd1f131dead1a898b63581f.jpg,C:\Wind Turbine blades.v2-1111.yolov8\train\labels\101_jpg.rf.3bd988927dd1f131dead1a898b63581f.txt,C:\Users\yys\Desktop\风机\wind-fault-detection-platform\hard_cases\new_small_defect_samples\train_101_jpg.rf.3bd988927dd1f131dead1a898b63581f.jpg,Scratch
C:\Wind Turbine blades.v2-1111.yolov8\train\images\101_jpg.rf.e0388cc35a171b5e98cb557e269ce865.jpg,C:\Wind Turbine blades.v2-1111.yolov8\train\labels\101_jpg.rf.e0388cc35a171b5e98cb557e269ce865.txt,C:\Users\yys\Desktop\风机\wind-fault-detection-platform\hard_cases\new_small_defect_samples\train_101_jpg.rf.e0388cc35a171b5e98cb557e269ce865.jpg,Scratch
C:\Wind Turbine blades.v2-1111.yolov8\train\images\10_jpg.rf.989bc99f3a162cdcb762b2557eadb159.jpg,C:\Wind Turbine blades.v2-1111.yolov8\train\labels\10_jpg.rf.989bc99f3a162cdcb762b2557eadb159.txt,C:\Users\yys\Desktop\风机\wind-fault-detection-platform\hard_cases\new_small_defect_samples\train_10_jpg.rf.989bc99f3a162cdcb762b2557eadb159.jpg,Good;Scratch
C:\Wind Turbine blades.v2-1111.yolov8\train\images\10_jpg.rf.d5d3c93f44cb4ee2383deff1a0e5538f.jpg,C:\Wind Turbine blades.v2-1111.yolov8\train\labels\10_jpg.rf.d5d3c93f44cb4ee2383deff1a0e5538f.txt,C:\Users\yys\Desktop\风机\wind-fault-detection-platform\hard_cases\new_small_defect_samples\train_10_jpg.rf.d5d3c93f44cb4ee2383deff1a0e5538f.jpg,Paintoff;Scratch
C:\Wind Turbine blades.v2-1111.yolov8\train\images\10_jpg.rf.f3bb86e8b8164e6c01ccb37c173b1052.jpg,C:\Wind Turbine blades.v2-1111.yolov8\train\labels\10_jpg.rf.f3bb86e8b8164e6c01ccb37c173b1052.txt,C:\Users\yys\Desktop\风机\wind-fault-detection-platform\hard_cases\new_small_defect_samples\train_10_jpg.rf.f3bb86e8b8164e6c01ccb37c173b1052.jpg,Paintoff;Scratch
C:\Wind Turbine blades.v2-1111.yolov8\train\images\11-Copy-2-_jpg.rf.1c37adf9a5bec71badd0404b6c4ec95d.jpg,C:\Wind Turbine blades.v2-1111.yolov8\train\labels\11-Copy-2-_jpg.rf.1c37adf9a5bec71badd0404b6c4ec95d.txt,SKIPPED_EMPTY_OR_INVALID_LABEL,
C:\Wind Turbine blades.v2-1111.yolov8\train\images\113_jpg.rf.30fd1f7e07a3713dcad8d78e4550a80d.jpg,C:\Wind Turbine blades.v2-1111.yolov8\train\labels\113_jpg.rf.30fd1f7e07a3713dcad8d78e4550a80d.txt,C:\Users\yys\Desktop\风机\wind-fault-detection-platform\hard_cases\new_small_defect_samples\train_113_jpg.rf.30fd1f7e07a3713dcad8d78e4550a80d.jpg,Good;Paintoff
C:\Wind Turbine blades.v2-1111.yolov8\train\images\113_jpg.rf.a850425f82e2ee158a92f1b143dbc6cc.jpg,C:\Wind Turbine blades.v2-1111.yolov8\train\labels\113_jpg.rf.a850425f82e2ee158a92f1b143dbc6cc.txt,C:\Users\yys\Desktop\风机\wind-fault-detection-platform\hard_cases\new_small_defect_samples\train_113_jpg.rf.a850425f82e2ee158a92f1b143dbc6cc.jpg,Good;Paintoff
C:\Wind Turbine blades.v2-1111.yolov8\train\images\113_jpg.rf.ac34a82ab37f83196674632b55876496.jpg,C:\Wind Turbine blades.v2-1111.yolov8\train\labels\113_jpg.rf.ac34a82ab37f83196674632b55876496.txt,C:\Users\yys\Desktop\风机\wind-fault-detection-platform\hard_cases\new_small_defect_samples\train_113_jpg.rf.ac34a82ab37f83196674632b55876496.jpg,Good;Paintoff
C:\Wind Turbine blades.v2-1111.yolov8\train\images\119_jpg.rf.2847a7300dbfc5ea0e7b74a5152aa263.jpg,C:\Wind Turbine blades.v2-1111.yolov8\train\labels\119_jpg.rf.2847a7300dbfc5ea0e7b74a5152aa263.txt,C:\Users\yys\Desktop\风机\wind-fault-detection-platform\hard_cases\new_small_defect_samples\train_119_jpg.rf.2847a7300dbfc5ea0e7b74a5152aa263.jpg,Good;Paintoff;Scratch
C:\Wind Turbine blades.v2-1111.yolov8\train\images\119_jpg.rf.dd9c3b242f4785ec2541487ee9fab094.jpg,C:\Wind Turbine blades.v2-1111.yolov8\train\labels\119_jpg.rf.dd9c3b242f4785ec2541487ee9fab094.txt,C:\Users\yys\Desktop\风机\wind-fault-detection-platform\hard_cases\new_small_defect_samples\train_119_jpg.rf.dd9c3b242f4785ec2541487ee9fab094.jpg,Good;Paintoff;Scratch
C:\Wind Turbine blades.v2-1111.yolov8\train\images\119_jpg.rf.e2854520d83d6c36edc69b62f356604a.jpg,C:\Wind Turbine blades.v2-1111.yolov8\train\labels\119_jpg.rf.e2854520d83d6c36edc69b62f356604a.txt,C:\Users\yys\Desktop\风机\wind-fault-detection-platform\hard_cases\new_small_defect_samples\train_119_jpg.rf.e2854520d83d6c36edc69b62f356604a.jpg,Good;Paintoff;Scratch
C:\Wind Turbine blades.v2-1111.yolov8\train\images\11_jpg.rf.27820d3e39eadb5da0b0ec544a6e54f5.jpg,C:\Wind Turbine blades.v2-1111.yolov8\train\labels\11_jpg.rf.27820d3e39eadb5da0b0ec544a6e54f5.txt,C:\Users\yys\Desktop\风机\wind-fault-detection-platform\hard_cases\new_corrosion_samples\train_11_jpg.rf.27820d3e39eadb5da0b0ec544a6e54f5.jpg,Erosion
C:\Wind Turbine blades.v2-1111.yolov8\train\images\11_jpg.rf.4139335dbcd4888a0c06a11403d32f3e.jpg,C:\Wind Turbine blades.v2-1111.yolov8\train\labels\11_jpg.rf.4139335dbcd4888a0c06a11403d32f3e.txt,C:\Users\yys\Desktop\风机\wind-fault-detection-platform\hard_cases\new_small_defect_samples\train_11_jpg.rf.4139335dbcd4888a0c06a11403d32f3e.jpg,Good;Paintoff;Scratch
C:\Wind Turbine blades.v2-1111.yolov8\train\images\11_jpg.rf.4b6bb71a7d6af3db574a671056ccc240.jpg,C:\Wind Turbine blades.v2-1111.yolov8\train\labels\11_jpg.rf.4b6bb71a7d6af3db574a671056ccc240.txt,C:\Users\yys\Desktop\风机\wind-fault-detection-platform\hard_cases\new_small_defect_samples\train_11_jpg.rf.4b6bb71a7d6af3db574a671056ccc240.jpg,Good;Paintoff;Scratch
C:\Wind Turbine blades.v2-1111.yolov8\train\images\11_jpg.rf.6f0a6bc10e21e7855d283eee65e72b49.jpg,C:\Wind Turbine blades.v2-1111.yolov8\train\labels\11_jpg.rf.6f0a6bc10e21e7855d283eee65e72b49.txt,C:\Users\yys\Desktop\风机\wind-fault-detection-platform\hard_cases\new_corrosion_samples\train_11_jpg.rf.6f0a6bc10e21e7855d283eee65e72b49.jpg,Erosion
C:\Wind Turbine blades.v2-1111.yolov8\train\images\11_jpg.rf.e99b17d11d6fa0635a1f317b2772ef31.jpg,C:\Wind Turbine blades.v2-1111.yolov8\train\labels\11_jpg.rf.e99b17d11d6fa0635a1f317b2772ef31.txt,C:\Users\yys\Desktop\风机\wind-fault-detection-platform\hard_cases\new_small_defect_samples\train_11_jpg.rf.e99b17d11d6fa0635a1f317b2772ef31.jpg,Good;Scratch
C:\Wind Turbine blades.v2-1111.yolov8\train\images\12-Copy-2-_jpg.rf.76c5f01e80372e639321aeb1d26f60a3.jpg,C:\Wind Turbine blades.v2-1111.yolov8\train\labels\12-Copy-2-_jpg.rf.76c5f01e80372e639321aeb1d26f60a3.txt,C:\Users\yys\Desktop\风机\wind-fault-detection-platform\hard_cases\new_small_defect_samples\train_12-Copy-2-_jpg.rf.76c5f01e80372e639321aeb1d26f60a3.jpg,Good;MechanicalDamage
C:\Wind Turbine blades.v2-1111.yolov8\train\images\12-Copy-2-_jpg.rf.8c1940a523bb9809def992111385a4aa.jpg,C:\Wind Turbine blades.v2-1111.yolov8\train\labels\12-Copy-2-_jpg.rf.8c1940a523bb9809def992111385a4aa.txt,C:\Users\yys\Desktop\风机\wind-fault-detection-platform\hard_cases\new_small_defect_samples\train_12-Copy-2-_jpg.rf.8c1940a523bb9809def992111385a4aa.jpg,Good;MechanicalDamage
C:\Wind Turbine blades.v2-1111.yolov8\train\images\120_jpg.rf.5bf6c604411533acd9de159ba1acfcb6.jpg,C:\Wind Turbine blades.v2-1111.yolov8\train\labels\120_jpg.rf.5bf6c604411533acd9de159ba1acfcb6.txt,C:\Users\yys\Desktop\风机\wind-fault-detection-platform\hard_cases\new_small_defect_samples\train_120_jpg.rf.5bf6c604411533acd9de159ba1acfcb6.jpg,Good;Paintoff;Scratch
C:\Wind Turbine blades.v2-1111.yolov8\train\images\120_jpg.rf.c0bb1d14347193495aadd3c6ec4c1e34.jpg,C:\Wind Turbine blades.v2-1111.yolov8\train\labels\120_jpg.rf.c0bb1d14347193495aadd3c6ec4c1e34.txt,C:\Users\yys\Desktop\风机\wind-fault-detection-platform\hard_cases\new_small_defect_samples\train_120_jpg.rf.c0bb1d14347193495aadd3c6ec4c1e34.jpg,Good;Paintoff;Scratch
C:\Wind Turbine blades.v2-1111.yolov8\train\images\120_jpg.rf.fb074e7e90f0e20d3504712e4660f043.jpg,C:\Wind Turbine blades.v2-1111.yolov8\train\labels\120_jpg.rf.fb074e7e90f0e20d3504712e4660f043.txt,C:\Users\yys\Desktop\风机\wind-fault-detection-platform\hard_cases\new_small_defect_samples\train_120_jpg.rf.fb074e7e90f0e20d3504712e4660f043.jpg,Good;Paintoff;Scratch
C:\Wind Turbine blades.v2-1111.yolov8\train\images\125_jpg.rf.048b95a65ff03101c72c030634c1b8b5.jpg,C:\Wind Turbine blades.v2-1111.yolov8\train\labels\125_jpg.rf.048b95a65ff03101c72c030634c1b8b5.txt,C:\Users\yys\Desktop\风机\wind-fault-detection-platform\hard_cases\new_small_defect_samples\train_125_jpg.rf.048b95a65ff03101c72c030634c1b8b5.jpg,Good;Paintoff;Scratch
C:\Wind Turbine blades.v2-1111.yolov8\train\images\12_jpg.rf.72bada70c90e0fea8850562d0de1e9d4.jpg,C:\Wind Turbine blades.v2-1111.yolov8\train\labels\12_jpg.rf.72bada70c90e0fea8850562d0de1e9d4.txt,C:\Users\yys\Desktop\风机\wind-fault-detection-platform\hard_cases\new_corrosion_samples\train_12_jpg.rf.72bada70c90e0fea8850562d0de1e9d4.jpg,Erosion
C:\Wind Turbine blades.v2-1111.yolov8\train\images\12_jpg.rf.7729d7ee937651e9ef17fcc306bedb13.jpg,C:\Wind Turbine blades.v2-1111.yolov8\train\labels\12_jpg.rf.7729d7ee937651e9ef17fcc306bedb13.txt,C:\Users\yys\Desktop\风机\wind-fault-detection-platform\hard_cases\new_small_defect_samples\train_12_jpg.rf.7729d7ee937651e9ef17fcc306bedb13.jpg,Paintoff;Scratch
C:\Wind Turbine blades.v2-1111.yolov8\train\images\12_jpg.rf.a67fcf1ca7bd21f9f13a65266b5b6e7d.jpg,C:\Wind Turbine blades.v2-1111.yolov8\train\labels\12_jpg.rf.a67fcf1ca7bd21f9f13a65266b5b6e7d.txt,C:\Users\yys\Desktop\风机\wind-fault-detection-platform\hard_cases\new_small_defect_samples\train_12_jpg.rf.a67fcf1ca7bd21f9f13a65266b5b6e7d.jpg,Paintoff;Scratch
C:\Wind Turbine blades.v2-1111.yolov8\train\images\12_jpg.rf.a9f7aeceb3a89cfb370dced1105cc783.jpg,C:\Wind Turbine blades.v2-1111.yolov8\train\labels\12_jpg.rf.a9f7aeceb3a89cfb370dced1105cc783.txt,C:\Users\yys\Desktop\风机\wind-fault-detection-platform\hard_cases\new_small_defect_samples\train_12_jpg.rf.a9f7aeceb3a89cfb370dced1105cc783.jpg,Good;Scratch
C:\Wind Turbine blades.v2-1111.yolov8\train\images\12_jpg.rf.e3c19e902a045b60bca22715a50cd0a0.jpg,C:\Wind Turbine blades.v2-1111.yolov8\train\labels\12_jpg.rf.e3c19e902a045b60bca22715a50cd0a0.txt,C:\Users\yys\Desktop\风机\wind-fault-detection-platform\hard_cases\new_small_defect_samples\train_12_jpg.rf.e3c19e902a045b60bca22715a50cd0a0.jpg,Paintoff;Scratch
C:\Wind Turbine blades.v2-1111.yolov8\train\images\13-Copy-2-_jpg.rf.07f1ec96ace53bf4bd1400feb9237fae.jpg,C:\Wind Turbine blades.v2-1111.yolov8\train\labels\13-Copy-2-_jpg.rf.07f1ec96ace53bf4bd1400feb9237fae.txt,C:\Users\yys\Desktop\风机\wind-fault-detection-platform\hard_cases\new_small_defect_samples\train_13-Copy-2-_jpg.rf.07f1ec96ace53bf4bd1400feb9237fae.jpg,Good;MechanicalDamage
C:\Wind Turbine blades.v2-1111.yolov8\train\images\13-Copy-2-_jpg.rf.97214d8cd9c50b71b480c78af3b51a23.jpg,C:\Wind Turbine blades.v2-1111.yolov8\train\labels\13-Copy-2-_jpg.rf.97214d8cd9c50b71b480c78af3b51a23.txt,C:\Users\yys\Desktop\风机\wind-fault-detection-platform\hard_cases\new_small_defect_samples\train_13-Copy-2-_jpg.rf.97214d8cd9c50b71b480c78af3b51a23.jpg,Good;MechanicalDamage
C:\Wind Turbine blades.v2-1111.yolov8\train\images\131_jpg.rf.32c88bab61bf1154ae6f77feb6e0f5f6.jpg,C:\Wind Turbine blades.v2-1111.yolov8\train\labels\131_jpg.rf.32c88bab61bf1154ae6f77feb6e0f5f6.txt,C:\Users\yys\Desktop\风机\wind-fault-detection-platform\hard_cases\new_small_defect_samples\train_131_jpg.rf.32c88bab61bf1154ae6f77feb6e0f5f6.jpg,Good;Paintoff;Scratch
C:\Wind Turbine blades.v2-1111.yolov8\train\images\131_jpg.rf.fd42d6207553e9f64bfe3033e9cbc56b.jpg,C:\Wind Turbine blades.v2-1111.yolov8\train\labels\131_jpg.rf.fd42d6207553e9f64bfe3033e9cbc56b.txt,C:\Users\yys\Desktop\风机\wind-fault-detection-platform\hard_cases\new_small_defect_samples\train_131_jpg.rf.fd42d6207553e9f64bfe3033e9cbc56b.jpg,Good;Paintoff;Scratch
C:\Wind Turbine blades.v2-1111.yolov8\train\images\13_jpg.rf.05ed3c2ef15a43ea82d069207613d6f9.jpg,C:\Wind Turbine blades.v2-1111.yolov8\train\labels\13_jpg.rf.05ed3c2ef15a43ea82d069207613d6f9.txt,C:\Users\yys\Desktop\风机\wind-fault-detection-platform\hard_cases\new_small_defect_samples\train_13_jpg.rf.05ed3c2ef15a43ea82d069207613d6f9.jpg,Good;Paintoff;Scratch
C:\Wind Turbine blades.v2-1111.yolov8\train\images\13_jpg.rf.28580cb46fdac9e1a40c25462f01bffb.jpg,C:\Wind Turbine blades.v2-1111.yolov8\train\labels\13_jpg.rf.28580cb46fdac9e1a40c25462f01bffb.txt,C:\Users\yys\Desktop\风机\wind-fault-detection-platform\hard_cases\new_small_defect_samples\train_13_jpg.rf.28580cb46fdac9e1a40c25462f01bffb.jpg,Good;Scratch
C:\Wind Turbine blades.v2-1111.yolov8\train\images\13_jpg.rf.3c74763f7f7c78574ebc4806818241de.jpg,C:\Wind Turbine blades.v2-1111.yolov8\train\labels\13_jpg.rf.3c74763f7f7c78574ebc4806818241de.txt,C:\Users\yys\Desktop\风机\wind-fault-detection-platform\hard_cases\new_small_defect_samples\train_13_jpg.rf.3c74763f7f7c78574ebc4806818241de.jpg,Good;Scratch
C:\Wind Turbine blades.v2-1111.yolov8\train\images\13_jpg.rf.592d8e56c51eb0d98d0ccc8c49813eee.jpg,C:\Wind Turbine blades.v2-1111.yolov8\train\labels\13_jpg.rf.592d8e56c51eb0d98d0ccc8c49813eee.txt,C:\Users\yys\Desktop\风机\wind-fault-detection-platform\hard_cases\new_corrosion_samples\train_13_jpg.rf.592d8e56c51eb0d98d0ccc8c49813eee.jpg,Erosion
C:\Wind Turbine blades.v2-1111.yolov8\train\images\13_jpg.rf.e66d025c8e68fb0d313bf7655c110617.jpg,C:\Wind Turbine blades.v2-1111.yolov8\train\labels\13_jpg.rf.e66d025c8e68fb0d313bf7655c110617.txt,C:\Users\yys\Desktop\风机\wind-fault-detection-platform\hard_cases\new_small_defect_samples\train_13_jpg.rf.e66d025c8e68fb0d313bf7655c110617.jpg,Good;Paintoff;Scratch
C:\Wind Turbine blades.v2-1111.yolov8\train\images\148_jpg.rf.737503087764b829881318e703e9defa.jpg,C:\Wind Turbine blades.v2-1111.yolov8\train\labels\148_jpg.rf.737503087764b829881318e703e9defa.txt,C:\Users\yys\Desktop\风机\wind-fault-detection-platform\hard_cases\new_small_defect_samples\train_148_jpg.rf.737503087764b829881318e703e9defa.jpg,Paintoff;Scratch
C:\Wind Turbine blades.v2-1111.yolov8\train\images\149_jpg.rf.1679c9b0d7c70abb4498383e8d8a58b5.jpg,C:\Wind Turbine blades.v2-1111.yolov8\train\labels\149_jpg.rf.1679c9b0d7c70abb4498383e8d8a58b5.txt,C:\Users\yys\Desktop\风机\wind-fault-detection-platform\hard_cases\new_small_defect_samples\train_149_jpg.rf.1679c9b0d7c70abb4498383e8d8a58b5.jpg,Scratch
C:\Wind Turbine blades.v2-1111.yolov8\train\images\149_jpg.rf.e35c24b9a90f96bb8ec1e5f51895a72d.jpg,C:\Wind Turbine blades.v2-1111.yolov8\train\labels\149_jpg.rf.e35c24b9a90f96bb8ec1e5f51895a72d.txt,C:\Users\yys\Desktop\风机\wind-fault-detection-platform\hard_cases\new_small_defect_samples\train_149_jpg.rf.e35c24b9a90f96bb8ec1e5f51895a72d.jpg,Scratch
C:\Wind Turbine blades.v2-1111.yolov8\train\images\14_jpg.rf.12c2e72e65d68725b0a6a06885df219c.jpg,C:\Wind Turbine blades.v2-1111.yolov8\train\labels\14_jpg.rf.12c2e72e65d68725b0a6a06885df219c.txt,C:\Users\yys\Desktop\风机\wind-fault-detection-platform\hard_cases\new_corrosion_samples\train_14_jpg.rf.12c2e72e65d68725b0a6a06885df219c.jpg,Erosion
C:\Wind Turbine blades.v2-1111.yolov8\train\images\14_jpg.rf.3823bba72fff4a8153f6f77cac172f41.jpg,C:\Wind Turbine blades.v2-1111.yolov8\train\labels\14_jpg.rf.3823bba72fff4a8153f6f77cac172f41.txt,C:\Users\yys\Desktop\风机\wind-fault-detection-platform\hard_cases\new_corrosion_samples\train_14_jpg.rf.3823bba72fff4a8153f6f77cac172f41.jpg,Erosion
C:\Wind Turbine blades.v2-1111.yolov8\train\images\14_jpg.rf.42e60a4ecd6d7b7a3e7bc26007781477.jpg,C:\Wind Turbine blades.v2-1111.yolov8\train\labels\14_jpg.rf.42e60a4ecd6d7b7a3e7bc26007781477.txt,C:\Users\yys\Desktop\风机\wind-fault-detection-platform\hard_cases\new_small_defect_samples\train_14_jpg.rf.42e60a4ecd6d7b7a3e7bc26007781477.jpg,Good;Scratch
C:\Wind Turbine blades.v2-1111.yolov8\train\images\14_jpg.rf.6c7d91323d236d00bc0fd0150525a186.jpg,C:\Wind Turbine blades.v2-1111.yolov8\train\labels\14_jpg.rf.6c7d91323d236d00bc0fd0150525a186.txt,C:\Users\yys\Desktop\风机\wind-fault-detection-platform\hard_cases\new_small_defect_samples\train_14_jpg.rf.6c7d91323d236d00bc0fd0150525a186.jpg,Good;Scratch
C:\Wind Turbine blades.v2-1111.yolov8\train\images\14_jpg.rf.a8ca7cfcc7ccadf509cce4c5f7afc9a5.jpg,C:\Wind Turbine blades.v2-1111.yolov8\train\labels\14_jpg.rf.a8ca7cfcc7ccadf509cce4c5f7afc9a5.txt,C:\Users\yys\Desktop\风机\wind-fault-detection-platform\hard_cases\new_corrosion_samples\train_14_jpg.rf.a8ca7cfcc7ccadf509cce4c5f7afc9a5.jpg,Erosion
C:\Wind Turbine blades.v2-1111.yolov8\train\images\14_jpg.rf.cd51583a410a95882fbfdd35ab0a2290.jpg,C:\Wind Turbine blades.v2-1111.yolov8\train\labels\14_jpg.rf.cd51583a410a95882fbfdd35ab0a2290.txt,C:\Users\yys\Desktop\风机\wind-fault-detection-platform\hard_cases\new_small_defect_samples\train_14_jpg.rf.cd51583a410a95882fbfdd35ab0a2290.jpg,Crack;Good
C:\Wind Turbine blades.v2-1111.yolov8\train\images\14_jpg.rf.d82ded57969bff0d36e02a8a11825635.jpg,C:\Wind Turbine blades.v2-1111.yolov8\train\labels\14_jpg.rf.d82ded57969bff0d36e02a8a11825635.txt,C:\Users\yys\Desktop\风机\wind-fault-detection-platform\hard_cases\new_small_defect_samples\train_14_jpg.rf.d82ded57969bff0d36e02a8a11825635.jpg,Good;Scratch
C:\Wind Turbine blades.v2-1111.yolov8\train\images\155_jpg.rf.e10b3fae578b7a07018ed713705ecfb9.jpg,C:\Wind Turbine blades.v2-1111.yolov8\train\labels\155_jpg.rf.e10b3fae578b7a07018ed713705ecfb9.txt,C:\Users\yys\Desktop\风机\wind-fault-detection-platform\hard_cases\new_small_defect_samples\train_155_jpg.rf.e10b3fae578b7a07018ed713705ecfb9.jpg,Good;Paintoff;Scratch
C:\Wind Turbine blades.v2-1111.yolov8\train\images\156_jpg.rf.7e9c2b4a0f3a646ab07e29b3351582d5.jpg,C:\Wind Turbine blades.v2-1111.yolov8\train\labels\156_jpg.rf.7e9c2b4a0f3a646ab07e29b3351582d5.txt,C:\Users\yys\Desktop\风机\wind-fault-detection-platform\hard_cases\new_small_defect_samples\train_156_jpg.rf.7e9c2b4a0f3a646ab07e29b3351582d5.jpg,Good;Paintoff;Scratch
C:\Wind Turbine blades.v2-1111.yolov8\train\images\15_jpg.rf.4badfbeaeae849298fe0a73ef32f07fe.jpg,C:\Wind Turbine blades.v2-1111.yolov8\train\labels\15_jpg.rf.4badfbeaeae849298fe0a73ef32f07fe.txt,C:\Users\yys\Desktop\风机\wind-fault-detection-platform\hard_cases\new_corrosion_samples\train_15_jpg.rf.4badfbeaeae849298fe0a73ef32f07fe.jpg,Erosion;Good
C:\Wind Turbine blades.v2-1111.yolov8\train\images\15_jpg.rf.6c12cfbef6003fb36a82be53dbb4be44.jpg,C:\Wind Turbine blades.v2-1111.yolov8\train\labels\15_jpg.rf.6c12cfbef6003fb36a82be53dbb4be44.txt,C:\Users\yys\Desktop\风机\wind-fault-detection-platform\hard_cases\new_corrosion_samples\train_15_jpg.rf.6c12cfbef6003fb36a82be53dbb4be44.jpg,Erosion;Good
C:\Wind Turbine blades.v2-1111.yolov8\train\images\15_jpg.rf.8831744bd0fb799b031c28392060b4f0.jpg,C:\Wind Turbine blades.v2-1111.yolov8\train\labels\15_jpg.rf.8831744bd0fb799b031c28392060b4f0.txt,C:\Users\yys\Desktop\风机\wind-fault-detection-platform\hard_cases\new_small_defect_samples\train_15_jpg.rf.8831744bd0fb799b031c28392060b4f0.jpg,Good;Paintoff
C:\Wind Turbine blades.v2-1111.yolov8\train\images\15_jpg.rf.a2504a5e070d895cc1a9c3c14313266d.jpg,C:\Wind Turbine blades.v2-1111.yolov8\train\labels\15_jpg.rf.a2504a5e070d895cc1a9c3c14313266d.txt,C:\Users\yys\Desktop\风机\wind-fault-detection-platform\hard_cases\new_small_defect_samples\train_15_jpg.rf.a2504a5e070d895cc1a9c3c14313266d.jpg,Good;Paintoff
C:\Wind Turbine blades.v2-1111.yolov8\train\images\15_jpg.rf.a440e3879967df6a19b4465cd4a0ddfa.jpg,C:\Wind Turbine blades.v2-1111.yolov8\train\labels\15_jpg.rf.a440e3879967df6a19b4465cd4a0ddfa.txt,C:\Users\yys\Desktop\风机\wind-fault-detection-platform\hard_cases\new_small_defect_samples\train_15_jpg.rf.a440e3879967df6a19b4465cd4a0ddfa.jpg,Good;Scratch
C:\Wind Turbine blades.v2-1111.yolov8\train\images\15_jpg.rf.b2840c207f5ae49bd4f42aabde8ab663.jpg,C:\Wind Turbine blades.v2-1111.yolov8\train\labels\15_jpg.rf.b2840c207f5ae49bd4f42aabde8ab663.txt,C:\Users\yys\Desktop\风机\wind-fault-detection-platform\hard_cases\new_small_defect_samples\train_15_jpg.rf.b2840c207f5ae49bd4f42aabde8ab663.jpg,Crack;Good
C:\Wind Turbine blades.v2-1111.yolov8\train\images\15_jpg.rf.ea8f52f2afd2db0d7fc1d46a5e69152c.jpg,C:\Wind Turbine blades.v2-1111.yolov8\train\labels\15_jpg.rf.ea8f52f2afd2db0d7fc1d46a5e69152c.txt,C:\Users\yys\Desktop\风机\wind-fault-detection-platform\hard_cases\new_small_defect_samples\train_15_jpg.rf.ea8f52f2afd2db0d7fc1d46a5e69152c.jpg,Crack;Good
C:\Wind Turbine blades.v2-1111.yolov8\train\images\16_jpg.rf.7541e9f610ca0352916d818843f60ac4.jpg,C:\Wind Turbine blades.v2-1111.yolov8\train\labels\16_jpg.rf.7541e9f610ca0352916d818843f60ac4.txt,C:\Users\yys\Desktop\风机\wind-fault-detection-platform\hard_cases\new_small_defect_samples\train_16_jpg.rf.7541e9f610ca0352916d818843f60ac4.jpg,Good;Scratch
C:\Wind Turbine blades.v2-1111.yolov8\train\images\16_jpg.rf.88dbf0eed509c6d46e84614ed7df983c.jpg,C:\Wind Turbine blades.v2-1111.yolov8\train\labels\16_jpg.rf.88dbf0eed509c6d46e84614ed7df983c.txt,C:\Users\yys\Desktop\风机\wind-fault-detection-platform\hard_cases\new_small_defect_samples\train_16_jpg.rf.88dbf0eed509c6d46e84614ed7df983c.jpg,Crack;Good
C:\Wind Turbine blades.v2-1111.yolov8\train\images\16_jpg.rf.b65133046ba782b16fc561c799b16723.jpg,C:\Wind Turbine blades.v2-1111.yolov8\train\labels\16_jpg.rf.b65133046ba782b16fc561c799b16723.txt,C:\Users\yys\Desktop\风机\wind-fault-detection-platform\hard_cases\new_small_defect_samples\train_16_jpg.rf.b65133046ba782b16fc561c799b16723.jpg,Good;Scratch
C:\Wind Turbine blades.v2-1111.yolov8\train\images\16_jpg.rf.f9375f2ee553b11b7fee0115c8af8d03.jpg,C:\Wind Turbine blades.v2-1111.yolov8\train\labels\16_jpg.rf.f9375f2ee553b11b7fee0115c8af8d03.txt,SKIPPED_EMPTY_OR_INVALID_LABEL,
C:\Wind Turbine blades.v2-1111.yolov8\train\images\16_jpg.rf.fa1a6ee932531a20876d52e71cce4f75.jpg,C:\Wind Turbine blades.v2-1111.yolov8\train\labels\16_jpg.rf.fa1a6ee932531a20876d52e71cce4f75.txt,C:\Users\yys\Desktop\风机\wind-fault-detection-platform\hard_cases\new_small_defect_samples\train_16_jpg.rf.fa1a6ee932531a20876d52e71cce4f75.jpg,Crack;Good
C:\Wind Turbine blades.v2-1111.yolov8\train\images\17_jpg.rf.350e51b28558d1bff2048b3dc9db5834.jpg,C:\Wind Turbine blades.v2-1111.yolov8\train\labels\17_jpg.rf.350e51b28558d1bff2048b3dc9db5834.txt,C:\Users\yys\Desktop\风机\wind-fault-detection-platform\hard_cases\new_small_defect_samples\train_17_jpg.rf.350e51b28558d1bff2048b3dc9db5834.jpg,Good;Scratch
C:\Wind Turbine blades.v2-1111.yolov8\train\images\17_jpg.rf.3af4c78624744e566abe35848b97047f.jpg,C:\Wind Turbine blades.v2-1111.yolov8\train\labels\17_jpg.rf.3af4c78624744e566abe35848b97047f.txt,C:\Users\yys\Desktop\风机\wind-fault-detection-platform\hard_cases\new_small_defect_samples\train_17_jpg.rf.3af4c78624744e566abe35848b97047f.jpg,Crack;Good
C:\Wind Turbine blades.v2-1111.yolov8\train\images\17_jpg.rf.5670dbae410ff4a6e40d56b1f5704894.jpg,C:\Wind Turbine blades.v2-1111.yolov8\train\labels\17_jpg.rf.5670dbae410ff4a6e40d56b1f5704894.txt,C:\Users\yys\Desktop\风机\wind-fault-detection-platform\hard_cases\new_small_defect_samples\train_17_jpg.rf.5670dbae410ff4a6e40d56b1f5704894.jpg,Good;Paintoff;Scratch
C:\Wind Turbine blades.v2-1111.yolov8\train\images\17_jpg.rf.67276b7007ff80a245571295ba6dd53a.jpg,C:\Wind Turbine blades.v2-1111.yolov8\train\labels\17_jpg.rf.67276b7007ff80a245571295ba6dd53a.txt,C:\Users\yys\Desktop\风机\wind-fault-detection-platform\hard_cases\new_small_defect_samples\train_17_jpg.rf.67276b7007ff80a245571295ba6dd53a.jpg,Crack;Good
C:\Wind Turbine blades.v2-1111.yolov8\train\images\17_jpg.rf.6f7165cf6660ef386f8a86083abb425b.jpg,C:\Wind Turbine blades.v2-1111.yolov8\train\labels\17_jpg.rf.6f7165cf6660ef386f8a86083abb425b.txt,C:\Users\yys\Desktop\风机\wind-fault-detection-platform\hard_cases\new_small_defect_samples\train_17_jpg.rf.6f7165cf6660ef386f8a86083abb425b.jpg,Good;Scratch
C:\Wind Turbine blades.v2-1111.yolov8\train\images\17_jpg.rf.a82f394ed441c0084ccfb6dd519b9137.jpg,C:\Wind Turbine blades.v2-1111.yolov8\train\labels\17_jpg.rf.a82f394ed441c0084ccfb6dd519b9137.txt,C:\Users\yys\Desktop\风机\wind-fault-detection-platform\hard_cases\new_small_defect_samples\train_17_jpg.rf.a82f394ed441c0084ccfb6dd519b9137.jpg,Good;Paintoff;Scratch
C:\Wind Turbine blades.v2-1111.yolov8\train\images\17_jpg.rf.abbb8fbfe6f7ec73433d069d49c0c89d.jpg,C:\Wind Turbine blades.v2-1111.yolov8\train\labels\17_jpg.rf.abbb8fbfe6f7ec73433d069d49c0c89d.txt,SKIPPED_EMPTY_OR_INVALID_LABEL,
C:\Wind Turbine blades.v2-1111.yolov8\train\images\17_jpg.rf.b3fe3b3b0a85b35d281a0a05cd0c3610.jpg,C:\Wind Turbine blades.v2-1111.yolov8\train\labels\17_jpg.rf.b3fe3b3b0a85b35d281a0a05cd0c3610.txt,C:\Users\yys\Desktop\风机\wind-fault-detection-platform\hard_cases\new_small_defect_samples\train_17_jpg.rf.b3fe3b3b0a85b35d281a0a05cd0c3610.jpg,Crack;Good
C:\Wind Turbine blades.v2-1111.yolov8\train\images\17_jpg.rf.c9835832ebc3f44ef0c6ae78acc1521b.jpg,C:\Wind Turbine blades.v2-1111.yolov8\train\labels\17_jpg.rf.c9835832ebc3f44ef0c6ae78acc1521b.txt,C:\Users\yys\Desktop\风机\wind-fault-detection-platform\hard_cases\new_corrosion_samples\train_17_jpg.rf.c9835832ebc3f44ef0c6ae78acc1521b.jpg,Erosion
C:\Wind Turbine blades.v2-1111.yolov8\train\images\17_jpg.rf.f64966430fd2d3beafaf2ed4fc4524b5.jpg,C:\Wind Turbine blades.v2-1111.yolov8\train\labels\17_jpg.rf.f64966430fd2d3beafaf2ed4fc4524b5.txt,C:\Users\yys\Desktop\风机\wind-fault-detection-platform\hard_cases\new_corrosion_samples\train_17_jpg.rf.f64966430fd2d3beafaf2ed4fc4524b5.jpg,Erosion
C:\Wind Turbine blades.v2-1111.yolov8\train\images\18_jpg.rf.05d753dfc38047ee875a53c93ebb0c9c.jpg,C:\Wind Turbine blades.v2-1111.yolov8\train\labels\18_jpg.rf.05d753dfc38047ee875a53c93ebb0c9c.txt,C:\Users\yys\Desktop\风机\wind-fault-detection-platform\hard_cases\new_corrosion_samples\train_18_jpg.rf.05d753dfc38047ee875a53c93ebb0c9c.jpg,Erosion
C:\Wind Turbine blades.v2-1111.yolov8\train\images\18_jpg.rf.0cc486b9f63b236a696795c682ddb2c9.jpg,C:\Wind Turbine blades.v2-1111.yolov8\train\labels\18_jpg.rf.0cc486b9f63b236a696795c682ddb2c9.txt,C:\Users\yys\Desktop\风机\wind-fault-detection-platform\hard_cases\new_small_defect_samples\train_18_jpg.rf.0cc486b9f63b236a696795c682ddb2c9.jpg,Good;Paintoff
C:\Wind Turbine blades.v2-1111.yolov8\train\images\18_jpg.rf.2d36aa1498cbecfaa41c66674dd53645.jpg,C:\Wind Turbine blades.v2-1111.yolov8\train\labels\18_jpg.rf.2d36aa1498cbecfaa41c66674dd53645.txt,C:\Users\yys\Desktop\风机\wind-fault-detection-platform\hard_cases\new_small_defect_samples\train_18_jpg.rf.2d36aa1498cbecfaa41c66674dd53645.jpg,Crack;Good
C:\Wind Turbine blades.v2-1111.yolov8\train\images\18_jpg.rf.bc0e67fe9f4b86ca812e0af9037a134a.jpg,C:\Wind Turbine blades.v2-1111.yolov8\train\labels\18_jpg.rf.bc0e67fe9f4b86ca812e0af9037a134a.txt,C:\Users\yys\Desktop\风机\wind-fault-detection-platform\hard_cases\new_small_defect_samples\train_18_jpg.rf.bc0e67fe9f4b86ca812e0af9037a134a.jpg,Good;Scratch
C:\Wind Turbine blades.v2-1111.yolov8\train\images\18_jpg.rf.c07390e1cb1145cb8ae91be9fd7353d9.jpg,C:\Wind Turbine blades.v2-1111.yolov8\train\labels\18_jpg.rf.c07390e1cb1145cb8ae91be9fd7353d9.txt,C:\Users\yys\Desktop\风机\wind-fault-detection-platform\hard_cases\new_small_defect_samples\train_18_jpg.rf.c07390e1cb1145cb8ae91be9fd7353d9.jpg,Crack;Good
C:\Wind Turbine blades.v2-1111.yolov8\train\images\18_jpg.rf.e9fc41e1543aab8d9a4e0f29278d776a.jpg,C:\Wind Turbine blades.v2-1111.yolov8\train\labels\18_jpg.rf.e9fc41e1543aab8d9a4e0f29278d776a.txt,C:\Users\yys\Desktop\风机\wind-fault-detection-platform\hard_cases\new_corrosion_samples\train_18_jpg.rf.e9fc41e1543aab8d9a4e0f29278d776a.jpg,Erosion
C:\Wind Turbine blades.v2-1111.yolov8\train\images\18_jpg.rf.fee3ccf52d1511aae06dfb5134e29545.jpg,C:\Wind Turbine blades.v2-1111.yolov8\train\labels\18_jpg.rf.fee3ccf52d1511aae06dfb5134e29545.txt,C:\Users\yys\Desktop\风机\wind-fault-detection-platform\hard_cases\new_small_defect_samples\train_18_jpg.rf.fee3ccf52d1511aae06dfb5134e29545.jpg,Good;Scratch
C:\Wind Turbine blades.v2-1111.yolov8\train\images\19_jpg.rf.11fa1752096a9383e90cb7305ed94784.jpg,C:\Wind Turbine blades.v2-1111.yolov8\train\labels\19_jpg.rf.11fa1752096a9383e90cb7305ed94784.txt,C:\Users\yys\Desktop\风机\wind-fault-detection-platform\hard_cases\new_small_defect_samples\train_19_jpg.rf.11fa1752096a9383e90cb7305ed94784.jpg,Good;Paintoff
C:\Wind Turbine blades.v2-1111.yolov8\train\images\19_jpg.rf.3748b9b103a01f558c78644a3ad21251.jpg,C:\Wind Turbine blades.v2-1111.yolov8\train\labels\19_jpg.rf.3748b9b103a01f558c78644a3ad21251.txt,C:\Users\yys\Desktop\风机\wind-fault-detection-platform\hard_cases\new_small_defect_samples\train_19_jpg.rf.3748b9b103a01f558c78644a3ad21251.jpg,Good;Scratch
C:\Wind Turbine blades.v2-1111.yolov8\train\images\19_jpg.rf.53f4048f452d66da3ce013a9f394b3ea.jpg,C:\Wind Turbine blades.v2-1111.yolov8\train\labels\19_jpg.rf.53f4048f452d66da3ce013a9f394b3ea.txt,C:\Users\yys\Desktop\风机\wind-fault-detection-platform\hard_cases\new_small_defect_samples\train_19_jpg.rf.53f4048f452d66da3ce013a9f394b3ea.jpg,Good;Paintoff
C:\Wind Turbine blades.v2-1111.yolov8\train\images\19_jpg.rf.7659093ea05c3ee113b22a9612150cc5.jpg,C:\Wind Turbine blades.v2-1111.yolov8\train\labels\19_jpg.rf.7659093ea05c3ee113b22a9612150cc5.txt,C:\Users\yys\Desktop\风机\wind-fault-detection-platform\hard_cases\new_corrosion_samples\train_19_jpg.rf.7659093ea05c3ee113b22a9612150cc5.jpg,Erosion
C:\Wind Turbine blades.v2-1111.yolov8\train\images\19_jpg.rf.86b3798d309a43e97f28c56485ec54fc.jpg,C:\Wind Turbine blades.v2-1111.yolov8\train\labels\19_jpg.rf.86b3798d309a43e97f28c56485ec54fc.txt,C:\Users\yys\Desktop\风机\wind-fault-detection-platform\hard_cases\new_small_defect_samples\train_19_jpg.rf.86b3798d309a43e97f28c56485ec54fc.jpg,Crack;Good
C:\Wind Turbine blades.v2-1111.yolov8\train\images\19_jpg.rf.98be811dac92f9e2772d1475f0a143c0.jpg,C:\Wind Turbine blades.v2-1111.yolov8\train\labels\19_jpg.rf.98be811dac92f9e2772d1475f0a143c0.txt,SKIPPED_EMPTY_OR_INVALID_LABEL,
C:\Wind Turbine blades.v2-1111.yolov8\train\images\19_jpg.rf.c25d36bfdb63d73fbdf57897bbad9045.jpg,C:\Wind Turbine blades.v2-1111.yolov8\train\labels\19_jpg.rf.c25d36bfdb63d73fbdf57897bbad9045.txt,C:\Users\yys\Desktop\风机\wind-fault-detection-platform\hard_cases\new_small_defect_samples\train_19_jpg.rf.c25d36bfdb63d73fbdf57897bbad9045.jpg,Good;Scratch
C:\Wind Turbine blades.v2-1111.yolov8\train\images\19_jpg.rf.c7270ea8dbced5479b645c743a3389ab.jpg,C:\Wind Turbine blades.v2-1111.yolov8\train\labels\19_jpg.rf.c7270ea8dbced5479b645c743a3389ab.txt,C:\Users\yys\Desktop\风机\wind-fault-detection-platform\hard_cases\new_small_defect_samples\train_19_jpg.rf.c7270ea8dbced5479b645c743a3389ab.jpg,Crack;Good
C:\Wind Turbine blades.v2-1111.yolov8\train\images\19_jpg.rf.ced32703f7a4f44bd479880438a7422e.jpg,C:\Wind Turbine blades.v2-1111.yolov8\train\labels\19_jpg.rf.ced32703f7a4f44bd479880438a7422e.txt,C:\Users\yys\Desktop\风机\wind-fault-detection-platform\hard_cases\new_small_defect_samples\train_19_jpg.rf.ced32703f7a4f44bd479880438a7422e.jpg,Good;Paintoff
C:\Wind Turbine blades.v2-1111.yolov8\train\images\1_jpg.rf.116641d21feb064b5dbb05646e9c9b06.jpg,C:\Wind Turbine blades.v2-1111.yolov8\train\labels\1_jpg.rf.116641d21feb064b5dbb05646e9c9b06.txt,C:\Users\yys\Desktop\风机\wind-fault-detection-platform\hard_cases\new_small_defect_samples\train_1_jpg.rf.116641d21feb064b5dbb05646e9c9b06.jpg,Good;Paintoff;Scratch
C:\Wind Turbine blades.v2-1111.yolov8\train\images\1_jpg.rf.4103ca35e0341401efe9937e525531a2.jpg,C:\Wind Turbine blades.v2-1111.yolov8\train\labels\1_jpg.rf.4103ca35e0341401efe9937e525531a2.txt,C:\Users\yys\Desktop\风机\wind-fault-detection-platform\hard_cases\new_small_defect_samples\train_1_jpg.rf.4103ca35e0341401efe9937e525531a2.jpg,Good;Paintoff;Scratch
C:\Wind Turbine blades.v2-1111.yolov8\train\images\1_jpg.rf.4e11b29e7c1665d3c22589c44fbbb68f.jpg,C:\Wind Turbine blades.v2-1111.yolov8\train\labels\1_jpg.rf.4e11b29e7c1665d3c22589c44fbbb68f.txt,C:\Users\yys\Desktop\风机\wind-fault-detection-platform\hard_cases\new_small_defect_samples\train_1_jpg.rf.4e11b29e7c1665d3c22589c44fbbb68f.jpg,Good;Scratch
C:\Wind Turbine blades.v2-1111.yolov8\train\images\1_jpg.rf.75083d7636e50e94d80d02f88662c881.jpg,C:\Wind Turbine blades.v2-1111.yolov8\train\labels\1_jpg.rf.75083d7636e50e94d80d02f88662c881.txt,C:\Users\yys\Desktop\风机\wind-fault-detection-platform\hard_cases\new_small_defect_samples\train_1_jpg.rf.75083d7636e50e94d80d02f88662c881.jpg,Good;Scratch
C:\Wind Turbine blades.v2-1111.yolov8\train\images\1_jpg.rf.7fe8cf5ef04f2ab5ae3ca2c395f57ad7.jpg,C:\Wind Turbine blades.v2-1111.yolov8\train\labels\1_jpg.rf.7fe8cf5ef04f2ab5ae3ca2c395f57ad7.txt,C:\Users\yys\Desktop\风机\wind-fault-detection-platform\hard_cases\new_corrosion_samples\train_1_jpg.rf.7fe8cf5ef04f2ab5ae3ca2c395f57ad7.jpg,Erosion;Good
C:\Wind Turbine blades.v2-1111.yolov8\train\images\1_jpg.rf.af020ae04d4fe6a5d792186d2da39b29.jpg,C:\Wind Turbine blades.v2-1111.yolov8\train\labels\1_jpg.rf.af020ae04d4fe6a5d792186d2da39b29.txt,C:\Users\yys\Desktop\风机\wind-fault-detection-platform\hard_cases\new_corrosion_samples\train_1_jpg.rf.af020ae04d4fe6a5d792186d2da39b29.jpg,Erosion;Good
C:\Wind Turbine blades.v2-1111.yolov8\train\images\1_jpg.rf.e1496d12770212b9d820c22e93445582.jpg,C:\Wind Turbine blades.v2-1111.yolov8\train\labels\1_jpg.rf.e1496d12770212b9d820c22e93445582.txt,C:\Users\yys\Desktop\风机\wind-fault-detection-platform\hard_cases\new_corrosion_samples\train_1_jpg.rf.e1496d12770212b9d820c22e93445582.jpg,Erosion;Good
C:\Wind Turbine blades.v2-1111.yolov8\train\images\2-Copy-2-_jpg.rf.6221a59fdf6089dc243abdb6d4d1010a.jpg,C:\Wind Turbine blades.v2-1111.yolov8\train\labels\2-Copy-2-_jpg.rf.6221a59fdf6089dc243abdb6d4d1010a.txt,C:\Users\yys\Desktop\风机\wind-fault-detection-platform\hard_cases\new_small_defect_samples\train_2-Copy-2-_jpg.rf.6221a59fdf6089dc243abdb6d4d1010a.jpg,Good;MechanicalDamage
C:\Wind Turbine blades.v2-1111.yolov8\train\images\2-Copy-2-_jpg.rf.8826aac33d45b23ed6983e87dd264ea5.jpg,C:\Wind Turbine blades.v2-1111.yolov8\train\labels\2-Copy-2-_jpg.rf.8826aac33d45b23ed6983e87dd264ea5.txt,C:\Users\yys\Desktop\风机\wind-fault-detection-platform\hard_cases\new_small_defect_samples\train_2-Copy-2-_jpg.rf.8826aac33d45b23ed6983e87dd264ea5.jpg,Good;MechanicalDamage
C:\Wind Turbine blades.v2-1111.yolov8\train\images\2-Copy-2-_jpg.rf.8ec4823900cb4e02e8c5101726839bb3.jpg,C:\Wind Turbine blades.v2-1111.yolov8\train\labels\2-Copy-2-_jpg.rf.8ec4823900cb4e02e8c5101726839bb3.txt,C:\Users\yys\Desktop\风机\wind-fault-detection-platform\hard_cases\new_small_defect_samples\train_2-Copy-2-_jpg.rf.8ec4823900cb4e02e8c5101726839bb3.jpg,Good;MechanicalDamage
C:\Wind Turbine blades.v2-1111.yolov8\train\images\20_jpg.rf.481249bd9a498f731135c01f0b92c83a.jpg,C:\Wind Turbine blades.v2-1111.yolov8\train\labels\20_jpg.rf.481249bd9a498f731135c01f0b92c83a.txt,C:\Users\yys\Desktop\风机\wind-fault-detection-platform\hard_cases\new_corrosion_samples\train_20_jpg.rf.481249bd9a498f731135c01f0b92c83a.jpg,Crack;Erosion;Good
C:\Wind Turbine blades.v2-1111.yolov8\train\images\20_jpg.rf.481249bd9a498f731135c01f0b92c83a.jpg,C:\Wind Turbine blades.v2-1111.yolov8\train\labels\20_jpg.rf.481249bd9a498f731135c01f0b92c83a.txt,C:\Users\yys\Desktop\风机\wind-fault-detection-platform\hard_cases\new_small_defect_samples\train_20_jpg.rf.481249bd9a498f731135c01f0b92c83a.jpg,Crack;Erosion;Good
C:\Wind Turbine blades.v2-1111.yolov8\train\images\20_jpg.rf.66cf581ba68789fd755f7bf1a1589f0c.jpg,C:\Wind Turbine blades.v2-1111.yolov8\train\labels\20_jpg.rf.66cf581ba68789fd755f7bf1a1589f0c.txt,C:\Users\yys\Desktop\风机\wind-fault-detection-platform\hard_cases\new_small_defect_samples\train_20_jpg.rf.66cf581ba68789fd755f7bf1a1589f0c.jpg,Good;Paintoff
C:\Wind Turbine blades.v2-1111.yolov8\train\images\20_jpg.rf.6fd3fa2e105117c6733ebc00b62b8c5a.jpg,C:\Wind Turbine blades.v2-1111.yolov8\train\labels\20_jpg.rf.6fd3fa2e105117c6733ebc00b62b8c5a.txt,C:\Users\yys\Desktop\风机\wind-fault-detection-platform\hard_cases\new_small_defect_samples\train_20_jpg.rf.6fd3fa2e105117c6733ebc00b62b8c5a.jpg,Good;Paintoff
C:\Wind Turbine blades.v2-1111.yolov8\train\images\20_jpg.rf.794644f292b72012e874b2b42ff90386.jpg,C:\Wind Turbine blades.v2-1111.yolov8\train\labels\20_jpg.rf.794644f292b72012e874b2b42ff90386.txt,C:\Users\yys\Desktop\风机\wind-fault-detection-platform\hard_cases\new_small_defect_samples\train_20_jpg.rf.794644f292b72012e874b2b42ff90386.jpg,Good;Paintoff
C:\Wind Turbine blades.v2-1111.yolov8\train\images\20_jpg.rf.9703f8679f29eda3c4644148b30cf59a.jpg,C:\Wind Turbine blades.v2-1111.yolov8\train\labels\20_jpg.rf.9703f8679f29eda3c4644148b30cf59a.txt,SKIPPED_EMPTY_OR_INVALID_LABEL,
C:\Wind Turbine blades.v2-1111.yolov8\train\images\20_jpg.rf.ba3a776bd522c2fa72364e536305a95d.jpg,C:\Wind Turbine blades.v2-1111.yolov8\train\labels\20_jpg.rf.ba3a776bd522c2fa72364e536305a95d.txt,SKIPPED_EMPTY_OR_INVALID_LABEL,
C:\Wind Turbine blades.v2-1111.yolov8\train\images\20_jpg.rf.e83ac48a91119dafd71d61f30a3ddd0a.jpg,C:\Wind Turbine blades.v2-1111.yolov8\train\labels\20_jpg.rf.e83ac48a91119dafd71d61f30a3ddd0a.txt,C:\Users\yys\Desktop\风机\wind-fault-detection-platform\hard_cases\new_small_defect_samples\train_20_jpg.rf.e83ac48a91119dafd71d61f30a3ddd0a.jpg,Good;Scratch
C:\Wind Turbine blades.v2-1111.yolov8\train\images\21_jpg.rf.1e363e39784a023f6446df265002e59e.jpg,C:\Wind Turbine blades.v2-1111.yolov8\train\labels\21_jpg.rf.1e363e39784a023f6446df265002e59e.txt,C:\Users\yys\Desktop\风机\wind-fault-detection-platform\hard_cases\new_small_defect_samples\train_21_jpg.rf.1e363e39784a023f6446df265002e59e.jpg,Good;Paintoff;Scratch
C:\Wind Turbine blades.v2-1111.yolov8\train\images\21_jpg.rf.325f210156b5173202ef9c406ddf4b90.jpg,C:\Wind Turbine blades.v2-1111.yolov8\train\labels\21_jpg.rf.325f210156b5173202ef9c406ddf4b90.txt,C:\Users\yys\Desktop\风机\wind-fault-detection-platform\hard_cases\new_corrosion_samples\train_21_jpg.rf.325f210156b5173202ef9c406ddf4b90.jpg,Erosion
C:\Wind Turbine blades.v2-1111.yolov8\train\images\21_jpg.rf.839f0da1d3e18487cb3c89835e19809d.jpg,C:\Wind Turbine blades.v2-1111.yolov8\train\labels\21_jpg.rf.839f0da1d3e18487cb3c89835e19809d.txt,C:\Users\yys\Desktop\风机\wind-fault-detection-platform\hard_cases\new_corrosion_samples\train_21_jpg.rf.839f0da1d3e18487cb3c89835e19809d.jpg,Erosion
C:\Wind Turbine blades.v2-1111.yolov8\train\images\21_jpg.rf.ba8a8f508138d68886601e7bb0389919.jpg,C:\Wind Turbine blades.v2-1111.yolov8\train\labels\21_jpg.rf.ba8a8f508138d68886601e7bb0389919.txt,C:\Users\yys\Desktop\风机\wind-fault-detection-platform\hard_cases\new_small_defect_samples\train_21_jpg.rf.ba8a8f508138d68886601e7bb0389919.jpg,Good;Paintoff;Scratch
C:\Wind Turbine blades.v2-1111.yolov8\train\images\21_jpg.rf.c89eeee9db397d8af008172d40daf471.jpg,C:\Wind Turbine blades.v2-1111.yolov8\train\labels\21_jpg.rf.c89eeee9db397d8af008172d40daf471.txt,C:\Users\yys\Desktop\风机\wind-fault-detection-platform\hard_cases\negative_samples\train_21_jpg.rf.c89eeee9db397d8af008172d40daf471.jpg,Good
C:\Wind Turbine blades.v2-1111.yolov8\train\images\21_jpg.rf.dcb5e8aff3ab98b4dd7b4e0fe8fdcd7c.jpg,C:\Wind Turbine blades.v2-1111.yolov8\train\labels\21_jpg.rf.dcb5e8aff3ab98b4dd7b4e0fe8fdcd7c.txt,C:\Users\yys\Desktop\风机\wind-fault-detection-platform\hard_cases\new_small_defect_samples\train_21_jpg.rf.dcb5e8aff3ab98b4dd7b4e0fe8fdcd7c.jpg,Good;Paintoff;Scratch
C:\Wind Turbine blades.v2-1111.yolov8\train\images\21_jpg.rf.e1cfbaf23fea60cdc55ce8b804bc1ff5.jpg,C:\Wind Turbine blades.v2-1111.yolov8\train\labels\21_jpg.rf.e1cfbaf23fea60cdc55ce8b804bc1ff5.txt,C:\Users\yys\Desktop\风机\wind-fault-detection-platform\hard_cases\new_small_defect_samples\train_21_jpg.rf.e1cfbaf23fea60cdc55ce8b804bc1ff5.jpg,Good;Scratch
C:\Wind Turbine blades.v2-1111.yolov8\train\images\22_jpg.rf.46c9c8989a0dffc44048da0f99cd5adb.jpg,C:\Wind Turbine blades.v2-1111.yolov8\train\labels\22_jpg.rf.46c9c8989a0dffc44048da0f99cd5adb.txt,C:\Users\yys\Desktop\风机\wind-fault-detection-platform\hard_cases\new_small_defect_samples\train_22_jpg.rf.46c9c8989a0dffc44048da0f99cd5adb.jpg,Good;Scratch
C:\Wind Turbine blades.v2-1111.yolov8\train\images\22_jpg.rf.4f294092b47bd41f481acbe649f37396.jpg,C:\Wind Turbine blades.v2-1111.yolov8\train\labels\22_jpg.rf.4f294092b47bd41f481acbe649f37396.txt,C:\Users\yys\Desktop\风机\wind-fault-detection-platform\hard_cases\new_small_defect_samples\train_22_jpg.rf.4f294092b47bd41f481acbe649f37396.jpg,Good;Scratch
C:\Wind Turbine blades.v2-1111.yolov8\train\images\22_jpg.rf.4f52488fab21b49d8a2905216e33276e.jpg,C:\Wind Turbine blades.v2-1111.yolov8\train\labels\22_jpg.rf.4f52488fab21b49d8a2905216e33276e.txt,C:\Users\yys\Desktop\风机\wind-fault-detection-platform\hard_cases\new_small_defect_samples\train_22_jpg.rf.4f52488fab21b49d8a2905216e33276e.jpg,Crack;Good
C:\Wind Turbine blades.v2-1111.yolov8\train\images\22_jpg.rf.953d3bdeb44d508e66b506e71f322073.jpg,C:\Wind Turbine blades.v2-1111.yolov8\train\labels\22_jpg.rf.953d3bdeb44d508e66b506e71f322073.txt,C:\Users\yys\Desktop\风机\wind-fault-detection-platform\hard_cases\new_small_defect_samples\train_22_jpg.rf.953d3bdeb44d508e66b506e71f322073.jpg,Crack;Good
C:\Wind Turbine blades.v2-1111.yolov8\train\images\22_jpg.rf.9bbd8e531d0d0fa142f7930670ec9f13.jpg,C:\Wind Turbine blades.v2-1111.yolov8\train\labels\22_jpg.rf.9bbd8e531d0d0fa142f7930670ec9f13.txt,C:\Users\yys\Desktop\风机\wind-fault-detection-platform\hard_cases\new_small_defect_samples\train_22_jpg.rf.9bbd8e531d0d0fa142f7930670ec9f13.jpg,Crack;Good
C:\Wind Turbine blades.v2-1111.yolov8\train\images\22_jpg.rf.eb5249cdbb436b4aa91d86f8e43158df.jpg,C:\Wind Turbine blades.v2-1111.yolov8\train\labels\22_jpg.rf.eb5249cdbb436b4aa91d86f8e43158df.txt,C:\Users\yys\Desktop\风机\wind-fault-detection-platform\hard_cases\new_small_defect_samples\train_22_jpg.rf.eb5249cdbb436b4aa91d86f8e43158df.jpg,Good;Paintoff
C:\Wind Turbine blades.v2-1111.yolov8\train\images\23_jpg.rf.37537643a4233767e7ece59b819d2cf2.jpg,C:\Wind Turbine blades.v2-1111.yolov8\train\labels\23_jpg.rf.37537643a4233767e7ece59b819d2cf2.txt,C:\Users\yys\Desktop\风机\wind-fault-detection-platform\hard_cases\new_corrosion_samples\train_23_jpg.rf.37537643a4233767e7ece59b819d2cf2.jpg,Erosion;Good
C:\Wind Turbine blades.v2-1111.yolov8\train\images\23_jpg.rf.44c7e3c053a65b005e556052d3f2b383.jpg,C:\Wind Turbine blades.v2-1111.yolov8\train\labels\23_jpg.rf.44c7e3c053a65b005e556052d3f2b383.txt,C:\Users\yys\Desktop\风机\wind-fault-detection-platform\hard_cases\new_small_defect_samples\train_23_jpg.rf.44c7e3c053a65b005e556052d3f2b383.jpg,Crack;Good
C:\Wind Turbine blades.v2-1111.yolov8\train\images\23_jpg.rf.5ba728143c15250e2b9f575f857b1c4d.jpg,C:\Wind Turbine blades.v2-1111.yolov8\train\labels\23_jpg.rf.5ba728143c15250e2b9f575f857b1c4d.txt,C:\Users\yys\Desktop\风机\wind-fault-detection-platform\hard_cases\new_small_defect_samples\train_23_jpg.rf.5ba728143c15250e2b9f575f857b1c4d.jpg,Good;Scratch
C:\Wind Turbine blades.v2-1111.yolov8\train\images\23_jpg.rf.66bff01a13d2256666644f6f967d5591.jpg,C:\Wind Turbine blades.v2-1111.yolov8\train\labels\23_jpg.rf.66bff01a13d2256666644f6f967d5591.txt,C:\Users\yys\Desktop\风机\wind-fault-detection-platform\hard_cases\new_small_defect_samples\train_23_jpg.rf.66bff01a13d2256666644f6f967d5591.jpg,Good;Paintoff
C:\Wind Turbine blades.v2-1111.yolov8\train\images\23_jpg.rf.a49810f60be87c729ba6305d1be91a5a.jpg,C:\Wind Turbine blades.v2-1111.yolov8\train\labels\23_jpg.rf.a49810f60be87c729ba6305d1be91a5a.txt,C:\Users\yys\Desktop\风机\wind-fault-detection-platform\hard_cases\new_small_defect_samples\train_23_jpg.rf.a49810f60be87c729ba6305d1be91a5a.jpg,Good;Paintoff
C:\Wind Turbine blades.v2-1111.yolov8\train\images\23_jpg.rf.b463b22ffe4e746d821fd7de9e2cc3ce.jpg,C:\Wind Turbine blades.v2-1111.yolov8\train\labels\23_jpg.rf.b463b22ffe4e746d821fd7de9e2cc3ce.txt,C:\Users\yys\Desktop\风机\wind-fault-detection-platform\hard_cases\new_small_defect_samples\train_23_jpg.rf.b463b22ffe4e746d821fd7de9e2cc3ce.jpg,Crack;Good
C:\Wind Turbine blades.v2-1111.yolov8\train\images\23_jpg.rf.ba233a515c214a276d70f03c66c9af41.jpg,C:\Wind Turbine blades.v2-1111.yolov8\train\labels\23_jpg.rf.ba233a515c214a276d70f03c66c9af41.txt,C:\Users\yys\Desktop\风机\wind-fault-detection-platform\hard_cases\new_small_defect_samples\train_23_jpg.rf.ba233a515c214a276d70f03c66c9af41.jpg,Good;Paintoff
C:\Wind Turbine blades.v2-1111.yolov8\train\images\24_jpg.rf.3ecf50373da862dc6e17b58e09de7341.jpg,C:\Wind Turbine blades.v2-1111.yolov8\train\labels\24_jpg.rf.3ecf50373da862dc6e17b58e09de7341.txt,C:\Users\yys\Desktop\风机\wind-fault-detection-platform\hard_cases\new_small_defect_samples\train_24_jpg.rf.3ecf50373da862dc6e17b58e09de7341.jpg,Crack;Good
C:\Wind Turbine blades.v2-1111.yolov8\train\images\24_jpg.rf.551ef96faac348dfb3b31f251a6778b7.jpg,C:\Wind Turbine blades.v2-1111.yolov8\train\labels\24_jpg.rf.551ef96faac348dfb3b31f251a6778b7.txt,C:\Users\yys\Desktop\风机\wind-fault-detection-platform\hard_cases\new_small_defect_samples\train_24_jpg.rf.551ef96faac348dfb3b31f251a6778b7.jpg,Good;Scratch
C:\Wind Turbine blades.v2-1111.yolov8\train\images\24_jpg.rf.940e3e796cc4aa462979746d544a599e.jpg,C:\Wind Turbine blades.v2-1111.yolov8\train\labels\24_jpg.rf.940e3e796cc4aa462979746d544a599e.txt,C:\Users\yys\Desktop\风机\wind-fault-detection-platform\hard_cases\new_small_defect_samples\train_24_jpg.rf.940e3e796cc4aa462979746d544a599e.jpg,Good;Paintoff;Scratch
C:\Wind Turbine blades.v2-1111.yolov8\train\images\24_jpg.rf.99c7e845568415acc051af2d3283e9dc.jpg,C:\Wind Turbine blades.v2-1111.yolov8\train\labels\24_jpg.rf.99c7e845568415acc051af2d3283e9dc.txt,C:\Users\yys\Desktop\风机\wind-fault-detection-platform\hard_cases\new_small_defect_samples\train_24_jpg.rf.99c7e845568415acc051af2d3283e9dc.jpg,Good;Paintoff;Scratch
C:\Wind Turbine blades.v2-1111.yolov8\train\images\24_jpg.rf.9bbe0038118d7456b42ce8b5ac63ba9a.jpg,C:\Wind Turbine blades.v2-1111.yolov8\train\labels\24_jpg.rf.9bbe0038118d7456b42ce8b5ac63ba9a.txt,C:\Users\yys\Desktop\风机\wind-fault-detection-platform\hard_cases\new_small_defect_samples\train_24_jpg.rf.9bbe0038118d7456b42ce8b5ac63ba9a.jpg,Crack;Good
C:\Wind Turbine blades.v2-1111.yolov8\train\images\24_jpg.rf.bee2e7f946be6dd72996f7afb14ed8f1.jpg,C:\Wind Turbine blades.v2-1111.yolov8\train\labels\24_jpg.rf.bee2e7f946be6dd72996f7afb14ed8f1.txt,C:\Users\yys\Desktop\风机\wind-fault-detection-platform\hard_cases\new_small_defect_samples\train_24_jpg.rf.bee2e7f946be6dd72996f7afb14ed8f1.jpg,Good;Paintoff;Scratch
C:\Wind Turbine blades.v2-1111.yolov8\train\images\24_jpg.rf.d475dae78dc2b972459c0f44af3033fd.jpg,C:\Wind Turbine blades.v2-1111.yolov8\train\labels\24_jpg.rf.d475dae78dc2b972459c0f44af3033fd.txt,C:\Users\yys\Desktop\风机\wind-fault-detection-platform\hard_cases\new_corrosion_samples\train_24_jpg.rf.d475dae78dc2b972459c0f44af3033fd.jpg,Erosion
C:\Wind Turbine blades.v2-1111.yolov8\train\images\24_jpg.rf.ee509f7e4cf0e78fdc779ba76556497d.jpg,C:\Wind Turbine blades.v2-1111.yolov8\train\labels\24_jpg.rf.ee509f7e4cf0e78fdc779ba76556497d.txt,C:\Users\yys\Desktop\风机\wind-fault-detection-platform\hard_cases\new_small_defect_samples\train_24_jpg.rf.ee509f7e4cf0e78fdc779ba76556497d.jpg,Good;Scratch
C:\Wind Turbine blades.v2-1111.yolov8\train\images\25_jpg.rf.4fa0b36a03a0981ce6fa15f70ae76ccf.jpg,C:\Wind Turbine blades.v2-1111.yolov8\train\labels\25_jpg.rf.4fa0b36a03a0981ce6fa15f70ae76ccf.txt,C:\Users\yys\Desktop\风机\wind-fault-detection-platform\hard_cases\new_small_defect_samples\train_25_jpg.rf.4fa0b36a03a0981ce6fa15f70ae76ccf.jpg,Good;Paintoff;Scratch
C:\Wind Turbine blades.v2-1111.yolov8\train\images\25_jpg.rf.74e60b95bde6b69b981582ce0dd9129a.jpg,C:\Wind Turbine blades.v2-1111.yolov8\train\labels\25_jpg.rf.74e60b95bde6b69b981582ce0dd9129a.txt,C:\Users\yys\Desktop\风机\wind-fault-detection-platform\hard_cases\new_small_defect_samples\train_25_jpg.rf.74e60b95bde6b69b981582ce0dd9129a.jpg,Scratch
C:\Wind Turbine blades.v2-1111.yolov8\train\images\25_jpg.rf.8997f671184624c3e52dd9857cad46e5.jpg,C:\Wind Turbine blades.v2-1111.yolov8\train\labels\25_jpg.rf.8997f671184624c3e52dd9857cad46e5.txt,C:\Users\yys\Desktop\风机\wind-fault-detection-platform\hard_cases\new_small_defect_samples\train_25_jpg.rf.8997f671184624c3e52dd9857cad46e5.jpg,Scratch
C:\Wind Turbine blades.v2-1111.yolov8\train\images\25_jpg.rf.94dce7ddb99105d3177b4fbd7c41cb51.jpg,C:\Wind Turbine blades.v2-1111.yolov8\train\labels\25_jpg.rf.94dce7ddb99105d3177b4fbd7c41cb51.txt,C:\Users\yys\Desktop\风机\wind-fault-detection-platform\hard_cases\new_small_defect_samples\train_25_jpg.rf.94dce7ddb99105d3177b4fbd7c41cb51.jpg,Good;Paintoff;Scratch
C:\Wind Turbine blades.v2-1111.yolov8\train\images\25_jpg.rf.a78548059f08fc91b7e354762320d6b1.jpg,C:\Wind Turbine blades.v2-1111.yolov8\train\labels\25_jpg.rf.a78548059f08fc91b7e354762320d6b1.txt,C:\Users\yys\Desktop\风机\wind-fault-detection-platform\hard_cases\new_corrosion_samples\train_25_jpg.rf.a78548059f08fc91b7e354762320d6b1.jpg,Erosion;Good
C:\Wind Turbine blades.v2-1111.yolov8\train\images\25_jpg.rf.d195e549edd195307037608062113fe1.jpg,C:\Wind Turbine blades.v2-1111.yolov8\train\labels\25_jpg.rf.d195e549edd195307037608062113fe1.txt,C:\Users\yys\Desktop\风机\wind-fault-detection-platform\hard_cases\new_small_defect_samples\train_25_jpg.rf.d195e549edd195307037608062113fe1.jpg,Crack;Good
C:\Wind Turbine blades.v2-1111.yolov8\train\images\25_jpg.rf.dd7368cb140e4db7bdd6f25c5c0084a3.jpg,C:\Wind Turbine blades.v2-1111.yolov8\train\labels\25_jpg.rf.dd7368cb140e4db7bdd6f25c5c0084a3.txt,C:\Users\yys\Desktop\风机\wind-fault-detection-platform\hard_cases\new_small_defect_samples\train_25_jpg.rf.dd7368cb140e4db7bdd6f25c5c0084a3.jpg,Scratch
C:\Wind Turbine blades.v2-1111.yolov8\train\images\25_jpg.rf.eb21d9782bec8e78678fe8877f9061d4.jpg,C:\Wind Turbine blades.v2-1111.yolov8\train\labels\25_jpg.rf.eb21d9782bec8e78678fe8877f9061d4.txt,C:\Users\yys\Desktop\风机\wind-fault-detection-platform\hard_cases\new_small_defect_samples\train_25_jpg.rf.eb21d9782bec8e78678fe8877f9061d4.jpg,Crack;Good
C:\Wind Turbine blades.v2-1111.yolov8\train\images\26_jpg.rf.16ac9b88b11c1e39a4ed2b2695d6c9dd.jpg,C:\Wind Turbine blades.v2-1111.yolov8\train\labels\26_jpg.rf.16ac9b88b11c1e39a4ed2b2695d6c9dd.txt,C:\Users\yys\Desktop\风机\wind-fault-detection-platform\hard_cases\new_small_defect_samples\train_26_jpg.rf.16ac9b88b11c1e39a4ed2b2695d6c9dd.jpg,Crack;Good
C:\Wind Turbine blades.v2-1111.yolov8\train\images\26_jpg.rf.1d600ce45a56f1f9e6bc386c3324ec16.jpg,C:\Wind Turbine blades.v2-1111.yolov8\train\labels\26_jpg.rf.1d600ce45a56f1f9e6bc386c3324ec16.txt,C:\Users\yys\Desktop\风机\wind-fault-detection-platform\hard_cases\new_small_defect_samples\train_26_jpg.rf.1d600ce45a56f1f9e6bc386c3324ec16.jpg,Good;Scratch
C:\Wind Turbine blades.v2-1111.yolov8\train\images\26_jpg.rf.3b2735d6da227419582aeb64f89d84f8.jpg,C:\Wind Turbine blades.v2-1111.yolov8\train\labels\26_jpg.rf.3b2735d6da227419582aeb64f89d84f8.txt,C:\Users\yys\Desktop\风机\wind-fault-detection-platform\hard_cases\new_corrosion_samples\train_26_jpg.rf.3b2735d6da227419582aeb64f89d84f8.jpg,Erosion;Good
C:\Wind Turbine blades.v2-1111.yolov8\train\images\26_jpg.rf.48e9a570b6429305b342f9729689d13f.jpg,C:\Wind Turbine blades.v2-1111.yolov8\train\labels\26_jpg.rf.48e9a570b6429305b342f9729689d13f.txt,C:\Users\yys\Desktop\风机\wind-fault-detection-platform\hard_cases\new_small_defect_samples\train_26_jpg.rf.48e9a570b6429305b342f9729689d13f.jpg,Crack;Good
C:\Wind Turbine blades.v2-1111.yolov8\train\images\26_jpg.rf.5a7acb958553169e94a50d2cb15c3ab3.jpg,C:\Wind Turbine blades.v2-1111.yolov8\train\labels\26_jpg.rf.5a7acb958553169e94a50d2cb15c3ab3.txt,C:\Users\yys\Desktop\风机\wind-fault-detection-platform\hard_cases\new_small_defect_samples\train_26_jpg.rf.5a7acb958553169e94a50d2cb15c3ab3.jpg,Good;Scratch
C:\Wind Turbine blades.v2-1111.yolov8\train\images\26_jpg.rf.69914adf734a6b9c1300a4f54e933e51.jpg,C:\Wind Turbine blades.v2-1111.yolov8\train\labels\26_jpg.rf.69914adf734a6b9c1300a4f54e933e51.txt,C:\Users\yys\Desktop\风机\wind-fault-detection-platform\hard_cases\new_corrosion_samples\train_26_jpg.rf.69914adf734a6b9c1300a4f54e933e51.jpg,Erosion;Good
C:\Wind Turbine blades.v2-1111.yolov8\train\images\26_jpg.rf.8977b89d00e7e673f8df350748fa4c7d.jpg,C:\Wind Turbine blades.v2-1111.yolov8\train\labels\26_jpg.rf.8977b89d00e7e673f8df350748fa4c7d.txt,C:\Users\yys\Desktop\风机\wind-fault-detection-platform\hard_cases\new_small_defect_samples\train_26_jpg.rf.8977b89d00e7e673f8df350748fa4c7d.jpg,Crack;Good
C:\Wind Turbine blades.v2-1111.yolov8\train\images\26_jpg.rf.8b8e329e9503a5a8d21c5d13ea65ab6e.jpg,C:\Wind Turbine blades.v2-1111.yolov8\train\labels\26_jpg.rf.8b8e329e9503a5a8d21c5d13ea65ab6e.txt,C:\Users\yys\Desktop\风机\wind-fault-detection-platform\hard_cases\new_small_defect_samples\train_26_jpg.rf.8b8e329e9503a5a8d21c5d13ea65ab6e.jpg,Good;Scratch
C:\Wind Turbine blades.v2-1111.yolov8\train\images\27-Copy_jpg.rf.6ab42d106f4d88ae41e5d1f60220a820.jpg,C:\Wind Turbine blades.v2-1111.yolov8\train\labels\27-Copy_jpg.rf.6ab42d106f4d88ae41e5d1f60220a820.txt,C:\Users\yys\Desktop\风机\wind-fault-detection-platform\hard_cases\new_corrosion_samples\train_27-Copy_jpg.rf.6ab42d106f4d88ae41e5d1f60220a820.jpg,Erosion;Good
C:\Wind Turbine blades.v2-1111.yolov8\train\images\27-Copy_jpg.rf.96247b4ebd4f5a1456c37cfe975faa0d.jpg,C:\Wind Turbine blades.v2-1111.yolov8\train\labels\27-Copy_jpg.rf.96247b4ebd4f5a1456c37cfe975faa0d.txt,C:\Users\yys\Desktop\风机\wind-fault-detection-platform\hard_cases\new_corrosion_samples\train_27-Copy_jpg.rf.96247b4ebd4f5a1456c37cfe975faa0d.jpg,Erosion;Good
C:\Wind Turbine blades.v2-1111.yolov8\train\images\27-Copy_jpg.rf.e64c4cede401a0a326e9c3c5d72a822f.jpg,C:\Wind Turbine blades.v2-1111.yolov8\train\labels\27-Copy_jpg.rf.e64c4cede401a0a326e9c3c5d72a822f.txt,C:\Users\yys\Desktop\风机\wind-fault-detection-platform\hard_cases\new_corrosion_samples\train_27-Copy_jpg.rf.e64c4cede401a0a326e9c3c5d72a822f.jpg,Erosion;Good
C:\Wind Turbine blades.v2-1111.yolov8\train\images\27_jpg.rf.00fffdfa3cc9347abb558c48c37b6d28.jpg,C:\Wind Turbine blades.v2-1111.yolov8\train\labels\27_jpg.rf.00fffdfa3cc9347abb558c48c37b6d28.txt,C:\Users\yys\Desktop\风机\wind-fault-detection-platform\hard_cases\new_small_defect_samples\train_27_jpg.rf.00fffdfa3cc9347abb558c48c37b6d28.jpg,Good;Scratch
C:\Wind Turbine blades.v2-1111.yolov8\train\images\27_jpg.rf.47036024bda00f173fc2a731f964dcd7.jpg,C:\Wind Turbine blades.v2-1111.yolov8\train\labels\27_jpg.rf.47036024bda00f173fc2a731f964dcd7.txt,C:\Users\yys\Desktop\风机\wind-fault-detection-platform\hard_cases\new_small_defect_samples\train_27_jpg.rf.47036024bda00f173fc2a731f964dcd7.jpg,Paintoff;Scratch
C:\Wind Turbine blades.v2-1111.yolov8\train\images\27_jpg.rf.79609021306f80b9204addca05da94f2.jpg,C:\Wind Turbine blades.v2-1111.yolov8\train\labels\27_jpg.rf.79609021306f80b9204addca05da94f2.txt,C:\Users\yys\Desktop\风机\wind-fault-detection-platform\hard_cases\new_small_defect_samples\train_27_jpg.rf.79609021306f80b9204addca05da94f2.jpg,Good;Scratch
C:\Wind Turbine blades.v2-1111.yolov8\train\images\27_jpg.rf.922624ff2407bb5f63f410be0462fd7a.jpg,C:\Wind Turbine blades.v2-1111.yolov8\train\labels\27_jpg.rf.922624ff2407bb5f63f410be0462fd7a.txt,C:\Users\yys\Desktop\风机\wind-fault-detection-platform\hard_cases\new_small_defect_samples\train_27_jpg.rf.922624ff2407bb5f63f410be0462fd7a.jpg,Paintoff;Scratch
C:\Wind Turbine blades.v2-1111.yolov8\train\images\27_jpg.rf.bc548868f0f7ff1d60342e9b971b28d0.jpg,C:\Wind Turbine blades.v2-1111.yolov8\train\labels\27_jpg.rf.bc548868f0f7ff1d60342e9b971b28d0.txt,C:\Users\yys\Desktop\风机\wind-fault-detection-platform\hard_cases\new_small_defect_samples\train_27_jpg.rf.bc548868f0f7ff1d60342e9b971b28d0.jpg,Crack;Good
C:\Wind Turbine blades.v2-1111.yolov8\train\images\27_jpg.rf.c466530aa9226549d39ee41b2aaa0fbb.jpg,C:\Wind Turbine blades.v2-1111.yolov8\train\labels\27_jpg.rf.c466530aa9226549d39ee41b2aaa0fbb.txt,C:\Users\yys\Desktop\风机\wind-fault-detection-platform\hard_cases\new_small_defect_samples\train_27_jpg.rf.c466530aa9226549d39ee41b2aaa0fbb.jpg,Good;Scratch
C:\Wind Turbine blades.v2-1111.yolov8\train\images\27_jpg.rf.e2061c3674a58cfd974ff1c410af631d.jpg,C:\Wind Turbine blades.v2-1111.yolov8\train\labels\27_jpg.rf.e2061c3674a58cfd974ff1c410af631d.txt,C:\Users\yys\Desktop\风机\wind-fault-detection-platform\hard_cases\new_small_defect_samples\train_27_jpg.rf.e2061c3674a58cfd974ff1c410af631d.jpg,Crack;Good
C:\Wind Turbine blades.v2-1111.yolov8\train\images\28-Copy_jpg.rf.af027d6470425a7470202f8faf9b7161.jpg,C:\Wind Turbine blades.v2-1111.yolov8\train\labels\28-Copy_jpg.rf.af027d6470425a7470202f8faf9b7161.txt,C:\Users\yys\Desktop\风机\wind-fault-detection-platform\hard_cases\new_corrosion_samples\train_28-Copy_jpg.rf.af027d6470425a7470202f8faf9b7161.jpg,Erosion;Good
C:\Wind Turbine blades.v2-1111.yolov8\train\images\28_jpg.rf.48921b1ca4dabf81bfc1ed66868461d5.jpg,C:\Wind Turbine blades.v2-1111.yolov8\train\labels\28_jpg.rf.48921b1ca4dabf81bfc1ed66868461d5.txt,C:\Users\yys\Desktop\风机\wind-fault-detection-platform\hard_cases\new_small_defect_samples\train_28_jpg.rf.48921b1ca4dabf81bfc1ed66868461d5.jpg,Good;Scratch
C:\Wind Turbine blades.v2-1111.yolov8\train\images\28_jpg.rf.60781c5254b7a08072b74f4713c2f52e.jpg,C:\Wind Turbine blades.v2-1111.yolov8\train\labels\28_jpg.rf.60781c5254b7a08072b74f4713c2f52e.txt,C:\Users\yys\Desktop\风机\wind-fault-detection-platform\hard_cases\new_small_defect_samples\train_28_jpg.rf.60781c5254b7a08072b74f4713c2f52e.jpg,Scratch
C:\Wind Turbine blades.v2-1111.yolov8\train\images\28_jpg.rf.6109c4d1f382b42ecb7b061a7c46142f.jpg,C:\Wind Turbine blades.v2-1111.yolov8\train\labels\28_jpg.rf.6109c4d1f382b42ecb7b061a7c46142f.txt,SKIPPED_EMPTY_OR_INVALID_LABEL,
C:\Wind Turbine blades.v2-1111.yolov8\train\images\28_jpg.rf.cd7c01b31156cf0ef89ea286ee575ffe.jpg,C:\Wind Turbine blades.v2-1111.yolov8\train\labels\28_jpg.rf.cd7c01b31156cf0ef89ea286ee575ffe.txt,C:\Users\yys\Desktop\风机\wind-fault-detection-platform\hard_cases\new_small_defect_samples\train_28_jpg.rf.cd7c01b31156cf0ef89ea286ee575ffe.jpg,Good;Scratch
C:\Wind Turbine blades.v2-1111.yolov8\train\images\28_jpg.rf.d91c7ecaca8d611df00860397890716d.jpg,C:\Wind Turbine blades.v2-1111.yolov8\train\labels\28_jpg.rf.d91c7ecaca8d611df00860397890716d.txt,C:\Users\yys\Desktop\风机\wind-fault-detection-platform\hard_cases\new_small_defect_samples\train_28_jpg.rf.d91c7ecaca8d611df00860397890716d.jpg,Crack;Good
C:\Wind Turbine blades.v2-1111.yolov8\train\images\28_jpg.rf.dc78dcb0c3029ceb1bbc2d50000b07cb.jpg,C:\Wind Turbine blades.v2-1111.yolov8\train\labels\28_jpg.rf.dc78dcb0c3029ceb1bbc2d50000b07cb.txt,C:\Users\yys\Desktop\风机\wind-fault-detection-platform\hard_cases\new_small_defect_samples\train_28_jpg.rf.dc78dcb0c3029ceb1bbc2d50000b07cb.jpg,Scratch
C:\Wind Turbine blades.v2-1111.yolov8\train\images\28_jpg.rf.df37248a18ed2babec4608ea410d6808.jpg,C:\Wind Turbine blades.v2-1111.yolov8\train\labels\28_jpg.rf.df37248a18ed2babec4608ea410d6808.txt,C:\Users\yys\Desktop\风机\wind-fault-detection-platform\hard_cases\new_small_defect_samples\train_28_jpg.rf.df37248a18ed2babec4608ea410d6808.jpg,Good;Scratch
C:\Wind Turbine blades.v2-1111.yolov8\train\images\29_jpg.rf.1dee5e5b01e25bb4d7aa90d8b2b2a4d6.jpg,C:\Wind Turbine blades.v2-1111.yolov8\train\labels\29_jpg.rf.1dee5e5b01e25bb4d7aa90d8b2b2a4d6.txt,C:\Users\yys\Desktop\风机\wind-fault-detection-platform\hard_cases\new_small_defect_samples\train_29_jpg.rf.1dee5e5b01e25bb4d7aa90d8b2b2a4d6.jpg,Crack;Good
C:\Wind Turbine blades.v2-1111.yolov8\train\images\29_jpg.rf.2bc6e24f88b2c168dc2767a5e4883176.jpg,C:\Wind Turbine blades.v2-1111.yolov8\train\labels\29_jpg.rf.2bc6e24f88b2c168dc2767a5e4883176.txt,C:\Users\yys\Desktop\风机\wind-fault-detection-platform\hard_cases\new_small_defect_samples\train_29_jpg.rf.2bc6e24f88b2c168dc2767a5e4883176.jpg,Scratch
C:\Wind Turbine blades.v2-1111.yolov8\train\images\29_jpg.rf.7592b9d38b237f8273f7d5423897f03b.jpg,C:\Wind Turbine blades.v2-1111.yolov8\train\labels\29_jpg.rf.7592b9d38b237f8273f7d5423897f03b.txt,C:\Users\yys\Desktop\风机\wind-fault-detection-platform\hard_cases\new_small_defect_samples\train_29_jpg.rf.7592b9d38b237f8273f7d5423897f03b.jpg,Crack;Good
C:\Wind Turbine blades.v2-1111.yolov8\train\images\29_jpg.rf.aa895924b53f390a5d0b1fb420005b66.jpg,C:\Wind Turbine blades.v2-1111.yolov8\train\labels\29_jpg.rf.aa895924b53f390a5d0b1fb420005b66.txt,C:\Users\yys\Desktop\风机\wind-fault-detection-platform\hard_cases\new_small_defect_samples\train_29_jpg.rf.aa895924b53f390a5d0b1fb420005b66.jpg,Scratch
C:\Wind Turbine blades.v2-1111.yolov8\train\images\29_jpg.rf.db4167fad96ef1060e10bfe748801624.jpg,C:\Wind Turbine blades.v2-1111.yolov8\train\labels\29_jpg.rf.db4167fad96ef1060e10bfe748801624.txt,C:\Users\yys\Desktop\风机\wind-fault-detection-platform\hard_cases\new_small_defect_samples\train_29_jpg.rf.db4167fad96ef1060e10bfe748801624.jpg,Scratch
C:\Wind Turbine blades.v2-1111.yolov8\train\images\29_jpg.rf.dcf4a382e05ed66d078f7c1a30a9c7df.jpg,C:\Wind Turbine blades.v2-1111.yolov8\train\labels\29_jpg.rf.dcf4a382e05ed66d078f7c1a30a9c7df.txt,C:\Users\yys\Desktop\风机\wind-fault-detection-platform\hard_cases\new_small_defect_samples\train_29_jpg.rf.dcf4a382e05ed66d078f7c1a30a9c7df.jpg,Good;Scratch
C:\Wind Turbine blades.v2-1111.yolov8\train\images\2_jpg.rf.e0fe22055d22aebf6a324fc0ef8a25c9.jpg,C:\Wind Turbine blades.v2-1111.yolov8\train\labels\2_jpg.rf.e0fe22055d22aebf6a324fc0ef8a25c9.txt,C:\Users\yys\Desktop\风机\wind-fault-detection-platform\hard_cases\new_small_defect_samples\train_2_jpg.rf.e0fe22055d22aebf6a324fc0ef8a25c9.jpg,Good;Scratch
C:\Wind Turbine blades.v2-1111.yolov8\train\images\2_jpg.rf.ea18c2820cf72094255b01bf2ada8049.jpg,C:\Wind Turbine blades.v2-1111.yolov8\train\labels\2_jpg.rf.ea18c2820cf72094255b01bf2ada8049.txt,C:\Users\yys\Desktop\风机\wind-fault-detection-platform\hard_cases\new_small_defect_samples\train_2_jpg.rf.ea18c2820cf72094255b01bf2ada8049.jpg,Crack;Good
C:\Wind Turbine blades.v2-1111.yolov8\train\images\3-Copy-2-_jpg.rf.79d040e78d522e2289c612ed6fef9c31.jpg,C:\Wind Turbine blades.v2-1111.yolov8\train\labels\3-Copy-2-_jpg.rf.79d040e78d522e2289c612ed6fef9c31.txt,C:\Users\yys\Desktop\风机\wind-fault-detection-platform\hard_cases\new_small_defect_samples\train_3-Copy-2-_jpg.rf.79d040e78d522e2289c612ed6fef9c31.jpg,Good;MechanicalDamage
C:\Wind Turbine blades.v2-1111.yolov8\train\images\3-Copy-2-_jpg.rf.d06f482d60a0ae2118242c656cba2874.jpg,C:\Wind Turbine blades.v2-1111.yolov8\train\labels\3-Copy-2-_jpg.rf.d06f482d60a0ae2118242c656cba2874.txt,C:\Users\yys\Desktop\风机\wind-fault-detection-platform\hard_cases\new_small_defect_samples\train_3-Copy-2-_jpg.rf.d06f482d60a0ae2118242c656cba2874.jpg,Good;MechanicalDamage
C:\Wind Turbine blades.v2-1111.yolov8\train\images\3-Copy-2-_jpg.rf.e1e79c17bcbf174ae08f08aae35eee41.jpg,C:\Wind Turbine blades.v2-1111.yolov8\train\labels\3-Copy-2-_jpg.rf.e1e79c17bcbf174ae08f08aae35eee41.txt,C:\Users\yys\Desktop\风机\wind-fault-detection-platform\hard_cases\new_small_defect_samples\train_3-Copy-2-_jpg.rf.e1e79c17bcbf174ae08f08aae35eee41.jpg,Good;MechanicalDamage
C:\Wind Turbine blades.v2-1111.yolov8\train\images\30-Copy_jpg.rf.f4c1ce49fef6ccfe9deda21c798aea55.jpg,C:\Wind Turbine blades.v2-1111.yolov8\train\labels\30-Copy_jpg.rf.f4c1ce49fef6ccfe9deda21c798aea55.txt,C:\Users\yys\Desktop\风机\wind-fault-detection-platform\hard_cases\new_corrosion_samples\train_30-Copy_jpg.rf.f4c1ce49fef6ccfe9deda21c798aea55.jpg,Erosion;Good
C:\Wind Turbine blades.v2-1111.yolov8\train\images\30_jpg.rf.54827a4e95db54ada60dcf60c9e7cd56.jpg,C:\Wind Turbine blades.v2-1111.yolov8\train\labels\30_jpg.rf.54827a4e95db54ada60dcf60c9e7cd56.txt,C:\Users\yys\Desktop\风机\wind-fault-detection-platform\hard_cases\new_small_defect_samples\train_30_jpg.rf.54827a4e95db54ada60dcf60c9e7cd56.jpg,Crack;Good
C:\Wind Turbine blades.v2-1111.yolov8\train\images\30_jpg.rf.caa2e8ff0e91539d0e3cc214283f9500.jpg,C:\Wind Turbine blades.v2-1111.yolov8\train\labels\30_jpg.rf.caa2e8ff0e91539d0e3cc214283f9500.txt,C:\Users\yys\Desktop\风机\wind-fault-detection-platform\hard_cases\new_small_defect_samples\train_30_jpg.rf.caa2e8ff0e91539d0e3cc214283f9500.jpg,Crack;Good
C:\Wind Turbine blades.v2-1111.yolov8\train\images\30_jpg.rf.cba324cc3cd460956a872009b1adbec7.jpg,C:\Wind Turbine blades.v2-1111.yolov8\train\labels\30_jpg.rf.cba324cc3cd460956a872009b1adbec7.txt,C:\Users\yys\Desktop\风机\wind-fault-detection-platform\hard_cases\new_small_defect_samples\train_30_jpg.rf.cba324cc3cd460956a872009b1adbec7.jpg,Crack;Good
C:\Wind Turbine blades.v2-1111.yolov8\train\images\30_jpg.rf.d3038476a145a8166349f0c5575d9cc7.jpg,C:\Wind Turbine blades.v2-1111.yolov8\train\labels\30_jpg.rf.d3038476a145a8166349f0c5575d9cc7.txt,C:\Users\yys\Desktop\风机\wind-fault-detection-platform\hard_cases\new_small_defect_samples\train_30_jpg.rf.d3038476a145a8166349f0c5575d9cc7.jpg,Good;Scratch
C:\Wind Turbine blades.v2-1111.yolov8\train\images\30_jpg.rf.f934d28ac111aac3da4994a081a3d0c5.jpg,C:\Wind Turbine blades.v2-1111.yolov8\train\labels\30_jpg.rf.f934d28ac111aac3da4994a081a3d0c5.txt,C:\Users\yys\Desktop\风机\wind-fault-detection-platform\hard_cases\new_small_defect_samples\train_30_jpg.rf.f934d28ac111aac3da4994a081a3d0c5.jpg,Good;Scratch
C:\Wind Turbine blades.v2-1111.yolov8\train\images\31-Copy_jpg.rf.63cfd7316c74a395f652cbf7990d4ff3.jpg,C:\Wind Turbine blades.v2-1111.yolov8\train\labels\31-Copy_jpg.rf.63cfd7316c74a395f652cbf7990d4ff3.txt,C:\Users\yys\Desktop\风机\wind-fault-detection-platform\hard_cases\new_corrosion_samples\train_31-Copy_jpg.rf.63cfd7316c74a395f652cbf7990d4ff3.jpg,Erosion;Good
C:\Wind Turbine blades.v2-1111.yolov8\train\images\31-Copy_jpg.rf.ad80e7bc770abb481d5cd4384fa0919d.jpg,C:\Wind Turbine blades.v2-1111.yolov8\train\labels\31-Copy_jpg.rf.ad80e7bc770abb481d5cd4384fa0919d.txt,C:\Users\yys\Desktop\风机\wind-fault-detection-platform\hard_cases\new_corrosion_samples\train_31-Copy_jpg.rf.ad80e7bc770abb481d5cd4384fa0919d.jpg,Erosion;Good
C:\Wind Turbine blades.v2-1111.yolov8\train\images\31_jpg.rf.0a4db97316cc1e3d217fced9902e6cfd.jpg,C:\Wind Turbine blades.v2-1111.yolov8\train\labels\31_jpg.rf.0a4db97316cc1e3d217fced9902e6cfd.txt,C:\Users\yys\Desktop\风机\wind-fault-detection-platform\hard_cases\new_small_defect_samples\train_31_jpg.rf.0a4db97316cc1e3d217fced9902e6cfd.jpg,Paintoff;Scratch
C:\Wind Turbine blades.v2-1111.yolov8\train\images\31_jpg.rf.731a5d0f9009b2f9bfe1cabe5cadfaa7.jpg,C:\Wind Turbine blades.v2-1111.yolov8\train\labels\31_jpg.rf.731a5d0f9009b2f9bfe1cabe5cadfaa7.txt,C:\Users\yys\Desktop\风机\wind-fault-detection-platform\hard_cases\new_small_defect_samples\train_31_jpg.rf.731a5d0f9009b2f9bfe1cabe5cadfaa7.jpg,Good;Scratch
C:\Wind Turbine blades.v2-1111.yolov8\train\images\31_jpg.rf.903a8c8cb10c9aa86e4f53c4b4b03b58.jpg,C:\Wind Turbine blades.v2-1111.yolov8\train\labels\31_jpg.rf.903a8c8cb10c9aa86e4f53c4b4b03b58.txt,C:\Users\yys\Desktop\风机\wind-fault-detection-platform\hard_cases\new_small_defect_samples\train_31_jpg.rf.903a8c8cb10c9aa86e4f53c4b4b03b58.jpg,Good;Scratch
C:\Wind Turbine blades.v2-1111.yolov8\train\images\32_jpg.rf.10c68cb83fb8d9ca91504bddcd4c38dd.jpg,C:\Wind Turbine blades.v2-1111.yolov8\train\labels\32_jpg.rf.10c68cb83fb8d9ca91504bddcd4c38dd.txt,C:\Users\yys\Desktop\风机\wind-fault-detection-platform\hard_cases\new_small_defect_samples\train_32_jpg.rf.10c68cb83fb8d9ca91504bddcd4c38dd.jpg,Good;Paintoff;Scratch
C:\Wind Turbine blades.v2-1111.yolov8\train\images\32_jpg.rf.342682020003f0056b9072d929bf59e0.jpg,C:\Wind Turbine blades.v2-1111.yolov8\train\labels\32_jpg.rf.342682020003f0056b9072d929bf59e0.txt,C:\Users\yys\Desktop\风机\wind-fault-detection-platform\hard_cases\negative_samples\train_32_jpg.rf.342682020003f0056b9072d929bf59e0.jpg,Good
C:\Wind Turbine blades.v2-1111.yolov8\train\images\32_jpg.rf.5817c7a28754413ce85eddce2ce025f6.jpg,C:\Wind Turbine blades.v2-1111.yolov8\train\labels\32_jpg.rf.5817c7a28754413ce85eddce2ce025f6.txt,C:\Users\yys\Desktop\风机\wind-fault-detection-platform\hard_cases\new_small_defect_samples\train_32_jpg.rf.5817c7a28754413ce85eddce2ce025f6.jpg,Crack;Good
C:\Wind Turbine blades.v2-1111.yolov8\train\images\32_jpg.rf.780b328c2c393fb2e3d4ad5b61ed3ced.jpg,C:\Wind Turbine blades.v2-1111.yolov8\train\labels\32_jpg.rf.780b328c2c393fb2e3d4ad5b61ed3ced.txt,C:\Users\yys\Desktop\风机\wind-fault-detection-platform\hard_cases\negative_samples\train_32_jpg.rf.780b328c2c393fb2e3d4ad5b61ed3ced.jpg,Good
C:\Wind Turbine blades.v2-1111.yolov8\train\images\32_jpg.rf.8efa5b4784374ff90771153b9c09b903.jpg,C:\Wind Turbine blades.v2-1111.yolov8\train\labels\32_jpg.rf.8efa5b4784374ff90771153b9c09b903.txt,C:\Users\yys\Desktop\风机\wind-fault-detection-platform\hard_cases\new_small_defect_samples\train_32_jpg.rf.8efa5b4784374ff90771153b9c09b903.jpg,Good;Paintoff;Scratch
C:\Wind Turbine blades.v2-1111.yolov8\train\images\32_jpg.rf.c4218e324317f939bf2aa9735d2d9f96.jpg,C:\Wind Turbine blades.v2-1111.yolov8\train\labels\32_jpg.rf.c4218e324317f939bf2aa9735d2d9f96.txt,C:\Users\yys\Desktop\风机\wind-fault-detection-platform\hard_cases\new_corrosion_samples\train_32_jpg.rf.c4218e324317f939bf2aa9735d2d9f96.jpg,Erosion;Good
C:\Wind Turbine blades.v2-1111.yolov8\train\images\32_jpg.rf.dd7f63ef611b972e4f0d80e5333fa943.jpg,C:\Wind Turbine blades.v2-1111.yolov8\train\labels\32_jpg.rf.dd7f63ef611b972e4f0d80e5333fa943.txt,C:\Users\yys\Desktop\风机\wind-fault-detection-platform\hard_cases\new_small_defect_samples\train_32_jpg.rf.dd7f63ef611b972e4f0d80e5333fa943.jpg,Good;Paintoff;Scratch
C:\Wind Turbine blades.v2-1111.yolov8\train\images\33_jpg.rf.13f8888eb1bc78c87ad06c161de8fa0b.jpg,C:\Wind Turbine blades.v2-1111.yolov8\train\labels\33_jpg.rf.13f8888eb1bc78c87ad06c161de8fa0b.txt,C:\Users\yys\Desktop\风机\wind-fault-detection-platform\hard_cases\new_corrosion_samples\train_33_jpg.rf.13f8888eb1bc78c87ad06c161de8fa0b.jpg,Erosion;Good
C:\Wind Turbine blades.v2-1111.yolov8\train\images\33_jpg.rf.19435a099258d9427512b77e6004b5f0.jpg,C:\Wind Turbine blades.v2-1111.yolov8\train\labels\33_jpg.rf.19435a099258d9427512b77e6004b5f0.txt,C:\Users\yys\Desktop\风机\wind-fault-detection-platform\hard_cases\new_small_defect_samples\train_33_jpg.rf.19435a099258d9427512b77e6004b5f0.jpg,Good;Scratch
C:\Wind Turbine blades.v2-1111.yolov8\train\images\33_jpg.rf.473bc90e451d013a498d89856c2d8828.jpg,C:\Wind Turbine blades.v2-1111.yolov8\train\labels\33_jpg.rf.473bc90e451d013a498d89856c2d8828.txt,C:\Users\yys\Desktop\风机\wind-fault-detection-platform\hard_cases\new_small_defect_samples\train_33_jpg.rf.473bc90e451d013a498d89856c2d8828.jpg,Crack;Good
C:\Wind Turbine blades.v2-1111.yolov8\train\images\33_jpg.rf.6bbf6c1dab331842fc9c3942d9640813.jpg,C:\Wind Turbine blades.v2-1111.yolov8\train\labels\33_jpg.rf.6bbf6c1dab331842fc9c3942d9640813.txt,C:\Users\yys\Desktop\风机\wind-fault-detection-platform\hard_cases\new_small_defect_samples\train_33_jpg.rf.6bbf6c1dab331842fc9c3942d9640813.jpg,Paintoff;Scratch
C:\Wind Turbine blades.v2-1111.yolov8\train\images\33_jpg.rf.82ef9ef26745358a101ec9b2d2aee57a.jpg,C:\Wind Turbine blades.v2-1111.yolov8\train\labels\33_jpg.rf.82ef9ef26745358a101ec9b2d2aee57a.txt,C:\Users\yys\Desktop\风机\wind-fault-detection-platform\hard_cases\new_corrosion_samples\train_33_jpg.rf.82ef9ef26745358a101ec9b2d2aee57a.jpg,Erosion;Good
C:\Wind Turbine blades.v2-1111.yolov8\train\images\33_jpg.rf.85749e50c83be6d2b45b57360ad06803.jpg,C:\Wind Turbine blades.v2-1111.yolov8\train\labels\33_jpg.rf.85749e50c83be6d2b45b57360ad06803.txt,C:\Users\yys\Desktop\风机\wind-fault-detection-platform\hard_cases\new_corrosion_samples\train_33_jpg.rf.85749e50c83be6d2b45b57360ad06803.jpg,Erosion;Good
C:\Wind Turbine blades.v2-1111.yolov8\train\images\33_jpg.rf.a35c08f402b3381387b2a7e7c1afa51f.jpg,C:\Wind Turbine blades.v2-1111.yolov8\train\labels\33_jpg.rf.a35c08f402b3381387b2a7e7c1afa51f.txt,C:\Users\yys\Desktop\风机\wind-fault-detection-platform\hard_cases\new_small_defect_samples\train_33_jpg.rf.a35c08f402b3381387b2a7e7c1afa51f.jpg,Good;Scratch
C:\Wind Turbine blades.v2-1111.yolov8\train\images\33_jpg.rf.a3bcc0a4fb1851c231b5cf89a3ef08e7.jpg,C:\Wind Turbine blades.v2-1111.yolov8\train\labels\33_jpg.rf.a3bcc0a4fb1851c231b5cf89a3ef08e7.txt,C:\Users\yys\Desktop\风机\wind-fault-detection-platform\hard_cases\new_small_defect_samples\train_33_jpg.rf.a3bcc0a4fb1851c231b5cf89a3ef08e7.jpg,Paintoff;Scratch
C:\Wind Turbine blades.v2-1111.yolov8\train\images\33_jpg.rf.fcb8171fb8b93a982d788d4ab4f28643.jpg,C:\Wind Turbine blades.v2-1111.yolov8\train\labels\33_jpg.rf.fcb8171fb8b93a982d788d4ab4f28643.txt,C:\Users\yys\Desktop\风机\wind-fault-detection-platform\hard_cases\new_small_defect_samples\train_33_jpg.rf.fcb8171fb8b93a982d788d4ab4f28643.jpg,Good;Scratch
C:\Wind Turbine blades.v2-1111.yolov8\train\images\34_jpg.rf.87183a382978d19f82c0ef7fe0941968.jpg,C:\Wind Turbine blades.v2-1111.yolov8\train\labels\34_jpg.rf.87183a382978d19f82c0ef7fe0941968.txt,C:\Users\yys\Desktop\风机\wind-fault-detection-platform\hard_cases\new_small_defect_samples\train_34_jpg.rf.87183a382978d19f82c0ef7fe0941968.jpg,Good;Scratch
C:\Wind Turbine blades.v2-1111.yolov8\train\images\34_jpg.rf.ae7a9950e19da00b387decbdf147e3db.jpg,C:\Wind Turbine blades.v2-1111.yolov8\train\labels\34_jpg.rf.ae7a9950e19da00b387decbdf147e3db.txt,C:\Users\yys\Desktop\风机\wind-fault-detection-platform\hard_cases\new_small_defect_samples\train_34_jpg.rf.ae7a9950e19da00b387decbdf147e3db.jpg,Crack;Good
C:\Wind Turbine blades.v2-1111.yolov8\train\images\34_jpg.rf.b0a54ce0db0902db491ed44ec3392430.jpg,C:\Wind Turbine blades.v2-1111.yolov8\train\labels\34_jpg.rf.b0a54ce0db0902db491ed44ec3392430.txt,C:\Users\yys\Desktop\风机\wind-fault-detection-platform\hard_cases\new_small_defect_samples\train_34_jpg.rf.b0a54ce0db0902db491ed44ec3392430.jpg,Crack;Good
C:\Wind Turbine blades.v2-1111.yolov8\train\images\34_jpg.rf.e0bcdd0efc00ba017c3c08ab637d392c.jpg,C:\Wind Turbine blades.v2-1111.yolov8\train\labels\34_jpg.rf.e0bcdd0efc00ba017c3c08ab637d392c.txt,C:\Users\yys\Desktop\风机\wind-fault-detection-platform\hard_cases\new_small_defect_samples\train_34_jpg.rf.e0bcdd0efc00ba017c3c08ab637d392c.jpg,Paintoff;Scratch
C:\Wind Turbine blades.v2-1111.yolov8\train\images\35_jpg.rf.082a34edac310dbdcbea9bacc220e8a0.jpg,C:\Wind Turbine blades.v2-1111.yolov8\train\labels\35_jpg.rf.082a34edac310dbdcbea9bacc220e8a0.txt,C:\Users\yys\Desktop\风机\wind-fault-detection-platform\hard_cases\new_small_defect_samples\train_35_jpg.rf.082a34edac310dbdcbea9bacc220e8a0.jpg,Good;Scratch
C:\Wind Turbine blades.v2-1111.yolov8\train\images\35_jpg.rf.0b077c00b5ff5aeba1bb0451caeba027.jpg,C:\Wind Turbine blades.v2-1111.yolov8\train\labels\35_jpg.rf.0b077c00b5ff5aeba1bb0451caeba027.txt,C:\Users\yys\Desktop\风机\wind-fault-detection-platform\hard_cases\new_small_defect_samples\train_35_jpg.rf.0b077c00b5ff5aeba1bb0451caeba027.jpg,Good;Paintoff;Scratch
C:\Wind Turbine blades.v2-1111.yolov8\train\images\35_jpg.rf.3240e4a2be02e0861569eec167af809f.jpg,C:\Wind Turbine blades.v2-1111.yolov8\train\labels\35_jpg.rf.3240e4a2be02e0861569eec167af809f.txt,C:\Users\yys\Desktop\风机\wind-fault-detection-platform\hard_cases\new_corrosion_samples\train_35_jpg.rf.3240e4a2be02e0861569eec167af809f.jpg,Erosion
C:\Wind Turbine blades.v2-1111.yolov8\train\images\35_jpg.rf.81bd572c98295822662354137478f8ba.jpg,C:\Wind Turbine blades.v2-1111.yolov8\train\labels\35_jpg.rf.81bd572c98295822662354137478f8ba.txt,C:\Users\yys\Desktop\风机\wind-fault-detection-platform\hard_cases\new_small_defect_samples\train_35_jpg.rf.81bd572c98295822662354137478f8ba.jpg,Crack;Good
C:\Wind Turbine blades.v2-1111.yolov8\train\images\35_jpg.rf.b025632da199baeb83d5b1c0d5191553.jpg,C:\Wind Turbine blades.v2-1111.yolov8\train\labels\35_jpg.rf.b025632da199baeb83d5b1c0d5191553.txt,C:\Users\yys\Desktop\风机\wind-fault-detection-platform\hard_cases\new_small_defect_samples\train_35_jpg.rf.b025632da199baeb83d5b1c0d5191553.jpg,Crack;Good
C:\Wind Turbine blades.v2-1111.yolov8\train\images\35_jpg.rf.b0f871021c43bd943b5b74c5aacdbd51.jpg,C:\Wind Turbine blades.v2-1111.yolov8\train\labels\35_jpg.rf.b0f871021c43bd943b5b74c5aacdbd51.txt,C:\Users\yys\Desktop\风机\wind-fault-detection-platform\hard_cases\new_corrosion_samples\train_35_jpg.rf.b0f871021c43bd943b5b74c5aacdbd51.jpg,Erosion
C:\Wind Turbine blades.v2-1111.yolov8\train\images\35_jpg.rf.d29e0e3ce5ea76b6b42d189498c3fe44.jpg,C:\Wind Turbine blades.v2-1111.yolov8\train\labels\35_jpg.rf.d29e0e3ce5ea76b6b42d189498c3fe44.txt,C:\Users\yys\Desktop\风机\wind-fault-detection-platform\hard_cases\new_small_defect_samples\train_35_jpg.rf.d29e0e3ce5ea76b6b42d189498c3fe44.jpg,Good;Paintoff;Scratch
C:\Wind Turbine blades.v2-1111.yolov8\train\images\35_jpg.rf.f7d078443d57af844deb6532b90f83cf.jpg,C:\Wind Turbine blades.v2-1111.yolov8\train\labels\35_jpg.rf.f7d078443d57af844deb6532b90f83cf.txt,C:\Users\yys\Desktop\风机\wind-fault-detection-platform\hard_cases\new_small_defect_samples\train_35_jpg.rf.f7d078443d57af844deb6532b90f83cf.jpg,Good;Scratch
C:\Wind Turbine blades.v2-1111.yolov8\train\images\36_jpg.rf.29605564be8bf0cd179a41c89c5f5745.jpg,C:\Wind Turbine blades.v2-1111.yolov8\train\labels\36_jpg.rf.29605564be8bf0cd179a41c89c5f5745.txt,C:\Users\yys\Desktop\风机\wind-fault-detection-platform\hard_cases\new_corrosion_samples\train_36_jpg.rf.29605564be8bf0cd179a41c89c5f5745.jpg,Erosion;Good
C:\Wind Turbine blades.v2-1111.yolov8\train\images\36_jpg.rf.a6a1af13cd2a437682ffd92f330d4a72.jpg,C:\Wind Turbine blades.v2-1111.yolov8\train\labels\36_jpg.rf.a6a1af13cd2a437682ffd92f330d4a72.txt,C:\Users\yys\Desktop\风机\wind-fault-detection-platform\hard_cases\new_small_defect_samples\train_36_jpg.rf.a6a1af13cd2a437682ffd92f330d4a72.jpg,Good;Paintoff;Scratch
C:\Wind Turbine blades.v2-1111.yolov8\train\images\36_jpg.rf.ad19eca515f1e25cc3c744e9ad7e41d1.jpg,C:\Wind Turbine blades.v2-1111.yolov8\train\labels\36_jpg.rf.ad19eca515f1e25cc3c744e9ad7e41d1.txt,C:\Users\yys\Desktop\风机\wind-fault-detection-platform\hard_cases\new_small_defect_samples\train_36_jpg.rf.ad19eca515f1e25cc3c744e9ad7e41d1.jpg,Good;Scratch
C:\Wind Turbine blades.v2-1111.yolov8\train\images\37_jpg.rf.09e267c252072e3bedffa4aabcf43c7d.jpg,C:\Wind Turbine blades.v2-1111.yolov8\train\labels\37_jpg.rf.09e267c252072e3bedffa4aabcf43c7d.txt,C:\Users\yys\Desktop\风机\wind-fault-detection-platform\hard_cases\new_small_defect_samples\train_37_jpg.rf.09e267c252072e3bedffa4aabcf43c7d.jpg,Good;Paintoff;Scratch
C:\Wind Turbine blades.v2-1111.yolov8\train\images\37_jpg.rf.36fdb81ccc94244ff5c6143965f5eb44.jpg,C:\Wind Turbine blades.v2-1111.yolov8\train\labels\37_jpg.rf.36fdb81ccc94244ff5c6143965f5eb44.txt,C:\Users\yys\Desktop\风机\wind-fault-detection-platform\hard_cases\new_small_defect_samples\train_37_jpg.rf.36fdb81ccc94244ff5c6143965f5eb44.jpg,Crack;Good
C:\Wind Turbine blades.v2-1111.yolov8\train\images\37_jpg.rf.d185afcd699832ba09e4b18c5c944245.jpg,C:\Wind Turbine blades.v2-1111.yolov8\train\labels\37_jpg.rf.d185afcd699832ba09e4b18c5c944245.txt,C:\Users\yys\Desktop\风机\wind-fault-detection-platform\hard_cases\new_small_defect_samples\train_37_jpg.rf.d185afcd699832ba09e4b18c5c944245.jpg,Crack;Good
C:\Wind Turbine blades.v2-1111.yolov8\train\images\37_jpg.rf.dd1ffd287d96c56d8c2e68c3c8dbe848.jpg,C:\Wind Turbine blades.v2-1111.yolov8\train\labels\37_jpg.rf.dd1ffd287d96c56d8c2e68c3c8dbe848.txt,C:\Users\yys\Desktop\风机\wind-fault-detection-platform\hard_cases\new_small_defect_samples\train_37_jpg.rf.dd1ffd287d96c56d8c2e68c3c8dbe848.jpg,Good;Scratch
C:\Wind Turbine blades.v2-1111.yolov8\train\images\37_jpg.rf.e0e462d560c42d6a0bd74b44a96b82b9.jpg,C:\Wind Turbine blades.v2-1111.yolov8\train\labels\37_jpg.rf.e0e462d560c42d6a0bd74b44a96b82b9.txt,C:\Users\yys\Desktop\风机\wind-fault-detection-platform\hard_cases\new_small_defect_samples\train_37_jpg.rf.e0e462d560c42d6a0bd74b44a96b82b9.jpg,Crack;Good
C:\Wind Turbine blades.v2-1111.yolov8\train\images\37_jpg.rf.f455abfcb5d7ae1cd7b7d86823e349b9.jpg,C:\Wind Turbine blades.v2-1111.yolov8\train\labels\37_jpg.rf.f455abfcb5d7ae1cd7b7d86823e349b9.txt,C:\Users\yys\Desktop\风机\wind-fault-detection-platform\hard_cases\new_corrosion_samples\train_37_jpg.rf.f455abfcb5d7ae1cd7b7d86823e349b9.jpg,Erosion;Good
C:\Wind Turbine blades.v2-1111.yolov8\train\images\38_jpg.rf.0925a7fa09d8932404b0125b40b3934b.jpg,C:\Wind Turbine blades.v2-1111.yolov8\train\labels\38_jpg.rf.0925a7fa09d8932404b0125b40b3934b.txt,C:\Users\yys\Desktop\风机\wind-fault-detection-platform\hard_cases\new_corrosion_samples\train_38_jpg.rf.0925a7fa09d8932404b0125b40b3934b.jpg,Erosion;Good
C:\Wind Turbine blades.v2-1111.yolov8\train\images\38_jpg.rf.8f0253aa7b8029af1c32400db47f9944.jpg,C:\Wind Turbine blades.v2-1111.yolov8\train\labels\38_jpg.rf.8f0253aa7b8029af1c32400db47f9944.txt,C:\Users\yys\Desktop\风机\wind-fault-detection-platform\hard_cases\new_small_defect_samples\train_38_jpg.rf.8f0253aa7b8029af1c32400db47f9944.jpg,Crack;Good
C:\Wind Turbine blades.v2-1111.yolov8\train\images\38_jpg.rf.9c8f19bb9b5c4cb0e433d89635ae1f8e.jpg,C:\Wind Turbine blades.v2-1111.yolov8\train\labels\38_jpg.rf.9c8f19bb9b5c4cb0e433d89635ae1f8e.txt,C:\Users\yys\Desktop\风机\wind-fault-detection-platform\hard_cases\new_small_defect_samples\train_38_jpg.rf.9c8f19bb9b5c4cb0e433d89635ae1f8e.jpg,Good;Scratch
C:\Wind Turbine blades.v2-1111.yolov8\train\images\38_jpg.rf.d038b8338902dc1ca43d52857a8c8ca3.jpg,C:\Wind Turbine blades.v2-1111.yolov8\train\labels\38_jpg.rf.d038b8338902dc1ca43d52857a8c8ca3.txt,C:\Users\yys\Desktop\风机\wind-fault-detection-platform\hard_cases\new_small_defect_samples\train_38_jpg.rf.d038b8338902dc1ca43d52857a8c8ca3.jpg,Crack;Good
C:\Wind Turbine blades.v2-1111.yolov8\train\images\38_jpg.rf.e75eb83148059cfeebdd27f3cf6ddf45.jpg,C:\Wind Turbine blades.v2-1111.yolov8\train\labels\38_jpg.rf.e75eb83148059cfeebdd27f3cf6ddf45.txt,C:\Users\yys\Desktop\风机\wind-fault-detection-platform\hard_cases\new_corrosion_samples\train_38_jpg.rf.e75eb83148059cfeebdd27f3cf6ddf45.jpg,Erosion;Good
C:\Wind Turbine blades.v2-1111.yolov8\train\images\39_jpg.rf.71b774be583ff0edb12118c513084bb8.jpg,C:\Wind Turbine blades.v2-1111.yolov8\train\labels\39_jpg.rf.71b774be583ff0edb12118c513084bb8.txt,C:\Users\yys\Desktop\风机\wind-fault-detection-platform\hard_cases\new_small_defect_samples\train_39_jpg.rf.71b774be583ff0edb12118c513084bb8.jpg,Good;Scratch
C:\Wind Turbine blades.v2-1111.yolov8\train\images\39_jpg.rf.77af18b9f7bf795b0dfb6e586c97caec.jpg,C:\Wind Turbine blades.v2-1111.yolov8\train\labels\39_jpg.rf.77af18b9f7bf795b0dfb6e586c97caec.txt,C:\Users\yys\Desktop\风机\wind-fault-detection-platform\hard_cases\new_small_defect_samples\train_39_jpg.rf.77af18b9f7bf795b0dfb6e586c97caec.jpg,Good;Paintoff;Scratch
C:\Wind Turbine blades.v2-1111.yolov8\train\images\39_jpg.rf.8b4d8e48b45acd0f412920721cdd11d5.jpg,C:\Wind Turbine blades.v2-1111.yolov8\train\labels\39_jpg.rf.8b4d8e48b45acd0f412920721cdd11d5.txt,C:\Users\yys\Desktop\风机\wind-fault-detection-platform\hard_cases\new_small_defect_samples\train_39_jpg.rf.8b4d8e48b45acd0f412920721cdd11d5.jpg,Crack;Good
C:\Wind Turbine blades.v2-1111.yolov8\train\images\39_jpg.rf.adb15c3abc659e5e6b7f98c6f51974fe.jpg,C:\Wind Turbine blades.v2-1111.yolov8\train\labels\39_jpg.rf.adb15c3abc659e5e6b7f98c6f51974fe.txt,C:\Users\yys\Desktop\风机\wind-fault-detection-platform\hard_cases\new_small_defect_samples\train_39_jpg.rf.adb15c3abc659e5e6b7f98c6f51974fe.jpg,Good;Paintoff;Scratch
C:\Wind Turbine blades.v2-1111.yolov8\train\images\39_jpg.rf.bded12964f50a2c3a84e7ca40fb326a7.jpg,C:\Wind Turbine blades.v2-1111.yolov8\train\labels\39_jpg.rf.bded12964f50a2c3a84e7ca40fb326a7.txt,C:\Users\yys\Desktop\风机\wind-fault-detection-platform\hard_cases\new_small_defect_samples\train_39_jpg.rf.bded12964f50a2c3a84e7ca40fb326a7.jpg,Crack;Good
C:\Wind Turbine blades.v2-1111.yolov8\train\images\39_jpg.rf.d6e8024d5834dc25a7ee2f816bd45057.jpg,C:\Wind Turbine blades.v2-1111.yolov8\train\labels\39_jpg.rf.d6e8024d5834dc25a7ee2f816bd45057.txt,C:\Users\yys\Desktop\风机\wind-fault-detection-platform\hard_cases\new_small_defect_samples\train_39_jpg.rf.d6e8024d5834dc25a7ee2f816bd45057.jpg,Good;Scratch
C:\Wind Turbine blades.v2-1111.yolov8\train\images\3_jpg.rf.343a3ade6937f82bd5d86b21a42080ef.jpg,C:\Wind Turbine blades.v2-1111.yolov8\train\labels\3_jpg.rf.343a3ade6937f82bd5d86b21a42080ef.txt,C:\Users\yys\Desktop\风机\wind-fault-detection-platform\hard_cases\new_small_defect_samples\train_3_jpg.rf.343a3ade6937f82bd5d86b21a42080ef.jpg,Crack;Good
C:\Wind Turbine blades.v2-1111.yolov8\train\images\3_jpg.rf.378ad87731581b89aa3077b26551be9e.jpg,C:\Wind Turbine blades.v2-1111.yolov8\train\labels\3_jpg.rf.378ad87731581b89aa3077b26551be9e.txt,C:\Users\yys\Desktop\风机\wind-fault-detection-platform\hard_cases\new_small_defect_samples\train_3_jpg.rf.378ad87731581b89aa3077b26551be9e.jpg,Crack;Good
C:\Wind Turbine blades.v2-1111.yolov8\train\images\3_jpg.rf.67dee78b997c61ab627e71a4c2e6f4fa.jpg,C:\Wind Turbine blades.v2-1111.yolov8\train\labels\3_jpg.rf.67dee78b997c61ab627e71a4c2e6f4fa.txt,C:\Users\yys\Desktop\风机\wind-fault-detection-platform\hard_cases\new_small_defect_samples\train_3_jpg.rf.67dee78b997c61ab627e71a4c2e6f4fa.jpg,Good;Paintoff;Scratch
C:\Wind Turbine blades.v2-1111.yolov8\train\images\3_jpg.rf.75f21b625f89b47de0c32f242b26ca9f.jpg,C:\Wind Turbine blades.v2-1111.yolov8\train\labels\3_jpg.rf.75f21b625f89b47de0c32f242b26ca9f.txt,C:\Users\yys\Desktop\风机\wind-fault-detection-platform\hard_cases\new_small_defect_samples\train_3_jpg.rf.75f21b625f89b47de0c32f242b26ca9f.jpg,Good;Paintoff;Scratch
C:\Wind Turbine blades.v2-1111.yolov8\train\images\3_jpg.rf.a20e2a3fb266305450bc05f380e13ee2.jpg,C:\Wind Turbine blades.v2-1111.yolov8\train\labels\3_jpg.rf.a20e2a3fb266305450bc05f380e13ee2.txt,C:\Users\yys\Desktop\风机\wind-fault-detection-platform\hard_cases\new_small_defect_samples\train_3_jpg.rf.a20e2a3fb266305450bc05f380e13ee2.jpg,Good;Paintoff;Scratch
C:\Wind Turbine blades.v2-1111.yolov8\train\images\3_jpg.rf.a8174818355287a97f35a12302353077.jpg,C:\Wind Turbine blades.v2-1111.yolov8\train\labels\3_jpg.rf.a8174818355287a97f35a12302353077.txt,C:\Users\yys\Desktop\风机\wind-fault-detection-platform\hard_cases\new_corrosion_samples\train_3_jpg.rf.a8174818355287a97f35a12302353077.jpg,Erosion;Good
C:\Wind Turbine blades.v2-1111.yolov8\train\images\3_jpg.rf.dace025572d348cc0b53f4480819dee3.jpg,C:\Wind Turbine blades.v2-1111.yolov8\train\labels\3_jpg.rf.dace025572d348cc0b53f4480819dee3.txt,C:\Users\yys\Desktop\风机\wind-fault-detection-platform\hard_cases\new_small_defect_samples\train_3_jpg.rf.dace025572d348cc0b53f4480819dee3.jpg,Good;Scratch
C:\Wind Turbine blades.v2-1111.yolov8\train\images\4-Copy-2-_jpg.rf.851df6da14224a86742c31947beb997d.jpg,C:\Wind Turbine blades.v2-1111.yolov8\train\labels\4-Copy-2-_jpg.rf.851df6da14224a86742c31947beb997d.txt,C:\Users\yys\Desktop\风机\wind-fault-detection-platform\hard_cases\new_small_defect_samples\train_4-Copy-2-_jpg.rf.851df6da14224a86742c31947beb997d.jpg,Good;MechanicalDamage
C:\Wind Turbine blades.v2-1111.yolov8\train\images\40_jpg.rf.14d402c83eb39bdd31affe6ae75b7bea.jpg,C:\Wind Turbine blades.v2-1111.yolov8\train\labels\40_jpg.rf.14d402c83eb39bdd31affe6ae75b7bea.txt,C:\Users\yys\Desktop\风机\wind-fault-detection-platform\hard_cases\new_small_defect_samples\train_40_jpg.rf.14d402c83eb39bdd31affe6ae75b7bea.jpg,Good;Scratch
C:\Wind Turbine blades.v2-1111.yolov8\train\images\40_jpg.rf.2411d605b13793d81af4e99a135bb616.jpg,C:\Wind Turbine blades.v2-1111.yolov8\train\labels\40_jpg.rf.2411d605b13793d81af4e99a135bb616.txt,C:\Users\yys\Desktop\风机\wind-fault-detection-platform\hard_cases\new_small_defect_samples\train_40_jpg.rf.2411d605b13793d81af4e99a135bb616.jpg,Good;Scratch
C:\Wind Turbine blades.v2-1111.yolov8\train\images\40_jpg.rf.36329d9eb1cb0d8987f61d155a4f52e3.jpg,C:\Wind Turbine blades.v2-1111.yolov8\train\labels\40_jpg.rf.36329d9eb1cb0d8987f61d155a4f52e3.txt,C:\Users\yys\Desktop\风机\wind-fault-detection-platform\hard_cases\new_small_defect_samples\train_40_jpg.rf.36329d9eb1cb0d8987f61d155a4f52e3.jpg,Good;Paintoff;Scratch
C:\Wind Turbine blades.v2-1111.yolov8\train\images\40_jpg.rf.6b5e18755ab844c40b050086aca1b493.jpg,C:\Wind Turbine blades.v2-1111.yolov8\train\labels\40_jpg.rf.6b5e18755ab844c40b050086aca1b493.txt,C:\Users\yys\Desktop\风机\wind-fault-detection-platform\hard_cases\new_small_defect_samples\train_40_jpg.rf.6b5e18755ab844c40b050086aca1b493.jpg,Crack;Good
C:\Wind Turbine blades.v2-1111.yolov8\train\images\40_jpg.rf.9f4b12729b6762db8bc66c2afb0f4b55.jpg,C:\Wind Turbine blades.v2-1111.yolov8\train\labels\40_jpg.rf.9f4b12729b6762db8bc66c2afb0f4b55.txt,C:\Users\yys\Desktop\风机\wind-fault-detection-platform\hard_cases\new_small_defect_samples\train_40_jpg.rf.9f4b12729b6762db8bc66c2afb0f4b55.jpg,Crack;Good
C:\Wind Turbine blades.v2-1111.yolov8\train\images\40_jpg.rf.d3e3bf2dbb3ae9d596c8722a5207d47e.jpg,C:\Wind Turbine blades.v2-1111.yolov8\train\labels\40_jpg.rf.d3e3bf2dbb3ae9d596c8722a5207d47e.txt,C:\Users\yys\Desktop\风机\wind-fault-detection-platform\hard_cases\new_small_defect_samples\train_40_jpg.rf.d3e3bf2dbb3ae9d596c8722a5207d47e.jpg,Good;Scratch
C:\Wind Turbine blades.v2-1111.yolov8\train\images\41_jpg.rf.4dd50ca47864f13b0f85db39d1328b61.jpg,C:\Wind Turbine blades.v2-1111.yolov8\train\labels\41_jpg.rf.4dd50ca47864f13b0f85db39d1328b61.txt,C:\Users\yys\Desktop\风机\wind-fault-detection-platform\hard_cases\new_small_defect_samples\train_41_jpg.rf.4dd50ca47864f13b0f85db39d1328b61.jpg,Good;Scratch
C:\Wind Turbine blades.v2-1111.yolov8\train\images\41_jpg.rf.7d7c9c5b375932254b7f836909bfa261.jpg,C:\Wind Turbine blades.v2-1111.yolov8\train\labels\41_jpg.rf.7d7c9c5b375932254b7f836909bfa261.txt,C:\Users\yys\Desktop\风机\wind-fault-detection-platform\hard_cases\new_small_defect_samples\train_41_jpg.rf.7d7c9c5b375932254b7f836909bfa261.jpg,Good;Paintoff;Scratch
C:\Wind Turbine blades.v2-1111.yolov8\train\images\41_jpg.rf.816efeb4646e0d6cde069e74da971898.jpg,C:\Wind Turbine blades.v2-1111.yolov8\train\labels\41_jpg.rf.816efeb4646e0d6cde069e74da971898.txt,C:\Users\yys\Desktop\风机\wind-fault-detection-platform\hard_cases\new_small_defect_samples\train_41_jpg.rf.816efeb4646e0d6cde069e74da971898.jpg,Good;Paintoff;Scratch
C:\Wind Turbine blades.v2-1111.yolov8\train\images\41_jpg.rf.92532f3c895a0356bf08e1aa1506a53a.jpg,C:\Wind Turbine blades.v2-1111.yolov8\train\labels\41_jpg.rf.92532f3c895a0356bf08e1aa1506a53a.txt,C:\Users\yys\Desktop\风机\wind-fault-detection-platform\hard_cases\new_small_defect_samples\train_41_jpg.rf.92532f3c895a0356bf08e1aa1506a53a.jpg,Good;Scratch
C:\Wind Turbine blades.v2-1111.yolov8\train\images\41_jpg.rf.bfb25a8c54249a6d3a3ade72d01fbe0b.jpg,C:\Wind Turbine blades.v2-1111.yolov8\train\labels\41_jpg.rf.bfb25a8c54249a6d3a3ade72d01fbe0b.txt,C:\Users\yys\Desktop\风机\wind-fault-detection-platform\hard_cases\new_small_defect_samples\train_41_jpg.rf.bfb25a8c54249a6d3a3ade72d01fbe0b.jpg,Good;Scratch
C:\Wind Turbine blades.v2-1111.yolov8\train\images\42_jpg.rf.00d0150b9b1c426114361425958eb38a.jpg,C:\Wind Turbine blades.v2-1111.yolov8\train\labels\42_jpg.rf.00d0150b9b1c426114361425958eb38a.txt,C:\Users\yys\Desktop\风机\wind-fault-detection-platform\hard_cases\new_small_defect_samples\train_42_jpg.rf.00d0150b9b1c426114361425958eb38a.jpg,Crack;Good
C:\Wind Turbine blades.v2-1111.yolov8\train\images\42_jpg.rf.10fc5a7625d3753abd2dc2618f13d582.jpg,C:\Wind Turbine blades.v2-1111.yolov8\train\labels\42_jpg.rf.10fc5a7625d3753abd2dc2618f13d582.txt,C:\Users\yys\Desktop\风机\wind-fault-detection-platform\hard_cases\new_small_defect_samples\train_42_jpg.rf.10fc5a7625d3753abd2dc2618f13d582.jpg,Crack;Good
C:\Wind Turbine blades.v2-1111.yolov8\train\images\42_jpg.rf.5be78290bf5b49fe043876bb196044c5.jpg,C:\Wind Turbine blades.v2-1111.yolov8\train\labels\42_jpg.rf.5be78290bf5b49fe043876bb196044c5.txt,C:\Users\yys\Desktop\风机\wind-fault-detection-platform\hard_cases\new_small_defect_samples\train_42_jpg.rf.5be78290bf5b49fe043876bb196044c5.jpg,Crack;Good
C:\Wind Turbine blades.v2-1111.yolov8\train\images\42_jpg.rf.751d9dedb824c452b866c939179f7680.jpg,C:\Wind Turbine blades.v2-1111.yolov8\train\labels\42_jpg.rf.751d9dedb824c452b866c939179f7680.txt,C:\Users\yys\Desktop\风机\wind-fault-detection-platform\hard_cases\new_small_defect_samples\train_42_jpg.rf.751d9dedb824c452b866c939179f7680.jpg,Good;Scratch
C:\Wind Turbine blades.v2-1111.yolov8\train\images\42_jpg.rf.8530149a03f62ae3da3b7ef19aa59b39.jpg,C:\Wind Turbine blades.v2-1111.yolov8\train\labels\42_jpg.rf.8530149a03f62ae3da3b7ef19aa59b39.txt,C:\Users\yys\Desktop\风机\wind-fault-detection-platform\hard_cases\new_small_defect_samples\train_42_jpg.rf.8530149a03f62ae3da3b7ef19aa59b39.jpg,Good;Paintoff;Scratch
C:\Wind Turbine blades.v2-1111.yolov8\train\images\43_jpg.rf.5983e3978ba67db1cc67996985e1685b.jpg,C:\Wind Turbine blades.v2-1111.yolov8\train\labels\43_jpg.rf.5983e3978ba67db1cc67996985e1685b.txt,C:\Users\yys\Desktop\风机\wind-fault-detection-platform\hard_cases\new_small_defect_samples\train_43_jpg.rf.5983e3978ba67db1cc67996985e1685b.jpg,Crack;Good
C:\Wind Turbine blades.v2-1111.yolov8\train\images\43_jpg.rf.74558c6f4a56895ea3c9ec1dcbfa0705.jpg,C:\Wind Turbine blades.v2-1111.yolov8\train\labels\43_jpg.rf.74558c6f4a56895ea3c9ec1dcbfa0705.txt,C:\Users\yys\Desktop\风机\wind-fault-detection-platform\hard_cases\new_small_defect_samples\train_43_jpg.rf.74558c6f4a56895ea3c9ec1dcbfa0705.jpg,Crack;Good
C:\Wind Turbine blades.v2-1111.yolov8\train\images\43_jpg.rf.9750902bedc8fb66739ab1e1bb2eb038.jpg,C:\Wind Turbine blades.v2-1111.yolov8\train\labels\43_jpg.rf.9750902bedc8fb66739ab1e1bb2eb038.txt,C:\Users\yys\Desktop\风机\wind-fault-detection-platform\hard_cases\new_small_defect_samples\train_43_jpg.rf.9750902bedc8fb66739ab1e1bb2eb038.jpg,Good;Scratch
C:\Wind Turbine blades.v2-1111.yolov8\train\images\43_jpg.rf.9ac0b99cd4c4d0ad75bab3d9ab3ab2f6.jpg,C:\Wind Turbine blades.v2-1111.yolov8\train\labels\43_jpg.rf.9ac0b99cd4c4d0ad75bab3d9ab3ab2f6.txt,C:\Users\yys\Desktop\风机\wind-fault-detection-platform\hard_cases\new_small_defect_samples\train_43_jpg.rf.9ac0b99cd4c4d0ad75bab3d9ab3ab2f6.jpg,Crack;Good
C:\Wind Turbine blades.v2-1111.yolov8\train\images\43_jpg.rf.9fc6eec7ffee57b587d03e2a50d7c735.jpg,C:\Wind Turbine blades.v2-1111.yolov8\train\labels\43_jpg.rf.9fc6eec7ffee57b587d03e2a50d7c735.txt,C:\Users\yys\Desktop\风机\wind-fault-detection-platform\hard_cases\new_small_defect_samples\train_43_jpg.rf.9fc6eec7ffee57b587d03e2a50d7c735.jpg,Good;Paintoff;Scratch
C:\Wind Turbine blades.v2-1111.yolov8\train\images\43_jpg.rf.eb04f16af788595abb3706751ea0210d.jpg,C:\Wind Turbine blades.v2-1111.yolov8\train\labels\43_jpg.rf.eb04f16af788595abb3706751ea0210d.txt,C:\Users\yys\Desktop\风机\wind-fault-detection-platform\hard_cases\new_small_defect_samples\train_43_jpg.rf.eb04f16af788595abb3706751ea0210d.jpg,Good;Paintoff;Scratch
C:\Wind Turbine blades.v2-1111.yolov8\train\images\43_jpg.rf.eb4dfe0fbddfb72e6e42836224b436fd.jpg,C:\Wind Turbine blades.v2-1111.yolov8\train\labels\43_jpg.rf.eb4dfe0fbddfb72e6e42836224b436fd.txt,C:\Users\yys\Desktop\风机\wind-fault-detection-platform\hard_cases\new_small_defect_samples\train_43_jpg.rf.eb4dfe0fbddfb72e6e42836224b436fd.jpg,Good;Paintoff;Scratch
C:\Wind Turbine blades.v2-1111.yolov8\train\images\44_jpg.rf.30185b21d6936a5bd658c0a450f9c7b6.jpg,C:\Wind Turbine blades.v2-1111.yolov8\train\labels\44_jpg.rf.30185b21d6936a5bd658c0a450f9c7b6.txt,C:\Users\yys\Desktop\风机\wind-fault-detection-platform\hard_cases\new_small_defect_samples\train_44_jpg.rf.30185b21d6936a5bd658c0a450f9c7b6.jpg,Good;Paintoff;Scratch
C:\Wind Turbine blades.v2-1111.yolov8\train\images\44_jpg.rf.43362ac4a17102a3084b33e7580cda80.jpg,C:\Wind Turbine blades.v2-1111.yolov8\train\labels\44_jpg.rf.43362ac4a17102a3084b33e7580cda80.txt,C:\Users\yys\Desktop\风机\wind-fault-detection-platform\hard_cases\new_small_defect_samples\train_44_jpg.rf.43362ac4a17102a3084b33e7580cda80.jpg,Crack;Good
C:\Wind Turbine blades.v2-1111.yolov8\train\images\44_jpg.rf.6345a38e8c250d3f5f25de4e8cc43cb7.jpg,C:\Wind Turbine blades.v2-1111.yolov8\train\labels\44_jpg.rf.6345a38e8c250d3f5f25de4e8cc43cb7.txt,C:\Users\yys\Desktop\风机\wind-fault-detection-platform\hard_cases\new_small_defect_samples\train_44_jpg.rf.6345a38e8c250d3f5f25de4e8cc43cb7.jpg,Crack;Good
C:\Wind Turbine blades.v2-1111.yolov8\train\images\44_jpg.rf.8696c934975aeee7852f160f82cbd558.jpg,C:\Wind Turbine blades.v2-1111.yolov8\train\labels\44_jpg.rf.8696c934975aeee7852f160f82cbd558.txt,C:\Users\yys\Desktop\风机\wind-fault-detection-platform\hard_cases\new_small_defect_samples\train_44_jpg.rf.8696c934975aeee7852f160f82cbd558.jpg,Crack;Good
C:\Wind Turbine blades.v2-1111.yolov8\train\images\44_jpg.rf.ade77f8c238681c1d8ac4f6e490f7c9e.jpg,C:\Wind Turbine blades.v2-1111.yolov8\train\labels\44_jpg.rf.ade77f8c238681c1d8ac4f6e490f7c9e.txt,C:\Users\yys\Desktop\风机\wind-fault-detection-platform\hard_cases\new_small_defect_samples\train_44_jpg.rf.ade77f8c238681c1d8ac4f6e490f7c9e.jpg,Good;Scratch
C:\Wind Turbine blades.v2-1111.yolov8\train\images\44_jpg.rf.c791d0a5756eb4301eb0d4e16f3c5b41.jpg,C:\Wind Turbine blades.v2-1111.yolov8\train\labels\44_jpg.rf.c791d0a5756eb4301eb0d4e16f3c5b41.txt,C:\Users\yys\Desktop\风机\wind-fault-detection-platform\hard_cases\new_small_defect_samples\train_44_jpg.rf.c791d0a5756eb4301eb0d4e16f3c5b41.jpg,Good;Paintoff;Scratch
C:\Wind Turbine blades.v2-1111.yolov8\train\images\45_jpg.rf.0bffc3b1fc9f2c779156937087b6c7fd.jpg,C:\Wind Turbine blades.v2-1111.yolov8\train\labels\45_jpg.rf.0bffc3b1fc9f2c779156937087b6c7fd.txt,C:\Users\yys\Desktop\风机\wind-fault-detection-platform\hard_cases\new_small_defect_samples\train_45_jpg.rf.0bffc3b1fc9f2c779156937087b6c7fd.jpg,Good;Paintoff;Scratch
C:\Wind Turbine blades.v2-1111.yolov8\train\images\45_jpg.rf.0c2c4a57c3ccb208975ccdf2d83f99c0.jpg,C:\Wind Turbine blades.v2-1111.yolov8\train\labels\45_jpg.rf.0c2c4a57c3ccb208975ccdf2d83f99c0.txt,C:\Users\yys\Desktop\风机\wind-fault-detection-platform\hard_cases\new_small_defect_samples\train_45_jpg.rf.0c2c4a57c3ccb208975ccdf2d83f99c0.jpg,Good;Scratch
C:\Wind Turbine blades.v2-1111.yolov8\train\images\45_jpg.rf.4fc6d03c939018528a9c741aa86830c3.jpg,C:\Wind Turbine blades.v2-1111.yolov8\train\labels\45_jpg.rf.4fc6d03c939018528a9c741aa86830c3.txt,C:\Users\yys\Desktop\风机\wind-fault-detection-platform\hard_cases\new_small_defect_samples\train_45_jpg.rf.4fc6d03c939018528a9c741aa86830c3.jpg,Good;Scratch
C:\Wind Turbine blades.v2-1111.yolov8\train\images\45_jpg.rf.57eea108a839760f2a9d50e2ca64257f.jpg,C:\Wind Turbine blades.v2-1111.yolov8\train\labels\45_jpg.rf.57eea108a839760f2a9d50e2ca64257f.txt,C:\Users\yys\Desktop\风机\wind-fault-detection-platform\hard_cases\new_small_defect_samples\train_45_jpg.rf.57eea108a839760f2a9d50e2ca64257f.jpg,Crack;Good
C:\Wind Turbine blades.v2-1111.yolov8\train\images\45_jpg.rf.cfe92a5eb9f263dba000799549c2b410.jpg,C:\Wind Turbine blades.v2-1111.yolov8\train\labels\45_jpg.rf.cfe92a5eb9f263dba000799549c2b410.txt,C:\Users\yys\Desktop\风机\wind-fault-detection-platform\hard_cases\new_small_defect_samples\train_45_jpg.rf.cfe92a5eb9f263dba000799549c2b410.jpg,Crack;Good
C:\Wind Turbine blades.v2-1111.yolov8\train\images\45_jpg.rf.fa21df6bae03d1681d36f1e40c043ec2.jpg,C:\Wind Turbine blades.v2-1111.yolov8\train\labels\45_jpg.rf.fa21df6bae03d1681d36f1e40c043ec2.txt,C:\Users\yys\Desktop\风机\wind-fault-detection-platform\hard_cases\new_small_defect_samples\train_45_jpg.rf.fa21df6bae03d1681d36f1e40c043ec2.jpg,Crack;Good
C:\Wind Turbine blades.v2-1111.yolov8\train\images\46_jpg.rf.483b0e9f9e7f24fd5e06477f953c5af2.jpg,C:\Wind Turbine blades.v2-1111.yolov8\train\labels\46_jpg.rf.483b0e9f9e7f24fd5e06477f953c5af2.txt,C:\Users\yys\Desktop\风机\wind-fault-detection-platform\hard_cases\new_small_defect_samples\train_46_jpg.rf.483b0e9f9e7f24fd5e06477f953c5af2.jpg,Crack;Good
C:\Wind Turbine blades.v2-1111.yolov8\train\images\46_jpg.rf.4d2febb86ea3a07fdcacb9b3048f5b06.jpg,C:\Wind Turbine blades.v2-1111.yolov8\train\labels\46_jpg.rf.4d2febb86ea3a07fdcacb9b3048f5b06.txt,C:\Users\yys\Desktop\风机\wind-fault-detection-platform\hard_cases\new_small_defect_samples\train_46_jpg.rf.4d2febb86ea3a07fdcacb9b3048f5b06.jpg,Good;Scratch
C:\Wind Turbine blades.v2-1111.yolov8\train\images\46_jpg.rf.6cc1d29b7d3a0d30d8abc12174f011d5.jpg,C:\Wind Turbine blades.v2-1111.yolov8\train\labels\46_jpg.rf.6cc1d29b7d3a0d30d8abc12174f011d5.txt,C:\Users\yys\Desktop\风机\wind-fault-detection-platform\hard_cases\new_small_defect_samples\train_46_jpg.rf.6cc1d29b7d3a0d30d8abc12174f011d5.jpg,Crack;Good
C:\Wind Turbine blades.v2-1111.yolov8\train\images\46_jpg.rf.9feef7d448d93bdd02b8bf03312013eb.jpg,C:\Wind Turbine blades.v2-1111.yolov8\train\labels\46_jpg.rf.9feef7d448d93bdd02b8bf03312013eb.txt,C:\Users\yys\Desktop\风机\wind-fault-detection-platform\hard_cases\new_small_defect_samples\train_46_jpg.rf.9feef7d448d93bdd02b8bf03312013eb.jpg,Crack;Good
C:\Wind Turbine blades.v2-1111.yolov8\train\images\46_jpg.rf.b2b5e277b4fb478da61e94337d5c7d26.jpg,C:\Wind Turbine blades.v2-1111.yolov8\train\labels\46_jpg.rf.b2b5e277b4fb478da61e94337d5c7d26.txt,C:\Users\yys\Desktop\风机\wind-fault-detection-platform\hard_cases\new_small_defect_samples\train_46_jpg.rf.b2b5e277b4fb478da61e94337d5c7d26.jpg,Good;Paintoff;Scratch
C:\Wind Turbine blades.v2-1111.yolov8\train\images\46_jpg.rf.b4b4a132cfedbfaefc6ad28530a21a60.jpg,C:\Wind Turbine blades.v2-1111.yolov8\train\labels\46_jpg.rf.b4b4a132cfedbfaefc6ad28530a21a60.txt,C:\Users\yys\Desktop\风机\wind-fault-detection-platform\hard_cases\new_small_defect_samples\train_46_jpg.rf.b4b4a132cfedbfaefc6ad28530a21a60.jpg,Good;Scratch
C:\Wind Turbine blades.v2-1111.yolov8\train\images\47_jpg.rf.14de3a4bb7b9866a35a67123dba3b4ab.jpg,C:\Wind Turbine blades.v2-1111.yolov8\train\labels\47_jpg.rf.14de3a4bb7b9866a35a67123dba3b4ab.txt,C:\Users\yys\Desktop\风机\wind-fault-detection-platform\hard_cases\new_small_defect_samples\train_47_jpg.rf.14de3a4bb7b9866a35a67123dba3b4ab.jpg,Paintoff;Scratch
C:\Wind Turbine blades.v2-1111.yolov8\train\images\47_jpg.rf.5948d42ea12016c68dc4cb5df9fe00e2.jpg,C:\Wind Turbine blades.v2-1111.yolov8\train\labels\47_jpg.rf.5948d42ea12016c68dc4cb5df9fe00e2.txt,C:\Users\yys\Desktop\风机\wind-fault-detection-platform\hard_cases\new_small_defect_samples\train_47_jpg.rf.5948d42ea12016c68dc4cb5df9fe00e2.jpg,Paintoff;Scratch
C:\Wind Turbine blades.v2-1111.yolov8\train\images\47_jpg.rf.9caff5a474918fb5873c5c0c560fa89d.jpg,C:\Wind Turbine blades.v2-1111.yolov8\train\labels\47_jpg.rf.9caff5a474918fb5873c5c0c560fa89d.txt,C:\Users\yys\Desktop\风机\wind-fault-detection-platform\hard_cases\new_small_defect_samples\train_47_jpg.rf.9caff5a474918fb5873c5c0c560fa89d.jpg,Paintoff;Scratch
C:\Wind Turbine blades.v2-1111.yolov8\train\images\47_jpg.rf.b7911b41373765427843dce363d52fd8.jpg,C:\Wind Turbine blades.v2-1111.yolov8\train\labels\47_jpg.rf.b7911b41373765427843dce363d52fd8.txt,C:\Users\yys\Desktop\风机\wind-fault-detection-platform\hard_cases\new_small_defect_samples\train_47_jpg.rf.b7911b41373765427843dce363d52fd8.jpg,Good;Scratch
C:\Wind Turbine blades.v2-1111.yolov8\train\images\48_jpg.rf.1bd7a0d0f317e70bab4c1e969dcf51c6.jpg,C:\Wind Turbine blades.v2-1111.yolov8\train\labels\48_jpg.rf.1bd7a0d0f317e70bab4c1e969dcf51c6.txt,C:\Users\yys\Desktop\风机\wind-fault-detection-platform\hard_cases\new_small_defect_samples\train_48_jpg.rf.1bd7a0d0f317e70bab4c1e969dcf51c6.jpg,Good;Scratch
C:\Wind Turbine blades.v2-1111.yolov8\train\images\48_jpg.rf.6f8355a5dad7ba172688f2dc88e31541.jpg,C:\Wind Turbine blades.v2-1111.yolov8\train\labels\48_jpg.rf.6f8355a5dad7ba172688f2dc88e31541.txt,C:\Users\yys\Desktop\风机\wind-fault-detection-platform\hard_cases\new_small_defect_samples\train_48_jpg.rf.6f8355a5dad7ba172688f2dc88e31541.jpg,Crack;Good
C:\Wind Turbine blades.v2-1111.yolov8\train\images\48_jpg.rf.de164d8c4925aaf7f97b585e152626f0.jpg,C:\Wind Turbine blades.v2-1111.yolov8\train\labels\48_jpg.rf.de164d8c4925aaf7f97b585e152626f0.txt,C:\Users\yys\Desktop\风机\wind-fault-detection-platform\hard_cases\new_small_defect_samples\train_48_jpg.rf.de164d8c4925aaf7f97b585e152626f0.jpg,Crack;Good
C:\Wind Turbine blades.v2-1111.yolov8\train\images\49_jpg.rf.267cc106fe86372ce592b4daa0d26425.jpg,C:\Wind Turbine blades.v2-1111.yolov8\train\labels\49_jpg.rf.267cc106fe86372ce592b4daa0d26425.txt,C:\Users\yys\Desktop\风机\wind-fault-detection-platform\hard_cases\new_small_defect_samples\train_49_jpg.rf.267cc106fe86372ce592b4daa0d26425.jpg,Good;Scratch
C:\Wind Turbine blades.v2-1111.yolov8\train\images\49_jpg.rf.3410e005ae66cffb8cac47b11023b1b8.jpg,C:\Wind Turbine blades.v2-1111.yolov8\train\labels\49_jpg.rf.3410e005ae66cffb8cac47b11023b1b8.txt,C:\Users\yys\Desktop\风机\wind-fault-detection-platform\hard_cases\new_small_defect_samples\train_49_jpg.rf.3410e005ae66cffb8cac47b11023b1b8.jpg,Crack;Good
C:\Wind Turbine blades.v2-1111.yolov8\train\images\49_jpg.rf.572fd6e9b9d11a5a646d2f8595014dac.jpg,C:\Wind Turbine blades.v2-1111.yolov8\train\labels\49_jpg.rf.572fd6e9b9d11a5a646d2f8595014dac.txt,C:\Users\yys\Desktop\风机\wind-fault-detection-platform\hard_cases\new_small_defect_samples\train_49_jpg.rf.572fd6e9b9d11a5a646d2f8595014dac.jpg,Crack;Good
C:\Wind Turbine blades.v2-1111.yolov8\train\images\4_jpg.rf.32ced35bd447d04a520f2277aea38ba4.jpg,C:\Wind Turbine blades.v2-1111.yolov8\train\labels\4_jpg.rf.32ced35bd447d04a520f2277aea38ba4.txt,C:\Users\yys\Desktop\风机\wind-fault-detection-platform\hard_cases\new_small_defect_samples\train_4_jpg.rf.32ced35bd447d04a520f2277aea38ba4.jpg,Good;Paintoff;Scratch
C:\Wind Turbine blades.v2-1111.yolov8\train\images\4_jpg.rf.b232bebd6f5b0b50d1ef2dbed858f23d.jpg,C:\Wind Turbine blades.v2-1111.yolov8\train\labels\4_jpg.rf.b232bebd6f5b0b50d1ef2dbed858f23d.txt,C:\Users\yys\Desktop\风机\wind-fault-detection-platform\hard_cases\new_small_defect_samples\train_4_jpg.rf.b232bebd6f5b0b50d1ef2dbed858f23d.jpg,Crack;Good
C:\Wind Turbine blades.v2-1111.yolov8\train\images\4_jpg.rf.dc6512793fbb5cdedb60ae4c9b54db18.jpg,C:\Wind Turbine blades.v2-1111.yolov8\train\labels\4_jpg.rf.dc6512793fbb5cdedb60ae4c9b54db18.txt,C:\Users\yys\Desktop\风机\wind-fault-detection-platform\hard_cases\new_corrosion_samples\train_4_jpg.rf.dc6512793fbb5cdedb60ae4c9b54db18.jpg,Erosion;Good
C:\Wind Turbine blades.v2-1111.yolov8\train\images\4_jpg.rf.dd959a44bd1b1757fda741d646ae34d1.jpg,C:\Wind Turbine blades.v2-1111.yolov8\train\labels\4_jpg.rf.dd959a44bd1b1757fda741d646ae34d1.txt,C:\Users\yys\Desktop\风机\wind-fault-detection-platform\hard_cases\new_corrosion_samples\train_4_jpg.rf.dd959a44bd1b1757fda741d646ae34d1.jpg,Erosion;Good
C:\Wind Turbine blades.v2-1111.yolov8\train\images\4_jpg.rf.e82597e3abbf1c592ab97da128443d94.jpg,C:\Wind Turbine blades.v2-1111.yolov8\train\labels\4_jpg.rf.e82597e3abbf1c592ab97da128443d94.txt,C:\Users\yys\Desktop\风机\wind-fault-detection-platform\hard_cases\new_small_defect_samples\train_4_jpg.rf.e82597e3abbf1c592ab97da128443d94.jpg,Good;Scratch
C:\Wind Turbine blades.v2-1111.yolov8\train\images\50_jpg.rf.09def3eb4304da29e33db6311d4d60d2.jpg,C:\Wind Turbine blades.v2-1111.yolov8\train\labels\50_jpg.rf.09def3eb4304da29e33db6311d4d60d2.txt,C:\Users\yys\Desktop\风机\wind-fault-detection-platform\hard_cases\new_small_defect_samples\train_50_jpg.rf.09def3eb4304da29e33db6311d4d60d2.jpg,Good;Scratch
C:\Wind Turbine blades.v2-1111.yolov8\train\images\50_jpg.rf.4459a9d3373ce5781f4404f679a3033d.jpg,C:\Wind Turbine blades.v2-1111.yolov8\train\labels\50_jpg.rf.4459a9d3373ce5781f4404f679a3033d.txt,C:\Users\yys\Desktop\风机\wind-fault-detection-platform\hard_cases\new_small_defect_samples\train_50_jpg.rf.4459a9d3373ce5781f4404f679a3033d.jpg,Paintoff
C:\Wind Turbine blades.v2-1111.yolov8\train\images\50_jpg.rf.d4073395a2af9b1f0d18eb13844a50cd.jpg,C:\Wind Turbine blades.v2-1111.yolov8\train\labels\50_jpg.rf.d4073395a2af9b1f0d18eb13844a50cd.txt,C:\Users\yys\Desktop\风机\wind-fault-detection-platform\hard_cases\new_small_defect_samples\train_50_jpg.rf.d4073395a2af9b1f0d18eb13844a50cd.jpg,Good;Scratch
C:\Wind Turbine blades.v2-1111.yolov8\train\images\50_jpg.rf.e515207271496625eafc217f594e7ecd.jpg,C:\Wind Turbine blades.v2-1111.yolov8\train\labels\50_jpg.rf.e515207271496625eafc217f594e7ecd.txt,C:\Users\yys\Desktop\风机\wind-fault-detection-platform\hard_cases\new_small_defect_samples\train_50_jpg.rf.e515207271496625eafc217f594e7ecd.jpg,Paintoff
C:\Wind Turbine blades.v2-1111.yolov8\train\images\51_jpg.rf.0195f4bbb4fb16c617b4dd524c42c77d.jpg,C:\Wind Turbine blades.v2-1111.yolov8\train\labels\51_jpg.rf.0195f4bbb4fb16c617b4dd524c42c77d.txt,C:\Users\yys\Desktop\风机\wind-fault-detection-platform\hard_cases\new_small_defect_samples\train_51_jpg.rf.0195f4bbb4fb16c617b4dd524c42c77d.jpg,Good;Paintoff
C:\Wind Turbine blades.v2-1111.yolov8\train\images\51_jpg.rf.2637d3557096c737f33e6b1c785a8e1b.jpg,C:\Wind Turbine blades.v2-1111.yolov8\train\labels\51_jpg.rf.2637d3557096c737f33e6b1c785a8e1b.txt,C:\Users\yys\Desktop\风机\wind-fault-detection-platform\hard_cases\new_small_defect_samples\train_51_jpg.rf.2637d3557096c737f33e6b1c785a8e1b.jpg,Good;Scratch
C:\Wind Turbine blades.v2-1111.yolov8\train\images\51_jpg.rf.393aea1d6025bb6e79c1416e4fb4bb0c.jpg,C:\Wind Turbine blades.v2-1111.yolov8\train\labels\51_jpg.rf.393aea1d6025bb6e79c1416e4fb4bb0c.txt,C:\Users\yys\Desktop\风机\wind-fault-detection-platform\hard_cases\new_small_defect_samples\train_51_jpg.rf.393aea1d6025bb6e79c1416e4fb4bb0c.jpg,Good;Scratch
C:\Wind Turbine blades.v2-1111.yolov8\train\images\52_jpg.rf.00e1b5ae8e841557492bd2bbd292a85a.jpg,C:\Wind Turbine blades.v2-1111.yolov8\train\labels\52_jpg.rf.00e1b5ae8e841557492bd2bbd292a85a.txt,C:\Users\yys\Desktop\风机\wind-fault-detection-platform\hard_cases\new_small_defect_samples\train_52_jpg.rf.00e1b5ae8e841557492bd2bbd292a85a.jpg,Good;Paintoff;Scratch
C:\Wind Turbine blades.v2-1111.yolov8\train\images\52_jpg.rf.63bf33554ed453667496b9dfd73a6d06.jpg,C:\Wind Turbine blades.v2-1111.yolov8\train\labels\52_jpg.rf.63bf33554ed453667496b9dfd73a6d06.txt,C:\Users\yys\Desktop\风机\wind-fault-detection-platform\hard_cases\new_small_defect_samples\train_52_jpg.rf.63bf33554ed453667496b9dfd73a6d06.jpg,Good;Paintoff;Scratch
C:\Wind Turbine blades.v2-1111.yolov8\train\images\52_jpg.rf.8b9be65831fdda3846ed35168c29b071.jpg,C:\Wind Turbine blades.v2-1111.yolov8\train\labels\52_jpg.rf.8b9be65831fdda3846ed35168c29b071.txt,C:\Users\yys\Desktop\风机\wind-fault-detection-platform\hard_cases\new_small_defect_samples\train_52_jpg.rf.8b9be65831fdda3846ed35168c29b071.jpg,Good;Scratch
C:\Wind Turbine blades.v2-1111.yolov8\train\images\52_jpg.rf.92a5470fd9c913971d312c66a811fec3.jpg,C:\Wind Turbine blades.v2-1111.yolov8\train\labels\52_jpg.rf.92a5470fd9c913971d312c66a811fec3.txt,C:\Users\yys\Desktop\风机\wind-fault-detection-platform\hard_cases\new_small_defect_samples\train_52_jpg.rf.92a5470fd9c913971d312c66a811fec3.jpg,Good;Paintoff;Scratch
C:\Wind Turbine blades.v2-1111.yolov8\train\images\52_jpg.rf.ff41e17489e451f58c60fcbb1530748e.jpg,C:\Wind Turbine blades.v2-1111.yolov8\train\labels\52_jpg.rf.ff41e17489e451f58c60fcbb1530748e.txt,C:\Users\yys\Desktop\风机\wind-fault-detection-platform\hard_cases\new_small_defect_samples\train_52_jpg.rf.ff41e17489e451f58c60fcbb1530748e.jpg,Good;Scratch
C:\Wind Turbine blades.v2-1111.yolov8\train\images\53_jpg.rf.156d4147701a0576377cff7ab9241471.jpg,C:\Wind Turbine blades.v2-1111.yolov8\train\labels\53_jpg.rf.156d4147701a0576377cff7ab9241471.txt,C:\Users\yys\Desktop\风机\wind-fault-detection-platform\hard_cases\new_small_defect_samples\train_53_jpg.rf.156d4147701a0576377cff7ab9241471.jpg,Good;Paintoff;Scratch
C:\Wind Turbine blades.v2-1111.yolov8\train\images\53_jpg.rf.55c254607d731db407ce64ce2873c264.jpg,C:\Wind Turbine blades.v2-1111.yolov8\train\labels\53_jpg.rf.55c254607d731db407ce64ce2873c264.txt,C:\Users\yys\Desktop\风机\wind-fault-detection-platform\hard_cases\new_small_defect_samples\train_53_jpg.rf.55c254607d731db407ce64ce2873c264.jpg,Good;Paintoff;Scratch
C:\Wind Turbine blades.v2-1111.yolov8\train\images\53_jpg.rf.5f4ddef943ff5979c3e489cc4663d2ac.jpg,C:\Wind Turbine blades.v2-1111.yolov8\train\labels\53_jpg.rf.5f4ddef943ff5979c3e489cc4663d2ac.txt,C:\Users\yys\Desktop\风机\wind-fault-detection-platform\hard_cases\new_small_defect_samples\train_53_jpg.rf.5f4ddef943ff5979c3e489cc4663d2ac.jpg,Good;Scratch
C:\Wind Turbine blades.v2-1111.yolov8\train\images\53_jpg.rf.ab115a421c28cd304e10ee6508963106.jpg,C:\Wind Turbine blades.v2-1111.yolov8\train\labels\53_jpg.rf.ab115a421c28cd304e10ee6508963106.txt,C:\Users\yys\Desktop\风机\wind-fault-detection-platform\hard_cases\new_small_defect_samples\train_53_jpg.rf.ab115a421c28cd304e10ee6508963106.jpg,Good;Paintoff;Scratch
C:\Wind Turbine blades.v2-1111.yolov8\train\images\54_jpg.rf.28a18ce95f90fb1c6a52608ec01d8a8f.jpg,C:\Wind Turbine blades.v2-1111.yolov8\train\labels\54_jpg.rf.28a18ce95f90fb1c6a52608ec01d8a8f.txt,C:\Users\yys\Desktop\风机\wind-fault-detection-platform\hard_cases\new_small_defect_samples\train_54_jpg.rf.28a18ce95f90fb1c6a52608ec01d8a8f.jpg,Good;Scratch
C:\Wind Turbine blades.v2-1111.yolov8\train\images\54_jpg.rf.64ffc42dbf6722172742ae5e5f5a67b7.jpg,C:\Wind Turbine blades.v2-1111.yolov8\train\labels\54_jpg.rf.64ffc42dbf6722172742ae5e5f5a67b7.txt,C:\Users\yys\Desktop\风机\wind-fault-detection-platform\hard_cases\new_small_defect_samples\train_54_jpg.rf.64ffc42dbf6722172742ae5e5f5a67b7.jpg,Good;Paintoff;Scratch
C:\Wind Turbine blades.v2-1111.yolov8\train\images\54_jpg.rf.87ffd5bba3187811115707b4cb89e46b.jpg,C:\Wind Turbine blades.v2-1111.yolov8\train\labels\54_jpg.rf.87ffd5bba3187811115707b4cb89e46b.txt,C:\Users\yys\Desktop\风机\wind-fault-detection-platform\hard_cases\new_small_defect_samples\train_54_jpg.rf.87ffd5bba3187811115707b4cb89e46b.jpg,Good;Paintoff;Scratch
C:\Wind Turbine blades.v2-1111.yolov8\train\images\54_jpg.rf.ac485bd4a09c7d72db940b39589c159b.jpg,C:\Wind Turbine blades.v2-1111.yolov8\train\labels\54_jpg.rf.ac485bd4a09c7d72db940b39589c159b.txt,C:\Users\yys\Desktop\风机\wind-fault-detection-platform\hard_cases\new_small_defect_samples\train_54_jpg.rf.ac485bd4a09c7d72db940b39589c159b.jpg,Good;Paintoff;Scratch
C:\Wind Turbine blades.v2-1111.yolov8\train\images\54_jpg.rf.cfb116691effa523467e9fcc1a2ec17b.jpg,C:\Wind Turbine blades.v2-1111.yolov8\train\labels\54_jpg.rf.cfb116691effa523467e9fcc1a2ec17b.txt,C:\Users\yys\Desktop\风机\wind-fault-detection-platform\hard_cases\new_small_defect_samples\train_54_jpg.rf.cfb116691effa523467e9fcc1a2ec17b.jpg,Good;Scratch
C:\Wind Turbine blades.v2-1111.yolov8\train\images\55_jpg.rf.7fa0fa31d8a9927b5dd19d05e05828ed.jpg,C:\Wind Turbine blades.v2-1111.yolov8\train\labels\55_jpg.rf.7fa0fa31d8a9927b5dd19d05e05828ed.txt,C:\Users\yys\Desktop\风机\wind-fault-detection-platform\hard_cases\new_small_defect_samples\train_55_jpg.rf.7fa0fa31d8a9927b5dd19d05e05828ed.jpg,Good;Paintoff;Scratch
C:\Wind Turbine blades.v2-1111.yolov8\train\images\55_jpg.rf.81c42d02796f3cfbed89324e22be0cc6.jpg,C:\Wind Turbine blades.v2-1111.yolov8\train\labels\55_jpg.rf.81c42d02796f3cfbed89324e22be0cc6.txt,C:\Users\yys\Desktop\风机\wind-fault-detection-platform\hard_cases\new_small_defect_samples\train_55_jpg.rf.81c42d02796f3cfbed89324e22be0cc6.jpg,Good;Scratch
C:\Wind Turbine blades.v2-1111.yolov8\train\images\55_jpg.rf.c813c79d7de0936bd06660fce0e51498.jpg,C:\Wind Turbine blades.v2-1111.yolov8\train\labels\55_jpg.rf.c813c79d7de0936bd06660fce0e51498.txt,C:\Users\yys\Desktop\风机\wind-fault-detection-platform\hard_cases\new_small_defect_samples\train_55_jpg.rf.c813c79d7de0936bd06660fce0e51498.jpg,Good;Scratch
C:\Wind Turbine blades.v2-1111.yolov8\train\images\56_jpg.rf.16b80db348945ac4903560c3d76bac15.jpg,C:\Wind Turbine blades.v2-1111.yolov8\train\labels\56_jpg.rf.16b80db348945ac4903560c3d76bac15.txt,C:\Users\yys\Desktop\风机\wind-fault-detection-platform\hard_cases\new_small_defect_samples\train_56_jpg.rf.16b80db348945ac4903560c3d76bac15.jpg,Good;Scratch
C:\Wind Turbine blades.v2-1111.yolov8\train\images\56_jpg.rf.dea87540f6d7ea4cdb96d76a736eb5bb.jpg,C:\Wind Turbine blades.v2-1111.yolov8\train\labels\56_jpg.rf.dea87540f6d7ea4cdb96d76a736eb5bb.txt,C:\Users\yys\Desktop\风机\wind-fault-detection-platform\hard_cases\new_small_defect_samples\train_56_jpg.rf.dea87540f6d7ea4cdb96d76a736eb5bb.jpg,Good;Paintoff;Scratch
C:\Wind Turbine blades.v2-1111.yolov8\train\images\56_jpg.rf.e0fd8ca504ac797a43d226542aaa3543.jpg,C:\Wind Turbine blades.v2-1111.yolov8\train\labels\56_jpg.rf.e0fd8ca504ac797a43d226542aaa3543.txt,C:\Users\yys\Desktop\风机\wind-fault-detection-platform\hard_cases\new_small_defect_samples\train_56_jpg.rf.e0fd8ca504ac797a43d226542aaa3543.jpg,Good;Scratch
C:\Wind Turbine blades.v2-1111.yolov8\train\images\56_jpg.rf.e7d501813fa5a7380a4f0eec46c6a1b5.jpg,C:\Wind Turbine blades.v2-1111.yolov8\train\labels\56_jpg.rf.e7d501813fa5a7380a4f0eec46c6a1b5.txt,C:\Users\yys\Desktop\风机\wind-fault-detection-platform\hard_cases\new_small_defect_samples\train_56_jpg.rf.e7d501813fa5a7380a4f0eec46c6a1b5.jpg,Good;Paintoff;Scratch
C:\Wind Turbine blades.v2-1111.yolov8\train\images\57_jpg.rf.2b08d33840243cf31390342e47964d7e.jpg,C:\Wind Turbine blades.v2-1111.yolov8\train\labels\57_jpg.rf.2b08d33840243cf31390342e47964d7e.txt,C:\Users\yys\Desktop\风机\wind-fault-detection-platform\hard_cases\new_small_defect_samples\train_57_jpg.rf.2b08d33840243cf31390342e47964d7e.jpg,Good;Scratch
C:\Wind Turbine blades.v2-1111.yolov8\train\images\57_jpg.rf.2f77594e90fc18c7ac1e2b435e698c5a.jpg,C:\Wind Turbine blades.v2-1111.yolov8\train\labels\57_jpg.rf.2f77594e90fc18c7ac1e2b435e698c5a.txt,C:\Users\yys\Desktop\风机\wind-fault-detection-platform\hard_cases\new_small_defect_samples\train_57_jpg.rf.2f77594e90fc18c7ac1e2b435e698c5a.jpg,Good;Paintoff;Scratch
C:\Wind Turbine blades.v2-1111.yolov8\train\images\57_jpg.rf.76a83975e8a79bfb9401d15cc0e9b752.jpg,C:\Wind Turbine blades.v2-1111.yolov8\train\labels\57_jpg.rf.76a83975e8a79bfb9401d15cc0e9b752.txt,C:\Users\yys\Desktop\风机\wind-fault-detection-platform\hard_cases\new_small_defect_samples\train_57_jpg.rf.76a83975e8a79bfb9401d15cc0e9b752.jpg,Good;Paintoff;Scratch
C:\Wind Turbine blades.v2-1111.yolov8\train\images\57_jpg.rf.80bffba16640a1173a85d62c481c3f9c.jpg,C:\Wind Turbine blades.v2-1111.yolov8\train\labels\57_jpg.rf.80bffba16640a1173a85d62c481c3f9c.txt,C:\Users\yys\Desktop\风机\wind-fault-detection-platform\hard_cases\new_small_defect_samples\train_57_jpg.rf.80bffba16640a1173a85d62c481c3f9c.jpg,Good;Paintoff;Scratch
C:\Wind Turbine blades.v2-1111.yolov8\train\images\57_jpg.rf.aa3d60069da569915714e1242e90b5b6.jpg,C:\Wind Turbine blades.v2-1111.yolov8\train\labels\57_jpg.rf.aa3d60069da569915714e1242e90b5b6.txt,C:\Users\yys\Desktop\风机\wind-fault-detection-platform\hard_cases\new_small_defect_samples\train_57_jpg.rf.aa3d60069da569915714e1242e90b5b6.jpg,Good;Scratch
C:\Wind Turbine blades.v2-1111.yolov8\train\images\57_jpg.rf.abd72dd69695bdbee3acd2238acf521e.jpg,C:\Wind Turbine blades.v2-1111.yolov8\train\labels\57_jpg.rf.abd72dd69695bdbee3acd2238acf521e.txt,C:\Users\yys\Desktop\风机\wind-fault-detection-platform\hard_cases\new_small_defect_samples\train_57_jpg.rf.abd72dd69695bdbee3acd2238acf521e.jpg,Good;Scratch
C:\Wind Turbine blades.v2-1111.yolov8\train\images\58_jpg.rf.18d06a668792e702a416cdb2bc384e9a.jpg,C:\Wind Turbine blades.v2-1111.yolov8\train\labels\58_jpg.rf.18d06a668792e702a416cdb2bc384e9a.txt,C:\Users\yys\Desktop\风机\wind-fault-detection-platform\hard_cases\new_small_defect_samples\train_58_jpg.rf.18d06a668792e702a416cdb2bc384e9a.jpg,Good;Paintoff;Scratch
C:\Wind Turbine blades.v2-1111.yolov8\train\images\58_jpg.rf.4ad4f2cf15febe2db4fa371c522d2d0f.jpg,C:\Wind Turbine blades.v2-1111.yolov8\train\labels\58_jpg.rf.4ad4f2cf15febe2db4fa371c522d2d0f.txt,C:\Users\yys\Desktop\风机\wind-fault-detection-platform\hard_cases\new_small_defect_samples\train_58_jpg.rf.4ad4f2cf15febe2db4fa371c522d2d0f.jpg,Good;Paintoff;Scratch
C:\Wind Turbine blades.v2-1111.yolov8\train\images\58_jpg.rf.8efaabe3a47475088b6a79912334a01e.jpg,C:\Wind Turbine blades.v2-1111.yolov8\train\labels\58_jpg.rf.8efaabe3a47475088b6a79912334a01e.txt,C:\Users\yys\Desktop\风机\wind-fault-detection-platform\hard_cases\new_small_defect_samples\train_58_jpg.rf.8efaabe3a47475088b6a79912334a01e.jpg,Good;Scratch
C:\Wind Turbine blades.v2-1111.yolov8\train\images\58_jpg.rf.c5435158d0185eca430f144d54692943.jpg,C:\Wind Turbine blades.v2-1111.yolov8\train\labels\58_jpg.rf.c5435158d0185eca430f144d54692943.txt,C:\Users\yys\Desktop\风机\wind-fault-detection-platform\hard_cases\new_small_defect_samples\train_58_jpg.rf.c5435158d0185eca430f144d54692943.jpg,Good;Scratch
C:\Wind Turbine blades.v2-1111.yolov8\train\images\59_jpg.rf.7a26005880a1fdb8a8ce2972ef74df3c.jpg,C:\Wind Turbine blades.v2-1111.yolov8\train\labels\59_jpg.rf.7a26005880a1fdb8a8ce2972ef74df3c.txt,C:\Users\yys\Desktop\风机\wind-fault-detection-platform\hard_cases\new_small_defect_samples\train_59_jpg.rf.7a26005880a1fdb8a8ce2972ef74df3c.jpg,Good;Paintoff;Scratch
C:\Wind Turbine blades.v2-1111.yolov8\train\images\59_jpg.rf.a8438f00c30c23c6554c2ee19e8c246a.jpg,C:\Wind Turbine blades.v2-1111.yolov8\train\labels\59_jpg.rf.a8438f00c30c23c6554c2ee19e8c246a.txt,C:\Users\yys\Desktop\风机\wind-fault-detection-platform\hard_cases\new_small_defect_samples\train_59_jpg.rf.a8438f00c30c23c6554c2ee19e8c246a.jpg,Good;Scratch
C:\Wind Turbine blades.v2-1111.yolov8\train\images\59_jpg.rf.adf60669cef8091531410437de5d3a87.jpg,C:\Wind Turbine blades.v2-1111.yolov8\train\labels\59_jpg.rf.adf60669cef8091531410437de5d3a87.txt,C:\Users\yys\Desktop\风机\wind-fault-detection-platform\hard_cases\new_small_defect_samples\train_59_jpg.rf.adf60669cef8091531410437de5d3a87.jpg,Good;Scratch
C:\Wind Turbine blades.v2-1111.yolov8\train\images\59_jpg.rf.eea364606fdab6a36f50c7b75c7de17c.jpg,C:\Wind Turbine blades.v2-1111.yolov8\train\labels\59_jpg.rf.eea364606fdab6a36f50c7b75c7de17c.txt,C:\Users\yys\Desktop\风机\wind-fault-detection-platform\hard_cases\new_small_defect_samples\train_59_jpg.rf.eea364606fdab6a36f50c7b75c7de17c.jpg,Good;Scratch
C:\Wind Turbine blades.v2-1111.yolov8\train\images\59_jpg.rf.f2b7cac958defb6a881fae96cb8c80c9.jpg,C:\Wind Turbine blades.v2-1111.yolov8\train\labels\59_jpg.rf.f2b7cac958defb6a881fae96cb8c80c9.txt,C:\Users\yys\Desktop\风机\wind-fault-detection-platform\hard_cases\new_small_defect_samples\train_59_jpg.rf.f2b7cac958defb6a881fae96cb8c80c9.jpg,Good;Paintoff;Scratch
C:\Wind Turbine blades.v2-1111.yolov8\train\images\5_jpg.rf.1e49e6adde9b071d289c75cca6bb8cb7.jpg,C:\Wind Turbine blades.v2-1111.yolov8\train\labels\5_jpg.rf.1e49e6adde9b071d289c75cca6bb8cb7.txt,C:\Users\yys\Desktop\风机\wind-fault-detection-platform\hard_cases\new_small_defect_samples\train_5_jpg.rf.1e49e6adde9b071d289c75cca6bb8cb7.jpg,Good;Scratch
C:\Wind Turbine blades.v2-1111.yolov8\train\images\5_jpg.rf.94ad070f70ecf6ca8d180705b14a6024.jpg,C:\Wind Turbine blades.v2-1111.yolov8\train\labels\5_jpg.rf.94ad070f70ecf6ca8d180705b14a6024.txt,C:\Users\yys\Desktop\风机\wind-fault-detection-platform\hard_cases\new_small_defect_samples\train_5_jpg.rf.94ad070f70ecf6ca8d180705b14a6024.jpg,Crack;Good
C:\Wind Turbine blades.v2-1111.yolov8\train\images\5_jpg.rf.aafdd3a388925929ecd3ee98b1730ecf.jpg,C:\Wind Turbine blades.v2-1111.yolov8\train\labels\5_jpg.rf.aafdd3a388925929ecd3ee98b1730ecf.txt,C:\Users\yys\Desktop\风机\wind-fault-detection-platform\hard_cases\new_corrosion_samples\train_5_jpg.rf.aafdd3a388925929ecd3ee98b1730ecf.jpg,Erosion;Good
C:\Wind Turbine blades.v2-1111.yolov8\train\images\5_jpg.rf.b3fd5f770847306cbb5ecdf284e1383c.jpg,C:\Wind Turbine blades.v2-1111.yolov8\train\labels\5_jpg.rf.b3fd5f770847306cbb5ecdf284e1383c.txt,C:\Users\yys\Desktop\风机\wind-fault-detection-platform\hard_cases\new_small_defect_samples\train_5_jpg.rf.b3fd5f770847306cbb5ecdf284e1383c.jpg,Good;Paintoff;Scratch
C:\Wind Turbine blades.v2-1111.yolov8\train\images\5_jpg.rf.b82787d918f433fbead2c80f5c1bc412.jpg,C:\Wind Turbine blades.v2-1111.yolov8\train\labels\5_jpg.rf.b82787d918f433fbead2c80f5c1bc412.txt,C:\Users\yys\Desktop\风机\wind-fault-detection-platform\hard_cases\new_small_defect_samples\train_5_jpg.rf.b82787d918f433fbead2c80f5c1bc412.jpg,Crack;Good
C:\Wind Turbine blades.v2-1111.yolov8\train\images\5_jpg.rf.c02115e706f67147d6bf1f4b04abf7d6.jpg,C:\Wind Turbine blades.v2-1111.yolov8\train\labels\5_jpg.rf.c02115e706f67147d6bf1f4b04abf7d6.txt,C:\Users\yys\Desktop\风机\wind-fault-detection-platform\hard_cases\new_corrosion_samples\train_5_jpg.rf.c02115e706f67147d6bf1f4b04abf7d6.jpg,Erosion;Good
C:\Wind Turbine blades.v2-1111.yolov8\train\images\6-Copy-2-_jpg.rf.3b31270f2bbbd0c5fbc4d75ad0627201.jpg,C:\Wind Turbine blades.v2-1111.yolov8\train\labels\6-Copy-2-_jpg.rf.3b31270f2bbbd0c5fbc4d75ad0627201.txt,C:\Users\yys\Desktop\风机\wind-fault-detection-platform\hard_cases\new_small_defect_samples\train_6-Copy-2-_jpg.rf.3b31270f2bbbd0c5fbc4d75ad0627201.jpg,Good;MechanicalDamage
C:\Wind Turbine blades.v2-1111.yolov8\train\images\6-Copy-2-_jpg.rf.67d385982bcf8a6d03cd72582423b60e.jpg,C:\Wind Turbine blades.v2-1111.yolov8\train\labels\6-Copy-2-_jpg.rf.67d385982bcf8a6d03cd72582423b60e.txt,C:\Users\yys\Desktop\风机\wind-fault-detection-platform\hard_cases\new_small_defect_samples\train_6-Copy-2-_jpg.rf.67d385982bcf8a6d03cd72582423b60e.jpg,Good;MechanicalDamage
C:\Wind Turbine blades.v2-1111.yolov8\train\images\6-Copy-2-_jpg.rf.b1381df2109e8c2c3a3ed38d703ef3ec.jpg,C:\Wind Turbine blades.v2-1111.yolov8\train\labels\6-Copy-2-_jpg.rf.b1381df2109e8c2c3a3ed38d703ef3ec.txt,C:\Users\yys\Desktop\风机\wind-fault-detection-platform\hard_cases\new_small_defect_samples\train_6-Copy-2-_jpg.rf.b1381df2109e8c2c3a3ed38d703ef3ec.jpg,Good;MechanicalDamage
C:\Wind Turbine blades.v2-1111.yolov8\train\images\60_jpg.rf.10330b20b57176743764962989f81c82.jpg,C:\Wind Turbine blades.v2-1111.yolov8\train\labels\60_jpg.rf.10330b20b57176743764962989f81c82.txt,C:\Users\yys\Desktop\风机\wind-fault-detection-platform\hard_cases\new_small_defect_samples\train_60_jpg.rf.10330b20b57176743764962989f81c82.jpg,Good;Scratch
C:\Wind Turbine blades.v2-1111.yolov8\train\images\60_jpg.rf.19625f8ab9466cfa6c73e9eb5547f7e4.jpg,C:\Wind Turbine blades.v2-1111.yolov8\train\labels\60_jpg.rf.19625f8ab9466cfa6c73e9eb5547f7e4.txt,C:\Users\yys\Desktop\风机\wind-fault-detection-platform\hard_cases\new_small_defect_samples\train_60_jpg.rf.19625f8ab9466cfa6c73e9eb5547f7e4.jpg,Paintoff
C:\Wind Turbine blades.v2-1111.yolov8\train\images\60_jpg.rf.a9d1606c365ed76258f5c50d36c66c1b.jpg,C:\Wind Turbine blades.v2-1111.yolov8\train\labels\60_jpg.rf.a9d1606c365ed76258f5c50d36c66c1b.txt,C:\Users\yys\Desktop\风机\wind-fault-detection-platform\hard_cases\new_small_defect_samples\train_60_jpg.rf.a9d1606c365ed76258f5c50d36c66c1b.jpg,Paintoff
C:\Wind Turbine blades.v2-1111.yolov8\train\images\60_jpg.rf.fa29261b7a378b3b05d1eef54cd6d278.jpg,C:\Wind Turbine blades.v2-1111.yolov8\train\labels\60_jpg.rf.fa29261b7a378b3b05d1eef54cd6d278.txt,C:\Users\yys\Desktop\风机\wind-fault-detection-platform\hard_cases\new_small_defect_samples\train_60_jpg.rf.fa29261b7a378b3b05d1eef54cd6d278.jpg,Good;Scratch
C:\Wind Turbine blades.v2-1111.yolov8\train\images\61_jpg.rf.13a6e20739ca133fd768ea009a9b0b1a.jpg,C:\Wind Turbine blades.v2-1111.yolov8\train\labels\61_jpg.rf.13a6e20739ca133fd768ea009a9b0b1a.txt,C:\Users\yys\Desktop\风机\wind-fault-detection-platform\hard_cases\new_small_defect_samples\train_61_jpg.rf.13a6e20739ca133fd768ea009a9b0b1a.jpg,Good;Scratch
C:\Wind Turbine blades.v2-1111.yolov8\train\images\62_jpg.rf.753820d7c0a700e9eb8212f82430ff0e.jpg,C:\Wind Turbine blades.v2-1111.yolov8\train\labels\62_jpg.rf.753820d7c0a700e9eb8212f82430ff0e.txt,C:\Users\yys\Desktop\风机\wind-fault-detection-platform\hard_cases\new_small_defect_samples\train_62_jpg.rf.753820d7c0a700e9eb8212f82430ff0e.jpg,Paintoff
C:\Wind Turbine blades.v2-1111.yolov8\train\images\63_jpg.rf.2a8f845cf04abfd3f8e3dba3ca95ea1a.jpg,C:\Wind Turbine blades.v2-1111.yolov8\train\labels\63_jpg.rf.2a8f845cf04abfd3f8e3dba3ca95ea1a.txt,C:\Users\yys\Desktop\风机\wind-fault-detection-platform\hard_cases\new_small_defect_samples\train_63_jpg.rf.2a8f845cf04abfd3f8e3dba3ca95ea1a.jpg,Scratch
C:\Wind Turbine blades.v2-1111.yolov8\train\images\64_jpg.rf.3e79a6822562aebb7bd5dc87926b8a2b.jpg,C:\Wind Turbine blades.v2-1111.yolov8\train\labels\64_jpg.rf.3e79a6822562aebb7bd5dc87926b8a2b.txt,C:\Users\yys\Desktop\风机\wind-fault-detection-platform\hard_cases\new_small_defect_samples\train_64_jpg.rf.3e79a6822562aebb7bd5dc87926b8a2b.jpg,Scratch
C:\Wind Turbine blades.v2-1111.yolov8\train\images\64_jpg.rf.a10e3a610fd2a3426cdc6a96208f60f2.jpg,C:\Wind Turbine blades.v2-1111.yolov8\train\labels\64_jpg.rf.a10e3a610fd2a3426cdc6a96208f60f2.txt,C:\Users\yys\Desktop\风机\wind-fault-detection-platform\hard_cases\new_small_defect_samples\train_64_jpg.rf.a10e3a610fd2a3426cdc6a96208f60f2.jpg,Scratch
C:\Wind Turbine blades.v2-1111.yolov8\train\images\64_jpg.rf.cbec2c3f68dbb875549f71a9fc042c5f.jpg,C:\Wind Turbine blades.v2-1111.yolov8\train\labels\64_jpg.rf.cbec2c3f68dbb875549f71a9fc042c5f.txt,C:\Users\yys\Desktop\风机\wind-fault-detection-platform\hard_cases\new_small_defect_samples\train_64_jpg.rf.cbec2c3f68dbb875549f71a9fc042c5f.jpg,Good;Scratch
C:\Wind Turbine blades.v2-1111.yolov8\train\images\65_jpg.rf.51a9d8a141ae742b7eaf3c8d58e47bc2.jpg,C:\Wind Turbine blades.v2-1111.yolov8\train\labels\65_jpg.rf.51a9d8a141ae742b7eaf3c8d58e47bc2.txt,C:\Users\yys\Desktop\风机\wind-fault-detection-platform\hard_cases\new_small_defect_samples\train_65_jpg.rf.51a9d8a141ae742b7eaf3c8d58e47bc2.jpg,Good;Scratch
C:\Wind Turbine blades.v2-1111.yolov8\train\images\65_jpg.rf.692daddc4d8e6db057b8ff831a1e4864.jpg,C:\Wind Turbine blades.v2-1111.yolov8\train\labels\65_jpg.rf.692daddc4d8e6db057b8ff831a1e4864.txt,C:\Users\yys\Desktop\风机\wind-fault-detection-platform\hard_cases\new_small_defect_samples\train_65_jpg.rf.692daddc4d8e6db057b8ff831a1e4864.jpg,Good;Paintoff;Scratch
C:\Wind Turbine blades.v2-1111.yolov8\train\images\65_jpg.rf.b4f3ca4b5a762689bc654878293502d0.jpg,C:\Wind Turbine blades.v2-1111.yolov8\train\labels\65_jpg.rf.b4f3ca4b5a762689bc654878293502d0.txt,C:\Users\yys\Desktop\风机\wind-fault-detection-platform\hard_cases\new_small_defect_samples\train_65_jpg.rf.b4f3ca4b5a762689bc654878293502d0.jpg,Good;Scratch
C:\Wind Turbine blades.v2-1111.yolov8\train\images\65_jpg.rf.bd59d5d768c4ee3ead9444a65b0ad081.jpg,C:\Wind Turbine blades.v2-1111.yolov8\train\labels\65_jpg.rf.bd59d5d768c4ee3ead9444a65b0ad081.txt,C:\Users\yys\Desktop\风机\wind-fault-detection-platform\hard_cases\new_small_defect_samples\train_65_jpg.rf.bd59d5d768c4ee3ead9444a65b0ad081.jpg,Good;Paintoff;Scratch
C:\Wind Turbine blades.v2-1111.yolov8\train\images\65_jpg.rf.cb4264b28203f620f78b835cfd78e170.jpg,C:\Wind Turbine blades.v2-1111.yolov8\train\labels\65_jpg.rf.cb4264b28203f620f78b835cfd78e170.txt,C:\Users\yys\Desktop\风机\wind-fault-detection-platform\hard_cases\new_small_defect_samples\train_65_jpg.rf.cb4264b28203f620f78b835cfd78e170.jpg,Good;Scratch
C:\Wind Turbine blades.v2-1111.yolov8\train\images\65_jpg.rf.e03906dbaa31b9d5922a7fa1a8416707.jpg,C:\Wind Turbine blades.v2-1111.yolov8\train\labels\65_jpg.rf.e03906dbaa31b9d5922a7fa1a8416707.txt,C:\Users\yys\Desktop\风机\wind-fault-detection-platform\hard_cases\new_small_defect_samples\train_65_jpg.rf.e03906dbaa31b9d5922a7fa1a8416707.jpg,Good;Paintoff;Scratch
C:\Wind Turbine blades.v2-1111.yolov8\train\images\66_jpg.rf.5a513a427eba78efe59bc94b2ad18ee8.jpg,C:\Wind Turbine blades.v2-1111.yolov8\train\labels\66_jpg.rf.5a513a427eba78efe59bc94b2ad18ee8.txt,C:\Users\yys\Desktop\风机\wind-fault-detection-platform\hard_cases\new_small_defect_samples\train_66_jpg.rf.5a513a427eba78efe59bc94b2ad18ee8.jpg,Good;Scratch
C:\Wind Turbine blades.v2-1111.yolov8\train\images\66_jpg.rf.74ebc4c60dad9c4d3325a0bcfd3646f2.jpg,C:\Wind Turbine blades.v2-1111.yolov8\train\labels\66_jpg.rf.74ebc4c60dad9c4d3325a0bcfd3646f2.txt,C:\Users\yys\Desktop\风机\wind-fault-detection-platform\hard_cases\new_small_defect_samples\train_66_jpg.rf.74ebc4c60dad9c4d3325a0bcfd3646f2.jpg,Good;Scratch
C:\Wind Turbine blades.v2-1111.yolov8\train\images\67_jpg.rf.2adf5e966d536f64785025d53a197b05.jpg,C:\Wind Turbine blades.v2-1111.yolov8\train\labels\67_jpg.rf.2adf5e966d536f64785025d53a197b05.txt,C:\Users\yys\Desktop\风机\wind-fault-detection-platform\hard_cases\new_small_defect_samples\train_67_jpg.rf.2adf5e966d536f64785025d53a197b05.jpg,Good;Scratch
C:\Wind Turbine blades.v2-1111.yolov8\train\images\67_jpg.rf.4b4af902ae7609f2d07cdbc14b17df69.jpg,C:\Wind Turbine blades.v2-1111.yolov8\train\labels\67_jpg.rf.4b4af902ae7609f2d07cdbc14b17df69.txt,C:\Users\yys\Desktop\风机\wind-fault-detection-platform\hard_cases\new_small_defect_samples\train_67_jpg.rf.4b4af902ae7609f2d07cdbc14b17df69.jpg,Paintoff
C:\Wind Turbine blades.v2-1111.yolov8\train\images\67_jpg.rf.a3ca1cb86a9e454f0b39b6714439718e.jpg,C:\Wind Turbine blades.v2-1111.yolov8\train\labels\67_jpg.rf.a3ca1cb86a9e454f0b39b6714439718e.txt,C:\Users\yys\Desktop\风机\wind-fault-detection-platform\hard_cases\new_small_defect_samples\train_67_jpg.rf.a3ca1cb86a9e454f0b39b6714439718e.jpg,Paintoff
C:\Wind Turbine blades.v2-1111.yolov8\train\images\67_jpg.rf.ca623b8e4ef7d812874f30b2166f187d.jpg,C:\Wind Turbine blades.v2-1111.yolov8\train\labels\67_jpg.rf.ca623b8e4ef7d812874f30b2166f187d.txt,C:\Users\yys\Desktop\风机\wind-fault-detection-platform\hard_cases\new_small_defect_samples\train_67_jpg.rf.ca623b8e4ef7d812874f30b2166f187d.jpg,Paintoff
C:\Wind Turbine blades.v2-1111.yolov8\train\images\68_jpg.rf.a598b191189d0c353b74b51e45461cf7.jpg,C:\Wind Turbine blades.v2-1111.yolov8\train\labels\68_jpg.rf.a598b191189d0c353b74b51e45461cf7.txt,C:\Users\yys\Desktop\风机\wind-fault-detection-platform\hard_cases\new_small_defect_samples\train_68_jpg.rf.a598b191189d0c353b74b51e45461cf7.jpg,Scratch
C:\Wind Turbine blades.v2-1111.yolov8\train\images\69_jpg.rf.190666979a2243876231d0c7827be48f.jpg,C:\Wind Turbine blades.v2-1111.yolov8\train\labels\69_jpg.rf.190666979a2243876231d0c7827be48f.txt,C:\Users\yys\Desktop\风机\wind-fault-detection-platform\hard_cases\new_small_defect_samples\train_69_jpg.rf.190666979a2243876231d0c7827be48f.jpg,Good;Scratch
C:\Wind Turbine blades.v2-1111.yolov8\train\images\69_jpg.rf.c91bfd4e5ef9457c27108bf36505fadd.jpg,C:\Wind Turbine blades.v2-1111.yolov8\train\labels\69_jpg.rf.c91bfd4e5ef9457c27108bf36505fadd.txt,C:\Users\yys\Desktop\风机\wind-fault-detection-platform\hard_cases\new_small_defect_samples\train_69_jpg.rf.c91bfd4e5ef9457c27108bf36505fadd.jpg,Paintoff
C:\Wind Turbine blades.v2-1111.yolov8\train\images\69_jpg.rf.dea488e2d612149da63c5d34e4fd497a.jpg,C:\Wind Turbine blades.v2-1111.yolov8\train\labels\69_jpg.rf.dea488e2d612149da63c5d34e4fd497a.txt,C:\Users\yys\Desktop\风机\wind-fault-detection-platform\hard_cases\new_small_defect_samples\train_69_jpg.rf.dea488e2d612149da63c5d34e4fd497a.jpg,Paintoff
C:\Wind Turbine blades.v2-1111.yolov8\train\images\6_jpg.rf.37227891ca7210218028d2859774581a.jpg,C:\Wind Turbine blades.v2-1111.yolov8\train\labels\6_jpg.rf.37227891ca7210218028d2859774581a.txt,C:\Users\yys\Desktop\风机\wind-fault-detection-platform\hard_cases\new_small_defect_samples\train_6_jpg.rf.37227891ca7210218028d2859774581a.jpg,Good;Paintoff;Scratch
C:\Wind Turbine blades.v2-1111.yolov8\train\images\6_jpg.rf.4d173f31d49dbe1488b58f8d394dd358.jpg,C:\Wind Turbine blades.v2-1111.yolov8\train\labels\6_jpg.rf.4d173f31d49dbe1488b58f8d394dd358.txt,C:\Users\yys\Desktop\风机\wind-fault-detection-platform\hard_cases\new_corrosion_samples\train_6_jpg.rf.4d173f31d49dbe1488b58f8d394dd358.jpg,Erosion;Good
C:\Wind Turbine blades.v2-1111.yolov8\train\images\6_jpg.rf.4d7fd9c110a215ccf62c73703dd03a73.jpg,C:\Wind Turbine blades.v2-1111.yolov8\train\labels\6_jpg.rf.4d7fd9c110a215ccf62c73703dd03a73.txt,C:\Users\yys\Desktop\风机\wind-fault-detection-platform\hard_cases\new_small_defect_samples\train_6_jpg.rf.4d7fd9c110a215ccf62c73703dd03a73.jpg,Good;Scratch
C:\Wind Turbine blades.v2-1111.yolov8\train\images\6_jpg.rf.5d01f2d699469ee0aebbf406dfdecfd4.jpg,C:\Wind Turbine blades.v2-1111.yolov8\train\labels\6_jpg.rf.5d01f2d699469ee0aebbf406dfdecfd4.txt,C:\Users\yys\Desktop\风机\wind-fault-detection-platform\hard_cases\new_small_defect_samples\train_6_jpg.rf.5d01f2d699469ee0aebbf406dfdecfd4.jpg,Good;Paintoff;Scratch
C:\Wind Turbine blades.v2-1111.yolov8\train\images\6_jpg.rf.6eb974765e8767218df0e49068b0a2d3.jpg,C:\Wind Turbine blades.v2-1111.yolov8\train\labels\6_jpg.rf.6eb974765e8767218df0e49068b0a2d3.txt,C:\Users\yys\Desktop\风机\wind-fault-detection-platform\hard_cases\new_small_defect_samples\train_6_jpg.rf.6eb974765e8767218df0e49068b0a2d3.jpg,Crack;Good
C:\Wind Turbine blades.v2-1111.yolov8\train\images\6_jpg.rf.7083e10c7498f5a8000e874b6d844a80.jpg,C:\Wind Turbine blades.v2-1111.yolov8\train\labels\6_jpg.rf.7083e10c7498f5a8000e874b6d844a80.txt,C:\Users\yys\Desktop\风机\wind-fault-detection-platform\hard_cases\new_corrosion_samples\train_6_jpg.rf.7083e10c7498f5a8000e874b6d844a80.jpg,Erosion;Good
C:\Wind Turbine blades.v2-1111.yolov8\train\images\6_jpg.rf.79ac55d8d34683ce6914d0b0bb8e70e8.jpg,C:\Wind Turbine blades.v2-1111.yolov8\train\labels\6_jpg.rf.79ac55d8d34683ce6914d0b0bb8e70e8.txt,C:\Users\yys\Desktop\风机\wind-fault-detection-platform\hard_cases\new_small_defect_samples\train_6_jpg.rf.79ac55d8d34683ce6914d0b0bb8e70e8.jpg,Crack;Good
C:\Wind Turbine blades.v2-1111.yolov8\train\images\6_jpg.rf.81902e8e045540423bd9b67620b6564a.jpg,C:\Wind Turbine blades.v2-1111.yolov8\train\labels\6_jpg.rf.81902e8e045540423bd9b67620b6564a.txt,C:\Users\yys\Desktop\风机\wind-fault-detection-platform\hard_cases\new_small_defect_samples\train_6_jpg.rf.81902e8e045540423bd9b67620b6564a.jpg,Crack;Good
C:\Wind Turbine blades.v2-1111.yolov8\train\images\7-Copy-2-_jpg.rf.498eeaaf155c624ca7c3e70267e501de.jpg,C:\Wind Turbine blades.v2-1111.yolov8\train\labels\7-Copy-2-_jpg.rf.498eeaaf155c624ca7c3e70267e501de.txt,C:\Users\yys\Desktop\风机\wind-fault-detection-platform\hard_cases\new_small_defect_samples\train_7-Copy-2-_jpg.rf.498eeaaf155c624ca7c3e70267e501de.jpg,Good;MechanicalDamage
C:\Wind Turbine blades.v2-1111.yolov8\train\images\70_jpg.rf.a5ccb79d15d73721e1756a3d0aff514c.jpg,C:\Wind Turbine blades.v2-1111.yolov8\train\labels\70_jpg.rf.a5ccb79d15d73721e1756a3d0aff514c.txt,C:\Users\yys\Desktop\风机\wind-fault-detection-platform\hard_cases\new_small_defect_samples\train_70_jpg.rf.a5ccb79d15d73721e1756a3d0aff514c.jpg,Good;Scratch
C:\Wind Turbine blades.v2-1111.yolov8\train\images\70_jpg.rf.ded02013a6f9ecad4dcfee9eeea76a89.jpg,C:\Wind Turbine blades.v2-1111.yolov8\train\labels\70_jpg.rf.ded02013a6f9ecad4dcfee9eeea76a89.txt,C:\Users\yys\Desktop\风机\wind-fault-detection-platform\hard_cases\new_small_defect_samples\train_70_jpg.rf.ded02013a6f9ecad4dcfee9eeea76a89.jpg,Paintoff
C:\Wind Turbine blades.v2-1111.yolov8\train\images\71_jpg.rf.42bd14e5e9e3cc4bd9329584aef94f41.jpg,C:\Wind Turbine blades.v2-1111.yolov8\train\labels\71_jpg.rf.42bd14e5e9e3cc4bd9329584aef94f41.txt,C:\Users\yys\Desktop\风机\wind-fault-detection-platform\hard_cases\new_small_defect_samples\train_71_jpg.rf.42bd14e5e9e3cc4bd9329584aef94f41.jpg,Good;Scratch
C:\Wind Turbine blades.v2-1111.yolov8\train\images\71_jpg.rf.4874bda30d9667441bfe212b47d1b6ba.jpg,C:\Wind Turbine blades.v2-1111.yolov8\train\labels\71_jpg.rf.4874bda30d9667441bfe212b47d1b6ba.txt,C:\Users\yys\Desktop\风机\wind-fault-detection-platform\hard_cases\new_small_defect_samples\train_71_jpg.rf.4874bda30d9667441bfe212b47d1b6ba.jpg,Good;Scratch
C:\Wind Turbine blades.v2-1111.yolov8\train\images\71_jpg.rf.833e75bef1037ad22ef4761ae6cce38c.jpg,C:\Wind Turbine blades.v2-1111.yolov8\train\labels\71_jpg.rf.833e75bef1037ad22ef4761ae6cce38c.txt,C:\Users\yys\Desktop\风机\wind-fault-detection-platform\hard_cases\new_small_defect_samples\train_71_jpg.rf.833e75bef1037ad22ef4761ae6cce38c.jpg,Good;Paintoff
C:\Wind Turbine blades.v2-1111.yolov8\train\images\71_jpg.rf.f746d23ebcc2f78c39880765170cf12f.jpg,C:\Wind Turbine blades.v2-1111.yolov8\train\labels\71_jpg.rf.f746d23ebcc2f78c39880765170cf12f.txt,C:\Users\yys\Desktop\风机\wind-fault-detection-platform\hard_cases\new_small_defect_samples\train_71_jpg.rf.f746d23ebcc2f78c39880765170cf12f.jpg,Good;Scratch
C:\Wind Turbine blades.v2-1111.yolov8\train\images\72_jpg.rf.1961f785cb5e9a24be02654189fc0d31.jpg,C:\Wind Turbine blades.v2-1111.yolov8\train\labels\72_jpg.rf.1961f785cb5e9a24be02654189fc0d31.txt,C:\Users\yys\Desktop\风机\wind-fault-detection-platform\hard_cases\new_small_defect_samples\train_72_jpg.rf.1961f785cb5e9a24be02654189fc0d31.jpg,Scratch
C:\Wind Turbine blades.v2-1111.yolov8\train\images\72_jpg.rf.4e2bf77f3106bd5eca0421b0a9e8d75a.jpg,C:\Wind Turbine blades.v2-1111.yolov8\train\labels\72_jpg.rf.4e2bf77f3106bd5eca0421b0a9e8d75a.txt,C:\Users\yys\Desktop\风机\wind-fault-detection-platform\hard_cases\new_small_defect_samples\train_72_jpg.rf.4e2bf77f3106bd5eca0421b0a9e8d75a.jpg,Scratch
C:\Wind Turbine blades.v2-1111.yolov8\train\images\72_jpg.rf.a9e9df09d4714a960bee4d743b20cc50.jpg,C:\Wind Turbine blades.v2-1111.yolov8\train\labels\72_jpg.rf.a9e9df09d4714a960bee4d743b20cc50.txt,C:\Users\yys\Desktop\风机\wind-fault-detection-platform\hard_cases\new_small_defect_samples\train_72_jpg.rf.a9e9df09d4714a960bee4d743b20cc50.jpg,Paintoff
C:\Wind Turbine blades.v2-1111.yolov8\train\images\72_jpg.rf.b06d34da60f5fa2eaaa47171c2dd12ca.jpg,C:\Wind Turbine blades.v2-1111.yolov8\train\labels\72_jpg.rf.b06d34da60f5fa2eaaa47171c2dd12ca.txt,C:\Users\yys\Desktop\风机\wind-fault-detection-platform\hard_cases\new_small_defect_samples\train_72_jpg.rf.b06d34da60f5fa2eaaa47171c2dd12ca.jpg,Scratch
C:\Wind Turbine blades.v2-1111.yolov8\train\images\73_jpg.rf.3f956519c4139ae8b839ce486f682e50.jpg,C:\Wind Turbine blades.v2-1111.yolov8\train\labels\73_jpg.rf.3f956519c4139ae8b839ce486f682e50.txt,C:\Users\yys\Desktop\风机\wind-fault-detection-platform\hard_cases\new_small_defect_samples\train_73_jpg.rf.3f956519c4139ae8b839ce486f682e50.jpg,Good;Paintoff
C:\Wind Turbine blades.v2-1111.yolov8\train\images\73_jpg.rf.5192ada676622bfae18e4433d44efa8b.jpg,C:\Wind Turbine blades.v2-1111.yolov8\train\labels\73_jpg.rf.5192ada676622bfae18e4433d44efa8b.txt,C:\Users\yys\Desktop\风机\wind-fault-detection-platform\hard_cases\new_small_defect_samples\train_73_jpg.rf.5192ada676622bfae18e4433d44efa8b.jpg,Good;Scratch
C:\Wind Turbine blades.v2-1111.yolov8\train\images\73_jpg.rf.87457dcf37cc79c4becf2727f792eaae.jpg,C:\Wind Turbine blades.v2-1111.yolov8\train\labels\73_jpg.rf.87457dcf37cc79c4becf2727f792eaae.txt,C:\Users\yys\Desktop\风机\wind-fault-detection-platform\hard_cases\new_small_defect_samples\train_73_jpg.rf.87457dcf37cc79c4becf2727f792eaae.jpg,Good;Paintoff
C:\Wind Turbine blades.v2-1111.yolov8\train\images\73_jpg.rf.87b6ad0a8b0d9d05112d2abbc845e409.jpg,C:\Wind Turbine blades.v2-1111.yolov8\train\labels\73_jpg.rf.87b6ad0a8b0d9d05112d2abbc845e409.txt,C:\Users\yys\Desktop\风机\wind-fault-detection-platform\hard_cases\new_small_defect_samples\train_73_jpg.rf.87b6ad0a8b0d9d05112d2abbc845e409.jpg,Good;Scratch
C:\Wind Turbine blades.v2-1111.yolov8\train\images\74_jpg.rf.35bb4ab46c7604f6f2ec20a61f5be6d0.jpg,C:\Wind Turbine blades.v2-1111.yolov8\train\labels\74_jpg.rf.35bb4ab46c7604f6f2ec20a61f5be6d0.txt,C:\Users\yys\Desktop\风机\wind-fault-detection-platform\hard_cases\new_small_defect_samples\train_74_jpg.rf.35bb4ab46c7604f6f2ec20a61f5be6d0.jpg,Good;Scratch
C:\Wind Turbine blades.v2-1111.yolov8\train\images\74_jpg.rf.a30354b733e83e238d367cc43afc4894.jpg,C:\Wind Turbine blades.v2-1111.yolov8\train\labels\74_jpg.rf.a30354b733e83e238d367cc43afc4894.txt,C:\Users\yys\Desktop\风机\wind-fault-detection-platform\hard_cases\new_small_defect_samples\train_74_jpg.rf.a30354b733e83e238d367cc43afc4894.jpg,Good;Scratch
C:\Wind Turbine blades.v2-1111.yolov8\train\images\74_jpg.rf.d43e01ccd91c082ca2a88a2983928d2a.jpg,C:\Wind Turbine blades.v2-1111.yolov8\train\labels\74_jpg.rf.d43e01ccd91c082ca2a88a2983928d2a.txt,C:\Users\yys\Desktop\风机\wind-fault-detection-platform\hard_cases\new_small_defect_samples\train_74_jpg.rf.d43e01ccd91c082ca2a88a2983928d2a.jpg,Good;Scratch
C:\Wind Turbine blades.v2-1111.yolov8\train\images\75_jpg.rf.2fccd034b5c9e2ce42776fe290ecf8e3.jpg,C:\Wind Turbine blades.v2-1111.yolov8\train\labels\75_jpg.rf.2fccd034b5c9e2ce42776fe290ecf8e3.txt,C:\Users\yys\Desktop\风机\wind-fault-detection-platform\hard_cases\new_small_defect_samples\train_75_jpg.rf.2fccd034b5c9e2ce42776fe290ecf8e3.jpg,Good;Scratch
C:\Wind Turbine blades.v2-1111.yolov8\train\images\76_jpg.rf.a2c0386905ddcf4fe7f4a2c9e8cc1b04.jpg,C:\Wind Turbine blades.v2-1111.yolov8\train\labels\76_jpg.rf.a2c0386905ddcf4fe7f4a2c9e8cc1b04.txt,C:\Users\yys\Desktop\风机\wind-fault-detection-platform\hard_cases\new_small_defect_samples\train_76_jpg.rf.a2c0386905ddcf4fe7f4a2c9e8cc1b04.jpg,Scratch
C:\Wind Turbine blades.v2-1111.yolov8\train\images\76_jpg.rf.c5be70c4e51562db952788f80838798c.jpg,C:\Wind Turbine blades.v2-1111.yolov8\train\labels\76_jpg.rf.c5be70c4e51562db952788f80838798c.txt,C:\Users\yys\Desktop\风机\wind-fault-detection-platform\hard_cases\new_small_defect_samples\train_76_jpg.rf.c5be70c4e51562db952788f80838798c.jpg,Scratch
C:\Wind Turbine blades.v2-1111.yolov8\train\images\77_jpg.rf.f8db3fc0bfb7c21b96ea26420ccb800a.jpg,C:\Wind Turbine blades.v2-1111.yolov8\train\labels\77_jpg.rf.f8db3fc0bfb7c21b96ea26420ccb800a.txt,C:\Users\yys\Desktop\风机\wind-fault-detection-platform\hard_cases\new_small_defect_samples\train_77_jpg.rf.f8db3fc0bfb7c21b96ea26420ccb800a.jpg,Good;Scratch
C:\Wind Turbine blades.v2-1111.yolov8\train\images\78_jpg.rf.84f77bc5abaac4bf3f32b068a84618cc.jpg,C:\Wind Turbine blades.v2-1111.yolov8\train\labels\78_jpg.rf.84f77bc5abaac4bf3f32b068a84618cc.txt,C:\Users\yys\Desktop\风机\wind-fault-detection-platform\hard_cases\new_small_defect_samples\train_78_jpg.rf.84f77bc5abaac4bf3f32b068a84618cc.jpg,Good;Scratch
C:\Wind Turbine blades.v2-1111.yolov8\train\images\7_jpg.rf.477a102c9c09e9ba25a835f4820b1a33.jpg,C:\Wind Turbine blades.v2-1111.yolov8\train\labels\7_jpg.rf.477a102c9c09e9ba25a835f4820b1a33.txt,C:\Users\yys\Desktop\风机\wind-fault-detection-platform\hard_cases\new_small_defect_samples\train_7_jpg.rf.477a102c9c09e9ba25a835f4820b1a33.jpg,Good;Paintoff;Scratch
C:\Wind Turbine blades.v2-1111.yolov8\train\images\7_jpg.rf.5efc5fe4ee4848a7ead3090abffa2470.jpg,C:\Wind Turbine blades.v2-1111.yolov8\train\labels\7_jpg.rf.5efc5fe4ee4848a7ead3090abffa2470.txt,C:\Users\yys\Desktop\风机\wind-fault-detection-platform\hard_cases\new_small_defect_samples\train_7_jpg.rf.5efc5fe4ee4848a7ead3090abffa2470.jpg,Good;Scratch
C:\Wind Turbine blades.v2-1111.yolov8\train\images\7_jpg.rf.704bfe746339963837227d8ccebcb550.jpg,C:\Wind Turbine blades.v2-1111.yolov8\train\labels\7_jpg.rf.704bfe746339963837227d8ccebcb550.txt,C:\Users\yys\Desktop\风机\wind-fault-detection-platform\hard_cases\new_corrosion_samples\train_7_jpg.rf.704bfe746339963837227d8ccebcb550.jpg,Erosion;Good
C:\Wind Turbine blades.v2-1111.yolov8\train\images\7_jpg.rf.75526d0f43536ed33fbf3a5b51ffb9fe.jpg,C:\Wind Turbine blades.v2-1111.yolov8\train\labels\7_jpg.rf.75526d0f43536ed33fbf3a5b51ffb9fe.txt,C:\Users\yys\Desktop\风机\wind-fault-detection-platform\hard_cases\new_small_defect_samples\train_7_jpg.rf.75526d0f43536ed33fbf3a5b51ffb9fe.jpg,Crack;Good
C:\Wind Turbine blades.v2-1111.yolov8\train\images\7_jpg.rf.8e54dde9997779db78c94f8a3bcef7c2.jpg,C:\Wind Turbine blades.v2-1111.yolov8\train\labels\7_jpg.rf.8e54dde9997779db78c94f8a3bcef7c2.txt,C:\Users\yys\Desktop\风机\wind-fault-detection-platform\hard_cases\new_small_defect_samples\train_7_jpg.rf.8e54dde9997779db78c94f8a3bcef7c2.jpg,Good;Paintoff;Scratch
C:\Wind Turbine blades.v2-1111.yolov8\train\images\8-Copy-2-_jpg.rf.2a390ef8694d3bacf3e1217579462102.jpg,C:\Wind Turbine blades.v2-1111.yolov8\train\labels\8-Copy-2-_jpg.rf.2a390ef8694d3bacf3e1217579462102.txt,C:\Users\yys\Desktop\风机\wind-fault-detection-platform\hard_cases\new_small_defect_samples\train_8-Copy-2-_jpg.rf.2a390ef8694d3bacf3e1217579462102.jpg,Good;MechanicalDamage
C:\Wind Turbine blades.v2-1111.yolov8\train\images\8-Copy-2-_jpg.rf.a3ff2ff1c9357ff56a7e2ee1bd6efd9d.jpg,C:\Wind Turbine blades.v2-1111.yolov8\train\labels\8-Copy-2-_jpg.rf.a3ff2ff1c9357ff56a7e2ee1bd6efd9d.txt,C:\Users\yys\Desktop\风机\wind-fault-detection-platform\hard_cases\new_small_defect_samples\train_8-Copy-2-_jpg.rf.a3ff2ff1c9357ff56a7e2ee1bd6efd9d.jpg,Good;MechanicalDamage
C:\Wind Turbine blades.v2-1111.yolov8\train\images\81_jpg.rf.5be1758aad6a851629d0953527fe3731.jpg,C:\Wind Turbine blades.v2-1111.yolov8\train\labels\81_jpg.rf.5be1758aad6a851629d0953527fe3731.txt,C:\Users\yys\Desktop\风机\wind-fault-detection-platform\hard_cases\new_small_defect_samples\train_81_jpg.rf.5be1758aad6a851629d0953527fe3731.jpg,Good;Scratch
C:\Wind Turbine blades.v2-1111.yolov8\train\images\81_jpg.rf.94dda039e673a2b761733f84253eb1cc.jpg,C:\Wind Turbine blades.v2-1111.yolov8\train\labels\81_jpg.rf.94dda039e673a2b761733f84253eb1cc.txt,SKIPPED_EMPTY_OR_INVALID_LABEL,
C:\Wind Turbine blades.v2-1111.yolov8\train\images\81_jpg.rf.bcd3ea0f36f608155ee8322047db8c2d.jpg,C:\Wind Turbine blades.v2-1111.yolov8\train\labels\81_jpg.rf.bcd3ea0f36f608155ee8322047db8c2d.txt,C:\Users\yys\Desktop\风机\wind-fault-detection-platform\hard_cases\new_small_defect_samples\train_81_jpg.rf.bcd3ea0f36f608155ee8322047db8c2d.jpg,Good;Scratch
C:\Wind Turbine blades.v2-1111.yolov8\train\images\82_jpg.rf.c524ef82faee4c17e3b5422b2fa796e5.jpg,C:\Wind Turbine blades.v2-1111.yolov8\train\labels\82_jpg.rf.c524ef82faee4c17e3b5422b2fa796e5.txt,C:\Users\yys\Desktop\风机\wind-fault-detection-platform\hard_cases\new_small_defect_samples\train_82_jpg.rf.c524ef82faee4c17e3b5422b2fa796e5.jpg,Good;Paintoff;Scratch
C:\Wind Turbine blades.v2-1111.yolov8\train\images\82_jpg.rf.f334aa7dd12a0bd99015e6b12c302653.jpg,C:\Wind Turbine blades.v2-1111.yolov8\train\labels\82_jpg.rf.f334aa7dd12a0bd99015e6b12c302653.txt,C:\Users\yys\Desktop\风机\wind-fault-detection-platform\hard_cases\new_small_defect_samples\train_82_jpg.rf.f334aa7dd12a0bd99015e6b12c302653.jpg,Good;Scratch
C:\Wind Turbine blades.v2-1111.yolov8\train\images\82_jpg.rf.f3dc27f1071e60fa8c94e1715743c190.jpg,C:\Wind Turbine blades.v2-1111.yolov8\train\labels\82_jpg.rf.f3dc27f1071e60fa8c94e1715743c190.txt,C:\Users\yys\Desktop\风机\wind-fault-detection-platform\hard_cases\new_small_defect_samples\train_82_jpg.rf.f3dc27f1071e60fa8c94e1715743c190.jpg,Good;Paintoff;Scratch
C:\Wind Turbine blades.v2-1111.yolov8\train\images\83_jpg.rf.1867601ed35e24f2bbd61dcc8a63e3a4.jpg,C:\Wind Turbine blades.v2-1111.yolov8\train\labels\83_jpg.rf.1867601ed35e24f2bbd61dcc8a63e3a4.txt,C:\Users\yys\Desktop\风机\wind-fault-detection-platform\hard_cases\new_small_defect_samples\train_83_jpg.rf.1867601ed35e24f2bbd61dcc8a63e3a4.jpg,Good;Scratch
C:\Wind Turbine blades.v2-1111.yolov8\train\images\83_jpg.rf.843fdb4f650238ffcc799fb9ac88bc30.jpg,C:\Wind Turbine blades.v2-1111.yolov8\train\labels\83_jpg.rf.843fdb4f650238ffcc799fb9ac88bc30.txt,C:\Users\yys\Desktop\风机\wind-fault-detection-platform\hard_cases\new_small_defect_samples\train_83_jpg.rf.843fdb4f650238ffcc799fb9ac88bc30.jpg,Good;Scratch
C:\Wind Turbine blades.v2-1111.yolov8\train\images\84_jpg.rf.e6f2ef670dbd1527662277fa504bdd26.jpg,C:\Wind Turbine blades.v2-1111.yolov8\train\labels\84_jpg.rf.e6f2ef670dbd1527662277fa504bdd26.txt,C:\Users\yys\Desktop\风机\wind-fault-detection-platform\hard_cases\new_small_defect_samples\train_84_jpg.rf.e6f2ef670dbd1527662277fa504bdd26.jpg,Good;Paintoff
C:\Wind Turbine blades.v2-1111.yolov8\train\images\84_jpg.rf.fae2013058ad1fa6fb29de473d753a95.jpg,C:\Wind Turbine blades.v2-1111.yolov8\train\labels\84_jpg.rf.fae2013058ad1fa6fb29de473d753a95.txt,C:\Users\yys\Desktop\风机\wind-fault-detection-platform\hard_cases\new_small_defect_samples\train_84_jpg.rf.fae2013058ad1fa6fb29de473d753a95.jpg,Good;Scratch
C:\Wind Turbine blades.v2-1111.yolov8\train\images\85_jpg.rf.00318cb58f42e1cb1523419b5694a223.jpg,C:\Wind Turbine blades.v2-1111.yolov8\train\labels\85_jpg.rf.00318cb58f42e1cb1523419b5694a223.txt,C:\Users\yys\Desktop\风机\wind-fault-detection-platform\hard_cases\new_small_defect_samples\train_85_jpg.rf.00318cb58f42e1cb1523419b5694a223.jpg,Good;Scratch
C:\Wind Turbine blades.v2-1111.yolov8\train\images\85_jpg.rf.05cb756ffc0adef35c147fac27a49c21.jpg,C:\Wind Turbine blades.v2-1111.yolov8\train\labels\85_jpg.rf.05cb756ffc0adef35c147fac27a49c21.txt,C:\Users\yys\Desktop\风机\wind-fault-detection-platform\hard_cases\new_small_defect_samples\train_85_jpg.rf.05cb756ffc0adef35c147fac27a49c21.jpg,Good;Scratch
C:\Wind Turbine blades.v2-1111.yolov8\train\images\85_jpg.rf.7222bd6971ad96129136afb8c9099f19.jpg,C:\Wind Turbine blades.v2-1111.yolov8\train\labels\85_jpg.rf.7222bd6971ad96129136afb8c9099f19.txt,C:\Users\yys\Desktop\风机\wind-fault-detection-platform\hard_cases\new_small_defect_samples\train_85_jpg.rf.7222bd6971ad96129136afb8c9099f19.jpg,Good;Paintoff;Scratch
C:\Wind Turbine blades.v2-1111.yolov8\train\images\85_jpg.rf.7ec6b28af99d436618f2f401daf87b2d.jpg,C:\Wind Turbine blades.v2-1111.yolov8\train\labels\85_jpg.rf.7ec6b28af99d436618f2f401daf87b2d.txt,C:\Users\yys\Desktop\风机\wind-fault-detection-platform\hard_cases\new_small_defect_samples\train_85_jpg.rf.7ec6b28af99d436618f2f401daf87b2d.jpg,Good;Paintoff;Scratch
C:\Wind Turbine blades.v2-1111.yolov8\train\images\87_jpg.rf.e7971e0725e138fab458ef307eaf4581.jpg,C:\Wind Turbine blades.v2-1111.yolov8\train\labels\87_jpg.rf.e7971e0725e138fab458ef307eaf4581.txt,C:\Users\yys\Desktop\风机\wind-fault-detection-platform\hard_cases\new_small_defect_samples\train_87_jpg.rf.e7971e0725e138fab458ef307eaf4581.jpg,Good;Scratch
C:\Wind Turbine blades.v2-1111.yolov8\train\images\88_jpg.rf.20aed36133e7592c82f0fa95d2b135a5.jpg,C:\Wind Turbine blades.v2-1111.yolov8\train\labels\88_jpg.rf.20aed36133e7592c82f0fa95d2b135a5.txt,C:\Users\yys\Desktop\风机\wind-fault-detection-platform\hard_cases\new_small_defect_samples\train_88_jpg.rf.20aed36133e7592c82f0fa95d2b135a5.jpg,Good;Scratch
C:\Wind Turbine blades.v2-1111.yolov8\train\images\88_jpg.rf.94aaef9e0fa304c39dcff8936dc49aba.jpg,C:\Wind Turbine blades.v2-1111.yolov8\train\labels\88_jpg.rf.94aaef9e0fa304c39dcff8936dc49aba.txt,C:\Users\yys\Desktop\风机\wind-fault-detection-platform\hard_cases\new_small_defect_samples\train_88_jpg.rf.94aaef9e0fa304c39dcff8936dc49aba.jpg,Good;Scratch
C:\Wind Turbine blades.v2-1111.yolov8\train\images\89_jpg.rf.32052fb32b35d7d47768f5c4dbe2a1be.jpg,C:\Wind Turbine blades.v2-1111.yolov8\train\labels\89_jpg.rf.32052fb32b35d7d47768f5c4dbe2a1be.txt,C:\Users\yys\Desktop\风机\wind-fault-detection-platform\hard_cases\new_small_defect_samples\train_89_jpg.rf.32052fb32b35d7d47768f5c4dbe2a1be.jpg,Good;Scratch
C:\Wind Turbine blades.v2-1111.yolov8\train\images\89_jpg.rf.bf1601101a9defe8460ba310d4931eed.jpg,C:\Wind Turbine blades.v2-1111.yolov8\train\labels\89_jpg.rf.bf1601101a9defe8460ba310d4931eed.txt,C:\Users\yys\Desktop\风机\wind-fault-detection-platform\hard_cases\new_small_defect_samples\train_89_jpg.rf.bf1601101a9defe8460ba310d4931eed.jpg,Good;Scratch
C:\Wind Turbine blades.v2-1111.yolov8\train\images\89_jpg.rf.de5f61ee9a1fdf9e87810f87f544816e.jpg,C:\Wind Turbine blades.v2-1111.yolov8\train\labels\89_jpg.rf.de5f61ee9a1fdf9e87810f87f544816e.txt,C:\Users\yys\Desktop\风机\wind-fault-detection-platform\hard_cases\new_small_defect_samples\train_89_jpg.rf.de5f61ee9a1fdf9e87810f87f544816e.jpg,Good;Scratch
C:\Wind Turbine blades.v2-1111.yolov8\train\images\8_jpg.rf.0a2f39d583439ca738a87cd3e32ec0f3.jpg,C:\Wind Turbine blades.v2-1111.yolov8\train\labels\8_jpg.rf.0a2f39d583439ca738a87cd3e32ec0f3.txt,C:\Users\yys\Desktop\风机\wind-fault-detection-platform\hard_cases\new_small_defect_samples\train_8_jpg.rf.0a2f39d583439ca738a87cd3e32ec0f3.jpg,Good;Paintoff;Scratch
C:\Wind Turbine blades.v2-1111.yolov8\train\images\8_jpg.rf.0b01da68d6cae5d1469d6cd57b3220ee.jpg,C:\Wind Turbine blades.v2-1111.yolov8\train\labels\8_jpg.rf.0b01da68d6cae5d1469d6cd57b3220ee.txt,C:\Users\yys\Desktop\风机\wind-fault-detection-platform\hard_cases\new_small_defect_samples\train_8_jpg.rf.0b01da68d6cae5d1469d6cd57b3220ee.jpg,Crack;Good
C:\Wind Turbine blades.v2-1111.yolov8\train\images\8_jpg.rf.1eb171d41deebf07cbf4f1458138b452.jpg,C:\Wind Turbine blades.v2-1111.yolov8\train\labels\8_jpg.rf.1eb171d41deebf07cbf4f1458138b452.txt,C:\Users\yys\Desktop\风机\wind-fault-detection-platform\hard_cases\new_corrosion_samples\train_8_jpg.rf.1eb171d41deebf07cbf4f1458138b452.jpg,Erosion;Good
C:\Wind Turbine blades.v2-1111.yolov8\train\images\8_jpg.rf.7304fd113f3de630fd865895c5f33ed5.jpg,C:\Wind Turbine blades.v2-1111.yolov8\train\labels\8_jpg.rf.7304fd113f3de630fd865895c5f33ed5.txt,C:\Users\yys\Desktop\风机\wind-fault-detection-platform\hard_cases\new_small_defect_samples\train_8_jpg.rf.7304fd113f3de630fd865895c5f33ed5.jpg,Good;Scratch
C:\Wind Turbine blades.v2-1111.yolov8\train\images\8_jpg.rf.a52d7f363abfd24a18d1cf5593af6a7a.jpg,C:\Wind Turbine blades.v2-1111.yolov8\train\labels\8_jpg.rf.a52d7f363abfd24a18d1cf5593af6a7a.txt,C:\Users\yys\Desktop\风机\wind-fault-detection-platform\hard_cases\new_small_defect_samples\train_8_jpg.rf.a52d7f363abfd24a18d1cf5593af6a7a.jpg,Good;Scratch
C:\Wind Turbine blades.v2-1111.yolov8\train\images\8_jpg.rf.ac0dafecaf98d68e6bdac53e842dbff1.jpg,C:\Wind Turbine blades.v2-1111.yolov8\train\labels\8_jpg.rf.ac0dafecaf98d68e6bdac53e842dbff1.txt,C:\Users\yys\Desktop\风机\wind-fault-detection-platform\hard_cases\new_small_defect_samples\train_8_jpg.rf.ac0dafecaf98d68e6bdac53e842dbff1.jpg,Crack;Good
C:\Wind Turbine blades.v2-1111.yolov8\train\images\8_jpg.rf.c631e2192d037394fde5e2194979671c.jpg,C:\Wind Turbine blades.v2-1111.yolov8\train\labels\8_jpg.rf.c631e2192d037394fde5e2194979671c.txt,C:\Users\yys\Desktop\风机\wind-fault-detection-platform\hard_cases\new_small_defect_samples\train_8_jpg.rf.c631e2192d037394fde5e2194979671c.jpg,Good;Paintoff;Scratch
C:\Wind Turbine blades.v2-1111.yolov8\train\images\8_jpg.rf.f1e0a68ff507f5ec354fd24667c3edd6.jpg,C:\Wind Turbine blades.v2-1111.yolov8\train\labels\8_jpg.rf.f1e0a68ff507f5ec354fd24667c3edd6.txt,C:\Users\yys\Desktop\风机\wind-fault-detection-platform\hard_cases\new_corrosion_samples\train_8_jpg.rf.f1e0a68ff507f5ec354fd24667c3edd6.jpg,Erosion;Good
C:\Wind Turbine blades.v2-1111.yolov8\train\images\8_jpg.rf.f3bfcfb0eb29ae5afd9fdddf9f473cde.jpg,C:\Wind Turbine blades.v2-1111.yolov8\train\labels\8_jpg.rf.f3bfcfb0eb29ae5afd9fdddf9f473cde.txt,C:\Users\yys\Desktop\风机\wind-fault-detection-platform\hard_cases\new_small_defect_samples\train_8_jpg.rf.f3bfcfb0eb29ae5afd9fdddf9f473cde.jpg,Good;Paintoff;Scratch
C:\Wind Turbine blades.v2-1111.yolov8\train\images\8_jpg.rf.fda57f90becd1fd2865800221a74228f.jpg,C:\Wind Turbine blades.v2-1111.yolov8\train\labels\8_jpg.rf.fda57f90becd1fd2865800221a74228f.txt,C:\Users\yys\Desktop\风机\wind-fault-detection-platform\hard_cases\new_small_defect_samples\train_8_jpg.rf.fda57f90becd1fd2865800221a74228f.jpg,Crack;Good
C:\Wind Turbine blades.v2-1111.yolov8\train\images\90_jpg.rf.c6345941b4baacbe9cb76165d55312ce.jpg,C:\Wind Turbine blades.v2-1111.yolov8\train\labels\90_jpg.rf.c6345941b4baacbe9cb76165d55312ce.txt,C:\Users\yys\Desktop\风机\wind-fault-detection-platform\hard_cases\new_small_defect_samples\train_90_jpg.rf.c6345941b4baacbe9cb76165d55312ce.jpg,Good;Scratch
C:\Wind Turbine blades.v2-1111.yolov8\train\images\91_jpg.rf.a46c4807e0857a97d405c362326517e3.jpg,C:\Wind Turbine blades.v2-1111.yolov8\train\labels\91_jpg.rf.a46c4807e0857a97d405c362326517e3.txt,C:\Users\yys\Desktop\风机\wind-fault-detection-platform\hard_cases\new_small_defect_samples\train_91_jpg.rf.a46c4807e0857a97d405c362326517e3.jpg,Good;Scratch
C:\Wind Turbine blades.v2-1111.yolov8\train\images\91_jpg.rf.aeb78bdb387e687dee47982fd96027bc.jpg,C:\Wind Turbine blades.v2-1111.yolov8\train\labels\91_jpg.rf.aeb78bdb387e687dee47982fd96027bc.txt,C:\Users\yys\Desktop\风机\wind-fault-detection-platform\hard_cases\new_small_defect_samples\train_91_jpg.rf.aeb78bdb387e687dee47982fd96027bc.jpg,Good;Scratch
C:\Wind Turbine blades.v2-1111.yolov8\train\images\92_jpg.rf.4ac6bd8f754c0d42e85b923e513cb52a.jpg,C:\Wind Turbine blades.v2-1111.yolov8\train\labels\92_jpg.rf.4ac6bd8f754c0d42e85b923e513cb52a.txt,C:\Users\yys\Desktop\风机\wind-fault-detection-platform\hard_cases\new_small_defect_samples\train_92_jpg.rf.4ac6bd8f754c0d42e85b923e513cb52a.jpg,Good;Scratch
C:\Wind Turbine blades.v2-1111.yolov8\train\images\92_jpg.rf.94622c1a35acc2aea85b6f772112d88d.jpg,C:\Wind Turbine blades.v2-1111.yolov8\train\labels\92_jpg.rf.94622c1a35acc2aea85b6f772112d88d.txt,C:\Users\yys\Desktop\风机\wind-fault-detection-platform\hard_cases\new_small_defect_samples\train_92_jpg.rf.94622c1a35acc2aea85b6f772112d88d.jpg,Good;Scratch
C:\Wind Turbine blades.v2-1111.yolov8\train\images\93_jpg.rf.4992643717dd26832036980e7d97911d.jpg,C:\Wind Turbine blades.v2-1111.yolov8\train\labels\93_jpg.rf.4992643717dd26832036980e7d97911d.txt,C:\Users\yys\Desktop\风机\wind-fault-detection-platform\hard_cases\new_small_defect_samples\train_93_jpg.rf.4992643717dd26832036980e7d97911d.jpg,Good;Scratch
C:\Wind Turbine blades.v2-1111.yolov8\train\images\93_jpg.rf.8b75ef710efe407b23ab23c109103574.jpg,C:\Wind Turbine blades.v2-1111.yolov8\train\labels\93_jpg.rf.8b75ef710efe407b23ab23c109103574.txt,C:\Users\yys\Desktop\风机\wind-fault-detection-platform\hard_cases\new_small_defect_samples\train_93_jpg.rf.8b75ef710efe407b23ab23c109103574.jpg,Good;Scratch
C:\Wind Turbine blades.v2-1111.yolov8\train\images\93_jpg.rf.afaf4eebb7bc702ef0374027ab5fbd5a.jpg,C:\Wind Turbine blades.v2-1111.yolov8\train\labels\93_jpg.rf.afaf4eebb7bc702ef0374027ab5fbd5a.txt,C:\Users\yys\Desktop\风机\wind-fault-detection-platform\hard_cases\new_small_defect_samples\train_93_jpg.rf.afaf4eebb7bc702ef0374027ab5fbd5a.jpg,Good;Scratch
C:\Wind Turbine blades.v2-1111.yolov8\train\images\95_jpg.rf.9d1c332509fa42935a8adaf3b44b4294.jpg,C:\Wind Turbine blades.v2-1111.yolov8\train\labels\95_jpg.rf.9d1c332509fa42935a8adaf3b44b4294.txt,C:\Users\yys\Desktop\风机\wind-fault-detection-platform\hard_cases\new_small_defect_samples\train_95_jpg.rf.9d1c332509fa42935a8adaf3b44b4294.jpg,Good;Scratch
C:\Wind Turbine blades.v2-1111.yolov8\train\images\95_jpg.rf.cd2d150088731380b7f031162384c232.jpg,C:\Wind Turbine blades.v2-1111.yolov8\train\labels\95_jpg.rf.cd2d150088731380b7f031162384c232.txt,C:\Users\yys\Desktop\风机\wind-fault-detection-platform\hard_cases\new_small_defect_samples\train_95_jpg.rf.cd2d150088731380b7f031162384c232.jpg,Good;Scratch
C:\Wind Turbine blades.v2-1111.yolov8\train\images\96_jpg.rf.1cd28cdcc49f5e394ab2a3e31555031c.jpg,C:\Wind Turbine blades.v2-1111.yolov8\train\labels\96_jpg.rf.1cd28cdcc49f5e394ab2a3e31555031c.txt,C:\Users\yys\Desktop\风机\wind-fault-detection-platform\hard_cases\new_corrosion_samples\train_96_jpg.rf.1cd28cdcc49f5e394ab2a3e31555031c.jpg,Erosion
C:\Wind Turbine blades.v2-1111.yolov8\train\images\96_jpg.rf.5a59d10e1b02a7e9c15db1347a90e487.jpg,C:\Wind Turbine blades.v2-1111.yolov8\train\labels\96_jpg.rf.5a59d10e1b02a7e9c15db1347a90e487.txt,C:\Users\yys\Desktop\风机\wind-fault-detection-platform\hard_cases\new_corrosion_samples\train_96_jpg.rf.5a59d10e1b02a7e9c15db1347a90e487.jpg,Erosion
C:\Wind Turbine blades.v2-1111.yolov8\train\images\97_jpg.rf.2347af9a9b5c2016554f08dc023e55d8.jpg,C:\Wind Turbine blades.v2-1111.yolov8\train\labels\97_jpg.rf.2347af9a9b5c2016554f08dc023e55d8.txt,C:\Users\yys\Desktop\风机\wind-fault-detection-platform\hard_cases\new_small_defect_samples\train_97_jpg.rf.2347af9a9b5c2016554f08dc023e55d8.jpg,Scratch
C:\Wind Turbine blades.v2-1111.yolov8\train\images\97_jpg.rf.275eac54cafa55bebd0ca47c31634f3b.jpg,C:\Wind Turbine blades.v2-1111.yolov8\train\labels\97_jpg.rf.275eac54cafa55bebd0ca47c31634f3b.txt,C:\Users\yys\Desktop\风机\wind-fault-detection-platform\hard_cases\new_small_defect_samples\train_97_jpg.rf.275eac54cafa55bebd0ca47c31634f3b.jpg,Paintoff;Scratch
C:\Wind Turbine blades.v2-1111.yolov8\train\images\97_jpg.rf.c798417d3b8c6f4eb21c54f21effdba0.jpg,C:\Wind Turbine blades.v2-1111.yolov8\train\labels\97_jpg.rf.c798417d3b8c6f4eb21c54f21effdba0.txt,C:\Users\yys\Desktop\风机\wind-fault-detection-platform\hard_cases\new_small_defect_samples\train_97_jpg.rf.c798417d3b8c6f4eb21c54f21effdba0.jpg,Paintoff;Scratch
C:\Wind Turbine blades.v2-1111.yolov8\train\images\98_jpg.rf.1991e365362ffe5b8fff9c8527746406.jpg,C:\Wind Turbine blades.v2-1111.yolov8\train\labels\98_jpg.rf.1991e365362ffe5b8fff9c8527746406.txt,C:\Users\yys\Desktop\风机\wind-fault-detection-platform\hard_cases\new_small_defect_samples\train_98_jpg.rf.1991e365362ffe5b8fff9c8527746406.jpg,Good;Scratch
C:\Wind Turbine blades.v2-1111.yolov8\train\images\98_jpg.rf.2703a49a0b66780d02fb8e67cc3138fd.jpg,C:\Wind Turbine blades.v2-1111.yolov8\train\labels\98_jpg.rf.2703a49a0b66780d02fb8e67cc3138fd.txt,C:\Users\yys\Desktop\风机\wind-fault-detection-platform\hard_cases\new_small_defect_samples\train_98_jpg.rf.2703a49a0b66780d02fb8e67cc3138fd.jpg,Good;Paintoff;Scratch
C:\Wind Turbine blades.v2-1111.yolov8\train\images\98_jpg.rf.29150481b9624305b9acd5fa38a86dc9.jpg,C:\Wind Turbine blades.v2-1111.yolov8\train\labels\98_jpg.rf.29150481b9624305b9acd5fa38a86dc9.txt,C:\Users\yys\Desktop\风机\wind-fault-detection-platform\hard_cases\new_small_defect_samples\train_98_jpg.rf.29150481b9624305b9acd5fa38a86dc9.jpg,Good;Scratch
C:\Wind Turbine blades.v2-1111.yolov8\train\images\98_jpg.rf.37e43a5dd9d23f80b769a0f1fa8eb52f.jpg,C:\Wind Turbine blades.v2-1111.yolov8\train\labels\98_jpg.rf.37e43a5dd9d23f80b769a0f1fa8eb52f.txt,C:\Users\yys\Desktop\风机\wind-fault-detection-platform\hard_cases\new_small_defect_samples\train_98_jpg.rf.37e43a5dd9d23f80b769a0f1fa8eb52f.jpg,Good;Scratch
C:\Wind Turbine blades.v2-1111.yolov8\train\images\98_jpg.rf.9efdd6270d6d5e6e88ec58f1bb0705f7.jpg,C:\Wind Turbine blades.v2-1111.yolov8\train\labels\98_jpg.rf.9efdd6270d6d5e6e88ec58f1bb0705f7.txt,C:\Users\yys\Desktop\风机\wind-fault-detection-platform\hard_cases\new_small_defect_samples\train_98_jpg.rf.9efdd6270d6d5e6e88ec58f1bb0705f7.jpg,Good;Paintoff;Scratch
C:\Wind Turbine blades.v2-1111.yolov8\train\images\98_jpg.rf.e0a0503b44123696beddf3841b4b2e19.jpg,C:\Wind Turbine blades.v2-1111.yolov8\train\labels\98_jpg.rf.e0a0503b44123696beddf3841b4b2e19.txt,C:\Users\yys\Desktop\风机\wind-fault-detection-platform\hard_cases\new_small_defect_samples\train_98_jpg.rf.e0a0503b44123696beddf3841b4b2e19.jpg,Good;Paintoff;Scratch
C:\Wind Turbine blades.v2-1111.yolov8\train\images\99_jpg.rf.0ad71c1eaaba0c9507d3642273dda1d7.jpg,C:\Wind Turbine blades.v2-1111.yolov8\train\labels\99_jpg.rf.0ad71c1eaaba0c9507d3642273dda1d7.txt,SKIPPED_EMPTY_OR_INVALID_LABEL,
C:\Wind Turbine blades.v2-1111.yolov8\train\images\99_jpg.rf.b5de468ca794be625a93e782d1aa334d.jpg,C:\Wind Turbine blades.v2-1111.yolov8\train\labels\99_jpg.rf.b5de468ca794be625a93e782d1aa334d.txt,SKIPPED_EMPTY_OR_INVALID_LABEL,
C:\Wind Turbine blades.v2-1111.yolov8\train\images\99_jpg.rf.bf9965fffbcc46324516221fb7c3b655.jpg,C:\Wind Turbine blades.v2-1111.yolov8\train\labels\99_jpg.rf.bf9965fffbcc46324516221fb7c3b655.txt,C:\Users\yys\Desktop\风机\wind-fault-detection-platform\hard_cases\new_small_defect_samples\train_99_jpg.rf.bf9965fffbcc46324516221fb7c3b655.jpg,Paintoff;Scratch
C:\Wind Turbine blades.v2-1111.yolov8\train\images\99_jpg.rf.ef22df994a6720573eaf374132dd2d53.jpg,C:\Wind Turbine blades.v2-1111.yolov8\train\labels\99_jpg.rf.ef22df994a6720573eaf374132dd2d53.txt,SKIPPED_EMPTY_OR_INVALID_LABEL,
C:\Wind Turbine blades.v2-1111.yolov8\train\images\9_jpg.rf.13da915e951c611a867275ff5b98ffd6.jpg,C:\Wind Turbine blades.v2-1111.yolov8\train\labels\9_jpg.rf.13da915e951c611a867275ff5b98ffd6.txt,C:\Users\yys\Desktop\风机\wind-fault-detection-platform\hard_cases\new_corrosion_samples\train_9_jpg.rf.13da915e951c611a867275ff5b98ffd6.jpg,Erosion;Good
C:\Wind Turbine blades.v2-1111.yolov8\train\images\9_jpg.rf.5094b73c132238fa4417b4bde3229fda.jpg,C:\Wind Turbine blades.v2-1111.yolov8\train\labels\9_jpg.rf.5094b73c132238fa4417b4bde3229fda.txt,C:\Users\yys\Desktop\风机\wind-fault-detection-platform\hard_cases\negative_samples\train_9_jpg.rf.5094b73c132238fa4417b4bde3229fda.jpg,Good
C:\Wind Turbine blades.v2-1111.yolov8\train\images\9_jpg.rf.5130b845486ee9546363a758aee04e61.jpg,C:\Wind Turbine blades.v2-1111.yolov8\train\labels\9_jpg.rf.5130b845486ee9546363a758aee04e61.txt,C:\Users\yys\Desktop\风机\wind-fault-detection-platform\hard_cases\new_corrosion_samples\train_9_jpg.rf.5130b845486ee9546363a758aee04e61.jpg,Erosion;Good
C:\Wind Turbine blades.v2-1111.yolov8\train\images\9_jpg.rf.6978bcb82db3bb55f0610d540f8f7083.jpg,C:\Wind Turbine blades.v2-1111.yolov8\train\labels\9_jpg.rf.6978bcb82db3bb55f0610d540f8f7083.txt,C:\Users\yys\Desktop\风机\wind-fault-detection-platform\hard_cases\new_small_defect_samples\train_9_jpg.rf.6978bcb82db3bb55f0610d540f8f7083.jpg,Good;Scratch
C:\Wind Turbine blades.v2-1111.yolov8\train\images\9_jpg.rf.ad5a818db80d95d92ad24b49e1fb5e08.jpg,C:\Wind Turbine blades.v2-1111.yolov8\train\labels\9_jpg.rf.ad5a818db80d95d92ad24b49e1fb5e08.txt,C:\Users\yys\Desktop\风机\wind-fault-detection-platform\hard_cases\new_small_defect_samples\train_9_jpg.rf.ad5a818db80d95d92ad24b49e1fb5e08.jpg,Good;Paintoff;Scratch
C:\Wind Turbine blades.v2-1111.yolov8\train\images\9_jpg.rf.d54e6e6cc44f047e5cd766bed04f4e67.jpg,C:\Wind Turbine blades.v2-1111.yolov8\train\labels\9_jpg.rf.d54e6e6cc44f047e5cd766bed04f4e67.txt,C:\Users\yys\Desktop\风机\wind-fault-detection-platform\hard_cases\negative_samples\train_9_jpg.rf.d54e6e6cc44f047e5cd766bed04f4e67.jpg,Good
C:\Wind Turbine blades.v2-1111.yolov8\train\images\9_jpg.rf.ec006d13e847fc32e7f4fbc5b5686545.jpg,C:\Wind Turbine blades.v2-1111.yolov8\train\labels\9_jpg.rf.ec006d13e847fc32e7f4fbc5b5686545.txt,C:\Users\yys\Desktop\风机\wind-fault-detection-platform\hard_cases\negative_samples\train_9_jpg.rf.ec006d13e847fc32e7f4fbc5b5686545.jpg,Good
C:\Wind Turbine blades.v2-1111.yolov8\train\images\DJI_0189_jpg.rf.0ef41a01c0cb8c2f881a8d487ba342b0.jpg,C:\Wind Turbine blades.v2-1111.yolov8\train\labels\DJI_0189_jpg.rf.0ef41a01c0cb8c2f881a8d487ba342b0.txt,C:\Users\yys\Desktop\风机\wind-fault-detection-platform\hard_cases\negative_samples\train_DJI_0189_jpg.rf.0ef41a01c0cb8c2f881a8d487ba342b0.jpg,Good
C:\Wind Turbine blades.v2-1111.yolov8\train\images\DJI_0190_jpg.rf.0a39a443e294e0ab85c034d615a1ce18.jpg,C:\Wind Turbine blades.v2-1111.yolov8\train\labels\DJI_0190_jpg.rf.0a39a443e294e0ab85c034d615a1ce18.txt,C:\Users\yys\Desktop\风机\wind-fault-detection-platform\hard_cases\negative_samples\train_DJI_0190_jpg.rf.0a39a443e294e0ab85c034d615a1ce18.jpg,Good
C:\Wind Turbine blades.v2-1111.yolov8\train\images\DJI_0190_jpg.rf.a21481fd8c280242c10fdfa485bf38c5.jpg,C:\Wind Turbine blades.v2-1111.yolov8\train\labels\DJI_0190_jpg.rf.a21481fd8c280242c10fdfa485bf38c5.txt,C:\Users\yys\Desktop\风机\wind-fault-detection-platform\hard_cases\negative_samples\train_DJI_0190_jpg.rf.a21481fd8c280242c10fdfa485bf38c5.jpg,Good
C:\Wind Turbine blades.v2-1111.yolov8\train\images\DJI_0190_jpg.rf.cbd97d180afde2da9ffd8ab24c8cc75e.jpg,C:\Wind Turbine blades.v2-1111.yolov8\train\labels\DJI_0190_jpg.rf.cbd97d180afde2da9ffd8ab24c8cc75e.txt,C:\Users\yys\Desktop\风机\wind-fault-detection-platform\hard_cases\negative_samples\train_DJI_0190_jpg.rf.cbd97d180afde2da9ffd8ab24c8cc75e.jpg,Good
C:\Wind Turbine blades.v2-1111.yolov8\train\images\DJI_0191_jpg.rf.08a7198b5f9301c1a3804886baeddc78.jpg,C:\Wind Turbine blades.v2-1111.yolov8\train\labels\DJI_0191_jpg.rf.08a7198b5f9301c1a3804886baeddc78.txt,C:\Users\yys\Desktop\风机\wind-fault-detection-platform\hard_cases\negative_samples\train_DJI_0191_jpg.rf.08a7198b5f9301c1a3804886baeddc78.jpg,Good
C:\Wind Turbine blades.v2-1111.yolov8\train\images\DJI_0191_jpg.rf.f2aa632b4c741953a73f3fb01c6e6aac.jpg,C:\Wind Turbine blades.v2-1111.yolov8\train\labels\DJI_0191_jpg.rf.f2aa632b4c741953a73f3fb01c6e6aac.txt,C:\Users\yys\Desktop\风机\wind-fault-detection-platform\hard_cases\negative_samples\train_DJI_0191_jpg.rf.f2aa632b4c741953a73f3fb01c6e6aac.jpg,Good
C:\Wind Turbine blades.v2-1111.yolov8\train\images\DJI_0192_jpg.rf.bbc9addb1b54ece5438aae7c14e70a91.jpg,C:\Wind Turbine blades.v2-1111.yolov8\train\labels\DJI_0192_jpg.rf.bbc9addb1b54ece5438aae7c14e70a91.txt,C:\Users\yys\Desktop\风机\wind-fault-detection-platform\hard_cases\negative_samples\train_DJI_0192_jpg.rf.bbc9addb1b54ece5438aae7c14e70a91.jpg,Good
C:\Wind Turbine blades.v2-1111.yolov8\train\images\DJI_0194_jpg.rf.71b41fc4467fe859df8a7cc952559751.jpg,C:\Wind Turbine blades.v2-1111.yolov8\train\labels\DJI_0194_jpg.rf.71b41fc4467fe859df8a7cc952559751.txt,C:\Users\yys\Desktop\风机\wind-fault-detection-platform\hard_cases\negative_samples\train_DJI_0194_jpg.rf.71b41fc4467fe859df8a7cc952559751.jpg,Good
C:\Wind Turbine blades.v2-1111.yolov8\train\images\DJI_0195_jpg.rf.e3fb0a8443aca2f733ef03ea1b128723.jpg,C:\Wind Turbine blades.v2-1111.yolov8\train\labels\DJI_0195_jpg.rf.e3fb0a8443aca2f733ef03ea1b128723.txt,C:\Users\yys\Desktop\风机\wind-fault-detection-platform\hard_cases\negative_samples\train_DJI_0195_jpg.rf.e3fb0a8443aca2f733ef03ea1b128723.jpg,Good
C:\Wind Turbine blades.v2-1111.yolov8\train\images\DJI_0196_jpg.rf.238a6e260c5414b027d8710b2b1601cb.jpg,C:\Wind Turbine blades.v2-1111.yolov8\train\labels\DJI_0196_jpg.rf.238a6e260c5414b027d8710b2b1601cb.txt,C:\Users\yys\Desktop\风机\wind-fault-detection-platform\hard_cases\negative_samples\train_DJI_0196_jpg.rf.238a6e260c5414b027d8710b2b1601cb.jpg,Good
C:\Wind Turbine blades.v2-1111.yolov8\train\images\DJI_0196_jpg.rf.33b48be617023481ddf9bdd6347774ab.jpg,C:\Wind Turbine blades.v2-1111.yolov8\train\labels\DJI_0196_jpg.rf.33b48be617023481ddf9bdd6347774ab.txt,C:\Users\yys\Desktop\风机\wind-fault-detection-platform\hard_cases\negative_samples\train_DJI_0196_jpg.rf.33b48be617023481ddf9bdd6347774ab.jpg,Good
C:\Wind Turbine blades.v2-1111.yolov8\train\images\DJI_0197_jpg.rf.a5e24bba6be773b413b77ff2ef34653d.jpg,C:\Wind Turbine blades.v2-1111.yolov8\train\labels\DJI_0197_jpg.rf.a5e24bba6be773b413b77ff2ef34653d.txt,C:\Users\yys\Desktop\风机\wind-fault-detection-platform\hard_cases\negative_samples\train_DJI_0197_jpg.rf.a5e24bba6be773b413b77ff2ef34653d.jpg,Good
C:\Wind Turbine blades.v2-1111.yolov8\train\images\DJI_0323_jpg.rf.24054e45f9a44bf55d6c573a296fde66.jpg,C:\Wind Turbine blades.v2-1111.yolov8\train\labels\DJI_0323_jpg.rf.24054e45f9a44bf55d6c573a296fde66.txt,C:\Users\yys\Desktop\风机\wind-fault-detection-platform\hard_cases\negative_samples\train_DJI_0323_jpg.rf.24054e45f9a44bf55d6c573a296fde66.jpg,Good
C:\Wind Turbine blades.v2-1111.yolov8\train\images\DJI_0323_jpg.rf.d3bf535bc1c36d00894cc91f750e1ad1.jpg,C:\Wind Turbine blades.v2-1111.yolov8\train\labels\DJI_0323_jpg.rf.d3bf535bc1c36d00894cc91f750e1ad1.txt,C:\Users\yys\Desktop\风机\wind-fault-detection-platform\hard_cases\negative_samples\train_DJI_0323_jpg.rf.d3bf535bc1c36d00894cc91f750e1ad1.jpg,Good
C:\Wind Turbine blades.v2-1111.yolov8\train\images\DJI_0323_jpg.rf.fe5324770e5322ff0eb8fe30d447dc48.jpg,C:\Wind Turbine blades.v2-1111.yolov8\train\labels\DJI_0323_jpg.rf.fe5324770e5322ff0eb8fe30d447dc48.txt,C:\Users\yys\Desktop\风机\wind-fault-detection-platform\hard_cases\negative_samples\train_DJI_0323_jpg.rf.fe5324770e5322ff0eb8fe30d447dc48.jpg,Good
C:\Wind Turbine blades.v2-1111.yolov8\train\images\DJI_0324_jpg.rf.5d3ff229b1d23db21175dbb189f4f769.jpg,C:\Wind Turbine blades.v2-1111.yolov8\train\labels\DJI_0324_jpg.rf.5d3ff229b1d23db21175dbb189f4f769.txt,C:\Users\yys\Desktop\风机\wind-fault-detection-platform\hard_cases\negative_samples\train_DJI_0324_jpg.rf.5d3ff229b1d23db21175dbb189f4f769.jpg,Good
C:\Wind Turbine blades.v2-1111.yolov8\train\images\DJI_0324_jpg.rf.87d2a0f44127ec7f7de62e81694450b2.jpg,C:\Wind Turbine blades.v2-1111.yolov8\train\labels\DJI_0324_jpg.rf.87d2a0f44127ec7f7de62e81694450b2.txt,C:\Users\yys\Desktop\风机\wind-fault-detection-platform\hard_cases\negative_samples\train_DJI_0324_jpg.rf.87d2a0f44127ec7f7de62e81694450b2.jpg,Good
C:\Wind Turbine blades.v2-1111.yolov8\train\images\DJI_0324_jpg.rf.8c709e6942a6902f9fb123a5f0c36f2f.jpg,C:\Wind Turbine blades.v2-1111.yolov8\train\labels\DJI_0324_jpg.rf.8c709e6942a6902f9fb123a5f0c36f2f.txt,C:\Users\yys\Desktop\风机\wind-fault-detection-platform\hard_cases\negative_samples\train_DJI_0324_jpg.rf.8c709e6942a6902f9fb123a5f0c36f2f.jpg,Good
C:\Wind Turbine blades.v2-1111.yolov8\train\images\DJI_0325_jpg.rf.6c44f8bce2f0b40674dcfee3c507f263.jpg,C:\Wind Turbine blades.v2-1111.yolov8\train\labels\DJI_0325_jpg.rf.6c44f8bce2f0b40674dcfee3c507f263.txt,C:\Users\yys\Desktop\风机\wind-fault-detection-platform\hard_cases\negative_samples\train_DJI_0325_jpg.rf.6c44f8bce2f0b40674dcfee3c507f263.jpg,Good
C:\Wind Turbine blades.v2-1111.yolov8\train\images\DJI_0325_jpg.rf.aa45c919d743263fe16861afd1f18daa.jpg,C:\Wind Turbine blades.v2-1111.yolov8\train\labels\DJI_0325_jpg.rf.aa45c919d743263fe16861afd1f18daa.txt,C:\Users\yys\Desktop\风机\wind-fault-detection-platform\hard_cases\negative_samples\train_DJI_0325_jpg.rf.aa45c919d743263fe16861afd1f18daa.jpg,Good
C:\Wind Turbine blades.v2-1111.yolov8\train\images\DJI_0325_jpg.rf.e7dbb10778e70ffc82c2c310f89cd2e5.jpg,C:\Wind Turbine blades.v2-1111.yolov8\train\labels\DJI_0325_jpg.rf.e7dbb10778e70ffc82c2c310f89cd2e5.txt,C:\Users\yys\Desktop\风机\wind-fault-detection-platform\hard_cases\negative_samples\train_DJI_0325_jpg.rf.e7dbb10778e70ffc82c2c310f89cd2e5.jpg,Good
C:\Wind Turbine blades.v2-1111.yolov8\train\images\DJI_0343_jpg.rf.44399e8bbac0aee62725ce235ae4a631.jpg,C:\Wind Turbine blades.v2-1111.yolov8\train\labels\DJI_0343_jpg.rf.44399e8bbac0aee62725ce235ae4a631.txt,C:\Users\yys\Desktop\风机\wind-fault-detection-platform\hard_cases\negative_samples\train_DJI_0343_jpg.rf.44399e8bbac0aee62725ce235ae4a631.jpg,Good
C:\Wind Turbine blades.v2-1111.yolov8\train\images\DJI_0343_jpg.rf.845c1629470e7f1c19ac199140432e97.jpg,C:\Wind Turbine blades.v2-1111.yolov8\train\labels\DJI_0343_jpg.rf.845c1629470e7f1c19ac199140432e97.txt,C:\Users\yys\Desktop\风机\wind-fault-detection-platform\hard_cases\negative_samples\train_DJI_0343_jpg.rf.845c1629470e7f1c19ac199140432e97.jpg,Good
C:\Wind Turbine blades.v2-1111.yolov8\train\images\DJI_0345_jpg.rf.caff719cf261ce34bff8159b0913b5d6.jpg,C:\Wind Turbine blades.v2-1111.yolov8\train\labels\DJI_0345_jpg.rf.caff719cf261ce34bff8159b0913b5d6.txt,C:\Users\yys\Desktop\风机\wind-fault-detection-platform\hard_cases\negative_samples\train_DJI_0345_jpg.rf.caff719cf261ce34bff8159b0913b5d6.jpg,Good
C:\Wind Turbine blades.v2-1111.yolov8\train\images\DJI_0405_jpg.rf.be8033bb8a57d49ea74c1dbf38658494.jpg,C:\Wind Turbine blades.v2-1111.yolov8\train\labels\DJI_0405_jpg.rf.be8033bb8a57d49ea74c1dbf38658494.txt,C:\Users\yys\Desktop\风机\wind-fault-detection-platform\hard_cases\negative_samples\train_DJI_0405_jpg.rf.be8033bb8a57d49ea74c1dbf38658494.jpg,Good
C:\Wind Turbine blades.v2-1111.yolov8\train\images\DJI_0406_jpg.rf.b7caa66eb03883b7694ddbe7f09e0e8e.jpg,C:\Wind Turbine blades.v2-1111.yolov8\train\labels\DJI_0406_jpg.rf.b7caa66eb03883b7694ddbe7f09e0e8e.txt,C:\Users\yys\Desktop\风机\wind-fault-detection-platform\hard_cases\negative_samples\train_DJI_0406_jpg.rf.b7caa66eb03883b7694ddbe7f09e0e8e.jpg,Good
C:\Wind Turbine blades.v2-1111.yolov8\train\images\DJI_0407_jpg.rf.2f526fd7f74010956fcc030b470e7cdc.jpg,C:\Wind Turbine blades.v2-1111.yolov8\train\labels\DJI_0407_jpg.rf.2f526fd7f74010956fcc030b470e7cdc.txt,C:\Users\yys\Desktop\风机\wind-fault-detection-platform\hard_cases\negative_samples\train_DJI_0407_jpg.rf.2f526fd7f74010956fcc030b470e7cdc.jpg,Good
C:\Wind Turbine blades.v2-1111.yolov8\train\images\DJI_0409_jpg.rf.f1e882fc853c52f0d66e263e4ab06822.jpg,C:\Wind Turbine blades.v2-1111.yolov8\train\labels\DJI_0409_jpg.rf.f1e882fc853c52f0d66e263e4ab06822.txt,C:\Users\yys\Desktop\风机\wind-fault-detection-platform\hard_cases\negative_samples\train_DJI_0409_jpg.rf.f1e882fc853c52f0d66e263e4ab06822.jpg,Good
C:\Wind Turbine blades.v2-1111.yolov8\train\images\DJI_0429_jpg.rf.664c6b215db77a6016c48a63e94ceff7.jpg,C:\Wind Turbine blades.v2-1111.yolov8\train\labels\DJI_0429_jpg.rf.664c6b215db77a6016c48a63e94ceff7.txt,C:\Users\yys\Desktop\风机\wind-fault-detection-platform\hard_cases\negative_samples\train_DJI_0429_jpg.rf.664c6b215db77a6016c48a63e94ceff7.jpg,Good
C:\Wind Turbine blades.v2-1111.yolov8\train\images\DJI_0429_jpg.rf.958063b43336e144ef020780f9cc56a7.jpg,C:\Wind Turbine blades.v2-1111.yolov8\train\labels\DJI_0429_jpg.rf.958063b43336e144ef020780f9cc56a7.txt,SKIPPED_EMPTY_OR_INVALID_LABEL,
C:\Wind Turbine blades.v2-1111.yolov8\train\images\DJI_0429_jpg.rf.9beb188f442a75a1bc30fbdfa81d6633.jpg,C:\Wind Turbine blades.v2-1111.yolov8\train\labels\DJI_0429_jpg.rf.9beb188f442a75a1bc30fbdfa81d6633.txt,SKIPPED_EMPTY_OR_INVALID_LABEL,
C:\Wind Turbine blades.v2-1111.yolov8\train\images\DJI_0430_jpg.rf.085f4fb93f5674c90e1b1496372b83ac.jpg,C:\Wind Turbine blades.v2-1111.yolov8\train\labels\DJI_0430_jpg.rf.085f4fb93f5674c90e1b1496372b83ac.txt,C:\Users\yys\Desktop\风机\wind-fault-detection-platform\hard_cases\negative_samples\train_DJI_0430_jpg.rf.085f4fb93f5674c90e1b1496372b83ac.jpg,Good
C:\Wind Turbine blades.v2-1111.yolov8\train\images\DJI_0431_jpg.rf.252d9ce936da91d39edaaf378203b3fc.jpg,C:\Wind Turbine blades.v2-1111.yolov8\train\labels\DJI_0431_jpg.rf.252d9ce936da91d39edaaf378203b3fc.txt,SKIPPED_EMPTY_OR_INVALID_LABEL,
C:\Wind Turbine blades.v2-1111.yolov8\train\images\DJI_0431_jpg.rf.e72f63b8e69457194da1951c2b67d96e.jpg,C:\Wind Turbine blades.v2-1111.yolov8\train\labels\DJI_0431_jpg.rf.e72f63b8e69457194da1951c2b67d96e.txt,C:\Users\yys\Desktop\风机\wind-fault-detection-platform\hard_cases\negative_samples\train_DJI_0431_jpg.rf.e72f63b8e69457194da1951c2b67d96e.jpg,Good
C:\Wind Turbine blades.v2-1111.yolov8\train\images\DJI_0431_jpg.rf.f62079fa1da70580f9c964f2f67a4e89.jpg,C:\Wind Turbine blades.v2-1111.yolov8\train\labels\DJI_0431_jpg.rf.f62079fa1da70580f9c964f2f67a4e89.txt,SKIPPED_EMPTY_OR_INVALID_LABEL,
C:\Wind Turbine blades.v2-1111.yolov8\train\images\DJI_0432_jpg.rf.81ee64cc8cc56f193905089cfbcd7e57.jpg,C:\Wind Turbine blades.v2-1111.yolov8\train\labels\DJI_0432_jpg.rf.81ee64cc8cc56f193905089cfbcd7e57.txt,C:\Users\yys\Desktop\风机\wind-fault-detection-platform\hard_cases\negative_samples\train_DJI_0432_jpg.rf.81ee64cc8cc56f193905089cfbcd7e57.jpg,Good
C:\Wind Turbine blades.v2-1111.yolov8\train\images\DJI_0432_jpg.rf.fcc6bedb1f6de482464e471111885ff4.jpg,C:\Wind Turbine blades.v2-1111.yolov8\train\labels\DJI_0432_jpg.rf.fcc6bedb1f6de482464e471111885ff4.txt,C:\Users\yys\Desktop\风机\wind-fault-detection-platform\hard_cases\negative_samples\train_DJI_0432_jpg.rf.fcc6bedb1f6de482464e471111885ff4.jpg,Good
C:\Wind Turbine blades.v2-1111.yolov8\train\images\DJI_0433_jpg.rf.126f595fd4af0fcdb6a7e16cfd6dde9a.jpg,C:\Wind Turbine blades.v2-1111.yolov8\train\labels\DJI_0433_jpg.rf.126f595fd4af0fcdb6a7e16cfd6dde9a.txt,C:\Users\yys\Desktop\风机\wind-fault-detection-platform\hard_cases\negative_samples\train_DJI_0433_jpg.rf.126f595fd4af0fcdb6a7e16cfd6dde9a.jpg,Good
C:\Wind Turbine blades.v2-1111.yolov8\train\images\DJI_0433_jpg.rf.2cd5d5f1e98279b53542f6a8304e3e37.jpg,C:\Wind Turbine blades.v2-1111.yolov8\train\labels\DJI_0433_jpg.rf.2cd5d5f1e98279b53542f6a8304e3e37.txt,C:\Users\yys\Desktop\风机\wind-fault-detection-platform\hard_cases\negative_samples\train_DJI_0433_jpg.rf.2cd5d5f1e98279b53542f6a8304e3e37.jpg,Good
C:\Wind Turbine blades.v2-1111.yolov8\train\images\DJI_0433_jpg.rf.3a16a46ff6db496ff37d3ae0d40b52ed.jpg,C:\Wind Turbine blades.v2-1111.yolov8\train\labels\DJI_0433_jpg.rf.3a16a46ff6db496ff37d3ae0d40b52ed.txt,C:\Users\yys\Desktop\风机\wind-fault-detection-platform\hard_cases\negative_samples\train_DJI_0433_jpg.rf.3a16a46ff6db496ff37d3ae0d40b52ed.jpg,Good
C:\Wind Turbine blades.v2-1111.yolov8\train\images\DJI_0434_jpg.rf.b6c3d677621788e5cea9b17f346638c1.jpg,C:\Wind Turbine blades.v2-1111.yolov8\train\labels\DJI_0434_jpg.rf.b6c3d677621788e5cea9b17f346638c1.txt,C:\Users\yys\Desktop\风机\wind-fault-detection-platform\hard_cases\negative_samples\train_DJI_0434_jpg.rf.b6c3d677621788e5cea9b17f346638c1.jpg,Good
C:\Wind Turbine blades.v2-1111.yolov8\train\images\DJI_0434_jpg.rf.d63d956737aa18eefd4b6d8155bf5a09.jpg,C:\Wind Turbine blades.v2-1111.yolov8\train\labels\DJI_0434_jpg.rf.d63d956737aa18eefd4b6d8155bf5a09.txt,C:\Users\yys\Desktop\风机\wind-fault-detection-platform\hard_cases\negative_samples\train_DJI_0434_jpg.rf.d63d956737aa18eefd4b6d8155bf5a09.jpg,Good
C:\Wind Turbine blades.v2-1111.yolov8\train\images\DJI_0434_jpg.rf.db5e3d45eebda2010223c72a33d2969e.jpg,C:\Wind Turbine blades.v2-1111.yolov8\train\labels\DJI_0434_jpg.rf.db5e3d45eebda2010223c72a33d2969e.txt,C:\Users\yys\Desktop\风机\wind-fault-detection-platform\hard_cases\negative_samples\train_DJI_0434_jpg.rf.db5e3d45eebda2010223c72a33d2969e.jpg,Good
C:\Wind Turbine blades.v2-1111.yolov8\train\images\DJI_0435_jpg.rf.598ad06457ba25664af59dcaf64ebe52.jpg,C:\Wind Turbine blades.v2-1111.yolov8\train\labels\DJI_0435_jpg.rf.598ad06457ba25664af59dcaf64ebe52.txt,C:\Users\yys\Desktop\风机\wind-fault-detection-platform\hard_cases\negative_samples\train_DJI_0435_jpg.rf.598ad06457ba25664af59dcaf64ebe52.jpg,Good
C:\Wind Turbine blades.v2-1111.yolov8\train\images\DJI_0435_jpg.rf.722d224f13f8c2a13b8835281eadb969.jpg,C:\Wind Turbine blades.v2-1111.yolov8\train\labels\DJI_0435_jpg.rf.722d224f13f8c2a13b8835281eadb969.txt,C:\Users\yys\Desktop\风机\wind-fault-detection-platform\hard_cases\negative_samples\train_DJI_0435_jpg.rf.722d224f13f8c2a13b8835281eadb969.jpg,Good
C:\Wind Turbine blades.v2-1111.yolov8\train\images\DJI_0435_jpg.rf.9429e0682b8dc1f8f010c7342fe9f07e.jpg,C:\Wind Turbine blades.v2-1111.yolov8\train\labels\DJI_0435_jpg.rf.9429e0682b8dc1f8f010c7342fe9f07e.txt,C:\Users\yys\Desktop\风机\wind-fault-detection-platform\hard_cases\negative_samples\train_DJI_0435_jpg.rf.9429e0682b8dc1f8f010c7342fe9f07e.jpg,Good
C:\Wind Turbine blades.v2-1111.yolov8\train\images\DJI_0436_jpg.rf.87d867f4d3c4c9d381763131a3c4a8e3.jpg,C:\Wind Turbine blades.v2-1111.yolov8\train\labels\DJI_0436_jpg.rf.87d867f4d3c4c9d381763131a3c4a8e3.txt,C:\Users\yys\Desktop\风机\wind-fault-detection-platform\hard_cases\negative_samples\train_DJI_0436_jpg.rf.87d867f4d3c4c9d381763131a3c4a8e3.jpg,Good
C:\Wind Turbine blades.v2-1111.yolov8\train\images\DJI_0437_jpg.rf.c24f21a599ed5d3472982539ca4c8750.jpg,C:\Wind Turbine blades.v2-1111.yolov8\train\labels\DJI_0437_jpg.rf.c24f21a599ed5d3472982539ca4c8750.txt,C:\Users\yys\Desktop\风机\wind-fault-detection-platform\hard_cases\negative_samples\train_DJI_0437_jpg.rf.c24f21a599ed5d3472982539ca4c8750.jpg,Good
C:\Wind Turbine blades.v2-1111.yolov8\train\images\DJI_0438_jpg.rf.513a45807dce8f7a32c4d5811c48d28c.jpg,C:\Wind Turbine blades.v2-1111.yolov8\train\labels\DJI_0438_jpg.rf.513a45807dce8f7a32c4d5811c48d28c.txt,C:\Users\yys\Desktop\风机\wind-fault-detection-platform\hard_cases\negative_samples\train_DJI_0438_jpg.rf.513a45807dce8f7a32c4d5811c48d28c.jpg,Good
C:\Wind Turbine blades.v2-1111.yolov8\train\images\DJI_0438_jpg.rf.84cc51433ffc704fd6a2d8e47fe48b9b.jpg,C:\Wind Turbine blades.v2-1111.yolov8\train\labels\DJI_0438_jpg.rf.84cc51433ffc704fd6a2d8e47fe48b9b.txt,C:\Users\yys\Desktop\风机\wind-fault-detection-platform\hard_cases\negative_samples\train_DJI_0438_jpg.rf.84cc51433ffc704fd6a2d8e47fe48b9b.jpg,Good
C:\Wind Turbine blades.v2-1111.yolov8\train\images\DJI_0438_jpg.rf.c472438a2016c530088602904392c2b5.jpg,C:\Wind Turbine blades.v2-1111.yolov8\train\labels\DJI_0438_jpg.rf.c472438a2016c530088602904392c2b5.txt,C:\Users\yys\Desktop\风机\wind-fault-detection-platform\hard_cases\negative_samples\train_DJI_0438_jpg.rf.c472438a2016c530088602904392c2b5.jpg,Good
C:\Wind Turbine blades.v2-1111.yolov8\train\images\DJI_0611_jpg.rf.99c49f76d581dbf51ca1c198546aa744.jpg,C:\Wind Turbine blades.v2-1111.yolov8\train\labels\DJI_0611_jpg.rf.99c49f76d581dbf51ca1c198546aa744.txt,SKIPPED_EMPTY_OR_INVALID_LABEL,
C:\Wind Turbine blades.v2-1111.yolov8\train\images\DJI_0612_jpg.rf.5832728c8603172b179f646da95a841d.jpg,C:\Wind Turbine blades.v2-1111.yolov8\train\labels\DJI_0612_jpg.rf.5832728c8603172b179f646da95a841d.txt,C:\Users\yys\Desktop\风机\wind-fault-detection-platform\hard_cases\negative_samples\train_DJI_0612_jpg.rf.5832728c8603172b179f646da95a841d.jpg,Good
C:\Wind Turbine blades.v2-1111.yolov8\train\images\DJI_0612_jpg.rf.f581097c403446a30fb204066228ed2c.jpg,C:\Wind Turbine blades.v2-1111.yolov8\train\labels\DJI_0612_jpg.rf.f581097c403446a30fb204066228ed2c.txt,C:\Users\yys\Desktop\风机\wind-fault-detection-platform\hard_cases\negative_samples\train_DJI_0612_jpg.rf.f581097c403446a30fb204066228ed2c.jpg,Good
C:\Wind Turbine blades.v2-1111.yolov8\train\images\DJI_0631_jpg.rf.7c80f3c977d7904b4380aae234b7b34e.jpg,C:\Wind Turbine blades.v2-1111.yolov8\train\labels\DJI_0631_jpg.rf.7c80f3c977d7904b4380aae234b7b34e.txt,C:\Users\yys\Desktop\风机\wind-fault-detection-platform\hard_cases\negative_samples\train_DJI_0631_jpg.rf.7c80f3c977d7904b4380aae234b7b34e.jpg,Good
C:\Wind Turbine blades.v2-1111.yolov8\train\images\DJI_0632_jpg.rf.2b3006cbd6e2b31d32d04d073bf4d632.jpg,C:\Wind Turbine blades.v2-1111.yolov8\train\labels\DJI_0632_jpg.rf.2b3006cbd6e2b31d32d04d073bf4d632.txt,C:\Users\yys\Desktop\风机\wind-fault-detection-platform\hard_cases\negative_samples\train_DJI_0632_jpg.rf.2b3006cbd6e2b31d32d04d073bf4d632.jpg,Good
C:\Wind Turbine blades.v2-1111.yolov8\train\images\DJI_0632_jpg.rf.d6fe70f1403e3497053d7dfe6ab69b38.jpg,C:\Wind Turbine blades.v2-1111.yolov8\train\labels\DJI_0632_jpg.rf.d6fe70f1403e3497053d7dfe6ab69b38.txt,C:\Users\yys\Desktop\风机\wind-fault-detection-platform\hard_cases\negative_samples\train_DJI_0632_jpg.rf.d6fe70f1403e3497053d7dfe6ab69b38.jpg,Good
C:\Wind Turbine blades.v2-1111.yolov8\train\images\DJI_0633_jpg.rf.2bd4db8c8f16dc300cd72c96062a9bfa.jpg,C:\Wind Turbine blades.v2-1111.yolov8\train\labels\DJI_0633_jpg.rf.2bd4db8c8f16dc300cd72c96062a9bfa.txt,C:\Users\yys\Desktop\风机\wind-fault-detection-platform\hard_cases\negative_samples\train_DJI_0633_jpg.rf.2bd4db8c8f16dc300cd72c96062a9bfa.jpg,Good
C:\Wind Turbine blades.v2-1111.yolov8\train\images\DJI_0633_jpg.rf.7411063f941f0c37bae311ed907ee087.jpg,C:\Wind Turbine blades.v2-1111.yolov8\train\labels\DJI_0633_jpg.rf.7411063f941f0c37bae311ed907ee087.txt,C:\Users\yys\Desktop\风机\wind-fault-detection-platform\hard_cases\negative_samples\train_DJI_0633_jpg.rf.7411063f941f0c37bae311ed907ee087.jpg,Good
C:\Wind Turbine blades.v2-1111.yolov8\train\images\DJI_0633_jpg.rf.be8fc3ea27f6cefa5a902fd7b896f3d2.jpg,C:\Wind Turbine blades.v2-1111.yolov8\train\labels\DJI_0633_jpg.rf.be8fc3ea27f6cefa5a902fd7b896f3d2.txt,C:\Users\yys\Desktop\风机\wind-fault-detection-platform\hard_cases\negative_samples\train_DJI_0633_jpg.rf.be8fc3ea27f6cefa5a902fd7b896f3d2.jpg,Good
C:\Wind Turbine blades.v2-1111.yolov8\train\images\DJI_0685_jpg.rf.8f25edf641bc70f56ab26060955199a6.jpg,C:\Wind Turbine blades.v2-1111.yolov8\train\labels\DJI_0685_jpg.rf.8f25edf641bc70f56ab26060955199a6.txt,C:\Users\yys\Desktop\风机\wind-fault-detection-platform\hard_cases\negative_samples\train_DJI_0685_jpg.rf.8f25edf641bc70f56ab26060955199a6.jpg,Good
C:\Wind Turbine blades.v2-1111.yolov8\train\images\DJI_0685_jpg.rf.a2ec2af56b1fd30f56a7870ab7cc0d80.jpg,C:\Wind Turbine blades.v2-1111.yolov8\train\labels\DJI_0685_jpg.rf.a2ec2af56b1fd30f56a7870ab7cc0d80.txt,C:\Users\yys\Desktop\风机\wind-fault-detection-platform\hard_cases\negative_samples\train_DJI_0685_jpg.rf.a2ec2af56b1fd30f56a7870ab7cc0d80.jpg,Good
C:\Wind Turbine blades.v2-1111.yolov8\train\images\DJI_0710_jpg.rf.235a73bf9184df6f87548fed4e14adc2.jpg,C:\Wind Turbine blades.v2-1111.yolov8\train\labels\DJI_0710_jpg.rf.235a73bf9184df6f87548fed4e14adc2.txt,C:\Users\yys\Desktop\风机\wind-fault-detection-platform\hard_cases\negative_samples\train_DJI_0710_jpg.rf.235a73bf9184df6f87548fed4e14adc2.jpg,Good
C:\Wind Turbine blades.v2-1111.yolov8\train\images\DJI_0710_jpg.rf.e3f349451a206e2a86c17c34a15e7b2f.jpg,C:\Wind Turbine blades.v2-1111.yolov8\train\labels\DJI_0710_jpg.rf.e3f349451a206e2a86c17c34a15e7b2f.txt,C:\Users\yys\Desktop\风机\wind-fault-detection-platform\hard_cases\negative_samples\train_DJI_0710_jpg.rf.e3f349451a206e2a86c17c34a15e7b2f.jpg,Good
C:\Wind Turbine blades.v2-1111.yolov8\train\images\DJI_0712_jpg.rf.45afb53c6ae665585b251ee2ab452c71.jpg,C:\Wind Turbine blades.v2-1111.yolov8\train\labels\DJI_0712_jpg.rf.45afb53c6ae665585b251ee2ab452c71.txt,C:\Users\yys\Desktop\风机\wind-fault-detection-platform\hard_cases\negative_samples\train_DJI_0712_jpg.rf.45afb53c6ae665585b251ee2ab452c71.jpg,Good
C:\Wind Turbine blades.v2-1111.yolov8\train\images\DJI_0713_jpg.rf.f250e222e159c9633b34caa1366c4a1c.jpg,C:\Wind Turbine blades.v2-1111.yolov8\train\labels\DJI_0713_jpg.rf.f250e222e159c9633b34caa1366c4a1c.txt,C:\Users\yys\Desktop\风机\wind-fault-detection-platform\hard_cases\negative_samples\train_DJI_0713_jpg.rf.f250e222e159c9633b34caa1366c4a1c.jpg,Good
C:\Wind Turbine blades.v2-1111.yolov8\train\images\DJI_0728_jpg.rf.998528827cf6ab6b107c03ce0fbaa845.jpg,C:\Wind Turbine blades.v2-1111.yolov8\train\labels\DJI_0728_jpg.rf.998528827cf6ab6b107c03ce0fbaa845.txt,C:\Users\yys\Desktop\风机\wind-fault-detection-platform\hard_cases\negative_samples\train_DJI_0728_jpg.rf.998528827cf6ab6b107c03ce0fbaa845.jpg,Good
C:\Wind Turbine blades.v2-1111.yolov8\train\images\DJI_0729_jpg.rf.5a255be5a7211c597bed61b2d0e4b221.jpg,C:\Wind Turbine blades.v2-1111.yolov8\train\labels\DJI_0729_jpg.rf.5a255be5a7211c597bed61b2d0e4b221.txt,C:\Users\yys\Desktop\风机\wind-fault-detection-platform\hard_cases\negative_samples\train_DJI_0729_jpg.rf.5a255be5a7211c597bed61b2d0e4b221.jpg,Good
C:\Wind Turbine blades.v2-1111.yolov8\train\images\DJI_0733_jpg.rf.389e638fbee9093d6cc742d764fd917e.jpg,C:\Wind Turbine blades.v2-1111.yolov8\train\labels\DJI_0733_jpg.rf.389e638fbee9093d6cc742d764fd917e.txt,C:\Users\yys\Desktop\风机\wind-fault-detection-platform\hard_cases\negative_samples\train_DJI_0733_jpg.rf.389e638fbee9093d6cc742d764fd917e.jpg,Good
C:\Wind Turbine blades.v2-1111.yolov8\train\images\DJI_0733_jpg.rf.7593e08d9a8ed71799c820c441b45d7f.jpg,C:\Wind Turbine blades.v2-1111.yolov8\train\labels\DJI_0733_jpg.rf.7593e08d9a8ed71799c820c441b45d7f.txt,C:\Users\yys\Desktop\风机\wind-fault-detection-platform\hard_cases\negative_samples\train_DJI_0733_jpg.rf.7593e08d9a8ed71799c820c441b45d7f.jpg,Good
C:\Wind Turbine blades.v2-1111.yolov8\train\images\DJI_0733_jpg.rf.8c96d67b61cea803e4dbee18404b782b.jpg,C:\Wind Turbine blades.v2-1111.yolov8\train\labels\DJI_0733_jpg.rf.8c96d67b61cea803e4dbee18404b782b.txt,C:\Users\yys\Desktop\风机\wind-fault-detection-platform\hard_cases\negative_samples\train_DJI_0733_jpg.rf.8c96d67b61cea803e4dbee18404b782b.jpg,Good
C:\Wind Turbine blades.v2-1111.yolov8\train\images\DJI_0734_jpg.rf.1789db3e97e11699398ca63b5ab1cad0.jpg,C:\Wind Turbine blades.v2-1111.yolov8\train\labels\DJI_0734_jpg.rf.1789db3e97e11699398ca63b5ab1cad0.txt,C:\Users\yys\Desktop\风机\wind-fault-detection-platform\hard_cases\negative_samples\train_DJI_0734_jpg.rf.1789db3e97e11699398ca63b5ab1cad0.jpg,Good
C:\Wind Turbine blades.v2-1111.yolov8\train\images\DJI_0734_jpg.rf.90661d592cb4365f7f6ca5950609629e.jpg,C:\Wind Turbine blades.v2-1111.yolov8\train\labels\DJI_0734_jpg.rf.90661d592cb4365f7f6ca5950609629e.txt,C:\Users\yys\Desktop\风机\wind-fault-detection-platform\hard_cases\negative_samples\train_DJI_0734_jpg.rf.90661d592cb4365f7f6ca5950609629e.jpg,Good
C:\Wind Turbine blades.v2-1111.yolov8\train\images\DJI_0735_jpg.rf.b8ef24b9a8224beece88cf1a293a023e.jpg,C:\Wind Turbine blades.v2-1111.yolov8\train\labels\DJI_0735_jpg.rf.b8ef24b9a8224beece88cf1a293a023e.txt,C:\Users\yys\Desktop\风机\wind-fault-detection-platform\hard_cases\negative_samples\train_DJI_0735_jpg.rf.b8ef24b9a8224beece88cf1a293a023e.jpg,Good
C:\Wind Turbine blades.v2-1111.yolov8\train\images\DJI_0735_jpg.rf.bda1530421a64f307139e857bfc0fa86.jpg,C:\Wind Turbine blades.v2-1111.yolov8\train\labels\DJI_0735_jpg.rf.bda1530421a64f307139e857bfc0fa86.txt,C:\Users\yys\Desktop\风机\wind-fault-detection-platform\hard_cases\negative_samples\train_DJI_0735_jpg.rf.bda1530421a64f307139e857bfc0fa86.jpg,Good
C:\Wind Turbine blades.v2-1111.yolov8\train\images\DJI_0735_jpg.rf.deddd51864270cfc0c025f1a4e79df76.jpg,C:\Wind Turbine blades.v2-1111.yolov8\train\labels\DJI_0735_jpg.rf.deddd51864270cfc0c025f1a4e79df76.txt,C:\Users\yys\Desktop\风机\wind-fault-detection-platform\hard_cases\negative_samples\train_DJI_0735_jpg.rf.deddd51864270cfc0c025f1a4e79df76.jpg,Good
C:\Wind Turbine blades.v2-1111.yolov8\train\images\DJI_0736_jpg.rf.62d54408dee88563d5ef21f567748fe7.jpg,C:\Wind Turbine blades.v2-1111.yolov8\train\labels\DJI_0736_jpg.rf.62d54408dee88563d5ef21f567748fe7.txt,C:\Users\yys\Desktop\风机\wind-fault-detection-platform\hard_cases\negative_samples\train_DJI_0736_jpg.rf.62d54408dee88563d5ef21f567748fe7.jpg,Good
C:\Wind Turbine blades.v2-1111.yolov8\train\images\DJI_0737_jpg.rf.00b9112a5e46391bda1affc60716a13a.jpg,C:\Wind Turbine blades.v2-1111.yolov8\train\labels\DJI_0737_jpg.rf.00b9112a5e46391bda1affc60716a13a.txt,C:\Users\yys\Desktop\风机\wind-fault-detection-platform\hard_cases\negative_samples\train_DJI_0737_jpg.rf.00b9112a5e46391bda1affc60716a13a.jpg,Good
C:\Wind Turbine blades.v2-1111.yolov8\train\images\DJI_0737_jpg.rf.1d029b3f737a4ce28d1b3a35e58df094.jpg,C:\Wind Turbine blades.v2-1111.yolov8\train\labels\DJI_0737_jpg.rf.1d029b3f737a4ce28d1b3a35e58df094.txt,C:\Users\yys\Desktop\风机\wind-fault-detection-platform\hard_cases\negative_samples\train_DJI_0737_jpg.rf.1d029b3f737a4ce28d1b3a35e58df094.jpg,Good
C:\Wind Turbine blades.v2-1111.yolov8\train\images\DJI_0738_jpg.rf.48e006604f6cc31baad99609b6bdcae1.jpg,C:\Wind Turbine blades.v2-1111.yolov8\train\labels\DJI_0738_jpg.rf.48e006604f6cc31baad99609b6bdcae1.txt,C:\Users\yys\Desktop\风机\wind-fault-detection-platform\hard_cases\negative_samples\train_DJI_0738_jpg.rf.48e006604f6cc31baad99609b6bdcae1.jpg,Good
C:\Wind Turbine blades.v2-1111.yolov8\train\images\DJI_0739_jpg.rf.f586feb890028f85d4a6a9f85ac46f2f.jpg,C:\Wind Turbine blades.v2-1111.yolov8\train\labels\DJI_0739_jpg.rf.f586feb890028f85d4a6a9f85ac46f2f.txt,C:\Users\yys\Desktop\风机\wind-fault-detection-platform\hard_cases\negative_samples\train_DJI_0739_jpg.rf.f586feb890028f85d4a6a9f85ac46f2f.jpg,Good
C:\Wind Turbine blades.v2-1111.yolov8\train\images\DJI_0740_jpg.rf.4b9067ad9ed94dce636e4567163a354f.jpg,C:\Wind Turbine blades.v2-1111.yolov8\train\labels\DJI_0740_jpg.rf.4b9067ad9ed94dce636e4567163a354f.txt,SKIPPED_EMPTY_OR_INVALID_LABEL,
C:\Wind Turbine blades.v2-1111.yolov8\train\images\DJI_0740_jpg.rf.d046849209568477642e626a88658e2a.jpg,C:\Wind Turbine blades.v2-1111.yolov8\train\labels\DJI_0740_jpg.rf.d046849209568477642e626a88658e2a.txt,C:\Users\yys\Desktop\风机\wind-fault-detection-platform\hard_cases\negative_samples\train_DJI_0740_jpg.rf.d046849209568477642e626a88658e2a.jpg,Good
C:\Wind Turbine blades.v2-1111.yolov8\train\images\DJI_0740_jpg.rf.fb922477a6bf5929033e6ac2b66b9ce8.jpg,C:\Wind Turbine blades.v2-1111.yolov8\train\labels\DJI_0740_jpg.rf.fb922477a6bf5929033e6ac2b66b9ce8.txt,SKIPPED_EMPTY_OR_INVALID_LABEL,
C:\Wind Turbine blades.v2-1111.yolov8\train\images\DJI_0741_jpg.rf.8e7421f63b59c753fb62744f08757200.jpg,C:\Wind Turbine blades.v2-1111.yolov8\train\labels\DJI_0741_jpg.rf.8e7421f63b59c753fb62744f08757200.txt,C:\Users\yys\Desktop\风机\wind-fault-detection-platform\hard_cases\negative_samples\train_DJI_0741_jpg.rf.8e7421f63b59c753fb62744f08757200.jpg,Good
C:\Wind Turbine blades.v2-1111.yolov8\train\images\DJI_0741_jpg.rf.e3b8b915dc5a8fd15ca767585c0c0579.jpg,C:\Wind Turbine blades.v2-1111.yolov8\train\labels\DJI_0741_jpg.rf.e3b8b915dc5a8fd15ca767585c0c0579.txt,C:\Users\yys\Desktop\风机\wind-fault-detection-platform\hard_cases\negative_samples\train_DJI_0741_jpg.rf.e3b8b915dc5a8fd15ca767585c0c0579.jpg,Good
C:\Wind Turbine blades.v2-1111.yolov8\train\images\transformed10-Copy-2-_jpg.rf.758d914f1ee6b1f3c59dc14dcd9e440a.jpg,C:\Wind Turbine blades.v2-1111.yolov8\train\labels\transformed10-Copy-2-_jpg.rf.758d914f1ee6b1f3c59dc14dcd9e440a.txt,C:\Users\yys\Desktop\风机\wind-fault-detection-platform\hard_cases\new_small_defect_samples\train_transformed10-Copy-2-_jpg.rf.758d914f1ee6b1f3c59dc14dcd9e440a.jpg,Good;MechanicalDamage
C:\Wind Turbine blades.v2-1111.yolov8\train\images\transformed10-Copy-2-_jpg.rf.8ccaf79a4c19972ba4fe728e086e4dd8.jpg,C:\Wind Turbine blades.v2-1111.yolov8\train\labels\transformed10-Copy-2-_jpg.rf.8ccaf79a4c19972ba4fe728e086e4dd8.txt,C:\Users\yys\Desktop\风机\wind-fault-detection-platform\hard_cases\new_small_defect_samples\train_transformed10-Copy-2-_jpg.rf.8ccaf79a4c19972ba4fe728e086e4dd8.jpg,Good;MechanicalDamage
C:\Wind Turbine blades.v2-1111.yolov8\train\images\transformed10-Copy-2-_jpg.rf.e5a6a91336cc8b01eb7d6ddf6cb83304.jpg,C:\Wind Turbine blades.v2-1111.yolov8\train\labels\transformed10-Copy-2-_jpg.rf.e5a6a91336cc8b01eb7d6ddf6cb83304.txt,C:\Users\yys\Desktop\风机\wind-fault-detection-platform\hard_cases\new_small_defect_samples\train_transformed10-Copy-2-_jpg.rf.e5a6a91336cc8b01eb7d6ddf6cb83304.jpg,Good;MechanicalDamage
C:\Wind Turbine blades.v2-1111.yolov8\train\images\transformed10_jpg.rf.3e2afe95f76dfe2aaa6671e849344468.jpg,C:\Wind Turbine blades.v2-1111.yolov8\train\labels\transformed10_jpg.rf.3e2afe95f76dfe2aaa6671e849344468.txt,C:\Users\yys\Desktop\风机\wind-fault-detection-platform\hard_cases\new_corrosion_samples\train_transformed10_jpg.rf.3e2afe95f76dfe2aaa6671e849344468.jpg,Erosion;Good
C:\Wind Turbine blades.v2-1111.yolov8\train\images\transformed10_jpg.rf.413cc9af9344fa0d4d468263b25562fb.jpg,C:\Wind Turbine blades.v2-1111.yolov8\train\labels\transformed10_jpg.rf.413cc9af9344fa0d4d468263b25562fb.txt,C:\Users\yys\Desktop\风机\wind-fault-detection-platform\hard_cases\new_corrosion_samples\train_transformed10_jpg.rf.413cc9af9344fa0d4d468263b25562fb.jpg,Erosion;Good
C:\Wind Turbine blades.v2-1111.yolov8\train\images\transformed10_jpg.rf.f87a33ef9b26233237fa3f6fab517a04.jpg,C:\Wind Turbine blades.v2-1111.yolov8\train\labels\transformed10_jpg.rf.f87a33ef9b26233237fa3f6fab517a04.txt,C:\Users\yys\Desktop\风机\wind-fault-detection-platform\hard_cases\new_small_defect_samples\train_transformed10_jpg.rf.f87a33ef9b26233237fa3f6fab517a04.jpg,Crack;Good
C:\Wind Turbine blades.v2-1111.yolov8\train\images\transformed11-Copy-2-_jpg.rf.4e5b026a17266840f5dfdc50c53af51d.jpg,C:\Wind Turbine blades.v2-1111.yolov8\train\labels\transformed11-Copy-2-_jpg.rf.4e5b026a17266840f5dfdc50c53af51d.txt,C:\Users\yys\Desktop\风机\wind-fault-detection-platform\hard_cases\new_small_defect_samples\train_transformed11-Copy-2-_jpg.rf.4e5b026a17266840f5dfdc50c53af51d.jpg,Good;MechanicalDamage
C:\Wind Turbine blades.v2-1111.yolov8\train\images\transformed11-Copy-2-_jpg.rf.9bcdce8a7ce27896cae638b75f474973.jpg,C:\Wind Turbine blades.v2-1111.yolov8\train\labels\transformed11-Copy-2-_jpg.rf.9bcdce8a7ce27896cae638b75f474973.txt,C:\Users\yys\Desktop\风机\wind-fault-detection-platform\hard_cases\new_small_defect_samples\train_transformed11-Copy-2-_jpg.rf.9bcdce8a7ce27896cae638b75f474973.jpg,Good;MechanicalDamage
C:\Wind Turbine blades.v2-1111.yolov8\train\images\transformed11_jpg.rf.2622c5df945819ef0e296fe8e85c161d.jpg,C:\Wind Turbine blades.v2-1111.yolov8\train\labels\transformed11_jpg.rf.2622c5df945819ef0e296fe8e85c161d.txt,C:\Users\yys\Desktop\风机\wind-fault-detection-platform\hard_cases\new_small_defect_samples\train_transformed11_jpg.rf.2622c5df945819ef0e296fe8e85c161d.jpg,Crack;Good
C:\Wind Turbine blades.v2-1111.yolov8\train\images\transformed11_jpg.rf.567f7459a4d9a14dfaba63517c16f2a2.jpg,C:\Wind Turbine blades.v2-1111.yolov8\train\labels\transformed11_jpg.rf.567f7459a4d9a14dfaba63517c16f2a2.txt,C:\Users\yys\Desktop\风机\wind-fault-detection-platform\hard_cases\new_corrosion_samples\train_transformed11_jpg.rf.567f7459a4d9a14dfaba63517c16f2a2.jpg,Erosion;Good
C:\Wind Turbine blades.v2-1111.yolov8\train\images\transformed11_jpg.rf.95151f9389898bb4eb26691580907805.jpg,C:\Wind Turbine blades.v2-1111.yolov8\train\labels\transformed11_jpg.rf.95151f9389898bb4eb26691580907805.txt,C:\Users\yys\Desktop\风机\wind-fault-detection-platform\hard_cases\new_corrosion_samples\train_transformed11_jpg.rf.95151f9389898bb4eb26691580907805.jpg,Erosion;Good
C:\Wind Turbine blades.v2-1111.yolov8\train\images\transformed11_jpg.rf.dd8953bf14bb27fe8e3cb48d14c0a9eb.jpg,C:\Wind Turbine blades.v2-1111.yolov8\train\labels\transformed11_jpg.rf.dd8953bf14bb27fe8e3cb48d14c0a9eb.txt,C:\Users\yys\Desktop\风机\wind-fault-detection-platform\hard_cases\new_small_defect_samples\train_transformed11_jpg.rf.dd8953bf14bb27fe8e3cb48d14c0a9eb.jpg,Crack;Good
C:\Wind Turbine blades.v2-1111.yolov8\train\images\transformed11_jpg.rf.ea22f4884a4fcd3a37eb780d3f13ca83.jpg,C:\Wind Turbine blades.v2-1111.yolov8\train\labels\transformed11_jpg.rf.ea22f4884a4fcd3a37eb780d3f13ca83.txt,C:\Users\yys\Desktop\风机\wind-fault-detection-platform\hard_cases\new_small_defect_samples\train_transformed11_jpg.rf.ea22f4884a4fcd3a37eb780d3f13ca83.jpg,Crack;Good
C:\Wind Turbine blades.v2-1111.yolov8\train\images\transformed12-Copy-2-_jpg.rf.b211ff2f4f5064c0bf43566519e9e2d2.jpg,C:\Wind Turbine blades.v2-1111.yolov8\train\labels\transformed12-Copy-2-_jpg.rf.b211ff2f4f5064c0bf43566519e9e2d2.txt,C:\Users\yys\Desktop\风机\wind-fault-detection-platform\hard_cases\new_small_defect_samples\train_transformed12-Copy-2-_jpg.rf.b211ff2f4f5064c0bf43566519e9e2d2.jpg,Good;MechanicalDamage
C:\Wind Turbine blades.v2-1111.yolov8\train\images\transformed12_jpg.rf.4ee5f89f052208043b5e7c8c55c26117.jpg,C:\Wind Turbine blades.v2-1111.yolov8\train\labels\transformed12_jpg.rf.4ee5f89f052208043b5e7c8c55c26117.txt,C:\Users\yys\Desktop\风机\wind-fault-detection-platform\hard_cases\new_corrosion_samples\train_transformed12_jpg.rf.4ee5f89f052208043b5e7c8c55c26117.jpg,Erosion;Good
C:\Wind Turbine blades.v2-1111.yolov8\train\images\transformed12_jpg.rf.f2d90a106f2acc46a73e8b624fe9dd99.jpg,C:\Wind Turbine blades.v2-1111.yolov8\train\labels\transformed12_jpg.rf.f2d90a106f2acc46a73e8b624fe9dd99.txt,C:\Users\yys\Desktop\风机\wind-fault-detection-platform\hard_cases\new_small_defect_samples\train_transformed12_jpg.rf.f2d90a106f2acc46a73e8b624fe9dd99.jpg,Crack;Good
C:\Wind Turbine blades.v2-1111.yolov8\train\images\transformed13_jpg.rf.100b31b13b03040b2568a8f2d43ef2eb.jpg,C:\Wind Turbine blades.v2-1111.yolov8\train\labels\transformed13_jpg.rf.100b31b13b03040b2568a8f2d43ef2eb.txt,C:\Users\yys\Desktop\风机\wind-fault-detection-platform\hard_cases\new_small_defect_samples\train_transformed13_jpg.rf.100b31b13b03040b2568a8f2d43ef2eb.jpg,Crack;Good
C:\Wind Turbine blades.v2-1111.yolov8\train\images\transformed13_jpg.rf.e41548806253fe8d35ddbaf9f21444b8.jpg,C:\Wind Turbine blades.v2-1111.yolov8\train\labels\transformed13_jpg.rf.e41548806253fe8d35ddbaf9f21444b8.txt,C:\Users\yys\Desktop\风机\wind-fault-detection-platform\hard_cases\new_corrosion_samples\train_transformed13_jpg.rf.e41548806253fe8d35ddbaf9f21444b8.jpg,Erosion;Good
C:\Wind Turbine blades.v2-1111.yolov8\train\images\transformed14_jpg.rf.6371ec5a9db500742ba95bf23c41a2e3.jpg,C:\Wind Turbine blades.v2-1111.yolov8\train\labels\transformed14_jpg.rf.6371ec5a9db500742ba95bf23c41a2e3.txt,C:\Users\yys\Desktop\风机\wind-fault-detection-platform\hard_cases\new_small_defect_samples\train_transformed14_jpg.rf.6371ec5a9db500742ba95bf23c41a2e3.jpg,Crack;Good
C:\Wind Turbine blades.v2-1111.yolov8\train\images\transformed14_jpg.rf.7deeb9e206e06230ea769a5ff22b9bc2.jpg,C:\Wind Turbine blades.v2-1111.yolov8\train\labels\transformed14_jpg.rf.7deeb9e206e06230ea769a5ff22b9bc2.txt,C:\Users\yys\Desktop\风机\wind-fault-detection-platform\hard_cases\new_corrosion_samples\train_transformed14_jpg.rf.7deeb9e206e06230ea769a5ff22b9bc2.jpg,Erosion;Good
C:\Wind Turbine blades.v2-1111.yolov8\train\images\transformed14_jpg.rf.c76fa7001892d7036bc08bae376366b1.jpg,C:\Wind Turbine blades.v2-1111.yolov8\train\labels\transformed14_jpg.rf.c76fa7001892d7036bc08bae376366b1.txt,C:\Users\yys\Desktop\风机\wind-fault-detection-platform\hard_cases\new_corrosion_samples\train_transformed14_jpg.rf.c76fa7001892d7036bc08bae376366b1.jpg,Erosion;Good
C:\Wind Turbine blades.v2-1111.yolov8\train\images\transformed14_jpg.rf.eecb0231b3498ca0d9e812c4d7b28ce5.jpg,C:\Wind Turbine blades.v2-1111.yolov8\train\labels\transformed14_jpg.rf.eecb0231b3498ca0d9e812c4d7b28ce5.txt,C:\Users\yys\Desktop\风机\wind-fault-detection-platform\hard_cases\new_corrosion_samples\train_transformed14_jpg.rf.eecb0231b3498ca0d9e812c4d7b28ce5.jpg,Erosion;Good
C:\Wind Turbine blades.v2-1111.yolov8\train\images\transformed15_jpg.rf.04a9bcb142d8ecd78494ecdebb9ace19.jpg,C:\Wind Turbine blades.v2-1111.yolov8\train\labels\transformed15_jpg.rf.04a9bcb142d8ecd78494ecdebb9ace19.txt,C:\Users\yys\Desktop\风机\wind-fault-detection-platform\hard_cases\new_corrosion_samples\train_transformed15_jpg.rf.04a9bcb142d8ecd78494ecdebb9ace19.jpg,Erosion;Good
C:\Wind Turbine blades.v2-1111.yolov8\train\images\transformed15_jpg.rf.1aafab8db1c9bdfae77b70ce414be052.jpg,C:\Wind Turbine blades.v2-1111.yolov8\train\labels\transformed15_jpg.rf.1aafab8db1c9bdfae77b70ce414be052.txt,C:\Users\yys\Desktop\风机\wind-fault-detection-platform\hard_cases\new_small_defect_samples\train_transformed15_jpg.rf.1aafab8db1c9bdfae77b70ce414be052.jpg,Crack;Good
C:\Wind Turbine blades.v2-1111.yolov8\train\images\transformed15_jpg.rf.3b931ba90ae45f4ad77f3d59a1d7e1cd.jpg,C:\Wind Turbine blades.v2-1111.yolov8\train\labels\transformed15_jpg.rf.3b931ba90ae45f4ad77f3d59a1d7e1cd.txt,C:\Users\yys\Desktop\风机\wind-fault-detection-platform\hard_cases\new_corrosion_samples\train_transformed15_jpg.rf.3b931ba90ae45f4ad77f3d59a1d7e1cd.jpg,Erosion;Good
C:\Wind Turbine blades.v2-1111.yolov8\train\images\transformed15_jpg.rf.6bee5510d58eb47ebc309d23ef9f79eb.jpg,C:\Wind Turbine blades.v2-1111.yolov8\train\labels\transformed15_jpg.rf.6bee5510d58eb47ebc309d23ef9f79eb.txt,C:\Users\yys\Desktop\风机\wind-fault-detection-platform\hard_cases\new_small_defect_samples\train_transformed15_jpg.rf.6bee5510d58eb47ebc309d23ef9f79eb.jpg,Crack;Good
C:\Wind Turbine blades.v2-1111.yolov8\train\images\transformed15_jpg.rf.754b373fde72d5c52f11c9baee5cdbe3.jpg,C:\Wind Turbine blades.v2-1111.yolov8\train\labels\transformed15_jpg.rf.754b373fde72d5c52f11c9baee5cdbe3.txt,C:\Users\yys\Desktop\风机\wind-fault-detection-platform\hard_cases\new_small_defect_samples\train_transformed15_jpg.rf.754b373fde72d5c52f11c9baee5cdbe3.jpg,Crack;Good
C:\Wind Turbine blades.v2-1111.yolov8\train\images\transformed15_jpg.rf.e84248a8c466439d08a9e5b95f390715.jpg,C:\Wind Turbine blades.v2-1111.yolov8\train\labels\transformed15_jpg.rf.e84248a8c466439d08a9e5b95f390715.txt,C:\Users\yys\Desktop\风机\wind-fault-detection-platform\hard_cases\new_corrosion_samples\train_transformed15_jpg.rf.e84248a8c466439d08a9e5b95f390715.jpg,Erosion;Good
C:\Wind Turbine blades.v2-1111.yolov8\train\images\transformed16_jpg.rf.15b928fcf639bc7901d01aa1490b2b0b.jpg,C:\Wind Turbine blades.v2-1111.yolov8\train\labels\transformed16_jpg.rf.15b928fcf639bc7901d01aa1490b2b0b.txt,C:\Users\yys\Desktop\风机\wind-fault-detection-platform\hard_cases\new_corrosion_samples\train_transformed16_jpg.rf.15b928fcf639bc7901d01aa1490b2b0b.jpg,Erosion;Good
C:\Wind Turbine blades.v2-1111.yolov8\train\images\transformed16_jpg.rf.68c46f6b57840285bdddbf22b0d8395f.jpg,C:\Wind Turbine blades.v2-1111.yolov8\train\labels\transformed16_jpg.rf.68c46f6b57840285bdddbf22b0d8395f.txt,C:\Users\yys\Desktop\风机\wind-fault-detection-platform\hard_cases\new_small_defect_samples\train_transformed16_jpg.rf.68c46f6b57840285bdddbf22b0d8395f.jpg,Crack;Good
C:\Wind Turbine blades.v2-1111.yolov8\train\images\transformed16_jpg.rf.8df71b12309a1f1df8e156721b3ab723.jpg,C:\Wind Turbine blades.v2-1111.yolov8\train\labels\transformed16_jpg.rf.8df71b12309a1f1df8e156721b3ab723.txt,C:\Users\yys\Desktop\风机\wind-fault-detection-platform\hard_cases\new_small_defect_samples\train_transformed16_jpg.rf.8df71b12309a1f1df8e156721b3ab723.jpg,Crack;Good
C:\Wind Turbine blades.v2-1111.yolov8\train\images\transformed16_jpg.rf.af876580f995299fd9c8923f701ec341.jpg,C:\Wind Turbine blades.v2-1111.yolov8\train\labels\transformed16_jpg.rf.af876580f995299fd9c8923f701ec341.txt,C:\Users\yys\Desktop\风机\wind-fault-detection-platform\hard_cases\new_corrosion_samples\train_transformed16_jpg.rf.af876580f995299fd9c8923f701ec341.jpg,Erosion;Good
C:\Wind Turbine blades.v2-1111.yolov8\train\images\transformed16_jpg.rf.cbf33e5de3d08ff20d1aa2f1f7614283.jpg,C:\Wind Turbine blades.v2-1111.yolov8\train\labels\transformed16_jpg.rf.cbf33e5de3d08ff20d1aa2f1f7614283.txt,C:\Users\yys\Desktop\风机\wind-fault-detection-platform\hard_cases\new_small_defect_samples\train_transformed16_jpg.rf.cbf33e5de3d08ff20d1aa2f1f7614283.jpg,Crack;Good
C:\Wind Turbine blades.v2-1111.yolov8\train\images\transformed17_jpg.rf.7e6511739f20559cfdd8ddc69486ff83.jpg,C:\Wind Turbine blades.v2-1111.yolov8\train\labels\transformed17_jpg.rf.7e6511739f20559cfdd8ddc69486ff83.txt,C:\Users\yys\Desktop\风机\wind-fault-detection-platform\hard_cases\new_small_defect_samples\train_transformed17_jpg.rf.7e6511739f20559cfdd8ddc69486ff83.jpg,Crack;Good
C:\Wind Turbine blades.v2-1111.yolov8\train\images\transformed17_jpg.rf.ace1472d92583598552127bd7d9dc8ad.jpg,C:\Wind Turbine blades.v2-1111.yolov8\train\labels\transformed17_jpg.rf.ace1472d92583598552127bd7d9dc8ad.txt,C:\Users\yys\Desktop\风机\wind-fault-detection-platform\hard_cases\new_corrosion_samples\train_transformed17_jpg.rf.ace1472d92583598552127bd7d9dc8ad.jpg,Erosion;Good
C:\Wind Turbine blades.v2-1111.yolov8\train\images\transformed17_jpg.rf.b427590eb11a40ca50ee64fa1b12344e.jpg,C:\Wind Turbine blades.v2-1111.yolov8\train\labels\transformed17_jpg.rf.b427590eb11a40ca50ee64fa1b12344e.txt,C:\Users\yys\Desktop\风机\wind-fault-detection-platform\hard_cases\new_corrosion_samples\train_transformed17_jpg.rf.b427590eb11a40ca50ee64fa1b12344e.jpg,Erosion;Good
C:\Wind Turbine blades.v2-1111.yolov8\train\images\transformed18_jpg.rf.1d8a2285d3cad0ad68efc236ad457240.jpg,C:\Wind Turbine blades.v2-1111.yolov8\train\labels\transformed18_jpg.rf.1d8a2285d3cad0ad68efc236ad457240.txt,C:\Users\yys\Desktop\风机\wind-fault-detection-platform\hard_cases\new_corrosion_samples\train_transformed18_jpg.rf.1d8a2285d3cad0ad68efc236ad457240.jpg,Erosion
C:\Wind Turbine blades.v2-1111.yolov8\train\images\transformed18_jpg.rf.eb991c1313e0e79b3c16c6f67b6c7289.jpg,C:\Wind Turbine blades.v2-1111.yolov8\train\labels\transformed18_jpg.rf.eb991c1313e0e79b3c16c6f67b6c7289.txt,C:\Users\yys\Desktop\风机\wind-fault-detection-platform\hard_cases\new_corrosion_samples\train_transformed18_jpg.rf.eb991c1313e0e79b3c16c6f67b6c7289.jpg,Erosion
C:\Wind Turbine blades.v2-1111.yolov8\train\images\transformed19_jpg.rf.665229c8d832b0817517e730085b3a7b.jpg,C:\Wind Turbine blades.v2-1111.yolov8\train\labels\transformed19_jpg.rf.665229c8d832b0817517e730085b3a7b.txt,C:\Users\yys\Desktop\风机\wind-fault-detection-platform\hard_cases\new_corrosion_samples\train_transformed19_jpg.rf.665229c8d832b0817517e730085b3a7b.jpg,Erosion;Good
C:\Wind Turbine blades.v2-1111.yolov8\train\images\transformed19_jpg.rf.b0a65ca3d071a078c0a350ddaeaa932b.jpg,C:\Wind Turbine blades.v2-1111.yolov8\train\labels\transformed19_jpg.rf.b0a65ca3d071a078c0a350ddaeaa932b.txt,C:\Users\yys\Desktop\风机\wind-fault-detection-platform\hard_cases\new_small_defect_samples\train_transformed19_jpg.rf.b0a65ca3d071a078c0a350ddaeaa932b.jpg,Crack;Good
C:\Wind Turbine blades.v2-1111.yolov8\train\images\transformed19_jpg.rf.c61e4454c6aed16a8bb3a8035fe3c216.jpg,C:\Wind Turbine blades.v2-1111.yolov8\train\labels\transformed19_jpg.rf.c61e4454c6aed16a8bb3a8035fe3c216.txt,C:\Users\yys\Desktop\风机\wind-fault-detection-platform\hard_cases\new_corrosion_samples\train_transformed19_jpg.rf.c61e4454c6aed16a8bb3a8035fe3c216.jpg,Erosion;Good
C:\Wind Turbine blades.v2-1111.yolov8\train\images\transformed1_jpg.rf.8e06fd385531b4e657fec2dd68ff43f5.jpg,C:\Wind Turbine blades.v2-1111.yolov8\train\labels\transformed1_jpg.rf.8e06fd385531b4e657fec2dd68ff43f5.txt,C:\Users\yys\Desktop\风机\wind-fault-detection-platform\hard_cases\new_small_defect_samples\train_transformed1_jpg.rf.8e06fd385531b4e657fec2dd68ff43f5.jpg,Crack;Good
C:\Wind Turbine blades.v2-1111.yolov8\train\images\transformed1_jpg.rf.9a9bf5d02c512e2a5f9d62b3f96f2fe4.jpg,C:\Wind Turbine blades.v2-1111.yolov8\train\labels\transformed1_jpg.rf.9a9bf5d02c512e2a5f9d62b3f96f2fe4.txt,C:\Users\yys\Desktop\风机\wind-fault-detection-platform\hard_cases\new_corrosion_samples\train_transformed1_jpg.rf.9a9bf5d02c512e2a5f9d62b3f96f2fe4.jpg,Erosion;Good
C:\Wind Turbine blades.v2-1111.yolov8\train\images\transformed1_jpg.rf.e38c05c263be75aaa8240a0f63ec65b0.jpg,C:\Wind Turbine blades.v2-1111.yolov8\train\labels\transformed1_jpg.rf.e38c05c263be75aaa8240a0f63ec65b0.txt,C:\Users\yys\Desktop\风机\wind-fault-detection-platform\hard_cases\new_corrosion_samples\train_transformed1_jpg.rf.e38c05c263be75aaa8240a0f63ec65b0.jpg,Erosion;Good
C:\Wind Turbine blades.v2-1111.yolov8\train\images\transformed2-Copy-2-_jpg.rf.b2686ff9dde28afaf2b7f51fff30a992.jpg,C:\Wind Turbine blades.v2-1111.yolov8\train\labels\transformed2-Copy-2-_jpg.rf.b2686ff9dde28afaf2b7f51fff30a992.txt,C:\Users\yys\Desktop\风机\wind-fault-detection-platform\hard_cases\new_small_defect_samples\train_transformed2-Copy-2-_jpg.rf.b2686ff9dde28afaf2b7f51fff30a992.jpg,Good;Scratch
C:\Wind Turbine blades.v2-1111.yolov8\train\images\transformed20_jpg.rf.2bb626f0fe7d916fe97b758a2aa21e9a.jpg,C:\Wind Turbine blades.v2-1111.yolov8\train\labels\transformed20_jpg.rf.2bb626f0fe7d916fe97b758a2aa21e9a.txt,C:\Users\yys\Desktop\风机\wind-fault-detection-platform\hard_cases\new_small_defect_samples\train_transformed20_jpg.rf.2bb626f0fe7d916fe97b758a2aa21e9a.jpg,Crack;Good
C:\Wind Turbine blades.v2-1111.yolov8\train\images\transformed20_jpg.rf.5351b67bf584182262da39fc2ce743e9.jpg,C:\Wind Turbine blades.v2-1111.yolov8\train\labels\transformed20_jpg.rf.5351b67bf584182262da39fc2ce743e9.txt,C:\Users\yys\Desktop\风机\wind-fault-detection-platform\hard_cases\new_small_defect_samples\train_transformed20_jpg.rf.5351b67bf584182262da39fc2ce743e9.jpg,Crack;Good
C:\Wind Turbine blades.v2-1111.yolov8\train\images\transformed20_jpg.rf.97303b04d0fa3390c1094361484917bc.jpg,C:\Wind Turbine blades.v2-1111.yolov8\train\labels\transformed20_jpg.rf.97303b04d0fa3390c1094361484917bc.txt,C:\Users\yys\Desktop\风机\wind-fault-detection-platform\hard_cases\new_corrosion_samples\train_transformed20_jpg.rf.97303b04d0fa3390c1094361484917bc.jpg,Erosion
C:\Wind Turbine blades.v2-1111.yolov8\train\images\transformed21_jpg.rf.086297036474c5c4d24599fc4d2e9932.jpg,C:\Wind Turbine blades.v2-1111.yolov8\train\labels\transformed21_jpg.rf.086297036474c5c4d24599fc4d2e9932.txt,C:\Users\yys\Desktop\风机\wind-fault-detection-platform\hard_cases\new_corrosion_samples\train_transformed21_jpg.rf.086297036474c5c4d24599fc4d2e9932.jpg,Erosion
C:\Wind Turbine blades.v2-1111.yolov8\train\images\transformed21_jpg.rf.21b12661052f7b011ba771c8d7f9dacc.jpg,C:\Wind Turbine blades.v2-1111.yolov8\train\labels\transformed21_jpg.rf.21b12661052f7b011ba771c8d7f9dacc.txt,C:\Users\yys\Desktop\风机\wind-fault-detection-platform\hard_cases\new_corrosion_samples\train_transformed21_jpg.rf.21b12661052f7b011ba771c8d7f9dacc.jpg,Erosion
C:\Wind Turbine blades.v2-1111.yolov8\train\images\transformed21_jpg.rf.ac2c64c89b16bdbe3898c4322d6c126f.jpg,C:\Wind Turbine blades.v2-1111.yolov8\train\labels\transformed21_jpg.rf.ac2c64c89b16bdbe3898c4322d6c126f.txt,C:\Users\yys\Desktop\风机\wind-fault-detection-platform\hard_cases\new_small_defect_samples\train_transformed21_jpg.rf.ac2c64c89b16bdbe3898c4322d6c126f.jpg,Crack;Good
C:\Wind Turbine blades.v2-1111.yolov8\train\images\transformed21_jpg.rf.e8f05c80d41193395305f54fcc5410db.jpg,C:\Wind Turbine blades.v2-1111.yolov8\train\labels\transformed21_jpg.rf.e8f05c80d41193395305f54fcc5410db.txt,C:\Users\yys\Desktop\风机\wind-fault-detection-platform\hard_cases\new_corrosion_samples\train_transformed21_jpg.rf.e8f05c80d41193395305f54fcc5410db.jpg,Erosion
C:\Wind Turbine blades.v2-1111.yolov8\train\images\transformed22_jpg.rf.326ed31ffb4eb9791ae7de7fee244984.jpg,C:\Wind Turbine blades.v2-1111.yolov8\train\labels\transformed22_jpg.rf.326ed31ffb4eb9791ae7de7fee244984.txt,C:\Users\yys\Desktop\风机\wind-fault-detection-platform\hard_cases\new_small_defect_samples\train_transformed22_jpg.rf.326ed31ffb4eb9791ae7de7fee244984.jpg,Crack;Good
C:\Wind Turbine blades.v2-1111.yolov8\train\images\transformed22_jpg.rf.3f9f775c61d3e1306b1db6ab529be016.jpg,C:\Wind Turbine blades.v2-1111.yolov8\train\labels\transformed22_jpg.rf.3f9f775c61d3e1306b1db6ab529be016.txt,C:\Users\yys\Desktop\风机\wind-fault-detection-platform\hard_cases\new_small_defect_samples\train_transformed22_jpg.rf.3f9f775c61d3e1306b1db6ab529be016.jpg,Crack;Good
C:\Wind Turbine blades.v2-1111.yolov8\train\images\transformed22_jpg.rf.d7362804ebcb31afaac10c4e6104d613.jpg,C:\Wind Turbine blades.v2-1111.yolov8\train\labels\transformed22_jpg.rf.d7362804ebcb31afaac10c4e6104d613.txt,C:\Users\yys\Desktop\风机\wind-fault-detection-platform\hard_cases\new_corrosion_samples\train_transformed22_jpg.rf.d7362804ebcb31afaac10c4e6104d613.jpg,Erosion
C:\Wind Turbine blades.v2-1111.yolov8\train\images\transformed22_jpg.rf.e58678135e1a030778211c3d978610c3.jpg,C:\Wind Turbine blades.v2-1111.yolov8\train\labels\transformed22_jpg.rf.e58678135e1a030778211c3d978610c3.txt,C:\Users\yys\Desktop\风机\wind-fault-detection-platform\hard_cases\new_corrosion_samples\train_transformed22_jpg.rf.e58678135e1a030778211c3d978610c3.jpg,Erosion
C:\Wind Turbine blades.v2-1111.yolov8\train\images\transformed23_jpg.rf.2bb4d745079c25093c551901a35b4f8d.jpg,C:\Wind Turbine blades.v2-1111.yolov8\train\labels\transformed23_jpg.rf.2bb4d745079c25093c551901a35b4f8d.txt,C:\Users\yys\Desktop\风机\wind-fault-detection-platform\hard_cases\new_corrosion_samples\train_transformed23_jpg.rf.2bb4d745079c25093c551901a35b4f8d.jpg,Erosion
C:\Wind Turbine blades.v2-1111.yolov8\train\images\transformed23_jpg.rf.a6ec82389a503cf44858fd0e60085aa6.jpg,C:\Wind Turbine blades.v2-1111.yolov8\train\labels\transformed23_jpg.rf.a6ec82389a503cf44858fd0e60085aa6.txt,C:\Users\yys\Desktop\风机\wind-fault-detection-platform\hard_cases\new_corrosion_samples\train_transformed23_jpg.rf.a6ec82389a503cf44858fd0e60085aa6.jpg,Erosion
C:\Wind Turbine blades.v2-1111.yolov8\train\images\transformed24_jpg.rf.56c9dc60cdf57261d093919b89f362ae.jpg,C:\Wind Turbine blades.v2-1111.yolov8\train\labels\transformed24_jpg.rf.56c9dc60cdf57261d093919b89f362ae.txt,C:\Users\yys\Desktop\风机\wind-fault-detection-platform\hard_cases\new_corrosion_samples\train_transformed24_jpg.rf.56c9dc60cdf57261d093919b89f362ae.jpg,Erosion
C:\Wind Turbine blades.v2-1111.yolov8\train\images\transformed24_jpg.rf.611cce45210edb8b06732ae3f04ed371.jpg,C:\Wind Turbine blades.v2-1111.yolov8\train\labels\transformed24_jpg.rf.611cce45210edb8b06732ae3f04ed371.txt,C:\Users\yys\Desktop\风机\wind-fault-detection-platform\hard_cases\new_corrosion_samples\train_transformed24_jpg.rf.611cce45210edb8b06732ae3f04ed371.jpg,Erosion
C:\Wind Turbine blades.v2-1111.yolov8\train\images\transformed24_jpg.rf.8cf2b51b14b35c7d88d8b4a5b59069ef.jpg,C:\Wind Turbine blades.v2-1111.yolov8\train\labels\transformed24_jpg.rf.8cf2b51b14b35c7d88d8b4a5b59069ef.txt,C:\Users\yys\Desktop\风机\wind-fault-detection-platform\hard_cases\new_small_defect_samples\train_transformed24_jpg.rf.8cf2b51b14b35c7d88d8b4a5b59069ef.jpg,Crack;Good
C:\Wind Turbine blades.v2-1111.yolov8\train\images\transformed24_jpg.rf.94c1761e07735acff86c8f08e81b234b.jpg,C:\Wind Turbine blades.v2-1111.yolov8\train\labels\transformed24_jpg.rf.94c1761e07735acff86c8f08e81b234b.txt,C:\Users\yys\Desktop\风机\wind-fault-detection-platform\hard_cases\new_corrosion_samples\train_transformed24_jpg.rf.94c1761e07735acff86c8f08e81b234b.jpg,Erosion
C:\Wind Turbine blades.v2-1111.yolov8\train\images\transformed24_jpg.rf.ef3e25112997b10b11c88ac8cf76f9e4.jpg,C:\Wind Turbine blades.v2-1111.yolov8\train\labels\transformed24_jpg.rf.ef3e25112997b10b11c88ac8cf76f9e4.txt,C:\Users\yys\Desktop\风机\wind-fault-detection-platform\hard_cases\new_small_defect_samples\train_transformed24_jpg.rf.ef3e25112997b10b11c88ac8cf76f9e4.jpg,Crack;Good
C:\Wind Turbine blades.v2-1111.yolov8\train\images\transformed25_jpg.rf.320f4fc810b070ce4ce2321edc8f0afb.jpg,C:\Wind Turbine blades.v2-1111.yolov8\train\labels\transformed25_jpg.rf.320f4fc810b070ce4ce2321edc8f0afb.txt,SKIPPED_EMPTY_OR_INVALID_LABEL,
C:\Wind Turbine blades.v2-1111.yolov8\train\images\transformed26_jpg.rf.25a4dcdb8ca8fcc3fe0760027dd96d05.jpg,C:\Wind Turbine blades.v2-1111.yolov8\train\labels\transformed26_jpg.rf.25a4dcdb8ca8fcc3fe0760027dd96d05.txt,C:\Users\yys\Desktop\风机\wind-fault-detection-platform\hard_cases\new_small_defect_samples\train_transformed26_jpg.rf.25a4dcdb8ca8fcc3fe0760027dd96d05.jpg,Crack;Good
C:\Wind Turbine blades.v2-1111.yolov8\train\images\transformed26_jpg.rf.33b282ad07f0ad343166d8fcd628bf50.jpg,C:\Wind Turbine blades.v2-1111.yolov8\train\labels\transformed26_jpg.rf.33b282ad07f0ad343166d8fcd628bf50.txt,C:\Users\yys\Desktop\风机\wind-fault-detection-platform\hard_cases\new_small_defect_samples\train_transformed26_jpg.rf.33b282ad07f0ad343166d8fcd628bf50.jpg,Crack;Good
C:\Wind Turbine blades.v2-1111.yolov8\train\images\transformed26_jpg.rf.e61e75a17c8fcce4d78b4150d0f86603.jpg,C:\Wind Turbine blades.v2-1111.yolov8\train\labels\transformed26_jpg.rf.e61e75a17c8fcce4d78b4150d0f86603.txt,C:\Users\yys\Desktop\风机\wind-fault-detection-platform\hard_cases\new_small_defect_samples\train_transformed26_jpg.rf.e61e75a17c8fcce4d78b4150d0f86603.jpg,Crack;Good
C:\Wind Turbine blades.v2-1111.yolov8\train\images\transformed27_jpg.rf.137ce824052f2a7117111abd755d1d52.jpg,C:\Wind Turbine blades.v2-1111.yolov8\train\labels\transformed27_jpg.rf.137ce824052f2a7117111abd755d1d52.txt,C:\Users\yys\Desktop\风机\wind-fault-detection-platform\hard_cases\new_corrosion_samples\train_transformed27_jpg.rf.137ce824052f2a7117111abd755d1d52.jpg,Erosion
C:\Wind Turbine blades.v2-1111.yolov8\train\images\transformed27_jpg.rf.58b765a083dc9f254a6d208ca58d6dce.jpg,C:\Wind Turbine blades.v2-1111.yolov8\train\labels\transformed27_jpg.rf.58b765a083dc9f254a6d208ca58d6dce.txt,C:\Users\yys\Desktop\风机\wind-fault-detection-platform\hard_cases\new_small_defect_samples\train_transformed27_jpg.rf.58b765a083dc9f254a6d208ca58d6dce.jpg,Crack;Good
C:\Wind Turbine blades.v2-1111.yolov8\train\images\transformed27_jpg.rf.ce3e96a01928225d32410484edf51e37.jpg,C:\Wind Turbine blades.v2-1111.yolov8\train\labels\transformed27_jpg.rf.ce3e96a01928225d32410484edf51e37.txt,C:\Users\yys\Desktop\风机\wind-fault-detection-platform\hard_cases\new_corrosion_samples\train_transformed27_jpg.rf.ce3e96a01928225d32410484edf51e37.jpg,Erosion
C:\Wind Turbine blades.v2-1111.yolov8\train\images\transformed27_jpg.rf.d26e8d68b8df40bdcba691630fee7e4a.jpg,C:\Wind Turbine blades.v2-1111.yolov8\train\labels\transformed27_jpg.rf.d26e8d68b8df40bdcba691630fee7e4a.txt,C:\Users\yys\Desktop\风机\wind-fault-detection-platform\hard_cases\new_corrosion_samples\train_transformed27_jpg.rf.d26e8d68b8df40bdcba691630fee7e4a.jpg,Erosion
C:\Wind Turbine blades.v2-1111.yolov8\train\images\transformed28_jpg.rf.1e493b5f83a70f705affd430ef0a6442.jpg,C:\Wind Turbine blades.v2-1111.yolov8\train\labels\transformed28_jpg.rf.1e493b5f83a70f705affd430ef0a6442.txt,C:\Users\yys\Desktop\风机\wind-fault-detection-platform\hard_cases\new_corrosion_samples\train_transformed28_jpg.rf.1e493b5f83a70f705affd430ef0a6442.jpg,Erosion
C:\Wind Turbine blades.v2-1111.yolov8\train\images\transformed28_jpg.rf.8abc75d5dee04e0a474ea7ee92eafd87.jpg,C:\Wind Turbine blades.v2-1111.yolov8\train\labels\transformed28_jpg.rf.8abc75d5dee04e0a474ea7ee92eafd87.txt,C:\Users\yys\Desktop\风机\wind-fault-detection-platform\hard_cases\negative_samples\train_transformed28_jpg.rf.8abc75d5dee04e0a474ea7ee92eafd87.jpg,Good
C:\Wind Turbine blades.v2-1111.yolov8\train\images\transformed28_jpg.rf.c966cdb4679ff850f24da388d8e96fe6.jpg,C:\Wind Turbine blades.v2-1111.yolov8\train\labels\transformed28_jpg.rf.c966cdb4679ff850f24da388d8e96fe6.txt,C:\Users\yys\Desktop\风机\wind-fault-detection-platform\hard_cases\new_corrosion_samples\train_transformed28_jpg.rf.c966cdb4679ff850f24da388d8e96fe6.jpg,Erosion
C:\Wind Turbine blades.v2-1111.yolov8\train\images\transformed29_jpg.rf.a51e18282f4412cef6c9c33df50a8a66.jpg,C:\Wind Turbine blades.v2-1111.yolov8\train\labels\transformed29_jpg.rf.a51e18282f4412cef6c9c33df50a8a66.txt,C:\Users\yys\Desktop\风机\wind-fault-detection-platform\hard_cases\new_corrosion_samples\train_transformed29_jpg.rf.a51e18282f4412cef6c9c33df50a8a66.jpg,Erosion;Good
C:\Wind Turbine blades.v2-1111.yolov8\train\images\transformed2_jpg.rf.2f26b8b440761a33e4b4bb3d996b96a6.jpg,C:\Wind Turbine blades.v2-1111.yolov8\train\labels\transformed2_jpg.rf.2f26b8b440761a33e4b4bb3d996b96a6.txt,SKIPPED_EMPTY_OR_INVALID_LABEL,
C:\Wind Turbine blades.v2-1111.yolov8\train\images\transformed2_jpg.rf.3b2c504c342f8bcb2a4a731632269191.jpg,C:\Wind Turbine blades.v2-1111.yolov8\train\labels\transformed2_jpg.rf.3b2c504c342f8bcb2a4a731632269191.txt,C:\Users\yys\Desktop\风机\wind-fault-detection-platform\hard_cases\new_corrosion_samples\train_transformed2_jpg.rf.3b2c504c342f8bcb2a4a731632269191.jpg,Erosion
C:\Wind Turbine blades.v2-1111.yolov8\train\images\transformed2_jpg.rf.d6db8ff53322ff4426883b83fd2fed6b.jpg,C:\Wind Turbine blades.v2-1111.yolov8\train\labels\transformed2_jpg.rf.d6db8ff53322ff4426883b83fd2fed6b.txt,C:\Users\yys\Desktop\风机\wind-fault-detection-platform\hard_cases\new_small_defect_samples\train_transformed2_jpg.rf.d6db8ff53322ff4426883b83fd2fed6b.jpg,Crack;Good
C:\Wind Turbine blades.v2-1111.yolov8\train\images\transformed2_jpg.rf.daefdaa0e89f6d0bd691fe4b5cb6aea1.jpg,C:\Wind Turbine blades.v2-1111.yolov8\train\labels\transformed2_jpg.rf.daefdaa0e89f6d0bd691fe4b5cb6aea1.txt,SKIPPED_EMPTY_OR_INVALID_LABEL,
C:\Wind Turbine blades.v2-1111.yolov8\train\images\transformed3-Copy-2-_jpg.rf.53f6ebb82f7810805f9c693264e84319.jpg,C:\Wind Turbine blades.v2-1111.yolov8\train\labels\transformed3-Copy-2-_jpg.rf.53f6ebb82f7810805f9c693264e84319.txt,C:\Users\yys\Desktop\风机\wind-fault-detection-platform\hard_cases\new_small_defect_samples\train_transformed3-Copy-2-_jpg.rf.53f6ebb82f7810805f9c693264e84319.jpg,Good;MechanicalDamage
C:\Wind Turbine blades.v2-1111.yolov8\train\images\transformed3-Copy-2-_jpg.rf.b2b418ecf77d2d89257bba6a33a48508.jpg,C:\Wind Turbine blades.v2-1111.yolov8\train\labels\transformed3-Copy-2-_jpg.rf.b2b418ecf77d2d89257bba6a33a48508.txt,C:\Users\yys\Desktop\风机\wind-fault-detection-platform\hard_cases\new_small_defect_samples\train_transformed3-Copy-2-_jpg.rf.b2b418ecf77d2d89257bba6a33a48508.jpg,Good;MechanicalDamage
C:\Wind Turbine blades.v2-1111.yolov8\train\images\transformed30_jpg.rf.03d87f40af5dd1946f0f71bd965e29e7.jpg,C:\Wind Turbine blades.v2-1111.yolov8\train\labels\transformed30_jpg.rf.03d87f40af5dd1946f0f71bd965e29e7.txt,SKIPPED_EMPTY_OR_INVALID_LABEL,
C:\Wind Turbine blades.v2-1111.yolov8\train\images\transformed30_jpg.rf.2f5fd6ffa936882c50def7a2ddb5e67b.jpg,C:\Wind Turbine blades.v2-1111.yolov8\train\labels\transformed30_jpg.rf.2f5fd6ffa936882c50def7a2ddb5e67b.txt,SKIPPED_EMPTY_OR_INVALID_LABEL,
C:\Wind Turbine blades.v2-1111.yolov8\train\images\transformed30_jpg.rf.3609f563f866e1110cb38b5c3c05d668.jpg,C:\Wind Turbine blades.v2-1111.yolov8\train\labels\transformed30_jpg.rf.3609f563f866e1110cb38b5c3c05d668.txt,C:\Users\yys\Desktop\风机\wind-fault-detection-platform\hard_cases\new_small_defect_samples\train_transformed30_jpg.rf.3609f563f866e1110cb38b5c3c05d668.jpg,Crack;Good
C:\Wind Turbine blades.v2-1111.yolov8\train\images\transformed30_jpg.rf.40e6a4580da3ba0bfbb9396527367dc4.jpg,C:\Wind Turbine blades.v2-1111.yolov8\train\labels\transformed30_jpg.rf.40e6a4580da3ba0bfbb9396527367dc4.txt,C:\Users\yys\Desktop\风机\wind-fault-detection-platform\hard_cases\new_corrosion_samples\train_transformed30_jpg.rf.40e6a4580da3ba0bfbb9396527367dc4.jpg,Erosion;Good
C:\Wind Turbine blades.v2-1111.yolov8\train\images\transformed31_jpg.rf.7a2e46b76606846a0488d0301e1e67fc.jpg,C:\Wind Turbine blades.v2-1111.yolov8\train\labels\transformed31_jpg.rf.7a2e46b76606846a0488d0301e1e67fc.txt,C:\Users\yys\Desktop\风机\wind-fault-detection-platform\hard_cases\new_corrosion_samples\train_transformed31_jpg.rf.7a2e46b76606846a0488d0301e1e67fc.jpg,Erosion;Good
C:\Wind Turbine blades.v2-1111.yolov8\train\images\transformed31_jpg.rf.be14ba411a151dceb35b56033075b2f4.jpg,C:\Wind Turbine blades.v2-1111.yolov8\train\labels\transformed31_jpg.rf.be14ba411a151dceb35b56033075b2f4.txt,C:\Users\yys\Desktop\风机\wind-fault-detection-platform\hard_cases\new_small_defect_samples\train_transformed31_jpg.rf.be14ba411a151dceb35b56033075b2f4.jpg,Crack;Good
C:\Wind Turbine blades.v2-1111.yolov8\train\images\transformed32_jpg.rf.8a021c26a57ca65ef10cd216ca8fdc51.jpg,C:\Wind Turbine blades.v2-1111.yolov8\train\labels\transformed32_jpg.rf.8a021c26a57ca65ef10cd216ca8fdc51.txt,C:\Users\yys\Desktop\风机\wind-fault-detection-platform\hard_cases\new_corrosion_samples\train_transformed32_jpg.rf.8a021c26a57ca65ef10cd216ca8fdc51.jpg,Erosion;Good
C:\Wind Turbine blades.v2-1111.yolov8\train\images\transformed32_jpg.rf.f2cf381baa677cdc4a4740c9bf92bac1.jpg,C:\Wind Turbine blades.v2-1111.yolov8\train\labels\transformed32_jpg.rf.f2cf381baa677cdc4a4740c9bf92bac1.txt,C:\Users\yys\Desktop\风机\wind-fault-detection-platform\hard_cases\new_small_defect_samples\train_transformed32_jpg.rf.f2cf381baa677cdc4a4740c9bf92bac1.jpg,Crack
C:\Wind Turbine blades.v2-1111.yolov8\train\images\transformed33_jpg.rf.94118a15027334db2f95f8c9ba85d27b.jpg,C:\Wind Turbine blades.v2-1111.yolov8\train\labels\transformed33_jpg.rf.94118a15027334db2f95f8c9ba85d27b.txt,C:\Users\yys\Desktop\风机\wind-fault-detection-platform\hard_cases\new_corrosion_samples\train_transformed33_jpg.rf.94118a15027334db2f95f8c9ba85d27b.jpg,Erosion
C:\Wind Turbine blades.v2-1111.yolov8\train\images\transformed33_jpg.rf.b6606b215a2bb42b1b625aeebc264c43.jpg,C:\Wind Turbine blades.v2-1111.yolov8\train\labels\transformed33_jpg.rf.b6606b215a2bb42b1b625aeebc264c43.txt,C:\Users\yys\Desktop\风机\wind-fault-detection-platform\hard_cases\new_corrosion_samples\train_transformed33_jpg.rf.b6606b215a2bb42b1b625aeebc264c43.jpg,Erosion
C:\Wind Turbine blades.v2-1111.yolov8\train\images\transformed33_jpg.rf.b74e60ddb7225097ef9c97b42451ca6c.jpg,C:\Wind Turbine blades.v2-1111.yolov8\train\labels\transformed33_jpg.rf.b74e60ddb7225097ef9c97b42451ca6c.txt,C:\Users\yys\Desktop\风机\wind-fault-detection-platform\hard_cases\new_corrosion_samples\train_transformed33_jpg.rf.b74e60ddb7225097ef9c97b42451ca6c.jpg,Erosion
C:\Wind Turbine blades.v2-1111.yolov8\train\images\transformed34_jpg.rf.6a60ac279b842a389c47bd4ff1adab7a.jpg,C:\Wind Turbine blades.v2-1111.yolov8\train\labels\transformed34_jpg.rf.6a60ac279b842a389c47bd4ff1adab7a.txt,C:\Users\yys\Desktop\风机\wind-fault-detection-platform\hard_cases\new_corrosion_samples\train_transformed34_jpg.rf.6a60ac279b842a389c47bd4ff1adab7a.jpg,Erosion;Good
C:\Wind Turbine blades.v2-1111.yolov8\train\images\transformed35_jpg.rf.dcca8a32a5d5ccdf99e5d9dc449f77ac.jpg,C:\Wind Turbine blades.v2-1111.yolov8\train\labels\transformed35_jpg.rf.dcca8a32a5d5ccdf99e5d9dc449f77ac.txt,SKIPPED_EMPTY_OR_INVALID_LABEL,
C:\Wind Turbine blades.v2-1111.yolov8\train\images\transformed35_jpg.rf.e6b766ec82976110b77235129d672db8.jpg,C:\Wind Turbine blades.v2-1111.yolov8\train\labels\transformed35_jpg.rf.e6b766ec82976110b77235129d672db8.txt,C:\Users\yys\Desktop\风机\wind-fault-detection-platform\hard_cases\new_small_defect_samples\train_transformed35_jpg.rf.e6b766ec82976110b77235129d672db8.jpg,Crack;Good
C:\Wind Turbine blades.v2-1111.yolov8\train\images\transformed36_jpg.rf.648d28fbaf20a47934b084373757dff0.jpg,C:\Wind Turbine blades.v2-1111.yolov8\train\labels\transformed36_jpg.rf.648d28fbaf20a47934b084373757dff0.txt,C:\Users\yys\Desktop\风机\wind-fault-detection-platform\hard_cases\new_corrosion_samples\train_transformed36_jpg.rf.648d28fbaf20a47934b084373757dff0.jpg,Erosion;Good
C:\Wind Turbine blades.v2-1111.yolov8\train\images\transformed36_jpg.rf.74fcf3bfdce05d4b858876f8d652a83e.jpg,C:\Wind Turbine blades.v2-1111.yolov8\train\labels\transformed36_jpg.rf.74fcf3bfdce05d4b858876f8d652a83e.txt,C:\Users\yys\Desktop\风机\wind-fault-detection-platform\hard_cases\new_corrosion_samples\train_transformed36_jpg.rf.74fcf3bfdce05d4b858876f8d652a83e.jpg,Erosion;Good
C:\Wind Turbine blades.v2-1111.yolov8\train\images\transformed36_jpg.rf.fd704a93fda8261a6a05283f6f06d6d2.jpg,C:\Wind Turbine blades.v2-1111.yolov8\train\labels\transformed36_jpg.rf.fd704a93fda8261a6a05283f6f06d6d2.txt,C:\Users\yys\Desktop\风机\wind-fault-detection-platform\hard_cases\new_corrosion_samples\train_transformed36_jpg.rf.fd704a93fda8261a6a05283f6f06d6d2.jpg,Erosion;Good
C:\Wind Turbine blades.v2-1111.yolov8\train\images\transformed37_jpg.rf.1c20b4dde518c1432863403cc24f6c26.jpg,C:\Wind Turbine blades.v2-1111.yolov8\train\labels\transformed37_jpg.rf.1c20b4dde518c1432863403cc24f6c26.txt,C:\Users\yys\Desktop\风机\wind-fault-detection-platform\hard_cases\new_corrosion_samples\train_transformed37_jpg.rf.1c20b4dde518c1432863403cc24f6c26.jpg,Crack;Erosion
C:\Wind Turbine blades.v2-1111.yolov8\train\images\transformed37_jpg.rf.1c20b4dde518c1432863403cc24f6c26.jpg,C:\Wind Turbine blades.v2-1111.yolov8\train\labels\transformed37_jpg.rf.1c20b4dde518c1432863403cc24f6c26.txt,C:\Users\yys\Desktop\风机\wind-fault-detection-platform\hard_cases\new_small_defect_samples\train_transformed37_jpg.rf.1c20b4dde518c1432863403cc24f6c26.jpg,Crack;Erosion
C:\Wind Turbine blades.v2-1111.yolov8\train\images\transformed37_jpg.rf.e0b7194c7cccea4f78de212f1c7ad27e.jpg,C:\Wind Turbine blades.v2-1111.yolov8\train\labels\transformed37_jpg.rf.e0b7194c7cccea4f78de212f1c7ad27e.txt,C:\Users\yys\Desktop\风机\wind-fault-detection-platform\hard_cases\new_corrosion_samples\train_transformed37_jpg.rf.e0b7194c7cccea4f78de212f1c7ad27e.jpg,Crack;Erosion
C:\Wind Turbine blades.v2-1111.yolov8\train\images\transformed37_jpg.rf.e0b7194c7cccea4f78de212f1c7ad27e.jpg,C:\Wind Turbine blades.v2-1111.yolov8\train\labels\transformed37_jpg.rf.e0b7194c7cccea4f78de212f1c7ad27e.txt,C:\Users\yys\Desktop\风机\wind-fault-detection-platform\hard_cases\new_small_defect_samples\train_transformed37_jpg.rf.e0b7194c7cccea4f78de212f1c7ad27e.jpg,Crack;Erosion
C:\Wind Turbine blades.v2-1111.yolov8\train\images\transformed38_jpg.rf.1bc909ba9eb3f1f364b379bca304b395.jpg,C:\Wind Turbine blades.v2-1111.yolov8\train\labels\transformed38_jpg.rf.1bc909ba9eb3f1f364b379bca304b395.txt,C:\Users\yys\Desktop\风机\wind-fault-detection-platform\hard_cases\new_corrosion_samples\train_transformed38_jpg.rf.1bc909ba9eb3f1f364b379bca304b395.jpg,Crack;Erosion;Good
C:\Wind Turbine blades.v2-1111.yolov8\train\images\transformed38_jpg.rf.1bc909ba9eb3f1f364b379bca304b395.jpg,C:\Wind Turbine blades.v2-1111.yolov8\train\labels\transformed38_jpg.rf.1bc909ba9eb3f1f364b379bca304b395.txt,C:\Users\yys\Desktop\风机\wind-fault-detection-platform\hard_cases\new_small_defect_samples\train_transformed38_jpg.rf.1bc909ba9eb3f1f364b379bca304b395.jpg,Crack;Erosion;Good
C:\Wind Turbine blades.v2-1111.yolov8\train\images\transformed38_jpg.rf.53ecfb64226bf70caf531743a890d191.jpg,C:\Wind Turbine blades.v2-1111.yolov8\train\labels\transformed38_jpg.rf.53ecfb64226bf70caf531743a890d191.txt,C:\Users\yys\Desktop\风机\wind-fault-detection-platform\hard_cases\new_corrosion_samples\train_transformed38_jpg.rf.53ecfb64226bf70caf531743a890d191.jpg,Erosion;Good
C:\Wind Turbine blades.v2-1111.yolov8\train\images\transformed39_jpg.rf.5e9b3f2e8a4bcdb2fe109062a8a8010d.jpg,C:\Wind Turbine blades.v2-1111.yolov8\train\labels\transformed39_jpg.rf.5e9b3f2e8a4bcdb2fe109062a8a8010d.txt,C:\Users\yys\Desktop\风机\wind-fault-detection-platform\hard_cases\new_corrosion_samples\train_transformed39_jpg.rf.5e9b3f2e8a4bcdb2fe109062a8a8010d.jpg,Crack;Erosion;Good
C:\Wind Turbine blades.v2-1111.yolov8\train\images\transformed39_jpg.rf.5e9b3f2e8a4bcdb2fe109062a8a8010d.jpg,C:\Wind Turbine blades.v2-1111.yolov8\train\labels\transformed39_jpg.rf.5e9b3f2e8a4bcdb2fe109062a8a8010d.txt,C:\Users\yys\Desktop\风机\wind-fault-detection-platform\hard_cases\new_small_defect_samples\train_transformed39_jpg.rf.5e9b3f2e8a4bcdb2fe109062a8a8010d.jpg,Crack;Erosion;Good
C:\Wind Turbine blades.v2-1111.yolov8\train\images\transformed39_jpg.rf.fe78abc1fce511173a16a6b0ea42e13b.jpg,C:\Wind Turbine blades.v2-1111.yolov8\train\labels\transformed39_jpg.rf.fe78abc1fce511173a16a6b0ea42e13b.txt,C:\Users\yys\Desktop\风机\wind-fault-detection-platform\hard_cases\new_corrosion_samples\train_transformed39_jpg.rf.fe78abc1fce511173a16a6b0ea42e13b.jpg,Crack;Erosion;Good
C:\Wind Turbine blades.v2-1111.yolov8\train\images\transformed39_jpg.rf.fe78abc1fce511173a16a6b0ea42e13b.jpg,C:\Wind Turbine blades.v2-1111.yolov8\train\labels\transformed39_jpg.rf.fe78abc1fce511173a16a6b0ea42e13b.txt,C:\Users\yys\Desktop\风机\wind-fault-detection-platform\hard_cases\new_small_defect_samples\train_transformed39_jpg.rf.fe78abc1fce511173a16a6b0ea42e13b.jpg,Crack;Erosion;Good
C:\Wind Turbine blades.v2-1111.yolov8\train\images\transformed3_jpg.rf.2cee5f5573275a58681a19594fe864be.jpg,C:\Wind Turbine blades.v2-1111.yolov8\train\labels\transformed3_jpg.rf.2cee5f5573275a58681a19594fe864be.txt,C:\Users\yys\Desktop\风机\wind-fault-detection-platform\hard_cases\new_corrosion_samples\train_transformed3_jpg.rf.2cee5f5573275a58681a19594fe864be.jpg,Erosion;Good
C:\Wind Turbine blades.v2-1111.yolov8\train\images\transformed3_jpg.rf.aec93c8f4eb9dd31daec84aad9ebde35.jpg,C:\Wind Turbine blades.v2-1111.yolov8\train\labels\transformed3_jpg.rf.aec93c8f4eb9dd31daec84aad9ebde35.txt,C:\Users\yys\Desktop\风机\wind-fault-detection-platform\hard_cases\new_corrosion_samples\train_transformed3_jpg.rf.aec93c8f4eb9dd31daec84aad9ebde35.jpg,Erosion;Good
C:\Wind Turbine blades.v2-1111.yolov8\train\images\transformed3_jpg.rf.e4894d6c2492905d33cbbb891b44268e.jpg,C:\Wind Turbine blades.v2-1111.yolov8\train\labels\transformed3_jpg.rf.e4894d6c2492905d33cbbb891b44268e.txt,C:\Users\yys\Desktop\风机\wind-fault-detection-platform\hard_cases\new_small_defect_samples\train_transformed3_jpg.rf.e4894d6c2492905d33cbbb891b44268e.jpg,Crack;Good
C:\Wind Turbine blades.v2-1111.yolov8\train\images\transformed4-Copy-2-_jpg.rf.34ffc24bf14b02ba4e3e2c309bcd76ac.jpg,C:\Wind Turbine blades.v2-1111.yolov8\train\labels\transformed4-Copy-2-_jpg.rf.34ffc24bf14b02ba4e3e2c309bcd76ac.txt,C:\Users\yys\Desktop\风机\wind-fault-detection-platform\hard_cases\new_small_defect_samples\train_transformed4-Copy-2-_jpg.rf.34ffc24bf14b02ba4e3e2c309bcd76ac.jpg,Good;MechanicalDamage
C:\Wind Turbine blades.v2-1111.yolov8\train\images\transformed4-Copy-2-_jpg.rf.710f25b95f5d72b133de31487049df5c.jpg,C:\Wind Turbine blades.v2-1111.yolov8\train\labels\transformed4-Copy-2-_jpg.rf.710f25b95f5d72b133de31487049df5c.txt,C:\Users\yys\Desktop\风机\wind-fault-detection-platform\hard_cases\new_small_defect_samples\train_transformed4-Copy-2-_jpg.rf.710f25b95f5d72b133de31487049df5c.jpg,Good;MechanicalDamage
C:\Wind Turbine blades.v2-1111.yolov8\train\images\transformed40_jpg.rf.dc20766f68439d4b655396faa4ab723b.jpg,C:\Wind Turbine blades.v2-1111.yolov8\train\labels\transformed40_jpg.rf.dc20766f68439d4b655396faa4ab723b.txt,C:\Users\yys\Desktop\风机\wind-fault-detection-platform\hard_cases\new_corrosion_samples\train_transformed40_jpg.rf.dc20766f68439d4b655396faa4ab723b.jpg,Crack;Erosion;Good
C:\Wind Turbine blades.v2-1111.yolov8\train\images\transformed40_jpg.rf.dc20766f68439d4b655396faa4ab723b.jpg,C:\Wind Turbine blades.v2-1111.yolov8\train\labels\transformed40_jpg.rf.dc20766f68439d4b655396faa4ab723b.txt,C:\Users\yys\Desktop\风机\wind-fault-detection-platform\hard_cases\new_small_defect_samples\train_transformed40_jpg.rf.dc20766f68439d4b655396faa4ab723b.jpg,Crack;Erosion;Good
C:\Wind Turbine blades.v2-1111.yolov8\train\images\transformed41_jpg.rf.b3dbe6cd79eded5b2e37265dce22ae93.jpg,C:\Wind Turbine blades.v2-1111.yolov8\train\labels\transformed41_jpg.rf.b3dbe6cd79eded5b2e37265dce22ae93.txt,C:\Users\yys\Desktop\风机\wind-fault-detection-platform\hard_cases\new_corrosion_samples\train_transformed41_jpg.rf.b3dbe6cd79eded5b2e37265dce22ae93.jpg,Crack;Erosion;Good
C:\Wind Turbine blades.v2-1111.yolov8\train\images\transformed41_jpg.rf.b3dbe6cd79eded5b2e37265dce22ae93.jpg,C:\Wind Turbine blades.v2-1111.yolov8\train\labels\transformed41_jpg.rf.b3dbe6cd79eded5b2e37265dce22ae93.txt,C:\Users\yys\Desktop\风机\wind-fault-detection-platform\hard_cases\new_small_defect_samples\train_transformed41_jpg.rf.b3dbe6cd79eded5b2e37265dce22ae93.jpg,Crack;Erosion;Good
C:\Wind Turbine blades.v2-1111.yolov8\train\images\transformed42_jpg.rf.36590ca65de5672bb9de3021bd46f06c.jpg,C:\Wind Turbine blades.v2-1111.yolov8\train\labels\transformed42_jpg.rf.36590ca65de5672bb9de3021bd46f06c.txt,C:\Users\yys\Desktop\风机\wind-fault-detection-platform\hard_cases\new_corrosion_samples\train_transformed42_jpg.rf.36590ca65de5672bb9de3021bd46f06c.jpg,Crack;Erosion;Good
C:\Wind Turbine blades.v2-1111.yolov8\train\images\transformed42_jpg.rf.36590ca65de5672bb9de3021bd46f06c.jpg,C:\Wind Turbine blades.v2-1111.yolov8\train\labels\transformed42_jpg.rf.36590ca65de5672bb9de3021bd46f06c.txt,C:\Users\yys\Desktop\风机\wind-fault-detection-platform\hard_cases\new_small_defect_samples\train_transformed42_jpg.rf.36590ca65de5672bb9de3021bd46f06c.jpg,Crack;Erosion;Good
C:\Wind Turbine blades.v2-1111.yolov8\train\images\transformed42_jpg.rf.7d4531c10f0e362053b6386460f70df2.jpg,C:\Wind Turbine blades.v2-1111.yolov8\train\labels\transformed42_jpg.rf.7d4531c10f0e362053b6386460f70df2.txt,C:\Users\yys\Desktop\风机\wind-fault-detection-platform\hard_cases\new_corrosion_samples\train_transformed42_jpg.rf.7d4531c10f0e362053b6386460f70df2.jpg,Crack;Erosion;Good
C:\Wind Turbine blades.v2-1111.yolov8\train\images\transformed42_jpg.rf.7d4531c10f0e362053b6386460f70df2.jpg,C:\Wind Turbine blades.v2-1111.yolov8\train\labels\transformed42_jpg.rf.7d4531c10f0e362053b6386460f70df2.txt,C:\Users\yys\Desktop\风机\wind-fault-detection-platform\hard_cases\new_small_defect_samples\train_transformed42_jpg.rf.7d4531c10f0e362053b6386460f70df2.jpg,Crack;Erosion;Good
C:\Wind Turbine blades.v2-1111.yolov8\train\images\transformed43_jpg.rf.6f33dfccafab862f5f8f2f8b0c884971.jpg,C:\Wind Turbine blades.v2-1111.yolov8\train\labels\transformed43_jpg.rf.6f33dfccafab862f5f8f2f8b0c884971.txt,C:\Users\yys\Desktop\风机\wind-fault-detection-platform\hard_cases\new_corrosion_samples\train_transformed43_jpg.rf.6f33dfccafab862f5f8f2f8b0c884971.jpg,Crack;Erosion;Good
C:\Wind Turbine blades.v2-1111.yolov8\train\images\transformed43_jpg.rf.6f33dfccafab862f5f8f2f8b0c884971.jpg,C:\Wind Turbine blades.v2-1111.yolov8\train\labels\transformed43_jpg.rf.6f33dfccafab862f5f8f2f8b0c884971.txt,C:\Users\yys\Desktop\风机\wind-fault-detection-platform\hard_cases\new_small_defect_samples\train_transformed43_jpg.rf.6f33dfccafab862f5f8f2f8b0c884971.jpg,Crack;Erosion;Good
C:\Wind Turbine blades.v2-1111.yolov8\train\images\transformed44_jpg.rf.4af3133ee3e4b0686e5e8598def64464.jpg,C:\Wind Turbine blades.v2-1111.yolov8\train\labels\transformed44_jpg.rf.4af3133ee3e4b0686e5e8598def64464.txt,C:\Users\yys\Desktop\风机\wind-fault-detection-platform\hard_cases\new_corrosion_samples\train_transformed44_jpg.rf.4af3133ee3e4b0686e5e8598def64464.jpg,Crack;Erosion
C:\Wind Turbine blades.v2-1111.yolov8\train\images\transformed44_jpg.rf.4af3133ee3e4b0686e5e8598def64464.jpg,C:\Wind Turbine blades.v2-1111.yolov8\train\labels\transformed44_jpg.rf.4af3133ee3e4b0686e5e8598def64464.txt,C:\Users\yys\Desktop\风机\wind-fault-detection-platform\hard_cases\new_small_defect_samples\train_transformed44_jpg.rf.4af3133ee3e4b0686e5e8598def64464.jpg,Crack;Erosion
C:\Wind Turbine blades.v2-1111.yolov8\train\images\transformed44_jpg.rf.565a004a582b73c0f2b392f68d4b25fa.jpg,C:\Wind Turbine blades.v2-1111.yolov8\train\labels\transformed44_jpg.rf.565a004a582b73c0f2b392f68d4b25fa.txt,C:\Users\yys\Desktop\风机\wind-fault-detection-platform\hard_cases\new_corrosion_samples\train_transformed44_jpg.rf.565a004a582b73c0f2b392f68d4b25fa.jpg,Crack;Erosion
C:\Wind Turbine blades.v2-1111.yolov8\train\images\transformed44_jpg.rf.565a004a582b73c0f2b392f68d4b25fa.jpg,C:\Wind Turbine blades.v2-1111.yolov8\train\labels\transformed44_jpg.rf.565a004a582b73c0f2b392f68d4b25fa.txt,C:\Users\yys\Desktop\风机\wind-fault-detection-platform\hard_cases\new_small_defect_samples\train_transformed44_jpg.rf.565a004a582b73c0f2b392f68d4b25fa.jpg,Crack;Erosion
C:\Wind Turbine blades.v2-1111.yolov8\train\images\transformed45_jpg.rf.c350f0d2ea8a9bdfeaae1c63339f1a65.jpg,C:\Wind Turbine blades.v2-1111.yolov8\train\labels\transformed45_jpg.rf.c350f0d2ea8a9bdfeaae1c63339f1a65.txt,C:\Users\yys\Desktop\风机\wind-fault-detection-platform\hard_cases\new_corrosion_samples\train_transformed45_jpg.rf.c350f0d2ea8a9bdfeaae1c63339f1a65.jpg,Crack;Erosion;Good
C:\Wind Turbine blades.v2-1111.yolov8\train\images\transformed45_jpg.rf.c350f0d2ea8a9bdfeaae1c63339f1a65.jpg,C:\Wind Turbine blades.v2-1111.yolov8\train\labels\transformed45_jpg.rf.c350f0d2ea8a9bdfeaae1c63339f1a65.txt,C:\Users\yys\Desktop\风机\wind-fault-detection-platform\hard_cases\new_small_defect_samples\train_transformed45_jpg.rf.c350f0d2ea8a9bdfeaae1c63339f1a65.jpg,Crack;Erosion;Good
C:\Wind Turbine blades.v2-1111.yolov8\train\images\transformed46_jpg.rf.eda93dab5d993f25427747c0cad4f74d.jpg,C:\Wind Turbine blades.v2-1111.yolov8\train\labels\transformed46_jpg.rf.eda93dab5d993f25427747c0cad4f74d.txt,C:\Users\yys\Desktop\风机\wind-fault-detection-platform\hard_cases\new_corrosion_samples\train_transformed46_jpg.rf.eda93dab5d993f25427747c0cad4f74d.jpg,Crack;Erosion;Good
C:\Wind Turbine blades.v2-1111.yolov8\train\images\transformed46_jpg.rf.eda93dab5d993f25427747c0cad4f74d.jpg,C:\Wind Turbine blades.v2-1111.yolov8\train\labels\transformed46_jpg.rf.eda93dab5d993f25427747c0cad4f74d.txt,C:\Users\yys\Desktop\风机\wind-fault-detection-platform\hard_cases\new_small_defect_samples\train_transformed46_jpg.rf.eda93dab5d993f25427747c0cad4f74d.jpg,Crack;Erosion;Good
C:\Wind Turbine blades.v2-1111.yolov8\train\images\transformed48-Copy_jpg.rf.913bdcff37ed05415e2272efce6431f7.jpg,C:\Wind Turbine blades.v2-1111.yolov8\train\labels\transformed48-Copy_jpg.rf.913bdcff37ed05415e2272efce6431f7.txt,C:\Users\yys\Desktop\风机\wind-fault-detection-platform\hard_cases\new_small_defect_samples\train_transformed48-Copy_jpg.rf.913bdcff37ed05415e2272efce6431f7.jpg,Crack;Good
C:\Wind Turbine blades.v2-1111.yolov8\train\images\transformed48-Copy_jpg.rf.f16c199c4c7f18f7a88eb9d6a2957717.jpg,C:\Wind Turbine blades.v2-1111.yolov8\train\labels\transformed48-Copy_jpg.rf.f16c199c4c7f18f7a88eb9d6a2957717.txt,C:\Users\yys\Desktop\风机\wind-fault-detection-platform\hard_cases\new_small_defect_samples\train_transformed48-Copy_jpg.rf.f16c199c4c7f18f7a88eb9d6a2957717.jpg,Crack;Good
C:\Wind Turbine blades.v2-1111.yolov8\train\images\transformed4_jpg.rf.2e3dee22176fae6b77c7ce01c8060856.jpg,C:\Wind Turbine blades.v2-1111.yolov8\train\labels\transformed4_jpg.rf.2e3dee22176fae6b77c7ce01c8060856.txt,C:\Users\yys\Desktop\风机\wind-fault-detection-platform\hard_cases\new_small_defect_samples\train_transformed4_jpg.rf.2e3dee22176fae6b77c7ce01c8060856.jpg,Crack;Good
C:\Wind Turbine blades.v2-1111.yolov8\train\images\transformed4_jpg.rf.8aa47721fb5ba730f5d0e90890b1a208.jpg,C:\Wind Turbine blades.v2-1111.yolov8\train\labels\transformed4_jpg.rf.8aa47721fb5ba730f5d0e90890b1a208.txt,C:\Users\yys\Desktop\风机\wind-fault-detection-platform\hard_cases\new_corrosion_samples\train_transformed4_jpg.rf.8aa47721fb5ba730f5d0e90890b1a208.jpg,Erosion
C:\Wind Turbine blades.v2-1111.yolov8\train\images\transformed4_jpg.rf.e431a6c5a0bc370923191f4ad9838ff0.jpg,C:\Wind Turbine blades.v2-1111.yolov8\train\labels\transformed4_jpg.rf.e431a6c5a0bc370923191f4ad9838ff0.txt,C:\Users\yys\Desktop\风机\wind-fault-detection-platform\hard_cases\new_small_defect_samples\train_transformed4_jpg.rf.e431a6c5a0bc370923191f4ad9838ff0.jpg,Crack;Good
C:\Wind Turbine blades.v2-1111.yolov8\train\images\transformed4_jpg.rf.ef0feb17cca8d4f3668cfeac1b71e77b.jpg,C:\Wind Turbine blades.v2-1111.yolov8\train\labels\transformed4_jpg.rf.ef0feb17cca8d4f3668cfeac1b71e77b.txt,C:\Users\yys\Desktop\风机\wind-fault-detection-platform\hard_cases\new_small_defect_samples\train_transformed4_jpg.rf.ef0feb17cca8d4f3668cfeac1b71e77b.jpg,Crack;Good
C:\Wind Turbine blades.v2-1111.yolov8\train\images\transformed5-Copy-2-_jpg.rf.87fad2042514b29b3e06c20fd60b91b6.jpg,C:\Wind Turbine blades.v2-1111.yolov8\train\labels\transformed5-Copy-2-_jpg.rf.87fad2042514b29b3e06c20fd60b91b6.txt,C:\Users\yys\Desktop\风机\wind-fault-detection-platform\hard_cases\new_small_defect_samples\train_transformed5-Copy-2-_jpg.rf.87fad2042514b29b3e06c20fd60b91b6.jpg,Good;MechanicalDamage
C:\Wind Turbine blades.v2-1111.yolov8\train\images\transformed5-Copy-2-_jpg.rf.ef72e328a5194855b850fc1f3eba8a27.jpg,C:\Wind Turbine blades.v2-1111.yolov8\train\labels\transformed5-Copy-2-_jpg.rf.ef72e328a5194855b850fc1f3eba8a27.txt,C:\Users\yys\Desktop\风机\wind-fault-detection-platform\hard_cases\new_small_defect_samples\train_transformed5-Copy-2-_jpg.rf.ef72e328a5194855b850fc1f3eba8a27.jpg,Good;MechanicalDamage
C:\Wind Turbine blades.v2-1111.yolov8\train\images\transformed5_jpg.rf.34e4a3851590176e80aefd6c47e5b65b.jpg,C:\Wind Turbine blades.v2-1111.yolov8\train\labels\transformed5_jpg.rf.34e4a3851590176e80aefd6c47e5b65b.txt,C:\Users\yys\Desktop\风机\wind-fault-detection-platform\hard_cases\new_small_defect_samples\train_transformed5_jpg.rf.34e4a3851590176e80aefd6c47e5b65b.jpg,Crack;Good
C:\Wind Turbine blades.v2-1111.yolov8\train\images\transformed5_jpg.rf.a24f93374b58ea696e8ef30341b2cd9a.jpg,C:\Wind Turbine blades.v2-1111.yolov8\train\labels\transformed5_jpg.rf.a24f93374b58ea696e8ef30341b2cd9a.txt,C:\Users\yys\Desktop\风机\wind-fault-detection-platform\hard_cases\new_small_defect_samples\train_transformed5_jpg.rf.a24f93374b58ea696e8ef30341b2cd9a.jpg,Crack;Good
C:\Wind Turbine blades.v2-1111.yolov8\train\images\transformed5_jpg.rf.cc61b887b655c61fdd20c9eecc3b55ad.jpg,C:\Wind Turbine blades.v2-1111.yolov8\train\labels\transformed5_jpg.rf.cc61b887b655c61fdd20c9eecc3b55ad.txt,C:\Users\yys\Desktop\风机\wind-fault-detection-platform\hard_cases\new_corrosion_samples\train_transformed5_jpg.rf.cc61b887b655c61fdd20c9eecc3b55ad.jpg,Erosion
C:\Wind Turbine blades.v2-1111.yolov8\train\images\transformed5_jpg.rf.eddbcccf2ed920823410256585e8c4ce.jpg,C:\Wind Turbine blades.v2-1111.yolov8\train\labels\transformed5_jpg.rf.eddbcccf2ed920823410256585e8c4ce.txt,C:\Users\yys\Desktop\风机\wind-fault-detection-platform\hard_cases\new_corrosion_samples\train_transformed5_jpg.rf.eddbcccf2ed920823410256585e8c4ce.jpg,Erosion
C:\Wind Turbine blades.v2-1111.yolov8\train\images\transformed6-Copy-2-_jpg.rf.771eb2e25987a68d860e7e6d912121ed.jpg,C:\Wind Turbine blades.v2-1111.yolov8\train\labels\transformed6-Copy-2-_jpg.rf.771eb2e25987a68d860e7e6d912121ed.txt,C:\Users\yys\Desktop\风机\wind-fault-detection-platform\hard_cases\new_small_defect_samples\train_transformed6-Copy-2-_jpg.rf.771eb2e25987a68d860e7e6d912121ed.jpg,Good;MechanicalDamage
C:\Wind Turbine blades.v2-1111.yolov8\train\images\transformed6-Copy-2-_jpg.rf.a6ad55b0b7ad61eab30bf919696bd166.jpg,C:\Wind Turbine blades.v2-1111.yolov8\train\labels\transformed6-Copy-2-_jpg.rf.a6ad55b0b7ad61eab30bf919696bd166.txt,C:\Users\yys\Desktop\风机\wind-fault-detection-platform\hard_cases\new_small_defect_samples\train_transformed6-Copy-2-_jpg.rf.a6ad55b0b7ad61eab30bf919696bd166.jpg,Good;MechanicalDamage
C:\Wind Turbine blades.v2-1111.yolov8\train\images\transformed6_jpg.rf.3fc6464723e6af6b8268a81def14a920.jpg,C:\Wind Turbine blades.v2-1111.yolov8\train\labels\transformed6_jpg.rf.3fc6464723e6af6b8268a81def14a920.txt,C:\Users\yys\Desktop\风机\wind-fault-detection-platform\hard_cases\new_corrosion_samples\train_transformed6_jpg.rf.3fc6464723e6af6b8268a81def14a920.jpg,Erosion;Good
C:\Wind Turbine blades.v2-1111.yolov8\train\images\transformed6_jpg.rf.5391b688e0787613157fc80c955ae907.jpg,C:\Wind Turbine blades.v2-1111.yolov8\train\labels\transformed6_jpg.rf.5391b688e0787613157fc80c955ae907.txt,C:\Users\yys\Desktop\风机\wind-fault-detection-platform\hard_cases\new_small_defect_samples\train_transformed6_jpg.rf.5391b688e0787613157fc80c955ae907.jpg,Crack;Good
C:\Wind Turbine blades.v2-1111.yolov8\train\images\transformed6_jpg.rf.7041132ad31d8fcfffd016d42e1fb766.jpg,C:\Wind Turbine blades.v2-1111.yolov8\train\labels\transformed6_jpg.rf.7041132ad31d8fcfffd016d42e1fb766.txt,C:\Users\yys\Desktop\风机\wind-fault-detection-platform\hard_cases\new_small_defect_samples\train_transformed6_jpg.rf.7041132ad31d8fcfffd016d42e1fb766.jpg,Crack;Good
C:\Wind Turbine blades.v2-1111.yolov8\train\images\transformed7-Copy-2-_jpg.rf.c3795d4a093a86de712d151d1a89fc47.jpg,C:\Wind Turbine blades.v2-1111.yolov8\train\labels\transformed7-Copy-2-_jpg.rf.c3795d4a093a86de712d151d1a89fc47.txt,C:\Users\yys\Desktop\风机\wind-fault-detection-platform\hard_cases\new_small_defect_samples\train_transformed7-Copy-2-_jpg.rf.c3795d4a093a86de712d151d1a89fc47.jpg,Good;MechanicalDamage
C:\Wind Turbine blades.v2-1111.yolov8\train\images\transformed7-Copy-2-_jpg.rf.f486fb5bef592b075e167f076c790c3a.jpg,C:\Wind Turbine blades.v2-1111.yolov8\train\labels\transformed7-Copy-2-_jpg.rf.f486fb5bef592b075e167f076c790c3a.txt,C:\Users\yys\Desktop\风机\wind-fault-detection-platform\hard_cases\new_small_defect_samples\train_transformed7-Copy-2-_jpg.rf.f486fb5bef592b075e167f076c790c3a.jpg,Good;MechanicalDamage
C:\Wind Turbine blades.v2-1111.yolov8\train\images\transformed7_jpg.rf.5399d9dd1ae333ea2c161af0475ef813.jpg,C:\Wind Turbine blades.v2-1111.yolov8\train\labels\transformed7_jpg.rf.5399d9dd1ae333ea2c161af0475ef813.txt,C:\Users\yys\Desktop\风机\wind-fault-detection-platform\hard_cases\new_small_defect_samples\train_transformed7_jpg.rf.5399d9dd1ae333ea2c161af0475ef813.jpg,Crack;Good
C:\Wind Turbine blades.v2-1111.yolov8\train\images\transformed7_jpg.rf.b3c20b0db53a75ffd78d2939df681489.jpg,C:\Wind Turbine blades.v2-1111.yolov8\train\labels\transformed7_jpg.rf.b3c20b0db53a75ffd78d2939df681489.txt,C:\Users\yys\Desktop\风机\wind-fault-detection-platform\hard_cases\new_corrosion_samples\train_transformed7_jpg.rf.b3c20b0db53a75ffd78d2939df681489.jpg,Erosion
C:\Wind Turbine blades.v2-1111.yolov8\train\images\transformed7_jpg.rf.e15be713429210e7ecaddede03b555db.jpg,C:\Wind Turbine blades.v2-1111.yolov8\train\labels\transformed7_jpg.rf.e15be713429210e7ecaddede03b555db.txt,C:\Users\yys\Desktop\风机\wind-fault-detection-platform\hard_cases\new_corrosion_samples\train_transformed7_jpg.rf.e15be713429210e7ecaddede03b555db.jpg,Erosion
C:\Wind Turbine blades.v2-1111.yolov8\train\images\transformed8-Copy-2-_jpg.rf.0472aa08ced0e3fd1665be284f74c0ad.jpg,C:\Wind Turbine blades.v2-1111.yolov8\train\labels\transformed8-Copy-2-_jpg.rf.0472aa08ced0e3fd1665be284f74c0ad.txt,C:\Users\yys\Desktop\风机\wind-fault-detection-platform\hard_cases\new_small_defect_samples\train_transformed8-Copy-2-_jpg.rf.0472aa08ced0e3fd1665be284f74c0ad.jpg,Good;MechanicalDamage
C:\Wind Turbine blades.v2-1111.yolov8\train\images\transformed8-Copy-2-_jpg.rf.41241ce416d9ab214b4e311d390598ab.jpg,C:\Wind Turbine blades.v2-1111.yolov8\train\labels\transformed8-Copy-2-_jpg.rf.41241ce416d9ab214b4e311d390598ab.txt,C:\Users\yys\Desktop\风机\wind-fault-detection-platform\hard_cases\new_small_defect_samples\train_transformed8-Copy-2-_jpg.rf.41241ce416d9ab214b4e311d390598ab.jpg,Good;MechanicalDamage
C:\Wind Turbine blades.v2-1111.yolov8\train\images\transformed8_jpg.rf.3d28622b9eef671cb9ca8a66eec5bdff.jpg,C:\Wind Turbine blades.v2-1111.yolov8\train\labels\transformed8_jpg.rf.3d28622b9eef671cb9ca8a66eec5bdff.txt,C:\Users\yys\Desktop\风机\wind-fault-detection-platform\hard_cases\new_small_defect_samples\train_transformed8_jpg.rf.3d28622b9eef671cb9ca8a66eec5bdff.jpg,Crack;Good
C:\Wind Turbine blades.v2-1111.yolov8\train\images\transformed8_jpg.rf.79224eee99b5737454ca7a0650a40be4.jpg,C:\Wind Turbine blades.v2-1111.yolov8\train\labels\transformed8_jpg.rf.79224eee99b5737454ca7a0650a40be4.txt,C:\Users\yys\Desktop\风机\wind-fault-detection-platform\hard_cases\new_small_defect_samples\train_transformed8_jpg.rf.79224eee99b5737454ca7a0650a40be4.jpg,Crack;Good
C:\Wind Turbine blades.v2-1111.yolov8\train\images\transformed8_jpg.rf.a4c65786c25afce5f070045f5f512a3f.jpg,C:\Wind Turbine blades.v2-1111.yolov8\train\labels\transformed8_jpg.rf.a4c65786c25afce5f070045f5f512a3f.txt,C:\Users\yys\Desktop\风机\wind-fault-detection-platform\hard_cases\new_corrosion_samples\train_transformed8_jpg.rf.a4c65786c25afce5f070045f5f512a3f.jpg,Erosion;Good
C:\Wind Turbine blades.v2-1111.yolov8\train\images\transformed8_jpg.rf.d1b2dcc389d621da1bf34f556ba2aa81.jpg,C:\Wind Turbine blades.v2-1111.yolov8\train\labels\transformed8_jpg.rf.d1b2dcc389d621da1bf34f556ba2aa81.txt,C:\Users\yys\Desktop\风机\wind-fault-detection-platform\hard_cases\new_small_defect_samples\train_transformed8_jpg.rf.d1b2dcc389d621da1bf34f556ba2aa81.jpg,Crack;Good
C:\Wind Turbine blades.v2-1111.yolov8\train\images\transformed9_jpg.rf.1e8fe8cba682d39563b0126b54d9a836.jpg,C:\Wind Turbine blades.v2-1111.yolov8\train\labels\transformed9_jpg.rf.1e8fe8cba682d39563b0126b54d9a836.txt,C:\Users\yys\Desktop\风机\wind-fault-detection-platform\hard_cases\new_small_defect_samples\train_transformed9_jpg.rf.1e8fe8cba682d39563b0126b54d9a836.jpg,Crack;Good
C:\Wind Turbine blades.v2-1111.yolov8\train\images\transformed9_jpg.rf.7573ff308748cfe73a67c9bd8e94cdf2.jpg,C:\Wind Turbine blades.v2-1111.yolov8\train\labels\transformed9_jpg.rf.7573ff308748cfe73a67c9bd8e94cdf2.txt,C:\Users\yys\Desktop\风机\wind-fault-detection-platform\hard_cases\new_corrosion_samples\train_transformed9_jpg.rf.7573ff308748cfe73a67c9bd8e94cdf2.jpg,Erosion;Good
C:\Wind Turbine blades.v2-1111.yolov8\train\images\transformed9_jpg.rf.97a3fc6c0dfdfd7bf5a390700db14b8d.jpg,C:\Wind Turbine blades.v2-1111.yolov8\train\labels\transformed9_jpg.rf.97a3fc6c0dfdfd7bf5a390700db14b8d.txt,C:\Users\yys\Desktop\风机\wind-fault-detection-platform\hard_cases\new_corrosion_samples\train_transformed9_jpg.rf.97a3fc6c0dfdfd7bf5a390700db14b8d.jpg,Erosion;Good
C:\Wind Turbine blades.v2-1111.yolov8\train\images\transformed9_jpg.rf.c48e051471d229400d654fac7e842e77.jpg,C:\Wind Turbine blades.v2-1111.yolov8\train\labels\transformed9_jpg.rf.c48e051471d229400d654fac7e842e77.txt,C:\Users\yys\Desktop\风机\wind-fault-detection-platform\hard_cases\new_small_defect_samples\train_transformed9_jpg.rf.c48e051471d229400d654fac7e842e77.jpg,Crack;Good
C:\Wind Turbine blades.v2-1111.yolov8\train\images\transformedDJI_0193_jpg.rf.784b20306684f0e314b13aacd8fe93d5.jpg,C:\Wind Turbine blades.v2-1111.yolov8\train\labels\transformedDJI_0193_jpg.rf.784b20306684f0e314b13aacd8fe93d5.txt,C:\Users\yys\Desktop\风机\wind-fault-detection-platform\hard_cases\negative_samples\train_transformedDJI_0193_jpg.rf.784b20306684f0e314b13aacd8fe93d5.jpg,Good
C:\Wind Turbine blades.v2-1111.yolov8\train\images\transformedDJI_0193_jpg.rf.b3f0090bd14d472ce039ca18ff12854d.jpg,C:\Wind Turbine blades.v2-1111.yolov8\train\labels\transformedDJI_0193_jpg.rf.b3f0090bd14d472ce039ca18ff12854d.txt,C:\Users\yys\Desktop\风机\wind-fault-detection-platform\hard_cases\negative_samples\train_transformedDJI_0193_jpg.rf.b3f0090bd14d472ce039ca18ff12854d.jpg,Good
C:\Wind Turbine blades.v2-1111.yolov8\train\images\transformedDJI_0193_jpg.rf.e8e03b07ed17d18bef68f27d0aa523b6.jpg,C:\Wind Turbine blades.v2-1111.yolov8\train\labels\transformedDJI_0193_jpg.rf.e8e03b07ed17d18bef68f27d0aa523b6.txt,C:\Users\yys\Desktop\风机\wind-fault-detection-platform\hard_cases\negative_samples\train_transformedDJI_0193_jpg.rf.e8e03b07ed17d18bef68f27d0aa523b6.jpg,Good
C:\Wind Turbine blades.v2-1111.yolov8\train\images\transformedDJI_0194_jpg.rf.66aed2fead84a817efea330631674290.jpg,C:\Wind Turbine blades.v2-1111.yolov8\train\labels\transformedDJI_0194_jpg.rf.66aed2fead84a817efea330631674290.txt,C:\Users\yys\Desktop\风机\wind-fault-detection-platform\hard_cases\negative_samples\train_transformedDJI_0194_jpg.rf.66aed2fead84a817efea330631674290.jpg,Good
C:\Wind Turbine blades.v2-1111.yolov8\train\images\transformedDJI_0345_jpg.rf.8203a7359d30cf90f9dab780815a44e5.jpg,C:\Wind Turbine blades.v2-1111.yolov8\train\labels\transformedDJI_0345_jpg.rf.8203a7359d30cf90f9dab780815a44e5.txt,C:\Users\yys\Desktop\风机\wind-fault-detection-platform\hard_cases\negative_samples\train_transformedDJI_0345_jpg.rf.8203a7359d30cf90f9dab780815a44e5.jpg,Good
C:\Wind Turbine blades.v2-1111.yolov8\train\images\transformedDJI_0345_jpg.rf.a3f847f52b61b91ecedcc0a25035927e.jpg,C:\Wind Turbine blades.v2-1111.yolov8\train\labels\transformedDJI_0345_jpg.rf.a3f847f52b61b91ecedcc0a25035927e.txt,C:\Users\yys\Desktop\风机\wind-fault-detection-platform\hard_cases\negative_samples\train_transformedDJI_0345_jpg.rf.a3f847f52b61b91ecedcc0a25035927e.jpg,Good
C:\Wind Turbine blades.v2-1111.yolov8\train\images\transformedDJI_0345_jpg.rf.df0a136debc2df8036200d4ead7684e2.jpg,C:\Wind Turbine blades.v2-1111.yolov8\train\labels\transformedDJI_0345_jpg.rf.df0a136debc2df8036200d4ead7684e2.txt,C:\Users\yys\Desktop\风机\wind-fault-detection-platform\hard_cases\negative_samples\train_transformedDJI_0345_jpg.rf.df0a136debc2df8036200d4ead7684e2.jpg,Good
C:\Wind Turbine blades.v2-1111.yolov8\train\images\transformedDJI_0405_jpg.rf.3e42bcc7db4f6fce59ca6ab1b33ebf69.jpg,C:\Wind Turbine blades.v2-1111.yolov8\train\labels\transformedDJI_0405_jpg.rf.3e42bcc7db4f6fce59ca6ab1b33ebf69.txt,C:\Users\yys\Desktop\风机\wind-fault-detection-platform\hard_cases\negative_samples\train_transformedDJI_0405_jpg.rf.3e42bcc7db4f6fce59ca6ab1b33ebf69.jpg,Good
C:\Wind Turbine blades.v2-1111.yolov8\train\images\transformedDJI_0405_jpg.rf.f735bd6ac378316c9dc26c110134cb25.jpg,C:\Wind Turbine blades.v2-1111.yolov8\train\labels\transformedDJI_0405_jpg.rf.f735bd6ac378316c9dc26c110134cb25.txt,C:\Users\yys\Desktop\风机\wind-fault-detection-platform\hard_cases\negative_samples\train_transformedDJI_0405_jpg.rf.f735bd6ac378316c9dc26c110134cb25.jpg,Good
C:\Wind Turbine blades.v2-1111.yolov8\train\images\transformedDJI_0406_jpg.rf.9af348f3b0488d9bf8e2afc8e774a90a.jpg,C:\Wind Turbine blades.v2-1111.yolov8\train\labels\transformedDJI_0406_jpg.rf.9af348f3b0488d9bf8e2afc8e774a90a.txt,C:\Users\yys\Desktop\风机\wind-fault-detection-platform\hard_cases\negative_samples\train_transformedDJI_0406_jpg.rf.9af348f3b0488d9bf8e2afc8e774a90a.jpg,Good
C:\Wind Turbine blades.v2-1111.yolov8\train\images\transformedDJI_0407_jpg.rf.7b047127dcfb971762d7a9425d208328.jpg,C:\Wind Turbine blades.v2-1111.yolov8\train\labels\transformedDJI_0407_jpg.rf.7b047127dcfb971762d7a9425d208328.txt,C:\Users\yys\Desktop\风机\wind-fault-detection-platform\hard_cases\negative_samples\train_transformedDJI_0407_jpg.rf.7b047127dcfb971762d7a9425d208328.jpg,Good
C:\Wind Turbine blades.v2-1111.yolov8\train\images\transformedDJI_0407_jpg.rf.f926f20c10753e5b96e7d740551fb61a.jpg,C:\Wind Turbine blades.v2-1111.yolov8\train\labels\transformedDJI_0407_jpg.rf.f926f20c10753e5b96e7d740551fb61a.txt,C:\Users\yys\Desktop\风机\wind-fault-detection-platform\hard_cases\negative_samples\train_transformedDJI_0407_jpg.rf.f926f20c10753e5b96e7d740551fb61a.jpg,Good
C:\Wind Turbine blades.v2-1111.yolov8\train\images\transformedDJI_0408_jpg.rf.2bd59dba18bb5df9674f2851ecf94d3b.jpg,C:\Wind Turbine blades.v2-1111.yolov8\train\labels\transformedDJI_0408_jpg.rf.2bd59dba18bb5df9674f2851ecf94d3b.txt,C:\Users\yys\Desktop\风机\wind-fault-detection-platform\hard_cases\negative_samples\train_transformedDJI_0408_jpg.rf.2bd59dba18bb5df9674f2851ecf94d3b.jpg,Good
C:\Wind Turbine blades.v2-1111.yolov8\train\images\transformedDJI_0409_jpg.rf.8b9338dfc71c07fe874b448dcf540389.jpg,C:\Wind Turbine blades.v2-1111.yolov8\train\labels\transformedDJI_0409_jpg.rf.8b9338dfc71c07fe874b448dcf540389.txt,C:\Users\yys\Desktop\风机\wind-fault-detection-platform\hard_cases\negative_samples\train_transformedDJI_0409_jpg.rf.8b9338dfc71c07fe874b448dcf540389.jpg,Good
C:\Wind Turbine blades.v2-1111.yolov8\train\images\transformedDJI_0430_jpg.rf.4bc09969ad3e17132ee680f9f226d3f7.jpg,C:\Wind Turbine blades.v2-1111.yolov8\train\labels\transformedDJI_0430_jpg.rf.4bc09969ad3e17132ee680f9f226d3f7.txt,C:\Users\yys\Desktop\风机\wind-fault-detection-platform\hard_cases\negative_samples\train_transformedDJI_0430_jpg.rf.4bc09969ad3e17132ee680f9f226d3f7.jpg,Good
C:\Wind Turbine blades.v2-1111.yolov8\train\images\transformedDJI_0430_jpg.rf.a497edf284f1f8825b9dc97ea3c170e1.jpg,C:\Wind Turbine blades.v2-1111.yolov8\train\labels\transformedDJI_0430_jpg.rf.a497edf284f1f8825b9dc97ea3c170e1.txt,C:\Users\yys\Desktop\风机\wind-fault-detection-platform\hard_cases\negative_samples\train_transformedDJI_0430_jpg.rf.a497edf284f1f8825b9dc97ea3c170e1.jpg,Good
C:\Wind Turbine blades.v2-1111.yolov8\train\images\transformedDJI_0430_jpg.rf.ffe3b6f23c566394afb9babaf6e9cc8c.jpg,C:\Wind Turbine blades.v2-1111.yolov8\train\labels\transformedDJI_0430_jpg.rf.ffe3b6f23c566394afb9babaf6e9cc8c.txt,C:\Users\yys\Desktop\风机\wind-fault-detection-platform\hard_cases\negative_samples\train_transformedDJI_0430_jpg.rf.ffe3b6f23c566394afb9babaf6e9cc8c.jpg,Good
C:\Wind Turbine blades.v2-1111.yolov8\train\images\transformedDJI_0431_jpg.rf.196e9d0a045d861506d31c7162746503.jpg,C:\Wind Turbine blades.v2-1111.yolov8\train\labels\transformedDJI_0431_jpg.rf.196e9d0a045d861506d31c7162746503.txt,C:\Users\yys\Desktop\风机\wind-fault-detection-platform\hard_cases\negative_samples\train_transformedDJI_0431_jpg.rf.196e9d0a045d861506d31c7162746503.jpg,Good
C:\Wind Turbine blades.v2-1111.yolov8\train\images\transformedDJI_0431_jpg.rf.e503a95b87c8541b408b176daceba9c5.jpg,C:\Wind Turbine blades.v2-1111.yolov8\train\labels\transformedDJI_0431_jpg.rf.e503a95b87c8541b408b176daceba9c5.txt,C:\Users\yys\Desktop\风机\wind-fault-detection-platform\hard_cases\negative_samples\train_transformedDJI_0431_jpg.rf.e503a95b87c8541b408b176daceba9c5.jpg,Good
C:\Wind Turbine blades.v2-1111.yolov8\train\images\transformedDJI_0431_jpg.rf.f7a1c6ad4641bb4ae18362962bd69c8e.jpg,C:\Wind Turbine blades.v2-1111.yolov8\train\labels\transformedDJI_0431_jpg.rf.f7a1c6ad4641bb4ae18362962bd69c8e.txt,C:\Users\yys\Desktop\风机\wind-fault-detection-platform\hard_cases\negative_samples\train_transformedDJI_0431_jpg.rf.f7a1c6ad4641bb4ae18362962bd69c8e.jpg,Good
C:\Wind Turbine blades.v2-1111.yolov8\train\images\transformedDJI_0432_jpg.rf.58c3ccfa2670f15892bd6f011301d1c3.jpg,C:\Wind Turbine blades.v2-1111.yolov8\train\labels\transformedDJI_0432_jpg.rf.58c3ccfa2670f15892bd6f011301d1c3.txt,C:\Users\yys\Desktop\风机\wind-fault-detection-platform\hard_cases\negative_samples\train_transformedDJI_0432_jpg.rf.58c3ccfa2670f15892bd6f011301d1c3.jpg,Good
C:\Wind Turbine blades.v2-1111.yolov8\train\images\transformedDJI_0433_jpg.rf.c9ce101cf90ff6361602f66fbcd1235c.jpg,C:\Wind Turbine blades.v2-1111.yolov8\train\labels\transformedDJI_0433_jpg.rf.c9ce101cf90ff6361602f66fbcd1235c.txt,C:\Users\yys\Desktop\风机\wind-fault-detection-platform\hard_cases\negative_samples\train_transformedDJI_0433_jpg.rf.c9ce101cf90ff6361602f66fbcd1235c.jpg,Good
C:\Wind Turbine blades.v2-1111.yolov8\train\images\transformedDJI_0434_jpg.rf.39fe543b59bce00a3cb872e859cfcb5a.jpg,C:\Wind Turbine blades.v2-1111.yolov8\train\labels\transformedDJI_0434_jpg.rf.39fe543b59bce00a3cb872e859cfcb5a.txt,C:\Users\yys\Desktop\风机\wind-fault-detection-platform\hard_cases\negative_samples\train_transformedDJI_0434_jpg.rf.39fe543b59bce00a3cb872e859cfcb5a.jpg,Good
C:\Wind Turbine blades.v2-1111.yolov8\train\images\transformedDJI_0434_jpg.rf.4d1670534ff48f0efbb2dacf19b93d27.jpg,C:\Wind Turbine blades.v2-1111.yolov8\train\labels\transformedDJI_0434_jpg.rf.4d1670534ff48f0efbb2dacf19b93d27.txt,C:\Users\yys\Desktop\风机\wind-fault-detection-platform\hard_cases\negative_samples\train_transformedDJI_0434_jpg.rf.4d1670534ff48f0efbb2dacf19b93d27.jpg,Good
C:\Wind Turbine blades.v2-1111.yolov8\train\images\transformedDJI_0434_jpg.rf.8af20602ebe6d57baa8ecfffa47b528d.jpg,C:\Wind Turbine blades.v2-1111.yolov8\train\labels\transformedDJI_0434_jpg.rf.8af20602ebe6d57baa8ecfffa47b528d.txt,C:\Users\yys\Desktop\风机\wind-fault-detection-platform\hard_cases\negative_samples\train_transformedDJI_0434_jpg.rf.8af20602ebe6d57baa8ecfffa47b528d.jpg,Good
C:\Wind Turbine blades.v2-1111.yolov8\train\images\transformedDJI_0435_jpg.rf.7989bdbfa10078db666395dbaaf4268b.jpg,C:\Wind Turbine blades.v2-1111.yolov8\train\labels\transformedDJI_0435_jpg.rf.7989bdbfa10078db666395dbaaf4268b.txt,C:\Users\yys\Desktop\风机\wind-fault-detection-platform\hard_cases\negative_samples\train_transformedDJI_0435_jpg.rf.7989bdbfa10078db666395dbaaf4268b.jpg,Good
C:\Wind Turbine blades.v2-1111.yolov8\train\images\transformedDJI_0435_jpg.rf.d420062f79833e00f162cfc9a043a40d.jpg,C:\Wind Turbine blades.v2-1111.yolov8\train\labels\transformedDJI_0435_jpg.rf.d420062f79833e00f162cfc9a043a40d.txt,C:\Users\yys\Desktop\风机\wind-fault-detection-platform\hard_cases\negative_samples\train_transformedDJI_0435_jpg.rf.d420062f79833e00f162cfc9a043a40d.jpg,Good
C:\Wind Turbine blades.v2-1111.yolov8\train\images\transformedDJI_0435_jpg.rf.d5072909de6289fdb82020b2bbbe6d6a.jpg,C:\Wind Turbine blades.v2-1111.yolov8\train\labels\transformedDJI_0435_jpg.rf.d5072909de6289fdb82020b2bbbe6d6a.txt,C:\Users\yys\Desktop\风机\wind-fault-detection-platform\hard_cases\negative_samples\train_transformedDJI_0435_jpg.rf.d5072909de6289fdb82020b2bbbe6d6a.jpg,Good
C:\Wind Turbine blades.v2-1111.yolov8\train\images\transformedDJI_0436_jpg.rf.2c4e397eda3685d36696102cb1ee3eb8.jpg,C:\Wind Turbine blades.v2-1111.yolov8\train\labels\transformedDJI_0436_jpg.rf.2c4e397eda3685d36696102cb1ee3eb8.txt,C:\Users\yys\Desktop\风机\wind-fault-detection-platform\hard_cases\negative_samples\train_transformedDJI_0436_jpg.rf.2c4e397eda3685d36696102cb1ee3eb8.jpg,Good
C:\Wind Turbine blades.v2-1111.yolov8\train\images\transformedDJI_0436_jpg.rf.cbca434f410cf8dbcd13d7fe9c9c75b5.jpg,C:\Wind Turbine blades.v2-1111.yolov8\train\labels\transformedDJI_0436_jpg.rf.cbca434f410cf8dbcd13d7fe9c9c75b5.txt,C:\Users\yys\Desktop\风机\wind-fault-detection-platform\hard_cases\negative_samples\train_transformedDJI_0436_jpg.rf.cbca434f410cf8dbcd13d7fe9c9c75b5.jpg,Good
C:\Wind Turbine blades.v2-1111.yolov8\train\images\transformedDJI_0437_jpg.rf.2f1ec6be893dc41499087d96fbd2ab97.jpg,C:\Wind Turbine blades.v2-1111.yolov8\train\labels\transformedDJI_0437_jpg.rf.2f1ec6be893dc41499087d96fbd2ab97.txt,C:\Users\yys\Desktop\风机\wind-fault-detection-platform\hard_cases\negative_samples\train_transformedDJI_0437_jpg.rf.2f1ec6be893dc41499087d96fbd2ab97.jpg,Good
C:\Wind Turbine blades.v2-1111.yolov8\train\images\transformedDJI_0438_jpg.rf.0da929ae92f0e52aaa88af8b3a26a1c2.jpg,C:\Wind Turbine blades.v2-1111.yolov8\train\labels\transformedDJI_0438_jpg.rf.0da929ae92f0e52aaa88af8b3a26a1c2.txt,C:\Users\yys\Desktop\风机\wind-fault-detection-platform\hard_cases\negative_samples\train_transformedDJI_0438_jpg.rf.0da929ae92f0e52aaa88af8b3a26a1c2.jpg,Good
C:\Wind Turbine blades.v2-1111.yolov8\train\images\transformedDJI_0438_jpg.rf.68237604775f9b93549ec6f403d941ce.jpg,C:\Wind Turbine blades.v2-1111.yolov8\train\labels\transformedDJI_0438_jpg.rf.68237604775f9b93549ec6f403d941ce.txt,C:\Users\yys\Desktop\风机\wind-fault-detection-platform\hard_cases\negative_samples\train_transformedDJI_0438_jpg.rf.68237604775f9b93549ec6f403d941ce.jpg,Good
C:\Wind Turbine blades.v2-1111.yolov8\train\images\transformedDJI_0439_jpg.rf.1bda437034f3eda34b339328bac98ba5.jpg,C:\Wind Turbine blades.v2-1111.yolov8\train\labels\transformedDJI_0439_jpg.rf.1bda437034f3eda34b339328bac98ba5.txt,C:\Users\yys\Desktop\风机\wind-fault-detection-platform\hard_cases\negative_samples\train_transformedDJI_0439_jpg.rf.1bda437034f3eda34b339328bac98ba5.jpg,Good
C:\Wind Turbine blades.v2-1111.yolov8\train\images\transformedDJI_0440_jpg.rf.76eef16556896e0e599452d08afd5cca.jpg,C:\Wind Turbine blades.v2-1111.yolov8\train\labels\transformedDJI_0440_jpg.rf.76eef16556896e0e599452d08afd5cca.txt,C:\Users\yys\Desktop\风机\wind-fault-detection-platform\hard_cases\negative_samples\train_transformedDJI_0440_jpg.rf.76eef16556896e0e599452d08afd5cca.jpg,Good
C:\Wind Turbine blades.v2-1111.yolov8\train\images\transformedDJI_0440_jpg.rf.cdeddf8a28f9914f93dcf6dcf99862d6.jpg,C:\Wind Turbine blades.v2-1111.yolov8\train\labels\transformedDJI_0440_jpg.rf.cdeddf8a28f9914f93dcf6dcf99862d6.txt,C:\Users\yys\Desktop\风机\wind-fault-detection-platform\hard_cases\negative_samples\train_transformedDJI_0440_jpg.rf.cdeddf8a28f9914f93dcf6dcf99862d6.jpg,Good
C:\Wind Turbine blades.v2-1111.yolov8\train\images\transformedDJI_0440_jpg.rf.db45c8d2d6838f0ee626b0844491d52b.jpg,C:\Wind Turbine blades.v2-1111.yolov8\train\labels\transformedDJI_0440_jpg.rf.db45c8d2d6838f0ee626b0844491d52b.txt,C:\Users\yys\Desktop\风机\wind-fault-detection-platform\hard_cases\negative_samples\train_transformedDJI_0440_jpg.rf.db45c8d2d6838f0ee626b0844491d52b.jpg,Good
C:\Wind Turbine blades.v2-1111.yolov8\train\images\transformedDJI_0441_jpg.rf.12eb8f0026ad52d6cd741abb2f6bb786.jpg,C:\Wind Turbine blades.v2-1111.yolov8\train\labels\transformedDJI_0441_jpg.rf.12eb8f0026ad52d6cd741abb2f6bb786.txt,C:\Users\yys\Desktop\风机\wind-fault-detection-platform\hard_cases\negative_samples\train_transformedDJI_0441_jpg.rf.12eb8f0026ad52d6cd741abb2f6bb786.jpg,Good
C:\Wind Turbine blades.v2-1111.yolov8\train\images\transformedDJI_0441_jpg.rf.c9f40d42c1c09e04e0bacaa150b1b37b.jpg,C:\Wind Turbine blades.v2-1111.yolov8\train\labels\transformedDJI_0441_jpg.rf.c9f40d42c1c09e04e0bacaa150b1b37b.txt,C:\Users\yys\Desktop\风机\wind-fault-detection-platform\hard_cases\negative_samples\train_transformedDJI_0441_jpg.rf.c9f40d42c1c09e04e0bacaa150b1b37b.jpg,Good
C:\Wind Turbine blades.v2-1111.yolov8\train\images\transformedDJI_0443_jpg.rf.d271ba28ddee68c416d07b776bdceced.jpg,C:\Wind Turbine blades.v2-1111.yolov8\train\labels\transformedDJI_0443_jpg.rf.d271ba28ddee68c416d07b776bdceced.txt,C:\Users\yys\Desktop\风机\wind-fault-detection-platform\hard_cases\negative_samples\train_transformedDJI_0443_jpg.rf.d271ba28ddee68c416d07b776bdceced.jpg,Good
C:\Wind Turbine blades.v2-1111.yolov8\train\images\transformedDJI_0444_jpg.rf.a5b2e62fdfe29463aa09e1a125b5494b.jpg,C:\Wind Turbine blades.v2-1111.yolov8\train\labels\transformedDJI_0444_jpg.rf.a5b2e62fdfe29463aa09e1a125b5494b.txt,C:\Users\yys\Desktop\风机\wind-fault-detection-platform\hard_cases\negative_samples\train_transformedDJI_0444_jpg.rf.a5b2e62fdfe29463aa09e1a125b5494b.jpg,Good
C:\Wind Turbine blades.v2-1111.yolov8\train\images\transformedDJI_0611_jpg.rf.c2c7600dae6763a1a74b7d8943eda9e4.jpg,C:\Wind Turbine blades.v2-1111.yolov8\train\labels\transformedDJI_0611_jpg.rf.c2c7600dae6763a1a74b7d8943eda9e4.txt,C:\Users\yys\Desktop\风机\wind-fault-detection-platform\hard_cases\negative_samples\train_transformedDJI_0611_jpg.rf.c2c7600dae6763a1a74b7d8943eda9e4.jpg,Good
C:\Wind Turbine blades.v2-1111.yolov8\train\images\transformedDJI_0611_jpg.rf.fa000599b13ac4a79e4c5ff59078e51d.jpg,C:\Wind Turbine blades.v2-1111.yolov8\train\labels\transformedDJI_0611_jpg.rf.fa000599b13ac4a79e4c5ff59078e51d.txt,C:\Users\yys\Desktop\风机\wind-fault-detection-platform\hard_cases\negative_samples\train_transformedDJI_0611_jpg.rf.fa000599b13ac4a79e4c5ff59078e51d.jpg,Good
C:\Wind Turbine blades.v2-1111.yolov8\train\images\transformedDJI_0612_jpg.rf.86092739c5205f28828921a972b60b68.jpg,C:\Wind Turbine blades.v2-1111.yolov8\train\labels\transformedDJI_0612_jpg.rf.86092739c5205f28828921a972b60b68.txt,C:\Users\yys\Desktop\风机\wind-fault-detection-platform\hard_cases\negative_samples\train_transformedDJI_0612_jpg.rf.86092739c5205f28828921a972b60b68.jpg,Good
C:\Wind Turbine blades.v2-1111.yolov8\train\images\transformedDJI_0613_jpg.rf.8d069b7fa26152053ac8eb63f079479a.jpg,C:\Wind Turbine blades.v2-1111.yolov8\train\labels\transformedDJI_0613_jpg.rf.8d069b7fa26152053ac8eb63f079479a.txt,C:\Users\yys\Desktop\风机\wind-fault-detection-platform\hard_cases\negative_samples\train_transformedDJI_0613_jpg.rf.8d069b7fa26152053ac8eb63f079479a.jpg,Good
C:\Wind Turbine blades.v2-1111.yolov8\train\images\transformedDJI_0613_jpg.rf.9034301f6d18f712557c37e4d1e862ff.jpg,C:\Wind Turbine blades.v2-1111.yolov8\train\labels\transformedDJI_0613_jpg.rf.9034301f6d18f712557c37e4d1e862ff.txt,C:\Users\yys\Desktop\风机\wind-fault-detection-platform\hard_cases\negative_samples\train_transformedDJI_0613_jpg.rf.9034301f6d18f712557c37e4d1e862ff.jpg,Good
C:\Wind Turbine blades.v2-1111.yolov8\train\images\transformedDJI_0614_jpg.rf.5e5f268a35e8a869e799a142967138b8.jpg,C:\Wind Turbine blades.v2-1111.yolov8\train\labels\transformedDJI_0614_jpg.rf.5e5f268a35e8a869e799a142967138b8.txt,C:\Users\yys\Desktop\风机\wind-fault-detection-platform\hard_cases\negative_samples\train_transformedDJI_0614_jpg.rf.5e5f268a35e8a869e799a142967138b8.jpg,Good
C:\Wind Turbine blades.v2-1111.yolov8\train\images\transformedDJI_0614_jpg.rf.e97c0d00e0bba5df344807ceee2fd91e.jpg,C:\Wind Turbine blades.v2-1111.yolov8\train\labels\transformedDJI_0614_jpg.rf.e97c0d00e0bba5df344807ceee2fd91e.txt,C:\Users\yys\Desktop\风机\wind-fault-detection-platform\hard_cases\negative_samples\train_transformedDJI_0614_jpg.rf.e97c0d00e0bba5df344807ceee2fd91e.jpg,Good
C:\Wind Turbine blades.v2-1111.yolov8\train\images\transformedDJI_0615_jpg.rf.c3d47cfe0eefe8ba141f7744cf1c17e2.jpg,C:\Wind Turbine blades.v2-1111.yolov8\train\labels\transformedDJI_0615_jpg.rf.c3d47cfe0eefe8ba141f7744cf1c17e2.txt,C:\Users\yys\Desktop\风机\wind-fault-detection-platform\hard_cases\negative_samples\train_transformedDJI_0615_jpg.rf.c3d47cfe0eefe8ba141f7744cf1c17e2.jpg,Good
C:\Wind Turbine blades.v2-1111.yolov8\train\images\transformedDJI_0615_jpg.rf.f52bacbbb6a244a1ddd194db49483cf4.jpg,C:\Wind Turbine blades.v2-1111.yolov8\train\labels\transformedDJI_0615_jpg.rf.f52bacbbb6a244a1ddd194db49483cf4.txt,C:\Users\yys\Desktop\风机\wind-fault-detection-platform\hard_cases\negative_samples\train_transformedDJI_0615_jpg.rf.f52bacbbb6a244a1ddd194db49483cf4.jpg,Good
C:\Wind Turbine blades.v2-1111.yolov8\train\images\transformedDJI_0616_jpg.rf.e3a3a551efb36a8d8e4c4b5fffcf963e.jpg,C:\Wind Turbine blades.v2-1111.yolov8\train\labels\transformedDJI_0616_jpg.rf.e3a3a551efb36a8d8e4c4b5fffcf963e.txt,C:\Users\yys\Desktop\风机\wind-fault-detection-platform\hard_cases\negative_samples\train_transformedDJI_0616_jpg.rf.e3a3a551efb36a8d8e4c4b5fffcf963e.jpg,Good
C:\Wind Turbine blades.v2-1111.yolov8\train\images\transformedDJI_0617_jpg.rf.5b8d2ae67d641b57d5395072fafd91d2.jpg,C:\Wind Turbine blades.v2-1111.yolov8\train\labels\transformedDJI_0617_jpg.rf.5b8d2ae67d641b57d5395072fafd91d2.txt,C:\Users\yys\Desktop\风机\wind-fault-detection-platform\hard_cases\negative_samples\train_transformedDJI_0617_jpg.rf.5b8d2ae67d641b57d5395072fafd91d2.jpg,Good
C:\Wind Turbine blades.v2-1111.yolov8\train\images\transformedDJI_0617_jpg.rf.d6689529f79928799f9e1ef37a768dca.jpg,C:\Wind Turbine blades.v2-1111.yolov8\train\labels\transformedDJI_0617_jpg.rf.d6689529f79928799f9e1ef37a768dca.txt,C:\Users\yys\Desktop\风机\wind-fault-detection-platform\hard_cases\negative_samples\train_transformedDJI_0617_jpg.rf.d6689529f79928799f9e1ef37a768dca.jpg,Good
C:\Wind Turbine blades.v2-1111.yolov8\train\images\transformedDJI_0618_jpg.rf.d8b31946b11a6f999510de1913ffda5b.jpg,C:\Wind Turbine blades.v2-1111.yolov8\train\labels\transformedDJI_0618_jpg.rf.d8b31946b11a6f999510de1913ffda5b.txt,C:\Users\yys\Desktop\风机\wind-fault-detection-platform\hard_cases\negative_samples\train_transformedDJI_0618_jpg.rf.d8b31946b11a6f999510de1913ffda5b.jpg,Good
C:\Wind Turbine blades.v2-1111.yolov8\train\images\transformedDJI_0631_jpg.rf.0a30f9c568cc4e7c0ca8041defedbc08.jpg,C:\Wind Turbine blades.v2-1111.yolov8\train\labels\transformedDJI_0631_jpg.rf.0a30f9c568cc4e7c0ca8041defedbc08.txt,C:\Users\yys\Desktop\风机\wind-fault-detection-platform\hard_cases\negative_samples\train_transformedDJI_0631_jpg.rf.0a30f9c568cc4e7c0ca8041defedbc08.jpg,Good
C:\Wind Turbine blades.v2-1111.yolov8\train\images\transformedDJI_0631_jpg.rf.5311020754fe142db9dae63d5985ae8e.jpg,C:\Wind Turbine blades.v2-1111.yolov8\train\labels\transformedDJI_0631_jpg.rf.5311020754fe142db9dae63d5985ae8e.txt,C:\Users\yys\Desktop\风机\wind-fault-detection-platform\hard_cases\negative_samples\train_transformedDJI_0631_jpg.rf.5311020754fe142db9dae63d5985ae8e.jpg,Good
C:\Wind Turbine blades.v2-1111.yolov8\train\images\transformedDJI_0631_jpg.rf.87990bb03dd0bedb4a1adcc252dcdb31.jpg,C:\Wind Turbine blades.v2-1111.yolov8\train\labels\transformedDJI_0631_jpg.rf.87990bb03dd0bedb4a1adcc252dcdb31.txt,C:\Users\yys\Desktop\风机\wind-fault-detection-platform\hard_cases\negative_samples\train_transformedDJI_0631_jpg.rf.87990bb03dd0bedb4a1adcc252dcdb31.jpg,Good
C:\Wind Turbine blades.v2-1111.yolov8\train\images\transformedDJI_0632_jpg.rf.0746c3bd5247219c24586cb77bc6fa2e.jpg,C:\Wind Turbine blades.v2-1111.yolov8\train\labels\transformedDJI_0632_jpg.rf.0746c3bd5247219c24586cb77bc6fa2e.txt,C:\Users\yys\Desktop\风机\wind-fault-detection-platform\hard_cases\negative_samples\train_transformedDJI_0632_jpg.rf.0746c3bd5247219c24586cb77bc6fa2e.jpg,Good
C:\Wind Turbine blades.v2-1111.yolov8\train\images\transformedDJI_0632_jpg.rf.2b1993ed4fd78efc6b760b2569297cc6.jpg,C:\Wind Turbine blades.v2-1111.yolov8\train\labels\transformedDJI_0632_jpg.rf.2b1993ed4fd78efc6b760b2569297cc6.txt,C:\Users\yys\Desktop\风机\wind-fault-detection-platform\hard_cases\negative_samples\train_transformedDJI_0632_jpg.rf.2b1993ed4fd78efc6b760b2569297cc6.jpg,Good
C:\Wind Turbine blades.v2-1111.yolov8\train\images\transformedDJI_0632_jpg.rf.5df57e10e026dbfd4e637c57be8e618a.jpg,C:\Wind Turbine blades.v2-1111.yolov8\train\labels\transformedDJI_0632_jpg.rf.5df57e10e026dbfd4e637c57be8e618a.txt,C:\Users\yys\Desktop\风机\wind-fault-detection-platform\hard_cases\negative_samples\train_transformedDJI_0632_jpg.rf.5df57e10e026dbfd4e637c57be8e618a.jpg,Good
C:\Wind Turbine blades.v2-1111.yolov8\train\images\transformedDJI_0633_jpg.rf.354749ee75cb065902d10e562114caac.jpg,C:\Wind Turbine blades.v2-1111.yolov8\train\labels\transformedDJI_0633_jpg.rf.354749ee75cb065902d10e562114caac.txt,C:\Users\yys\Desktop\风机\wind-fault-detection-platform\hard_cases\negative_samples\train_transformedDJI_0633_jpg.rf.354749ee75cb065902d10e562114caac.jpg,Good
C:\Wind Turbine blades.v2-1111.yolov8\train\images\transformedDJI_0633_jpg.rf.c7a75bd8482efaa0172275c722b89e8f.jpg,C:\Wind Turbine blades.v2-1111.yolov8\train\labels\transformedDJI_0633_jpg.rf.c7a75bd8482efaa0172275c722b89e8f.txt,C:\Users\yys\Desktop\风机\wind-fault-detection-platform\hard_cases\negative_samples\train_transformedDJI_0633_jpg.rf.c7a75bd8482efaa0172275c722b89e8f.jpg,Good
C:\Wind Turbine blades.v2-1111.yolov8\train\images\transformedDJI_0633_jpg.rf.d0da758ea59f6215cc8b6f0ebfef3e6b.jpg,C:\Wind Turbine blades.v2-1111.yolov8\train\labels\transformedDJI_0633_jpg.rf.d0da758ea59f6215cc8b6f0ebfef3e6b.txt,C:\Users\yys\Desktop\风机\wind-fault-detection-platform\hard_cases\negative_samples\train_transformedDJI_0633_jpg.rf.d0da758ea59f6215cc8b6f0ebfef3e6b.jpg,Good
C:\Wind Turbine blades.v2-1111.yolov8\train\images\transformedDJI_0685_jpg.rf.52f83f2d8e0d7175bebf076ae7741163.jpg,C:\Wind Turbine blades.v2-1111.yolov8\train\labels\transformedDJI_0685_jpg.rf.52f83f2d8e0d7175bebf076ae7741163.txt,C:\Users\yys\Desktop\风机\wind-fault-detection-platform\hard_cases\negative_samples\train_transformedDJI_0685_jpg.rf.52f83f2d8e0d7175bebf076ae7741163.jpg,Good
C:\Wind Turbine blades.v2-1111.yolov8\train\images\transformedDJI_0690_jpg.rf.d8fdb4382c8e37a032c2e68abc6b6c9d.jpg,C:\Wind Turbine blades.v2-1111.yolov8\train\labels\transformedDJI_0690_jpg.rf.d8fdb4382c8e37a032c2e68abc6b6c9d.txt,C:\Users\yys\Desktop\风机\wind-fault-detection-platform\hard_cases\negative_samples\train_transformedDJI_0690_jpg.rf.d8fdb4382c8e37a032c2e68abc6b6c9d.jpg,Good
C:\Wind Turbine blades.v2-1111.yolov8\train\images\transformedDJI_0691_jpg.rf.4f32c6ca0cbea1b63ce06adbfdb6611c.jpg,C:\Wind Turbine blades.v2-1111.yolov8\train\labels\transformedDJI_0691_jpg.rf.4f32c6ca0cbea1b63ce06adbfdb6611c.txt,C:\Users\yys\Desktop\风机\wind-fault-detection-platform\hard_cases\negative_samples\train_transformedDJI_0691_jpg.rf.4f32c6ca0cbea1b63ce06adbfdb6611c.jpg,Good
C:\Wind Turbine blades.v2-1111.yolov8\train\images\transformedDJI_0691_jpg.rf.b3ff2d24ca492ef5eccaf1f311098533.jpg,C:\Wind Turbine blades.v2-1111.yolov8\train\labels\transformedDJI_0691_jpg.rf.b3ff2d24ca492ef5eccaf1f311098533.txt,C:\Users\yys\Desktop\风机\wind-fault-detection-platform\hard_cases\negative_samples\train_transformedDJI_0691_jpg.rf.b3ff2d24ca492ef5eccaf1f311098533.jpg,Good
C:\Wind Turbine blades.v2-1111.yolov8\train\images\transformedDJI_0692_jpg.rf.03519861a2b45893bac4eb39f653f4bd.jpg,C:\Wind Turbine blades.v2-1111.yolov8\train\labels\transformedDJI_0692_jpg.rf.03519861a2b45893bac4eb39f653f4bd.txt,C:\Users\yys\Desktop\风机\wind-fault-detection-platform\hard_cases\negative_samples\train_transformedDJI_0692_jpg.rf.03519861a2b45893bac4eb39f653f4bd.jpg,Good
C:\Wind Turbine blades.v2-1111.yolov8\train\images\transformedDJI_0693_jpg.rf.43dbf4a98848204599d51f875f5aaa05.jpg,C:\Wind Turbine blades.v2-1111.yolov8\train\labels\transformedDJI_0693_jpg.rf.43dbf4a98848204599d51f875f5aaa05.txt,C:\Users\yys\Desktop\风机\wind-fault-detection-platform\hard_cases\negative_samples\train_transformedDJI_0693_jpg.rf.43dbf4a98848204599d51f875f5aaa05.jpg,Good
C:\Wind Turbine blades.v2-1111.yolov8\train\images\transformedDJI_0693_jpg.rf.6336c8ad4600ba50eef8489d50218483.jpg,C:\Wind Turbine blades.v2-1111.yolov8\train\labels\transformedDJI_0693_jpg.rf.6336c8ad4600ba50eef8489d50218483.txt,C:\Users\yys\Desktop\风机\wind-fault-detection-platform\hard_cases\negative_samples\train_transformedDJI_0693_jpg.rf.6336c8ad4600ba50eef8489d50218483.jpg,Good
C:\Wind Turbine blades.v2-1111.yolov8\train\images\transformedDJI_0693_jpg.rf.8b5e2074f2ec69a0461ca0d5a7f7ebf7.jpg,C:\Wind Turbine blades.v2-1111.yolov8\train\labels\transformedDJI_0693_jpg.rf.8b5e2074f2ec69a0461ca0d5a7f7ebf7.txt,C:\Users\yys\Desktop\风机\wind-fault-detection-platform\hard_cases\negative_samples\train_transformedDJI_0693_jpg.rf.8b5e2074f2ec69a0461ca0d5a7f7ebf7.jpg,Good
C:\Wind Turbine blades.v2-1111.yolov8\train\images\transformedDJI_0694_jpg.rf.3e9a3f75112d7abecdabbd3836c7b00d.jpg,C:\Wind Turbine blades.v2-1111.yolov8\train\labels\transformedDJI_0694_jpg.rf.3e9a3f75112d7abecdabbd3836c7b00d.txt,C:\Users\yys\Desktop\风机\wind-fault-detection-platform\hard_cases\negative_samples\train_transformedDJI_0694_jpg.rf.3e9a3f75112d7abecdabbd3836c7b00d.jpg,Good
C:\Wind Turbine blades.v2-1111.yolov8\train\images\transformedDJI_0695_jpg.rf.a19e69879360e3879781305e80eba6a9.jpg,C:\Wind Turbine blades.v2-1111.yolov8\train\labels\transformedDJI_0695_jpg.rf.a19e69879360e3879781305e80eba6a9.txt,C:\Users\yys\Desktop\风机\wind-fault-detection-platform\hard_cases\negative_samples\train_transformedDJI_0695_jpg.rf.a19e69879360e3879781305e80eba6a9.jpg,Good
C:\Wind Turbine blades.v2-1111.yolov8\train\images\transformedDJI_0695_jpg.rf.bb1223fd0f1042f6dd8dee11ebc9b705.jpg,C:\Wind Turbine blades.v2-1111.yolov8\train\labels\transformedDJI_0695_jpg.rf.bb1223fd0f1042f6dd8dee11ebc9b705.txt,C:\Users\yys\Desktop\风机\wind-fault-detection-platform\hard_cases\negative_samples\train_transformedDJI_0695_jpg.rf.bb1223fd0f1042f6dd8dee11ebc9b705.jpg,Good
C:\Wind Turbine blades.v2-1111.yolov8\train\images\transformedDJI_0695_jpg.rf.e874df2e957bfe75b012fd3d919daffe.jpg,C:\Wind Turbine blades.v2-1111.yolov8\train\labels\transformedDJI_0695_jpg.rf.e874df2e957bfe75b012fd3d919daffe.txt,C:\Users\yys\Desktop\风机\wind-fault-detection-platform\hard_cases\negative_samples\train_transformedDJI_0695_jpg.rf.e874df2e957bfe75b012fd3d919daffe.jpg,Good
C:\Wind Turbine blades.v2-1111.yolov8\train\images\transformedDJI_0710_jpg.rf.55eaa04e5de28be6a9c0e3e5f439fac2.jpg,C:\Wind Turbine blades.v2-1111.yolov8\train\labels\transformedDJI_0710_jpg.rf.55eaa04e5de28be6a9c0e3e5f439fac2.txt,C:\Users\yys\Desktop\风机\wind-fault-detection-platform\hard_cases\negative_samples\train_transformedDJI_0710_jpg.rf.55eaa04e5de28be6a9c0e3e5f439fac2.jpg,Good
C:\Wind Turbine blades.v2-1111.yolov8\train\images\transformedDJI_0710_jpg.rf.8053732f7aeb82539068b05b60a1bf6b.jpg,C:\Wind Turbine blades.v2-1111.yolov8\train\labels\transformedDJI_0710_jpg.rf.8053732f7aeb82539068b05b60a1bf6b.txt,C:\Users\yys\Desktop\风机\wind-fault-detection-platform\hard_cases\negative_samples\train_transformedDJI_0710_jpg.rf.8053732f7aeb82539068b05b60a1bf6b.jpg,Good
C:\Wind Turbine blades.v2-1111.yolov8\train\images\transformedDJI_0710_jpg.rf.9cf2fae0a6ff1375301780330bb43205.jpg,C:\Wind Turbine blades.v2-1111.yolov8\train\labels\transformedDJI_0710_jpg.rf.9cf2fae0a6ff1375301780330bb43205.txt,C:\Users\yys\Desktop\风机\wind-fault-detection-platform\hard_cases\negative_samples\train_transformedDJI_0710_jpg.rf.9cf2fae0a6ff1375301780330bb43205.jpg,Good
C:\Wind Turbine blades.v2-1111.yolov8\train\images\transformedDJI_0711_jpg.rf.4ac9072ad33a78fc511083d7f709221f.jpg,C:\Wind Turbine blades.v2-1111.yolov8\train\labels\transformedDJI_0711_jpg.rf.4ac9072ad33a78fc511083d7f709221f.txt,SKIPPED_EMPTY_OR_INVALID_LABEL,
C:\Wind Turbine blades.v2-1111.yolov8\train\images\transformedDJI_0711_jpg.rf.83a88b9c72a807276706daa08f58ceea.jpg,C:\Wind Turbine blades.v2-1111.yolov8\train\labels\transformedDJI_0711_jpg.rf.83a88b9c72a807276706daa08f58ceea.txt,C:\Users\yys\Desktop\风机\wind-fault-detection-platform\hard_cases\negative_samples\train_transformedDJI_0711_jpg.rf.83a88b9c72a807276706daa08f58ceea.jpg,Good
C:\Wind Turbine blades.v2-1111.yolov8\train\images\transformedDJI_0712_jpg.rf.409c7f8284a5576f7d1234818d1b4066.jpg,C:\Wind Turbine blades.v2-1111.yolov8\train\labels\transformedDJI_0712_jpg.rf.409c7f8284a5576f7d1234818d1b4066.txt,C:\Users\yys\Desktop\风机\wind-fault-detection-platform\hard_cases\negative_samples\train_transformedDJI_0712_jpg.rf.409c7f8284a5576f7d1234818d1b4066.jpg,Good
C:\Wind Turbine blades.v2-1111.yolov8\train\images\transformedDJI_0712_jpg.rf.d9815093f9a6cdd416a58dcf8f2cb87f.jpg,C:\Wind Turbine blades.v2-1111.yolov8\train\labels\transformedDJI_0712_jpg.rf.d9815093f9a6cdd416a58dcf8f2cb87f.txt,C:\Users\yys\Desktop\风机\wind-fault-detection-platform\hard_cases\negative_samples\train_transformedDJI_0712_jpg.rf.d9815093f9a6cdd416a58dcf8f2cb87f.jpg,Good
C:\Wind Turbine blades.v2-1111.yolov8\train\images\transformedDJI_0713_jpg.rf.8a3383db5ff7b40e54a8cd43d30efee2.jpg,C:\Wind Turbine blades.v2-1111.yolov8\train\labels\transformedDJI_0713_jpg.rf.8a3383db5ff7b40e54a8cd43d30efee2.txt,C:\Users\yys\Desktop\风机\wind-fault-detection-platform\hard_cases\negative_samples\train_transformedDJI_0713_jpg.rf.8a3383db5ff7b40e54a8cd43d30efee2.jpg,Good
C:\Wind Turbine blades.v2-1111.yolov8\train\images\transformedDJI_0728_jpg.rf.4492c364acb359a7a96e4d5cbc54dc57.jpg,C:\Wind Turbine blades.v2-1111.yolov8\train\labels\transformedDJI_0728_jpg.rf.4492c364acb359a7a96e4d5cbc54dc57.txt,C:\Users\yys\Desktop\风机\wind-fault-detection-platform\hard_cases\negative_samples\train_transformedDJI_0728_jpg.rf.4492c364acb359a7a96e4d5cbc54dc57.jpg,Good
C:\Wind Turbine blades.v2-1111.yolov8\train\images\transformedDJI_0728_jpg.rf.b2f4b10385d458709a291cd0533b9654.jpg,C:\Wind Turbine blades.v2-1111.yolov8\train\labels\transformedDJI_0728_jpg.rf.b2f4b10385d458709a291cd0533b9654.txt,C:\Users\yys\Desktop\风机\wind-fault-detection-platform\hard_cases\negative_samples\train_transformedDJI_0728_jpg.rf.b2f4b10385d458709a291cd0533b9654.jpg,Good
C:\Wind Turbine blades.v2-1111.yolov8\train\images\transformedDJI_0729_jpg.rf.159c8b45412fe38856236b8eb52a7fdd.jpg,C:\Wind Turbine blades.v2-1111.yolov8\train\labels\transformedDJI_0729_jpg.rf.159c8b45412fe38856236b8eb52a7fdd.txt,C:\Users\yys\Desktop\风机\wind-fault-detection-platform\hard_cases\negative_samples\train_transformedDJI_0729_jpg.rf.159c8b45412fe38856236b8eb52a7fdd.jpg,Good
C:\Wind Turbine blades.v2-1111.yolov8\train\images\transformedDJI_0729_jpg.rf.1842decde719c574c8f9e0139fc89d62.jpg,C:\Wind Turbine blades.v2-1111.yolov8\train\labels\transformedDJI_0729_jpg.rf.1842decde719c574c8f9e0139fc89d62.txt,C:\Users\yys\Desktop\风机\wind-fault-detection-platform\hard_cases\negative_samples\train_transformedDJI_0729_jpg.rf.1842decde719c574c8f9e0139fc89d62.jpg,Good
C:\Wind Turbine blades.v2-1111.yolov8\train\images\transformedDJI_0729_jpg.rf.a49ff804797fe831b7b24106a4329691.jpg,C:\Wind Turbine blades.v2-1111.yolov8\train\labels\transformedDJI_0729_jpg.rf.a49ff804797fe831b7b24106a4329691.txt,C:\Users\yys\Desktop\风机\wind-fault-detection-platform\hard_cases\negative_samples\train_transformedDJI_0729_jpg.rf.a49ff804797fe831b7b24106a4329691.jpg,Good
C:\Wind Turbine blades.v2-1111.yolov8\train\images\transformedDJI_0738_jpg.rf.b5c65c5af50262116301acf74e9da3a5.jpg,C:\Wind Turbine blades.v2-1111.yolov8\train\labels\transformedDJI_0738_jpg.rf.b5c65c5af50262116301acf74e9da3a5.txt,C:\Users\yys\Desktop\风机\wind-fault-detection-platform\hard_cases\negative_samples\train_transformedDJI_0738_jpg.rf.b5c65c5af50262116301acf74e9da3a5.jpg,Good
C:\Wind Turbine blades.v2-1111.yolov8\train\images\transformedDJI_0738_jpg.rf.e14154d69a4515e1e93406b4fe373881.jpg,C:\Wind Turbine blades.v2-1111.yolov8\train\labels\transformedDJI_0738_jpg.rf.e14154d69a4515e1e93406b4fe373881.txt,C:\Users\yys\Desktop\风机\wind-fault-detection-platform\hard_cases\negative_samples\train_transformedDJI_0738_jpg.rf.e14154d69a4515e1e93406b4fe373881.jpg,Good
C:\Wind Turbine blades.v2-1111.yolov8\valid\images\11_jpg.rf.9118d4b9e4815b47a7ed48a1d7277c67.jpg,C:\Wind Turbine blades.v2-1111.yolov8\valid\labels\11_jpg.rf.9118d4b9e4815b47a7ed48a1d7277c67.txt,C:\Users\yys\Desktop\风机\wind-fault-detection-platform\hard_cases\new_corrosion_samples\valid_11_jpg.rf.9118d4b9e4815b47a7ed48a1d7277c67.jpg,Erosion
C:\Wind Turbine blades.v2-1111.yolov8\valid\images\125_jpg.rf.af2bc4a055d581602bd8d267c215b48a.jpg,C:\Wind Turbine blades.v2-1111.yolov8\valid\labels\125_jpg.rf.af2bc4a055d581602bd8d267c215b48a.txt,C:\Users\yys\Desktop\风机\wind-fault-detection-platform\hard_cases\new_small_defect_samples\valid_125_jpg.rf.af2bc4a055d581602bd8d267c215b48a.jpg,Good;Paintoff;Scratch
C:\Wind Turbine blades.v2-1111.yolov8\valid\images\12_jpg.rf.52664a75ec5ac17a908e0c98d09ce8d9.jpg,C:\Wind Turbine blades.v2-1111.yolov8\valid\labels\12_jpg.rf.52664a75ec5ac17a908e0c98d09ce8d9.txt,C:\Users\yys\Desktop\风机\wind-fault-detection-platform\hard_cases\new_corrosion_samples\valid_12_jpg.rf.52664a75ec5ac17a908e0c98d09ce8d9.jpg,Erosion
C:\Wind Turbine blades.v2-1111.yolov8\valid\images\12_jpg.rf.649606d4066c29ab86fae260cd8b90d6.jpg,C:\Wind Turbine blades.v2-1111.yolov8\valid\labels\12_jpg.rf.649606d4066c29ab86fae260cd8b90d6.txt,C:\Users\yys\Desktop\风机\wind-fault-detection-platform\hard_cases\new_small_defect_samples\valid_12_jpg.rf.649606d4066c29ab86fae260cd8b90d6.jpg,Good;Scratch
C:\Wind Turbine blades.v2-1111.yolov8\valid\images\12_jpg.rf.b2afb4d6f727fc89d64b83d335db477f.jpg,C:\Wind Turbine blades.v2-1111.yolov8\valid\labels\12_jpg.rf.b2afb4d6f727fc89d64b83d335db477f.txt,C:\Users\yys\Desktop\风机\wind-fault-detection-platform\hard_cases\new_corrosion_samples\valid_12_jpg.rf.b2afb4d6f727fc89d64b83d335db477f.jpg,Erosion
C:\Wind Turbine blades.v2-1111.yolov8\valid\images\13-Copy-2-_jpg.rf.203b4a3a9c46893187f034fb7beabfb1.jpg,C:\Wind Turbine blades.v2-1111.yolov8\valid\labels\13-Copy-2-_jpg.rf.203b4a3a9c46893187f034fb7beabfb1.txt,C:\Users\yys\Desktop\风机\wind-fault-detection-platform\hard_cases\new_small_defect_samples\valid_13-Copy-2-_jpg.rf.203b4a3a9c46893187f034fb7beabfb1.jpg,Good;MechanicalDamage
C:\Wind Turbine blades.v2-1111.yolov8\valid\images\13_jpg.rf.9ed542b3e4cf66d5fc16f2df39c4f815.jpg,C:\Wind Turbine blades.v2-1111.yolov8\valid\labels\13_jpg.rf.9ed542b3e4cf66d5fc16f2df39c4f815.txt,C:\Users\yys\Desktop\风机\wind-fault-detection-platform\hard_cases\new_small_defect_samples\valid_13_jpg.rf.9ed542b3e4cf66d5fc16f2df39c4f815.jpg,Good;Paintoff;Scratch
C:\Wind Turbine blades.v2-1111.yolov8\valid\images\14_jpg.rf.a3beb605b2aba124b0cc641b5fca8355.jpg,C:\Wind Turbine blades.v2-1111.yolov8\valid\labels\14_jpg.rf.a3beb605b2aba124b0cc641b5fca8355.txt,C:\Users\yys\Desktop\风机\wind-fault-detection-platform\hard_cases\new_small_defect_samples\valid_14_jpg.rf.a3beb605b2aba124b0cc641b5fca8355.jpg,Good;Paintoff
C:\Wind Turbine blades.v2-1111.yolov8\valid\images\15_jpg.rf.4cdefa25cd78d3ef0dac6c0dc4863966.jpg,C:\Wind Turbine blades.v2-1111.yolov8\valid\labels\15_jpg.rf.4cdefa25cd78d3ef0dac6c0dc4863966.txt,C:\Users\yys\Desktop\风机\wind-fault-detection-platform\hard_cases\new_small_defect_samples\valid_15_jpg.rf.4cdefa25cd78d3ef0dac6c0dc4863966.jpg,Good;Scratch
C:\Wind Turbine blades.v2-1111.yolov8\valid\images\15_jpg.rf.eb267f48036025c756bf8e28480da13f.jpg,C:\Wind Turbine blades.v2-1111.yolov8\valid\labels\15_jpg.rf.eb267f48036025c756bf8e28480da13f.txt,C:\Users\yys\Desktop\风机\wind-fault-detection-platform\hard_cases\new_corrosion_samples\valid_15_jpg.rf.eb267f48036025c756bf8e28480da13f.jpg,Erosion;Good
C:\Wind Turbine blades.v2-1111.yolov8\valid\images\16_jpg.rf.72ab55dec969692337c6c5159c20af1f.jpg,C:\Wind Turbine blades.v2-1111.yolov8\valid\labels\16_jpg.rf.72ab55dec969692337c6c5159c20af1f.txt,C:\Users\yys\Desktop\风机\wind-fault-detection-platform\hard_cases\new_corrosion_samples\valid_16_jpg.rf.72ab55dec969692337c6c5159c20af1f.jpg,Erosion;Good
C:\Wind Turbine blades.v2-1111.yolov8\valid\images\17_jpg.rf.3f2425226d96aeae31745770799cede5.jpg,C:\Wind Turbine blades.v2-1111.yolov8\valid\labels\17_jpg.rf.3f2425226d96aeae31745770799cede5.txt,C:\Users\yys\Desktop\风机\wind-fault-detection-platform\hard_cases\new_corrosion_samples\valid_17_jpg.rf.3f2425226d96aeae31745770799cede5.jpg,Erosion
C:\Wind Turbine blades.v2-1111.yolov8\valid\images\18_jpg.rf.5838f646a1d15531e9ad0a5eab5a16b7.jpg,C:\Wind Turbine blades.v2-1111.yolov8\valid\labels\18_jpg.rf.5838f646a1d15531e9ad0a5eab5a16b7.txt,C:\Users\yys\Desktop\风机\wind-fault-detection-platform\hard_cases\new_corrosion_samples\valid_18_jpg.rf.5838f646a1d15531e9ad0a5eab5a16b7.jpg,Erosion
C:\Wind Turbine blades.v2-1111.yolov8\valid\images\1_jpg.rf.a5d8b66a077be416d5a95b42860506df.jpg,C:\Wind Turbine blades.v2-1111.yolov8\valid\labels\1_jpg.rf.a5d8b66a077be416d5a95b42860506df.txt,C:\Users\yys\Desktop\风机\wind-fault-detection-platform\hard_cases\new_small_defect_samples\valid_1_jpg.rf.a5d8b66a077be416d5a95b42860506df.jpg,Good;Paintoff;Scratch
C:\Wind Turbine blades.v2-1111.yolov8\valid\images\1_jpg.rf.a62977d2ad462153dec012fb032da94e.jpg,C:\Wind Turbine blades.v2-1111.yolov8\valid\labels\1_jpg.rf.a62977d2ad462153dec012fb032da94e.txt,C:\Users\yys\Desktop\风机\wind-fault-detection-platform\hard_cases\new_small_defect_samples\valid_1_jpg.rf.a62977d2ad462153dec012fb032da94e.jpg,Good;Scratch
C:\Wind Turbine blades.v2-1111.yolov8\valid\images\21_jpg.rf.57843061d615e4135e5d91e54fdd25b3.jpg,C:\Wind Turbine blades.v2-1111.yolov8\valid\labels\21_jpg.rf.57843061d615e4135e5d91e54fdd25b3.txt,C:\Users\yys\Desktop\风机\wind-fault-detection-platform\hard_cases\new_corrosion_samples\valid_21_jpg.rf.57843061d615e4135e5d91e54fdd25b3.jpg,Erosion
C:\Wind Turbine blades.v2-1111.yolov8\valid\images\22_jpg.rf.fb1c5e586c19271be03a01c391a24cd5.jpg,C:\Wind Turbine blades.v2-1111.yolov8\valid\labels\22_jpg.rf.fb1c5e586c19271be03a01c391a24cd5.txt,C:\Users\yys\Desktop\风机\wind-fault-detection-platform\hard_cases\new_small_defect_samples\valid_22_jpg.rf.fb1c5e586c19271be03a01c391a24cd5.jpg,Good;Paintoff
C:\Wind Turbine blades.v2-1111.yolov8\valid\images\23_jpg.rf.adba3098725941a28584f669b41ad5de.jpg,C:\Wind Turbine blades.v2-1111.yolov8\valid\labels\23_jpg.rf.adba3098725941a28584f669b41ad5de.txt,C:\Users\yys\Desktop\风机\wind-fault-detection-platform\hard_cases\new_small_defect_samples\valid_23_jpg.rf.adba3098725941a28584f669b41ad5de.jpg,Crack;Good
C:\Wind Turbine blades.v2-1111.yolov8\valid\images\23_jpg.rf.d685bcc3733dca985413098e7a780948.jpg,C:\Wind Turbine blades.v2-1111.yolov8\valid\labels\23_jpg.rf.d685bcc3733dca985413098e7a780948.txt,C:\Users\yys\Desktop\风机\wind-fault-detection-platform\hard_cases\new_small_defect_samples\valid_23_jpg.rf.d685bcc3733dca985413098e7a780948.jpg,Good;Scratch
C:\Wind Turbine blades.v2-1111.yolov8\valid\images\23_jpg.rf.d6a0346e593d7528a299fb662b90f0eb.jpg,C:\Wind Turbine blades.v2-1111.yolov8\valid\labels\23_jpg.rf.d6a0346e593d7528a299fb662b90f0eb.txt,C:\Users\yys\Desktop\风机\wind-fault-detection-platform\hard_cases\new_small_defect_samples\valid_23_jpg.rf.d6a0346e593d7528a299fb662b90f0eb.jpg,Good;Scratch
C:\Wind Turbine blades.v2-1111.yolov8\valid\images\24_jpg.rf.3311594ddcfbfee7fe1e8beccc544465.jpg,C:\Wind Turbine blades.v2-1111.yolov8\valid\labels\24_jpg.rf.3311594ddcfbfee7fe1e8beccc544465.txt,C:\Users\yys\Desktop\风机\wind-fault-detection-platform\hard_cases\new_corrosion_samples\valid_24_jpg.rf.3311594ddcfbfee7fe1e8beccc544465.jpg,Erosion
C:\Wind Turbine blades.v2-1111.yolov8\valid\images\24_jpg.rf.56a93568eed7c64e91ad8a9e257bc449.jpg,C:\Wind Turbine blades.v2-1111.yolov8\valid\labels\24_jpg.rf.56a93568eed7c64e91ad8a9e257bc449.txt,C:\Users\yys\Desktop\风机\wind-fault-detection-platform\hard_cases\new_small_defect_samples\valid_24_jpg.rf.56a93568eed7c64e91ad8a9e257bc449.jpg,Good;Scratch
C:\Wind Turbine blades.v2-1111.yolov8\valid\images\24_jpg.rf.7f90481e50a857d202c1b91857675f60.jpg,C:\Wind Turbine blades.v2-1111.yolov8\valid\labels\24_jpg.rf.7f90481e50a857d202c1b91857675f60.txt,C:\Users\yys\Desktop\风机\wind-fault-detection-platform\hard_cases\new_small_defect_samples\valid_24_jpg.rf.7f90481e50a857d202c1b91857675f60.jpg,Crack;Good
C:\Wind Turbine blades.v2-1111.yolov8\valid\images\24_jpg.rf.f5e1d87dd86e3f04d53beff4fbd819d3.jpg,C:\Wind Turbine blades.v2-1111.yolov8\valid\labels\24_jpg.rf.f5e1d87dd86e3f04d53beff4fbd819d3.txt,C:\Users\yys\Desktop\风机\wind-fault-detection-platform\hard_cases\new_corrosion_samples\valid_24_jpg.rf.f5e1d87dd86e3f04d53beff4fbd819d3.jpg,Erosion
C:\Wind Turbine blades.v2-1111.yolov8\valid\images\25_jpg.rf.565e744dcb9bd58e372f1a350ff4ebed.jpg,C:\Wind Turbine blades.v2-1111.yolov8\valid\labels\25_jpg.rf.565e744dcb9bd58e372f1a350ff4ebed.txt,C:\Users\yys\Desktop\风机\wind-fault-detection-platform\hard_cases\new_small_defect_samples\valid_25_jpg.rf.565e744dcb9bd58e372f1a350ff4ebed.jpg,Good;Paintoff;Scratch
C:\Wind Turbine blades.v2-1111.yolov8\valid\images\26_jpg.rf.467d0cbe1d628170e8fd3364b57ebb6b.jpg,C:\Wind Turbine blades.v2-1111.yolov8\valid\labels\26_jpg.rf.467d0cbe1d628170e8fd3364b57ebb6b.txt,C:\Users\yys\Desktop\风机\wind-fault-detection-platform\hard_cases\new_corrosion_samples\valid_26_jpg.rf.467d0cbe1d628170e8fd3364b57ebb6b.jpg,Erosion;Good
C:\Wind Turbine blades.v2-1111.yolov8\valid\images\27_jpg.rf.38ffcf8ee301a76c9696ab1be953033a.jpg,C:\Wind Turbine blades.v2-1111.yolov8\valid\labels\27_jpg.rf.38ffcf8ee301a76c9696ab1be953033a.txt,C:\Users\yys\Desktop\风机\wind-fault-detection-platform\hard_cases\new_small_defect_samples\valid_27_jpg.rf.38ffcf8ee301a76c9696ab1be953033a.jpg,Crack;Good
C:\Wind Turbine blades.v2-1111.yolov8\valid\images\27_jpg.rf.d08c9fecf555cec90575238e1f5f75e7.jpg,C:\Wind Turbine blades.v2-1111.yolov8\valid\labels\27_jpg.rf.d08c9fecf555cec90575238e1f5f75e7.txt,C:\Users\yys\Desktop\风机\wind-fault-detection-platform\hard_cases\new_small_defect_samples\valid_27_jpg.rf.d08c9fecf555cec90575238e1f5f75e7.jpg,Paintoff;Scratch
C:\Wind Turbine blades.v2-1111.yolov8\valid\images\28-Copy_jpg.rf.b517b5fe34f034c8f552380bcab26cdc.jpg,C:\Wind Turbine blades.v2-1111.yolov8\valid\labels\28-Copy_jpg.rf.b517b5fe34f034c8f552380bcab26cdc.txt,C:\Users\yys\Desktop\风机\wind-fault-detection-platform\hard_cases\new_corrosion_samples\valid_28-Copy_jpg.rf.b517b5fe34f034c8f552380bcab26cdc.jpg,Erosion;Good
C:\Wind Turbine blades.v2-1111.yolov8\valid\images\29-Copy_jpg.rf.7f9cdde668e344ec988afbe29915880e.jpg,C:\Wind Turbine blades.v2-1111.yolov8\valid\labels\29-Copy_jpg.rf.7f9cdde668e344ec988afbe29915880e.txt,C:\Users\yys\Desktop\风机\wind-fault-detection-platform\hard_cases\new_corrosion_samples\valid_29-Copy_jpg.rf.7f9cdde668e344ec988afbe29915880e.jpg,Erosion;Good
C:\Wind Turbine blades.v2-1111.yolov8\valid\images\29_jpg.rf.24d38648e5396c797dff1afbcde4a4a1.jpg,C:\Wind Turbine blades.v2-1111.yolov8\valid\labels\29_jpg.rf.24d38648e5396c797dff1afbcde4a4a1.txt,C:\Users\yys\Desktop\风机\wind-fault-detection-platform\hard_cases\new_small_defect_samples\valid_29_jpg.rf.24d38648e5396c797dff1afbcde4a4a1.jpg,Crack;Good
C:\Wind Turbine blades.v2-1111.yolov8\valid\images\2_jpg.rf.2a72231e702c4579a44794fb19595759.jpg,C:\Wind Turbine blades.v2-1111.yolov8\valid\labels\2_jpg.rf.2a72231e702c4579a44794fb19595759.txt,C:\Users\yys\Desktop\风机\wind-fault-detection-platform\hard_cases\new_small_defect_samples\valid_2_jpg.rf.2a72231e702c4579a44794fb19595759.jpg,Good;Paintoff;Scratch
C:\Wind Turbine blades.v2-1111.yolov8\valid\images\2_jpg.rf.a96f49960bb93bbca4423e6b77331696.jpg,C:\Wind Turbine blades.v2-1111.yolov8\valid\labels\2_jpg.rf.a96f49960bb93bbca4423e6b77331696.txt,C:\Users\yys\Desktop\风机\wind-fault-detection-platform\hard_cases\new_small_defect_samples\valid_2_jpg.rf.a96f49960bb93bbca4423e6b77331696.jpg,Good;Scratch
C:\Wind Turbine blades.v2-1111.yolov8\valid\images\30-Copy_jpg.rf.b7720dade395ee476fdca87e42cc3132.jpg,C:\Wind Turbine blades.v2-1111.yolov8\valid\labels\30-Copy_jpg.rf.b7720dade395ee476fdca87e42cc3132.txt,C:\Users\yys\Desktop\风机\wind-fault-detection-platform\hard_cases\new_corrosion_samples\valid_30-Copy_jpg.rf.b7720dade395ee476fdca87e42cc3132.jpg,Erosion;Good
C:\Wind Turbine blades.v2-1111.yolov8\valid\images\30_jpg.rf.543ddff8303a0f533cbd6590ccee4e84.jpg,C:\Wind Turbine blades.v2-1111.yolov8\valid\labels\30_jpg.rf.543ddff8303a0f533cbd6590ccee4e84.txt,C:\Users\yys\Desktop\风机\wind-fault-detection-platform\hard_cases\new_small_defect_samples\valid_30_jpg.rf.543ddff8303a0f533cbd6590ccee4e84.jpg,Good;Scratch
C:\Wind Turbine blades.v2-1111.yolov8\valid\images\31-Copy_jpg.rf.0e8ca9875b1ae8faaa58dd7d0e8ebecc.jpg,C:\Wind Turbine blades.v2-1111.yolov8\valid\labels\31-Copy_jpg.rf.0e8ca9875b1ae8faaa58dd7d0e8ebecc.txt,C:\Users\yys\Desktop\风机\wind-fault-detection-platform\hard_cases\new_corrosion_samples\valid_31-Copy_jpg.rf.0e8ca9875b1ae8faaa58dd7d0e8ebecc.jpg,Erosion;Good
C:\Wind Turbine blades.v2-1111.yolov8\valid\images\31_jpg.rf.a4ce3a0dab2d118218ad10cb7a4ef185.jpg,C:\Wind Turbine blades.v2-1111.yolov8\valid\labels\31_jpg.rf.a4ce3a0dab2d118218ad10cb7a4ef185.txt,C:\Users\yys\Desktop\风机\wind-fault-detection-platform\hard_cases\new_small_defect_samples\valid_31_jpg.rf.a4ce3a0dab2d118218ad10cb7a4ef185.jpg,Crack;Good
C:\Wind Turbine blades.v2-1111.yolov8\valid\images\31_jpg.rf.e8e1b044d9d96038652c57150065e869.jpg,C:\Wind Turbine blades.v2-1111.yolov8\valid\labels\31_jpg.rf.e8e1b044d9d96038652c57150065e869.txt,C:\Users\yys\Desktop\风机\wind-fault-detection-platform\hard_cases\new_small_defect_samples\valid_31_jpg.rf.e8e1b044d9d96038652c57150065e869.jpg,Good;Scratch
C:\Wind Turbine blades.v2-1111.yolov8\valid\images\32_jpg.rf.4c10b36ccc8ce5befa869f63f210596c.jpg,C:\Wind Turbine blades.v2-1111.yolov8\valid\labels\32_jpg.rf.4c10b36ccc8ce5befa869f63f210596c.txt,C:\Users\yys\Desktop\风机\wind-fault-detection-platform\hard_cases\negative_samples\valid_32_jpg.rf.4c10b36ccc8ce5befa869f63f210596c.jpg,Good
C:\Wind Turbine blades.v2-1111.yolov8\valid\images\32_jpg.rf.f7ac077b009bd364bdb173a964438a8a.jpg,C:\Wind Turbine blades.v2-1111.yolov8\valid\labels\32_jpg.rf.f7ac077b009bd364bdb173a964438a8a.txt,C:\Users\yys\Desktop\风机\wind-fault-detection-platform\hard_cases\new_corrosion_samples\valid_32_jpg.rf.f7ac077b009bd364bdb173a964438a8a.jpg,Erosion;Good
C:\Wind Turbine blades.v2-1111.yolov8\valid\images\33_jpg.rf.96cef89062bc3e8e939dffc511975ee1.jpg,C:\Wind Turbine blades.v2-1111.yolov8\valid\labels\33_jpg.rf.96cef89062bc3e8e939dffc511975ee1.txt,C:\Users\yys\Desktop\风机\wind-fault-detection-platform\hard_cases\new_small_defect_samples\valid_33_jpg.rf.96cef89062bc3e8e939dffc511975ee1.jpg,Paintoff;Scratch
C:\Wind Turbine blades.v2-1111.yolov8\valid\images\34_jpg.rf.a5f378e88fc10d3940ac1def237d8ed6.jpg,C:\Wind Turbine blades.v2-1111.yolov8\valid\labels\34_jpg.rf.a5f378e88fc10d3940ac1def237d8ed6.txt,C:\Users\yys\Desktop\风机\wind-fault-detection-platform\hard_cases\new_corrosion_samples\valid_34_jpg.rf.a5f378e88fc10d3940ac1def237d8ed6.jpg,Erosion;Good
C:\Wind Turbine blades.v2-1111.yolov8\valid\images\35_jpg.rf.60dd786cc2cab6dcf07673a35a325f52.jpg,C:\Wind Turbine blades.v2-1111.yolov8\valid\labels\35_jpg.rf.60dd786cc2cab6dcf07673a35a325f52.txt,C:\Users\yys\Desktop\风机\wind-fault-detection-platform\hard_cases\new_small_defect_samples\valid_35_jpg.rf.60dd786cc2cab6dcf07673a35a325f52.jpg,Crack;Good
C:\Wind Turbine blades.v2-1111.yolov8\valid\images\35_jpg.rf.c589bbadc396ce39e3ead3c4a72f8aa1.jpg,C:\Wind Turbine blades.v2-1111.yolov8\valid\labels\35_jpg.rf.c589bbadc396ce39e3ead3c4a72f8aa1.txt,C:\Users\yys\Desktop\风机\wind-fault-detection-platform\hard_cases\new_corrosion_samples\valid_35_jpg.rf.c589bbadc396ce39e3ead3c4a72f8aa1.jpg,Erosion
C:\Wind Turbine blades.v2-1111.yolov8\valid\images\36_jpg.rf.2ca263c444ea9c59b212dfe883ca298c.jpg,C:\Wind Turbine blades.v2-1111.yolov8\valid\labels\36_jpg.rf.2ca263c444ea9c59b212dfe883ca298c.txt,C:\Users\yys\Desktop\风机\wind-fault-detection-platform\hard_cases\new_small_defect_samples\valid_36_jpg.rf.2ca263c444ea9c59b212dfe883ca298c.jpg,Good;Scratch
C:\Wind Turbine blades.v2-1111.yolov8\valid\images\36_jpg.rf.6431e1eb8ae23ef56a180abbae453197.jpg,C:\Wind Turbine blades.v2-1111.yolov8\valid\labels\36_jpg.rf.6431e1eb8ae23ef56a180abbae453197.txt,C:\Users\yys\Desktop\风机\wind-fault-detection-platform\hard_cases\new_small_defect_samples\valid_36_jpg.rf.6431e1eb8ae23ef56a180abbae453197.jpg,Good;Scratch
C:\Wind Turbine blades.v2-1111.yolov8\valid\images\36_jpg.rf.9c4fd104f43e8d59429ce35648dc243a.jpg,C:\Wind Turbine blades.v2-1111.yolov8\valid\labels\36_jpg.rf.9c4fd104f43e8d59429ce35648dc243a.txt,C:\Users\yys\Desktop\风机\wind-fault-detection-platform\hard_cases\new_small_defect_samples\valid_36_jpg.rf.9c4fd104f43e8d59429ce35648dc243a.jpg,Crack;Good
C:\Wind Turbine blades.v2-1111.yolov8\valid\images\36_jpg.rf.e93a8a1a2ff573d4ce49147cdb566756.jpg,C:\Wind Turbine blades.v2-1111.yolov8\valid\labels\36_jpg.rf.e93a8a1a2ff573d4ce49147cdb566756.txt,C:\Users\yys\Desktop\风机\wind-fault-detection-platform\hard_cases\new_small_defect_samples\valid_36_jpg.rf.e93a8a1a2ff573d4ce49147cdb566756.jpg,Good;Paintoff;Scratch
C:\Wind Turbine blades.v2-1111.yolov8\valid\images\37_jpg.rf.c0c71a43e17bd3ab52eff19cf41ee1a1.jpg,C:\Wind Turbine blades.v2-1111.yolov8\valid\labels\37_jpg.rf.c0c71a43e17bd3ab52eff19cf41ee1a1.txt,C:\Users\yys\Desktop\风机\wind-fault-detection-platform\hard_cases\new_corrosion_samples\valid_37_jpg.rf.c0c71a43e17bd3ab52eff19cf41ee1a1.jpg,Erosion;Good
C:\Wind Turbine blades.v2-1111.yolov8\valid\images\38_jpg.rf.47bf031ba8f9c41c2222134395d56e0e.jpg,C:\Wind Turbine blades.v2-1111.yolov8\valid\labels\38_jpg.rf.47bf031ba8f9c41c2222134395d56e0e.txt,C:\Users\yys\Desktop\风机\wind-fault-detection-platform\hard_cases\new_small_defect_samples\valid_38_jpg.rf.47bf031ba8f9c41c2222134395d56e0e.jpg,Crack;Good
C:\Wind Turbine blades.v2-1111.yolov8\valid\images\38_jpg.rf.ae38f57fc035865143116536f911a430.jpg,C:\Wind Turbine blades.v2-1111.yolov8\valid\labels\38_jpg.rf.ae38f57fc035865143116536f911a430.txt,C:\Users\yys\Desktop\风机\wind-fault-detection-platform\hard_cases\new_small_defect_samples\valid_38_jpg.rf.ae38f57fc035865143116536f911a430.jpg,Good;Paintoff;Scratch
C:\Wind Turbine blades.v2-1111.yolov8\valid\images\3_jpg.rf.933f560b1b89951bad08a420942f7038.jpg,C:\Wind Turbine blades.v2-1111.yolov8\valid\labels\3_jpg.rf.933f560b1b89951bad08a420942f7038.txt,C:\Users\yys\Desktop\风机\wind-fault-detection-platform\hard_cases\new_small_defect_samples\valid_3_jpg.rf.933f560b1b89951bad08a420942f7038.jpg,Crack;Good
C:\Wind Turbine blades.v2-1111.yolov8\valid\images\41_jpg.rf.9ad458fbb00d5b4413b9e95cdc8c99da.jpg,C:\Wind Turbine blades.v2-1111.yolov8\valid\labels\41_jpg.rf.9ad458fbb00d5b4413b9e95cdc8c99da.txt,C:\Users\yys\Desktop\风机\wind-fault-detection-platform\hard_cases\new_small_defect_samples\valid_41_jpg.rf.9ad458fbb00d5b4413b9e95cdc8c99da.jpg,Crack;Good
C:\Wind Turbine blades.v2-1111.yolov8\valid\images\42_jpg.rf.d05b5f47e5c2d1f5fec4edfae1070ecd.jpg,C:\Wind Turbine blades.v2-1111.yolov8\valid\labels\42_jpg.rf.d05b5f47e5c2d1f5fec4edfae1070ecd.txt,C:\Users\yys\Desktop\风机\wind-fault-detection-platform\hard_cases\new_small_defect_samples\valid_42_jpg.rf.d05b5f47e5c2d1f5fec4edfae1070ecd.jpg,Good;Scratch
C:\Wind Turbine blades.v2-1111.yolov8\valid\images\47_jpg.rf.046bf5a63a4541aa19e2b33c6ae6da48.jpg,C:\Wind Turbine blades.v2-1111.yolov8\valid\labels\47_jpg.rf.046bf5a63a4541aa19e2b33c6ae6da48.txt,C:\Users\yys\Desktop\风机\wind-fault-detection-platform\hard_cases\new_small_defect_samples\valid_47_jpg.rf.046bf5a63a4541aa19e2b33c6ae6da48.jpg,Crack;Good
C:\Wind Turbine blades.v2-1111.yolov8\valid\images\47_jpg.rf.3e683bdb1e0984c776017c717ff8fc72.jpg,C:\Wind Turbine blades.v2-1111.yolov8\valid\labels\47_jpg.rf.3e683bdb1e0984c776017c717ff8fc72.txt,C:\Users\yys\Desktop\风机\wind-fault-detection-platform\hard_cases\new_small_defect_samples\valid_47_jpg.rf.3e683bdb1e0984c776017c717ff8fc72.jpg,Good;Scratch
C:\Wind Turbine blades.v2-1111.yolov8\valid\images\48_jpg.rf.42efbd69aab4247fe047cd1da34f8d02.jpg,C:\Wind Turbine blades.v2-1111.yolov8\valid\labels\48_jpg.rf.42efbd69aab4247fe047cd1da34f8d02.txt,C:\Users\yys\Desktop\风机\wind-fault-detection-platform\hard_cases\new_small_defect_samples\valid_48_jpg.rf.42efbd69aab4247fe047cd1da34f8d02.jpg,Good;Paintoff;Scratch
C:\Wind Turbine blades.v2-1111.yolov8\valid\images\48_jpg.rf.583df3bad9833a492fc92967727373ae.jpg,C:\Wind Turbine blades.v2-1111.yolov8\valid\labels\48_jpg.rf.583df3bad9833a492fc92967727373ae.txt,C:\Users\yys\Desktop\风机\wind-fault-detection-platform\hard_cases\new_small_defect_samples\valid_48_jpg.rf.583df3bad9833a492fc92967727373ae.jpg,Good;Scratch
C:\Wind Turbine blades.v2-1111.yolov8\valid\images\48_jpg.rf.8bc59a6edca1c61b1df8147f9d78f40c.jpg,C:\Wind Turbine blades.v2-1111.yolov8\valid\labels\48_jpg.rf.8bc59a6edca1c61b1df8147f9d78f40c.txt,C:\Users\yys\Desktop\风机\wind-fault-detection-platform\hard_cases\new_small_defect_samples\valid_48_jpg.rf.8bc59a6edca1c61b1df8147f9d78f40c.jpg,Good;Scratch
C:\Wind Turbine blades.v2-1111.yolov8\valid\images\49_jpg.rf.3311c53967094734ac30e349bde9c949.jpg,C:\Wind Turbine blades.v2-1111.yolov8\valid\labels\49_jpg.rf.3311c53967094734ac30e349bde9c949.txt,C:\Users\yys\Desktop\风机\wind-fault-detection-platform\hard_cases\new_small_defect_samples\valid_49_jpg.rf.3311c53967094734ac30e349bde9c949.jpg,Crack;Good
C:\Wind Turbine blades.v2-1111.yolov8\valid\images\49_jpg.rf.36d63c747dc11f51b211277d67f09e07.jpg,C:\Wind Turbine blades.v2-1111.yolov8\valid\labels\49_jpg.rf.36d63c747dc11f51b211277d67f09e07.txt,C:\Users\yys\Desktop\风机\wind-fault-detection-platform\hard_cases\new_small_defect_samples\valid_49_jpg.rf.36d63c747dc11f51b211277d67f09e07.jpg,Good;Paintoff;Scratch
C:\Wind Turbine blades.v2-1111.yolov8\valid\images\4_jpg.rf.84ed892b9338b5aa21f75d87a30f8bfd.jpg,C:\Wind Turbine blades.v2-1111.yolov8\valid\labels\4_jpg.rf.84ed892b9338b5aa21f75d87a30f8bfd.txt,C:\Users\yys\Desktop\风机\wind-fault-detection-platform\hard_cases\new_corrosion_samples\valid_4_jpg.rf.84ed892b9338b5aa21f75d87a30f8bfd.jpg,Erosion;Good
C:\Wind Turbine blades.v2-1111.yolov8\valid\images\4_jpg.rf.d574b11868305de7603f209264353cf2.jpg,C:\Wind Turbine blades.v2-1111.yolov8\valid\labels\4_jpg.rf.d574b11868305de7603f209264353cf2.txt,C:\Users\yys\Desktop\风机\wind-fault-detection-platform\hard_cases\new_small_defect_samples\valid_4_jpg.rf.d574b11868305de7603f209264353cf2.jpg,Good;Paintoff;Scratch
C:\Wind Turbine blades.v2-1111.yolov8\valid\images\51_jpg.rf.b5236744fcdecec4b9444fa2fb9dbc6b.jpg,C:\Wind Turbine blades.v2-1111.yolov8\valid\labels\51_jpg.rf.b5236744fcdecec4b9444fa2fb9dbc6b.txt,C:\Users\yys\Desktop\风机\wind-fault-detection-platform\hard_cases\new_small_defect_samples\valid_51_jpg.rf.b5236744fcdecec4b9444fa2fb9dbc6b.jpg,Good;Scratch
C:\Wind Turbine blades.v2-1111.yolov8\valid\images\54_jpg.rf.9b6210eb64fdb1ed240f6edae1360e31.jpg,C:\Wind Turbine blades.v2-1111.yolov8\valid\labels\54_jpg.rf.9b6210eb64fdb1ed240f6edae1360e31.txt,C:\Users\yys\Desktop\风机\wind-fault-detection-platform\hard_cases\new_small_defect_samples\valid_54_jpg.rf.9b6210eb64fdb1ed240f6edae1360e31.jpg,Good;Scratch
C:\Wind Turbine blades.v2-1111.yolov8\valid\images\55_jpg.rf.666d80018fa4f74975b4691b805cf065.jpg,C:\Wind Turbine blades.v2-1111.yolov8\valid\labels\55_jpg.rf.666d80018fa4f74975b4691b805cf065.txt,C:\Users\yys\Desktop\风机\wind-fault-detection-platform\hard_cases\new_small_defect_samples\valid_55_jpg.rf.666d80018fa4f74975b4691b805cf065.jpg,Good;Paintoff;Scratch
C:\Wind Turbine blades.v2-1111.yolov8\valid\images\56_jpg.rf.aa82a8a06770a4cf9225be4b15929c5e.jpg,C:\Wind Turbine blades.v2-1111.yolov8\valid\labels\56_jpg.rf.aa82a8a06770a4cf9225be4b15929c5e.txt,C:\Users\yys\Desktop\风机\wind-fault-detection-platform\hard_cases\new_small_defect_samples\valid_56_jpg.rf.aa82a8a06770a4cf9225be4b15929c5e.jpg,Good;Paintoff;Scratch
C:\Wind Turbine blades.v2-1111.yolov8\valid\images\58_jpg.rf.b84509e804ea17e3f4ca3115aae62a7f.jpg,C:\Wind Turbine blades.v2-1111.yolov8\valid\labels\58_jpg.rf.b84509e804ea17e3f4ca3115aae62a7f.txt,C:\Users\yys\Desktop\风机\wind-fault-detection-platform\hard_cases\new_small_defect_samples\valid_58_jpg.rf.b84509e804ea17e3f4ca3115aae62a7f.jpg,Good;Paintoff;Scratch
C:\Wind Turbine blades.v2-1111.yolov8\valid\images\58_jpg.rf.e2ed34faa39a979b9886d5de80b52527.jpg,C:\Wind Turbine blades.v2-1111.yolov8\valid\labels\58_jpg.rf.e2ed34faa39a979b9886d5de80b52527.txt,C:\Users\yys\Desktop\风机\wind-fault-detection-platform\hard_cases\new_small_defect_samples\valid_58_jpg.rf.e2ed34faa39a979b9886d5de80b52527.jpg,Good;Scratch
C:\Wind Turbine blades.v2-1111.yolov8\valid\images\59_jpg.rf.eeb4465d0241f8010c9ef7bdcd26ce5a.jpg,C:\Wind Turbine blades.v2-1111.yolov8\valid\labels\59_jpg.rf.eeb4465d0241f8010c9ef7bdcd26ce5a.txt,C:\Users\yys\Desktop\风机\wind-fault-detection-platform\hard_cases\new_small_defect_samples\valid_59_jpg.rf.eeb4465d0241f8010c9ef7bdcd26ce5a.jpg,Good;Paintoff;Scratch
C:\Wind Turbine blades.v2-1111.yolov8\valid\images\60_jpg.rf.59a83bb510c4cb03332039c358664ff1.jpg,C:\Wind Turbine blades.v2-1111.yolov8\valid\labels\60_jpg.rf.59a83bb510c4cb03332039c358664ff1.txt,C:\Users\yys\Desktop\风机\wind-fault-detection-platform\hard_cases\new_small_defect_samples\valid_60_jpg.rf.59a83bb510c4cb03332039c358664ff1.jpg,Good;Scratch
C:\Wind Turbine blades.v2-1111.yolov8\valid\images\60_jpg.rf.801c81be4b08094922bd864bb44a4a82.jpg,C:\Wind Turbine blades.v2-1111.yolov8\valid\labels\60_jpg.rf.801c81be4b08094922bd864bb44a4a82.txt,C:\Users\yys\Desktop\风机\wind-fault-detection-platform\hard_cases\new_small_defect_samples\valid_60_jpg.rf.801c81be4b08094922bd864bb44a4a82.jpg,Paintoff
C:\Wind Turbine blades.v2-1111.yolov8\valid\images\61_jpg.rf.024f31fc2b5573e983374c5cdb02fef7.jpg,C:\Wind Turbine blades.v2-1111.yolov8\valid\labels\61_jpg.rf.024f31fc2b5573e983374c5cdb02fef7.txt,C:\Users\yys\Desktop\风机\wind-fault-detection-platform\hard_cases\new_small_defect_samples\valid_61_jpg.rf.024f31fc2b5573e983374c5cdb02fef7.jpg,Paintoff
C:\Wind Turbine blades.v2-1111.yolov8\valid\images\62_jpg.rf.d49f13ad44ea83bc0482bbd2ce083ed5.jpg,C:\Wind Turbine blades.v2-1111.yolov8\valid\labels\62_jpg.rf.d49f13ad44ea83bc0482bbd2ce083ed5.txt,C:\Users\yys\Desktop\风机\wind-fault-detection-platform\hard_cases\new_small_defect_samples\valid_62_jpg.rf.d49f13ad44ea83bc0482bbd2ce083ed5.jpg,Good;Scratch
C:\Wind Turbine blades.v2-1111.yolov8\valid\images\62_jpg.rf.f03060b6c174a2fe7615bcd2a09fbd12.jpg,C:\Wind Turbine blades.v2-1111.yolov8\valid\labels\62_jpg.rf.f03060b6c174a2fe7615bcd2a09fbd12.txt,C:\Users\yys\Desktop\风机\wind-fault-detection-platform\hard_cases\new_small_defect_samples\valid_62_jpg.rf.f03060b6c174a2fe7615bcd2a09fbd12.jpg,Good;Scratch
C:\Wind Turbine blades.v2-1111.yolov8\valid\images\64_jpg.rf.4e018036af855cafbd9d72c064eb03df.jpg,C:\Wind Turbine blades.v2-1111.yolov8\valid\labels\64_jpg.rf.4e018036af855cafbd9d72c064eb03df.txt,C:\Users\yys\Desktop\风机\wind-fault-detection-platform\hard_cases\new_small_defect_samples\valid_64_jpg.rf.4e018036af855cafbd9d72c064eb03df.jpg,Scratch
C:\Wind Turbine blades.v2-1111.yolov8\valid\images\64_jpg.rf.986338682af560ef8b5d5257f9a7952d.jpg,C:\Wind Turbine blades.v2-1111.yolov8\valid\labels\64_jpg.rf.986338682af560ef8b5d5257f9a7952d.txt,C:\Users\yys\Desktop\风机\wind-fault-detection-platform\hard_cases\new_small_defect_samples\valid_64_jpg.rf.986338682af560ef8b5d5257f9a7952d.jpg,Good;Scratch
C:\Wind Turbine blades.v2-1111.yolov8\valid\images\64_jpg.rf.c415187e92e1ffd8ff86ded876006628.jpg,C:\Wind Turbine blades.v2-1111.yolov8\valid\labels\64_jpg.rf.c415187e92e1ffd8ff86ded876006628.txt,C:\Users\yys\Desktop\风机\wind-fault-detection-platform\hard_cases\new_small_defect_samples\valid_64_jpg.rf.c415187e92e1ffd8ff86ded876006628.jpg,Good;Scratch
C:\Wind Turbine blades.v2-1111.yolov8\valid\images\66_jpg.rf.ce26b622667d357569d8aa762d3c9a97.jpg,C:\Wind Turbine blades.v2-1111.yolov8\valid\labels\66_jpg.rf.ce26b622667d357569d8aa762d3c9a97.txt,C:\Users\yys\Desktop\风机\wind-fault-detection-platform\hard_cases\new_small_defect_samples\valid_66_jpg.rf.ce26b622667d357569d8aa762d3c9a97.jpg,Good;Scratch
C:\Wind Turbine blades.v2-1111.yolov8\valid\images\69_jpg.rf.a9f4edfaab90abf2aedf01a40251325f.jpg,C:\Wind Turbine blades.v2-1111.yolov8\valid\labels\69_jpg.rf.a9f4edfaab90abf2aedf01a40251325f.txt,C:\Users\yys\Desktop\风机\wind-fault-detection-platform\hard_cases\new_small_defect_samples\valid_69_jpg.rf.a9f4edfaab90abf2aedf01a40251325f.jpg,Good;Scratch
C:\Wind Turbine blades.v2-1111.yolov8\valid\images\69_jpg.rf.ceb1f17495f1b210ac443e38febdb155.jpg,C:\Wind Turbine blades.v2-1111.yolov8\valid\labels\69_jpg.rf.ceb1f17495f1b210ac443e38febdb155.txt,C:\Users\yys\Desktop\风机\wind-fault-detection-platform\hard_cases\new_small_defect_samples\valid_69_jpg.rf.ceb1f17495f1b210ac443e38febdb155.jpg,Good;Scratch
C:\Wind Turbine blades.v2-1111.yolov8\valid\images\69_jpg.rf.de542e3aead497192c43305820131717.jpg,C:\Wind Turbine blades.v2-1111.yolov8\valid\labels\69_jpg.rf.de542e3aead497192c43305820131717.txt,SKIPPED_EMPTY_OR_INVALID_LABEL,
C:\Wind Turbine blades.v2-1111.yolov8\valid\images\6_jpg.rf.624bec7d96635d80578a9484c89d9697.jpg,C:\Wind Turbine blades.v2-1111.yolov8\valid\labels\6_jpg.rf.624bec7d96635d80578a9484c89d9697.txt,C:\Users\yys\Desktop\风机\wind-fault-detection-platform\hard_cases\new_corrosion_samples\valid_6_jpg.rf.624bec7d96635d80578a9484c89d9697.jpg,Erosion;Good
C:\Wind Turbine blades.v2-1111.yolov8\valid\images\6_jpg.rf.ec4fef85e1dbd059121135919c0b9a0c.jpg,C:\Wind Turbine blades.v2-1111.yolov8\valid\labels\6_jpg.rf.ec4fef85e1dbd059121135919c0b9a0c.txt,C:\Users\yys\Desktop\风机\wind-fault-detection-platform\hard_cases\new_small_defect_samples\valid_6_jpg.rf.ec4fef85e1dbd059121135919c0b9a0c.jpg,Good;Paintoff;Scratch
C:\Wind Turbine blades.v2-1111.yolov8\valid\images\70_jpg.rf.9648873b0dcbe8d5d75f1cb20720ee88.jpg,C:\Wind Turbine blades.v2-1111.yolov8\valid\labels\70_jpg.rf.9648873b0dcbe8d5d75f1cb20720ee88.txt,C:\Users\yys\Desktop\风机\wind-fault-detection-platform\hard_cases\new_small_defect_samples\valid_70_jpg.rf.9648873b0dcbe8d5d75f1cb20720ee88.jpg,Good;Scratch
C:\Wind Turbine blades.v2-1111.yolov8\valid\images\73_jpg.rf.25c244ef09082b6bca9556ba265155f2.jpg,C:\Wind Turbine blades.v2-1111.yolov8\valid\labels\73_jpg.rf.25c244ef09082b6bca9556ba265155f2.txt,C:\Users\yys\Desktop\风机\wind-fault-detection-platform\hard_cases\new_small_defect_samples\valid_73_jpg.rf.25c244ef09082b6bca9556ba265155f2.jpg,Good;Paintoff
C:\Wind Turbine blades.v2-1111.yolov8\valid\images\79_jpg.rf.a085d10a61f99635a4411060fc82202d.jpg,C:\Wind Turbine blades.v2-1111.yolov8\valid\labels\79_jpg.rf.a085d10a61f99635a4411060fc82202d.txt,C:\Users\yys\Desktop\风机\wind-fault-detection-platform\hard_cases\new_small_defect_samples\valid_79_jpg.rf.a085d10a61f99635a4411060fc82202d.jpg,Good;Scratch
C:\Wind Turbine blades.v2-1111.yolov8\valid\images\79_jpg.rf.e8c025c0928415b1378c58d8c1e26873.jpg,C:\Wind Turbine blades.v2-1111.yolov8\valid\labels\79_jpg.rf.e8c025c0928415b1378c58d8c1e26873.txt,C:\Users\yys\Desktop\风机\wind-fault-detection-platform\hard_cases\new_small_defect_samples\valid_79_jpg.rf.e8c025c0928415b1378c58d8c1e26873.jpg,Good;Scratch
C:\Wind Turbine blades.v2-1111.yolov8\valid\images\7_jpg.rf.759a147c9f246b832d76eebcf08bfd5f.jpg,C:\Wind Turbine blades.v2-1111.yolov8\valid\labels\7_jpg.rf.759a147c9f246b832d76eebcf08bfd5f.txt,C:\Users\yys\Desktop\风机\wind-fault-detection-platform\hard_cases\new_small_defect_samples\valid_7_jpg.rf.759a147c9f246b832d76eebcf08bfd5f.jpg,Good;Scratch
C:\Wind Turbine blades.v2-1111.yolov8\valid\images\7_jpg.rf.c08068ccd5a1ef0073f3a2782f1173c4.jpg,C:\Wind Turbine blades.v2-1111.yolov8\valid\labels\7_jpg.rf.c08068ccd5a1ef0073f3a2782f1173c4.txt,C:\Users\yys\Desktop\风机\wind-fault-detection-platform\hard_cases\new_small_defect_samples\valid_7_jpg.rf.c08068ccd5a1ef0073f3a2782f1173c4.jpg,Good;Scratch
C:\Wind Turbine blades.v2-1111.yolov8\valid\images\8-Copy-2-_jpg.rf.cfa27895517238a706260c22fcbbc1e5.jpg,C:\Wind Turbine blades.v2-1111.yolov8\valid\labels\8-Copy-2-_jpg.rf.cfa27895517238a706260c22fcbbc1e5.txt,C:\Users\yys\Desktop\风机\wind-fault-detection-platform\hard_cases\new_small_defect_samples\valid_8-Copy-2-_jpg.rf.cfa27895517238a706260c22fcbbc1e5.jpg,Good;MechanicalDamage
C:\Wind Turbine blades.v2-1111.yolov8\valid\images\81_jpg.rf.77215114ee5af22d606415225bc60671.jpg,C:\Wind Turbine blades.v2-1111.yolov8\valid\labels\81_jpg.rf.77215114ee5af22d606415225bc60671.txt,C:\Users\yys\Desktop\风机\wind-fault-detection-platform\hard_cases\new_small_defect_samples\valid_81_jpg.rf.77215114ee5af22d606415225bc60671.jpg,Good;Scratch
C:\Wind Turbine blades.v2-1111.yolov8\valid\images\83_jpg.rf.d746e9603595f266f3fdb6b06e79ab17.jpg,C:\Wind Turbine blades.v2-1111.yolov8\valid\labels\83_jpg.rf.d746e9603595f266f3fdb6b06e79ab17.txt,C:\Users\yys\Desktop\风机\wind-fault-detection-platform\hard_cases\new_small_defect_samples\valid_83_jpg.rf.d746e9603595f266f3fdb6b06e79ab17.jpg,Good;Paintoff
C:\Wind Turbine blades.v2-1111.yolov8\valid\images\84_jpg.rf.85796fb21da0698ceed50696abc6558d.jpg,C:\Wind Turbine blades.v2-1111.yolov8\valid\labels\84_jpg.rf.85796fb21da0698ceed50696abc6558d.txt,SKIPPED_EMPTY_OR_INVALID_LABEL,
C:\Wind Turbine blades.v2-1111.yolov8\valid\images\84_jpg.rf.ecaa435f1496e4f0b7c4d198384a5d23.jpg,C:\Wind Turbine blades.v2-1111.yolov8\valid\labels\84_jpg.rf.ecaa435f1496e4f0b7c4d198384a5d23.txt,C:\Users\yys\Desktop\风机\wind-fault-detection-platform\hard_cases\new_small_defect_samples\valid_84_jpg.rf.ecaa435f1496e4f0b7c4d198384a5d23.jpg,Good;Paintoff
C:\Wind Turbine blades.v2-1111.yolov8\valid\images\85_jpg.rf.c3f26bd6be61db733d268ac60d6a83ba.jpg,C:\Wind Turbine blades.v2-1111.yolov8\valid\labels\85_jpg.rf.c3f26bd6be61db733d268ac60d6a83ba.txt,C:\Users\yys\Desktop\风机\wind-fault-detection-platform\hard_cases\new_small_defect_samples\valid_85_jpg.rf.c3f26bd6be61db733d268ac60d6a83ba.jpg,Good;Paintoff;Scratch
C:\Wind Turbine blades.v2-1111.yolov8\valid\images\87_jpg.rf.3194a31931bcee6523c1339f07aae318.jpg,C:\Wind Turbine blades.v2-1111.yolov8\valid\labels\87_jpg.rf.3194a31931bcee6523c1339f07aae318.txt,C:\Users\yys\Desktop\风机\wind-fault-detection-platform\hard_cases\new_small_defect_samples\valid_87_jpg.rf.3194a31931bcee6523c1339f07aae318.jpg,Good;Scratch
C:\Wind Turbine blades.v2-1111.yolov8\valid\images\87_jpg.rf.4ce1244f3b7d56dbbead7ecf8621d387.jpg,C:\Wind Turbine blades.v2-1111.yolov8\valid\labels\87_jpg.rf.4ce1244f3b7d56dbbead7ecf8621d387.txt,C:\Users\yys\Desktop\风机\wind-fault-detection-platform\hard_cases\new_small_defect_samples\valid_87_jpg.rf.4ce1244f3b7d56dbbead7ecf8621d387.jpg,Good;Scratch
C:\Wind Turbine blades.v2-1111.yolov8\valid\images\8_jpg.rf.a70acfa5ba6f03ef93d61831d202c2a5.jpg,C:\Wind Turbine blades.v2-1111.yolov8\valid\labels\8_jpg.rf.a70acfa5ba6f03ef93d61831d202c2a5.txt,C:\Users\yys\Desktop\风机\wind-fault-detection-platform\hard_cases\new_small_defect_samples\valid_8_jpg.rf.a70acfa5ba6f03ef93d61831d202c2a5.jpg,Good;Scratch
C:\Wind Turbine blades.v2-1111.yolov8\valid\images\8_jpg.rf.bf0ee1bae7aa0617ef17ce4b4f7eae04.jpg,C:\Wind Turbine blades.v2-1111.yolov8\valid\labels\8_jpg.rf.bf0ee1bae7aa0617ef17ce4b4f7eae04.txt,C:\Users\yys\Desktop\风机\wind-fault-detection-platform\hard_cases\new_corrosion_samples\valid_8_jpg.rf.bf0ee1bae7aa0617ef17ce4b4f7eae04.jpg,Erosion;Good
C:\Wind Turbine blades.v2-1111.yolov8\valid\images\90_jpg.rf.821cc9b28b8e9c850353ffbbfc25cbcd.jpg,C:\Wind Turbine blades.v2-1111.yolov8\valid\labels\90_jpg.rf.821cc9b28b8e9c850353ffbbfc25cbcd.txt,C:\Users\yys\Desktop\风机\wind-fault-detection-platform\hard_cases\new_small_defect_samples\valid_90_jpg.rf.821cc9b28b8e9c850353ffbbfc25cbcd.jpg,Good;Scratch
C:\Wind Turbine blades.v2-1111.yolov8\valid\images\94_jpg.rf.49734709023f079d6582c333ebc96916.jpg,C:\Wind Turbine blades.v2-1111.yolov8\valid\labels\94_jpg.rf.49734709023f079d6582c333ebc96916.txt,C:\Users\yys\Desktop\风机\wind-fault-detection-platform\hard_cases\new_small_defect_samples\valid_94_jpg.rf.49734709023f079d6582c333ebc96916.jpg,Good;Scratch
C:\Wind Turbine blades.v2-1111.yolov8\valid\images\94_jpg.rf.f55a137374a8b00d108ae0c1cfc0c677.jpg,C:\Wind Turbine blades.v2-1111.yolov8\valid\labels\94_jpg.rf.f55a137374a8b00d108ae0c1cfc0c677.txt,C:\Users\yys\Desktop\风机\wind-fault-detection-platform\hard_cases\new_small_defect_samples\valid_94_jpg.rf.f55a137374a8b00d108ae0c1cfc0c677.jpg,Good;Scratch
C:\Wind Turbine blades.v2-1111.yolov8\valid\images\95_jpg.rf.069cbafcde44e157c0af5b8184215af2.jpg,C:\Wind Turbine blades.v2-1111.yolov8\valid\labels\95_jpg.rf.069cbafcde44e157c0af5b8184215af2.txt,C:\Users\yys\Desktop\风机\wind-fault-detection-platform\hard_cases\new_small_defect_samples\valid_95_jpg.rf.069cbafcde44e157c0af5b8184215af2.jpg,Good;Scratch
C:\Wind Turbine blades.v2-1111.yolov8\valid\images\9_jpg.rf.55ac13dfc8a180b167801b623b487ada.jpg,C:\Wind Turbine blades.v2-1111.yolov8\valid\labels\9_jpg.rf.55ac13dfc8a180b167801b623b487ada.txt,C:\Users\yys\Desktop\风机\wind-fault-detection-platform\hard_cases\new_corrosion_samples\valid_9_jpg.rf.55ac13dfc8a180b167801b623b487ada.jpg,Erosion;Good
C:\Wind Turbine blades.v2-1111.yolov8\valid\images\DJI_0191_jpg.rf.cbaea411b2cad561a370210a3f7a9a13.jpg,C:\Wind Turbine blades.v2-1111.yolov8\valid\labels\DJI_0191_jpg.rf.cbaea411b2cad561a370210a3f7a9a13.txt,C:\Users\yys\Desktop\风机\wind-fault-detection-platform\hard_cases\negative_samples\valid_DJI_0191_jpg.rf.cbaea411b2cad561a370210a3f7a9a13.jpg,Good
C:\Wind Turbine blades.v2-1111.yolov8\valid\images\DJI_0193_jpg.rf.126d0d8d55ff8dca2c78f5f337a3a24b.jpg,C:\Wind Turbine blades.v2-1111.yolov8\valid\labels\DJI_0193_jpg.rf.126d0d8d55ff8dca2c78f5f337a3a24b.txt,C:\Users\yys\Desktop\风机\wind-fault-detection-platform\hard_cases\negative_samples\valid_DJI_0193_jpg.rf.126d0d8d55ff8dca2c78f5f337a3a24b.jpg,Good
C:\Wind Turbine blades.v2-1111.yolov8\valid\images\DJI_0195_jpg.rf.10af6d7a986992cb783c1c1262510911.jpg,C:\Wind Turbine blades.v2-1111.yolov8\valid\labels\DJI_0195_jpg.rf.10af6d7a986992cb783c1c1262510911.txt,C:\Users\yys\Desktop\风机\wind-fault-detection-platform\hard_cases\negative_samples\valid_DJI_0195_jpg.rf.10af6d7a986992cb783c1c1262510911.jpg,Good
C:\Wind Turbine blades.v2-1111.yolov8\valid\images\DJI_0196_jpg.rf.8042b1837eba67c75655788fcb2bc95d.jpg,C:\Wind Turbine blades.v2-1111.yolov8\valid\labels\DJI_0196_jpg.rf.8042b1837eba67c75655788fcb2bc95d.txt,C:\Users\yys\Desktop\风机\wind-fault-detection-platform\hard_cases\negative_samples\valid_DJI_0196_jpg.rf.8042b1837eba67c75655788fcb2bc95d.jpg,Good
C:\Wind Turbine blades.v2-1111.yolov8\valid\images\DJI_0405_jpg.rf.52a3f1d9c56f00ad0f646505d8a26c05.jpg,C:\Wind Turbine blades.v2-1111.yolov8\valid\labels\DJI_0405_jpg.rf.52a3f1d9c56f00ad0f646505d8a26c05.txt,C:\Users\yys\Desktop\风机\wind-fault-detection-platform\hard_cases\negative_samples\valid_DJI_0405_jpg.rf.52a3f1d9c56f00ad0f646505d8a26c05.jpg,Good
C:\Wind Turbine blades.v2-1111.yolov8\valid\images\DJI_0405_jpg.rf.84cc934a286e5a3e0f630f1f13295b3b.jpg,C:\Wind Turbine blades.v2-1111.yolov8\valid\labels\DJI_0405_jpg.rf.84cc934a286e5a3e0f630f1f13295b3b.txt,C:\Users\yys\Desktop\风机\wind-fault-detection-platform\hard_cases\negative_samples\valid_DJI_0405_jpg.rf.84cc934a286e5a3e0f630f1f13295b3b.jpg,Good
C:\Wind Turbine blades.v2-1111.yolov8\valid\images\DJI_0408_jpg.rf.12d7c2753f923121d28fa6c49c26ed6f.jpg,C:\Wind Turbine blades.v2-1111.yolov8\valid\labels\DJI_0408_jpg.rf.12d7c2753f923121d28fa6c49c26ed6f.txt,C:\Users\yys\Desktop\风机\wind-fault-detection-platform\hard_cases\negative_samples\valid_DJI_0408_jpg.rf.12d7c2753f923121d28fa6c49c26ed6f.jpg,Good
C:\Wind Turbine blades.v2-1111.yolov8\valid\images\DJI_0408_jpg.rf.60fe1b3a47b909d04390d29b43714d34.jpg,C:\Wind Turbine blades.v2-1111.yolov8\valid\labels\DJI_0408_jpg.rf.60fe1b3a47b909d04390d29b43714d34.txt,C:\Users\yys\Desktop\风机\wind-fault-detection-platform\hard_cases\negative_samples\valid_DJI_0408_jpg.rf.60fe1b3a47b909d04390d29b43714d34.jpg,Good
C:\Wind Turbine blades.v2-1111.yolov8\valid\images\DJI_0408_jpg.rf.b5439a93abace476abce2a603e393291.jpg,C:\Wind Turbine blades.v2-1111.yolov8\valid\labels\DJI_0408_jpg.rf.b5439a93abace476abce2a603e393291.txt,C:\Users\yys\Desktop\风机\wind-fault-detection-platform\hard_cases\negative_samples\valid_DJI_0408_jpg.rf.b5439a93abace476abce2a603e393291.jpg,Good
C:\Wind Turbine blades.v2-1111.yolov8\valid\images\DJI_0409_jpg.rf.44e3cd6add99959a891b1978803d74e9.jpg,C:\Wind Turbine blades.v2-1111.yolov8\valid\labels\DJI_0409_jpg.rf.44e3cd6add99959a891b1978803d74e9.txt,C:\Users\yys\Desktop\风机\wind-fault-detection-platform\hard_cases\negative_samples\valid_DJI_0409_jpg.rf.44e3cd6add99959a891b1978803d74e9.jpg,Good
C:\Wind Turbine blades.v2-1111.yolov8\valid\images\DJI_0409_jpg.rf.4bba83ecba7b5902acdcbf3667a247a8.jpg,C:\Wind Turbine blades.v2-1111.yolov8\valid\labels\DJI_0409_jpg.rf.4bba83ecba7b5902acdcbf3667a247a8.txt,C:\Users\yys\Desktop\风机\wind-fault-detection-platform\hard_cases\negative_samples\valid_DJI_0409_jpg.rf.4bba83ecba7b5902acdcbf3667a247a8.jpg,Good
C:\Wind Turbine blades.v2-1111.yolov8\valid\images\DJI_0437_jpg.rf.c659a60663ae0fadb9ba1f0a7d5b9e49.jpg,C:\Wind Turbine blades.v2-1111.yolov8\valid\labels\DJI_0437_jpg.rf.c659a60663ae0fadb9ba1f0a7d5b9e49.txt,C:\Users\yys\Desktop\风机\wind-fault-detection-platform\hard_cases\negative_samples\valid_DJI_0437_jpg.rf.c659a60663ae0fadb9ba1f0a7d5b9e49.jpg,Good
C:\Wind Turbine blades.v2-1111.yolov8\valid\images\DJI_0711_jpg.rf.d58306828e38ee659b25945a10cfa9d1.jpg,C:\Wind Turbine blades.v2-1111.yolov8\valid\labels\DJI_0711_jpg.rf.d58306828e38ee659b25945a10cfa9d1.txt,C:\Users\yys\Desktop\风机\wind-fault-detection-platform\hard_cases\negative_samples\valid_DJI_0711_jpg.rf.d58306828e38ee659b25945a10cfa9d1.jpg,Good
C:\Wind Turbine blades.v2-1111.yolov8\valid\images\DJI_0728_jpg.rf.ec1516c68ead58d54010abef389f97e6.jpg,C:\Wind Turbine blades.v2-1111.yolov8\valid\labels\DJI_0728_jpg.rf.ec1516c68ead58d54010abef389f97e6.txt,C:\Users\yys\Desktop\风机\wind-fault-detection-platform\hard_cases\negative_samples\valid_DJI_0728_jpg.rf.ec1516c68ead58d54010abef389f97e6.jpg,Good
C:\Wind Turbine blades.v2-1111.yolov8\valid\images\DJI_0729_jpg.rf.716357b2bfdedcff0e20e1539c373569.jpg,C:\Wind Turbine blades.v2-1111.yolov8\valid\labels\DJI_0729_jpg.rf.716357b2bfdedcff0e20e1539c373569.txt,C:\Users\yys\Desktop\风机\wind-fault-detection-platform\hard_cases\negative_samples\valid_DJI_0729_jpg.rf.716357b2bfdedcff0e20e1539c373569.jpg,Good
C:\Wind Turbine blades.v2-1111.yolov8\valid\images\DJI_0734_jpg.rf.18f0c35091fb2e1c59f28abccbc314df.jpg,C:\Wind Turbine blades.v2-1111.yolov8\valid\labels\DJI_0734_jpg.rf.18f0c35091fb2e1c59f28abccbc314df.txt,C:\Users\yys\Desktop\风机\wind-fault-detection-platform\hard_cases\negative_samples\valid_DJI_0734_jpg.rf.18f0c35091fb2e1c59f28abccbc314df.jpg,Good
C:\Wind Turbine blades.v2-1111.yolov8\valid\images\DJI_0737_jpg.rf.fdac5c2d82ae1dbbe083249570c309e9.jpg,C:\Wind Turbine blades.v2-1111.yolov8\valid\labels\DJI_0737_jpg.rf.fdac5c2d82ae1dbbe083249570c309e9.txt,C:\Users\yys\Desktop\风机\wind-fault-detection-platform\hard_cases\negative_samples\valid_DJI_0737_jpg.rf.fdac5c2d82ae1dbbe083249570c309e9.jpg,Good
C:\Wind Turbine blades.v2-1111.yolov8\valid\images\DJI_0739_jpg.rf.a57cf12a9045a00fdb9ab3706f59aef4.jpg,C:\Wind Turbine blades.v2-1111.yolov8\valid\labels\DJI_0739_jpg.rf.a57cf12a9045a00fdb9ab3706f59aef4.txt,C:\Users\yys\Desktop\风机\wind-fault-detection-platform\hard_cases\negative_samples\valid_DJI_0739_jpg.rf.a57cf12a9045a00fdb9ab3706f59aef4.jpg,Good
C:\Wind Turbine blades.v2-1111.yolov8\valid\images\DJI_0741_jpg.rf.dbef20b46b5b20a26f67df9da900c3cb.jpg,C:\Wind Turbine blades.v2-1111.yolov8\valid\labels\DJI_0741_jpg.rf.dbef20b46b5b20a26f67df9da900c3cb.txt,C:\Users\yys\Desktop\风机\wind-fault-detection-platform\hard_cases\negative_samples\valid_DJI_0741_jpg.rf.dbef20b46b5b20a26f67df9da900c3cb.jpg,Good
C:\Wind Turbine blades.v2-1111.yolov8\valid\images\transformed1-Copy-2-_jpg.rf.fa2400fc215b20a6bd668cb9d47b3151.jpg,C:\Wind Turbine blades.v2-1111.yolov8\valid\labels\transformed1-Copy-2-_jpg.rf.fa2400fc215b20a6bd668cb9d47b3151.txt,C:\Users\yys\Desktop\风机\wind-fault-detection-platform\hard_cases\new_small_defect_samples\valid_transformed1-Copy-2-_jpg.rf.fa2400fc215b20a6bd668cb9d47b3151.jpg,Good;MechanicalDamage
C:\Wind Turbine blades.v2-1111.yolov8\valid\images\transformed10_jpg.rf.add6761cefe270f96d7b35bffe13a0b9.jpg,C:\Wind Turbine blades.v2-1111.yolov8\valid\labels\transformed10_jpg.rf.add6761cefe270f96d7b35bffe13a0b9.txt,C:\Users\yys\Desktop\风机\wind-fault-detection-platform\hard_cases\new_corrosion_samples\valid_transformed10_jpg.rf.add6761cefe270f96d7b35bffe13a0b9.jpg,Erosion;Good
C:\Wind Turbine blades.v2-1111.yolov8\valid\images\transformed11-Copy-2-_jpg.rf.bfe1c06aab1e4d73c28955c72bb2443a.jpg,C:\Wind Turbine blades.v2-1111.yolov8\valid\labels\transformed11-Copy-2-_jpg.rf.bfe1c06aab1e4d73c28955c72bb2443a.txt,C:\Users\yys\Desktop\风机\wind-fault-detection-platform\hard_cases\new_small_defect_samples\valid_transformed11-Copy-2-_jpg.rf.bfe1c06aab1e4d73c28955c72bb2443a.jpg,Good;MechanicalDamage
C:\Wind Turbine blades.v2-1111.yolov8\valid\images\transformed11_jpg.rf.d5cc04b8e69c6c753a0cf0d16525c729.jpg,C:\Wind Turbine blades.v2-1111.yolov8\valid\labels\transformed11_jpg.rf.d5cc04b8e69c6c753a0cf0d16525c729.txt,C:\Users\yys\Desktop\风机\wind-fault-detection-platform\hard_cases\new_corrosion_samples\valid_transformed11_jpg.rf.d5cc04b8e69c6c753a0cf0d16525c729.jpg,Erosion;Good
C:\Wind Turbine blades.v2-1111.yolov8\valid\images\transformed17_jpg.rf.5fea432dbaa78f9f5c28139e23f2fa51.jpg,C:\Wind Turbine blades.v2-1111.yolov8\valid\labels\transformed17_jpg.rf.5fea432dbaa78f9f5c28139e23f2fa51.txt,C:\Users\yys\Desktop\风机\wind-fault-detection-platform\hard_cases\new_corrosion_samples\valid_transformed17_jpg.rf.5fea432dbaa78f9f5c28139e23f2fa51.jpg,Erosion;Good
C:\Wind Turbine blades.v2-1111.yolov8\valid\images\transformed18_jpg.rf.2963e18a6792d68d343b12790f0a8d6d.jpg,C:\Wind Turbine blades.v2-1111.yolov8\valid\labels\transformed18_jpg.rf.2963e18a6792d68d343b12790f0a8d6d.txt,C:\Users\yys\Desktop\风机\wind-fault-detection-platform\hard_cases\new_small_defect_samples\valid_transformed18_jpg.rf.2963e18a6792d68d343b12790f0a8d6d.jpg,Crack;Good
C:\Wind Turbine blades.v2-1111.yolov8\valid\images\transformed19_jpg.rf.53a9a6e9fe5ed1855fac3ef6fe35b973.jpg,C:\Wind Turbine blades.v2-1111.yolov8\valid\labels\transformed19_jpg.rf.53a9a6e9fe5ed1855fac3ef6fe35b973.txt,C:\Users\yys\Desktop\风机\wind-fault-detection-platform\hard_cases\new_corrosion_samples\valid_transformed19_jpg.rf.53a9a6e9fe5ed1855fac3ef6fe35b973.jpg,Erosion;Good
C:\Wind Turbine blades.v2-1111.yolov8\valid\images\transformed2-Copy-2-_jpg.rf.1339bb2a996168de8a489ab1f38eaba5.jpg,C:\Wind Turbine blades.v2-1111.yolov8\valid\labels\transformed2-Copy-2-_jpg.rf.1339bb2a996168de8a489ab1f38eaba5.txt,C:\Users\yys\Desktop\风机\wind-fault-detection-platform\hard_cases\new_small_defect_samples\valid_transformed2-Copy-2-_jpg.rf.1339bb2a996168de8a489ab1f38eaba5.jpg,Good;Scratch
C:\Wind Turbine blades.v2-1111.yolov8\valid\images\transformed20_jpg.rf.4ba7e0b29ea7eae3e18a8f68a4dc37a2.jpg,C:\Wind Turbine blades.v2-1111.yolov8\valid\labels\transformed20_jpg.rf.4ba7e0b29ea7eae3e18a8f68a4dc37a2.txt,C:\Users\yys\Desktop\风机\wind-fault-detection-platform\hard_cases\new_small_defect_samples\valid_transformed20_jpg.rf.4ba7e0b29ea7eae3e18a8f68a4dc37a2.jpg,Crack;Good
C:\Wind Turbine blades.v2-1111.yolov8\valid\images\transformed20_jpg.rf.9b7277b483365b9a579af60f214a837e.jpg,C:\Wind Turbine blades.v2-1111.yolov8\valid\labels\transformed20_jpg.rf.9b7277b483365b9a579af60f214a837e.txt,C:\Users\yys\Desktop\风机\wind-fault-detection-platform\hard_cases\new_corrosion_samples\valid_transformed20_jpg.rf.9b7277b483365b9a579af60f214a837e.jpg,Erosion
C:\Wind Turbine blades.v2-1111.yolov8\valid\images\transformed22_jpg.rf.d243dd16807d5f66e22004b6007d2d8d.jpg,C:\Wind Turbine blades.v2-1111.yolov8\valid\labels\transformed22_jpg.rf.d243dd16807d5f66e22004b6007d2d8d.txt,C:\Users\yys\Desktop\风机\wind-fault-detection-platform\hard_cases\new_corrosion_samples\valid_transformed22_jpg.rf.d243dd16807d5f66e22004b6007d2d8d.jpg,Erosion
C:\Wind Turbine blades.v2-1111.yolov8\valid\images\transformed23_jpg.rf.bbde1031760a6a606240a60d964b1a3e.jpg,C:\Wind Turbine blades.v2-1111.yolov8\valid\labels\transformed23_jpg.rf.bbde1031760a6a606240a60d964b1a3e.txt,C:\Users\yys\Desktop\风机\wind-fault-detection-platform\hard_cases\new_corrosion_samples\valid_transformed23_jpg.rf.bbde1031760a6a606240a60d964b1a3e.jpg,Erosion
C:\Wind Turbine blades.v2-1111.yolov8\valid\images\transformed26_jpg.rf.cc832182a8ecbf51e1d3e7a9dea23307.jpg,C:\Wind Turbine blades.v2-1111.yolov8\valid\labels\transformed26_jpg.rf.cc832182a8ecbf51e1d3e7a9dea23307.txt,C:\Users\yys\Desktop\风机\wind-fault-detection-platform\hard_cases\new_corrosion_samples\valid_transformed26_jpg.rf.cc832182a8ecbf51e1d3e7a9dea23307.jpg,Erosion
C:\Wind Turbine blades.v2-1111.yolov8\valid\images\transformed28_jpg.rf.b67ad9d439e0a2741865cd2062c6d3f9.jpg,C:\Wind Turbine blades.v2-1111.yolov8\valid\labels\transformed28_jpg.rf.b67ad9d439e0a2741865cd2062c6d3f9.txt,C:\Users\yys\Desktop\风机\wind-fault-detection-platform\hard_cases\new_corrosion_samples\valid_transformed28_jpg.rf.b67ad9d439e0a2741865cd2062c6d3f9.jpg,Erosion
C:\Wind Turbine blades.v2-1111.yolov8\valid\images\transformed29_jpg.rf.a9eb7b3ba8e2cf58032ddc746b34fe80.jpg,C:\Wind Turbine blades.v2-1111.yolov8\valid\labels\transformed29_jpg.rf.a9eb7b3ba8e2cf58032ddc746b34fe80.txt,C:\Users\yys\Desktop\风机\wind-fault-detection-platform\hard_cases\new_corrosion_samples\valid_transformed29_jpg.rf.a9eb7b3ba8e2cf58032ddc746b34fe80.jpg,Erosion;Good
C:\Wind Turbine blades.v2-1111.yolov8\valid\images\transformed3-Copy-2-_jpg.rf.791d33010f21039d4d8a29c3e76cafc7.jpg,C:\Wind Turbine blades.v2-1111.yolov8\valid\labels\transformed3-Copy-2-_jpg.rf.791d33010f21039d4d8a29c3e76cafc7.txt,C:\Users\yys\Desktop\风机\wind-fault-detection-platform\hard_cases\new_small_defect_samples\valid_transformed3-Copy-2-_jpg.rf.791d33010f21039d4d8a29c3e76cafc7.jpg,Good;MechanicalDamage
C:\Wind Turbine blades.v2-1111.yolov8\valid\images\transformed31_jpg.rf.a0e079240963d9dd163236bac5d6b59c.jpg,C:\Wind Turbine blades.v2-1111.yolov8\valid\labels\transformed31_jpg.rf.a0e079240963d9dd163236bac5d6b59c.txt,C:\Users\yys\Desktop\风机\wind-fault-detection-platform\hard_cases\new_small_defect_samples\valid_transformed31_jpg.rf.a0e079240963d9dd163236bac5d6b59c.jpg,Crack;Good
C:\Wind Turbine blades.v2-1111.yolov8\valid\images\transformed32_jpg.rf.31cbe47285799e8582d874d1658e844e.jpg,C:\Wind Turbine blades.v2-1111.yolov8\valid\labels\transformed32_jpg.rf.31cbe47285799e8582d874d1658e844e.txt,C:\Users\yys\Desktop\风机\wind-fault-detection-platform\hard_cases\new_small_defect_samples\valid_transformed32_jpg.rf.31cbe47285799e8582d874d1658e844e.jpg,Crack
C:\Wind Turbine blades.v2-1111.yolov8\valid\images\transformed34_jpg.rf.a7d6289b8b0ec3c51c101ffebe6b3cef.jpg,C:\Wind Turbine blades.v2-1111.yolov8\valid\labels\transformed34_jpg.rf.a7d6289b8b0ec3c51c101ffebe6b3cef.txt,C:\Users\yys\Desktop\风机\wind-fault-detection-platform\hard_cases\new_small_defect_samples\valid_transformed34_jpg.rf.a7d6289b8b0ec3c51c101ffebe6b3cef.jpg,Crack;Good
C:\Wind Turbine blades.v2-1111.yolov8\valid\images\transformed36_jpg.rf.41c12d3d8fed30eed071f3def6848239.jpg,C:\Wind Turbine blades.v2-1111.yolov8\valid\labels\transformed36_jpg.rf.41c12d3d8fed30eed071f3def6848239.txt,C:\Users\yys\Desktop\风机\wind-fault-detection-platform\hard_cases\new_corrosion_samples\valid_transformed36_jpg.rf.41c12d3d8fed30eed071f3def6848239.jpg,Crack;Erosion
C:\Wind Turbine blades.v2-1111.yolov8\valid\images\transformed36_jpg.rf.41c12d3d8fed30eed071f3def6848239.jpg,C:\Wind Turbine blades.v2-1111.yolov8\valid\labels\transformed36_jpg.rf.41c12d3d8fed30eed071f3def6848239.txt,C:\Users\yys\Desktop\风机\wind-fault-detection-platform\hard_cases\new_small_defect_samples\valid_transformed36_jpg.rf.41c12d3d8fed30eed071f3def6848239.jpg,Crack;Erosion
C:\Wind Turbine blades.v2-1111.yolov8\valid\images\transformed37_jpg.rf.6f6b5195216ed11dd14890646ab16dc4.jpg,C:\Wind Turbine blades.v2-1111.yolov8\valid\labels\transformed37_jpg.rf.6f6b5195216ed11dd14890646ab16dc4.txt,C:\Users\yys\Desktop\风机\wind-fault-detection-platform\hard_cases\new_corrosion_samples\valid_transformed37_jpg.rf.6f6b5195216ed11dd14890646ab16dc4.jpg,Erosion;Good
C:\Wind Turbine blades.v2-1111.yolov8\valid\images\transformed37_jpg.rf.788b198dcbbc36b365459c9265402b3a.jpg,C:\Wind Turbine blades.v2-1111.yolov8\valid\labels\transformed37_jpg.rf.788b198dcbbc36b365459c9265402b3a.txt,C:\Users\yys\Desktop\风机\wind-fault-detection-platform\hard_cases\new_corrosion_samples\valid_transformed37_jpg.rf.788b198dcbbc36b365459c9265402b3a.jpg,Crack;Erosion
C:\Wind Turbine blades.v2-1111.yolov8\valid\images\transformed37_jpg.rf.788b198dcbbc36b365459c9265402b3a.jpg,C:\Wind Turbine blades.v2-1111.yolov8\valid\labels\transformed37_jpg.rf.788b198dcbbc36b365459c9265402b3a.txt,C:\Users\yys\Desktop\风机\wind-fault-detection-platform\hard_cases\new_small_defect_samples\valid_transformed37_jpg.rf.788b198dcbbc36b365459c9265402b3a.jpg,Crack;Erosion
C:\Wind Turbine blades.v2-1111.yolov8\valid\images\transformed3_jpg.rf.4863d5337f6062099305d0bd69475afb.jpg,C:\Wind Turbine blades.v2-1111.yolov8\valid\labels\transformed3_jpg.rf.4863d5337f6062099305d0bd69475afb.txt,C:\Users\yys\Desktop\风机\wind-fault-detection-platform\hard_cases\new_small_defect_samples\valid_transformed3_jpg.rf.4863d5337f6062099305d0bd69475afb.jpg,Crack;Good
C:\Wind Turbine blades.v2-1111.yolov8\valid\images\transformed3_jpg.rf.819f791f3a541c131297b19ce0c8e46e.jpg,C:\Wind Turbine blades.v2-1111.yolov8\valid\labels\transformed3_jpg.rf.819f791f3a541c131297b19ce0c8e46e.txt,C:\Users\yys\Desktop\风机\wind-fault-detection-platform\hard_cases\new_corrosion_samples\valid_transformed3_jpg.rf.819f791f3a541c131297b19ce0c8e46e.jpg,Erosion;Good
C:\Wind Turbine blades.v2-1111.yolov8\valid\images\transformed40_jpg.rf.8bf61a649f007a139ac034668522e866.jpg,C:\Wind Turbine blades.v2-1111.yolov8\valid\labels\transformed40_jpg.rf.8bf61a649f007a139ac034668522e866.txt,C:\Users\yys\Desktop\风机\wind-fault-detection-platform\hard_cases\new_corrosion_samples\valid_transformed40_jpg.rf.8bf61a649f007a139ac034668522e866.jpg,Crack;Erosion;Good
C:\Wind Turbine blades.v2-1111.yolov8\valid\images\transformed40_jpg.rf.8bf61a649f007a139ac034668522e866.jpg,C:\Wind Turbine blades.v2-1111.yolov8\valid\labels\transformed40_jpg.rf.8bf61a649f007a139ac034668522e866.txt,C:\Users\yys\Desktop\风机\wind-fault-detection-platform\hard_cases\new_small_defect_samples\valid_transformed40_jpg.rf.8bf61a649f007a139ac034668522e866.jpg,Crack;Erosion;Good
C:\Wind Turbine blades.v2-1111.yolov8\valid\images\transformed40_jpg.rf.b15b6b39b682fe7463b3d7b20381720a.jpg,C:\Wind Turbine blades.v2-1111.yolov8\valid\labels\transformed40_jpg.rf.b15b6b39b682fe7463b3d7b20381720a.txt,C:\Users\yys\Desktop\风机\wind-fault-detection-platform\hard_cases\new_corrosion_samples\valid_transformed40_jpg.rf.b15b6b39b682fe7463b3d7b20381720a.jpg,Crack;Erosion;Good
C:\Wind Turbine blades.v2-1111.yolov8\valid\images\transformed40_jpg.rf.b15b6b39b682fe7463b3d7b20381720a.jpg,C:\Wind Turbine blades.v2-1111.yolov8\valid\labels\transformed40_jpg.rf.b15b6b39b682fe7463b3d7b20381720a.txt,C:\Users\yys\Desktop\风机\wind-fault-detection-platform\hard_cases\new_small_defect_samples\valid_transformed40_jpg.rf.b15b6b39b682fe7463b3d7b20381720a.jpg,Crack;Erosion;Good
C:\Wind Turbine blades.v2-1111.yolov8\valid\images\transformed42_jpg.rf.1e791c7ad9234ebd7229c84ebd1eac99.jpg,C:\Wind Turbine blades.v2-1111.yolov8\valid\labels\transformed42_jpg.rf.1e791c7ad9234ebd7229c84ebd1eac99.txt,C:\Users\yys\Desktop\风机\wind-fault-detection-platform\hard_cases\new_corrosion_samples\valid_transformed42_jpg.rf.1e791c7ad9234ebd7229c84ebd1eac99.jpg,Crack;Erosion;Good
C:\Wind Turbine blades.v2-1111.yolov8\valid\images\transformed42_jpg.rf.1e791c7ad9234ebd7229c84ebd1eac99.jpg,C:\Wind Turbine blades.v2-1111.yolov8\valid\labels\transformed42_jpg.rf.1e791c7ad9234ebd7229c84ebd1eac99.txt,C:\Users\yys\Desktop\风机\wind-fault-detection-platform\hard_cases\new_small_defect_samples\valid_transformed42_jpg.rf.1e791c7ad9234ebd7229c84ebd1eac99.jpg,Crack;Erosion;Good
C:\Wind Turbine blades.v2-1111.yolov8\valid\images\transformed45_jpg.rf.1f1144e29ee3ad4cc5d000957ec6bad8.jpg,C:\Wind Turbine blades.v2-1111.yolov8\valid\labels\transformed45_jpg.rf.1f1144e29ee3ad4cc5d000957ec6bad8.txt,C:\Users\yys\Desktop\风机\wind-fault-detection-platform\hard_cases\new_corrosion_samples\valid_transformed45_jpg.rf.1f1144e29ee3ad4cc5d000957ec6bad8.jpg,Crack;Erosion;Good
C:\Wind Turbine blades.v2-1111.yolov8\valid\images\transformed45_jpg.rf.1f1144e29ee3ad4cc5d000957ec6bad8.jpg,C:\Wind Turbine blades.v2-1111.yolov8\valid\labels\transformed45_jpg.rf.1f1144e29ee3ad4cc5d000957ec6bad8.txt,C:\Users\yys\Desktop\风机\wind-fault-detection-platform\hard_cases\new_small_defect_samples\valid_transformed45_jpg.rf.1f1144e29ee3ad4cc5d000957ec6bad8.jpg,Crack;Erosion;Good
C:\Wind Turbine blades.v2-1111.yolov8\valid\images\transformed47-Copy_jpg.rf.a96ccf94ce962b63ed3e1d8e697721ea.jpg,C:\Wind Turbine blades.v2-1111.yolov8\valid\labels\transformed47-Copy_jpg.rf.a96ccf94ce962b63ed3e1d8e697721ea.txt,C:\Users\yys\Desktop\风机\wind-fault-detection-platform\hard_cases\new_corrosion_samples\valid_transformed47-Copy_jpg.rf.a96ccf94ce962b63ed3e1d8e697721ea.jpg,Crack;Erosion;Good
C:\Wind Turbine blades.v2-1111.yolov8\valid\images\transformed47-Copy_jpg.rf.a96ccf94ce962b63ed3e1d8e697721ea.jpg,C:\Wind Turbine blades.v2-1111.yolov8\valid\labels\transformed47-Copy_jpg.rf.a96ccf94ce962b63ed3e1d8e697721ea.txt,C:\Users\yys\Desktop\风机\wind-fault-detection-platform\hard_cases\new_small_defect_samples\valid_transformed47-Copy_jpg.rf.a96ccf94ce962b63ed3e1d8e697721ea.jpg,Crack;Erosion;Good
C:\Wind Turbine blades.v2-1111.yolov8\valid\images\transformed49-Copy_jpg.rf.44c4ebb0c7bef5b10fb2497c86cf37f2.jpg,C:\Wind Turbine blades.v2-1111.yolov8\valid\labels\transformed49-Copy_jpg.rf.44c4ebb0c7bef5b10fb2497c86cf37f2.txt,C:\Users\yys\Desktop\风机\wind-fault-detection-platform\hard_cases\new_corrosion_samples\valid_transformed49-Copy_jpg.rf.44c4ebb0c7bef5b10fb2497c86cf37f2.jpg,Crack;Erosion;Good
C:\Wind Turbine blades.v2-1111.yolov8\valid\images\transformed49-Copy_jpg.rf.44c4ebb0c7bef5b10fb2497c86cf37f2.jpg,C:\Wind Turbine blades.v2-1111.yolov8\valid\labels\transformed49-Copy_jpg.rf.44c4ebb0c7bef5b10fb2497c86cf37f2.txt,C:\Users\yys\Desktop\风机\wind-fault-detection-platform\hard_cases\new_small_defect_samples\valid_transformed49-Copy_jpg.rf.44c4ebb0c7bef5b10fb2497c86cf37f2.jpg,Crack;Erosion;Good
C:\Wind Turbine blades.v2-1111.yolov8\valid\images\transformed49-Copy_jpg.rf.8190c507d76778ef16ce095bfc446028.jpg,C:\Wind Turbine blades.v2-1111.yolov8\valid\labels\transformed49-Copy_jpg.rf.8190c507d76778ef16ce095bfc446028.txt,C:\Users\yys\Desktop\风机\wind-fault-detection-platform\hard_cases\new_corrosion_samples\valid_transformed49-Copy_jpg.rf.8190c507d76778ef16ce095bfc446028.jpg,Crack;Erosion;Good
C:\Wind Turbine blades.v2-1111.yolov8\valid\images\transformed49-Copy_jpg.rf.8190c507d76778ef16ce095bfc446028.jpg,C:\Wind Turbine blades.v2-1111.yolov8\valid\labels\transformed49-Copy_jpg.rf.8190c507d76778ef16ce095bfc446028.txt,C:\Users\yys\Desktop\风机\wind-fault-detection-platform\hard_cases\new_small_defect_samples\valid_transformed49-Copy_jpg.rf.8190c507d76778ef16ce095bfc446028.jpg,Crack;Erosion;Good
C:\Wind Turbine blades.v2-1111.yolov8\valid\images\transformed4_jpg.rf.7a4dd263e947d4eec1a1bf7f675e6664.jpg,C:\Wind Turbine blades.v2-1111.yolov8\valid\labels\transformed4_jpg.rf.7a4dd263e947d4eec1a1bf7f675e6664.txt,C:\Users\yys\Desktop\风机\wind-fault-detection-platform\hard_cases\new_corrosion_samples\valid_transformed4_jpg.rf.7a4dd263e947d4eec1a1bf7f675e6664.jpg,Erosion
C:\Wind Turbine blades.v2-1111.yolov8\valid\images\transformed5-Copy-2-_jpg.rf.b43fd1c29213dc1c3703a0ed584c3656.jpg,C:\Wind Turbine blades.v2-1111.yolov8\valid\labels\transformed5-Copy-2-_jpg.rf.b43fd1c29213dc1c3703a0ed584c3656.txt,C:\Users\yys\Desktop\风机\wind-fault-detection-platform\hard_cases\new_small_defect_samples\valid_transformed5-Copy-2-_jpg.rf.b43fd1c29213dc1c3703a0ed584c3656.jpg,Good;MechanicalDamage
C:\Wind Turbine blades.v2-1111.yolov8\valid\images\transformed5_jpg.rf.88248a86c62e392ad4dd3a9f37acf7cc.jpg,C:\Wind Turbine blades.v2-1111.yolov8\valid\labels\transformed5_jpg.rf.88248a86c62e392ad4dd3a9f37acf7cc.txt,C:\Users\yys\Desktop\风机\wind-fault-detection-platform\hard_cases\new_small_defect_samples\valid_transformed5_jpg.rf.88248a86c62e392ad4dd3a9f37acf7cc.jpg,Crack;Good
C:\Wind Turbine blades.v2-1111.yolov8\valid\images\transformed6-Copy-2-_jpg.rf.cc6251290191a37d74849be10353a8c2.jpg,C:\Wind Turbine blades.v2-1111.yolov8\valid\labels\transformed6-Copy-2-_jpg.rf.cc6251290191a37d74849be10353a8c2.txt,C:\Users\yys\Desktop\风机\wind-fault-detection-platform\hard_cases\new_small_defect_samples\valid_transformed6-Copy-2-_jpg.rf.cc6251290191a37d74849be10353a8c2.jpg,Good;MechanicalDamage
C:\Wind Turbine blades.v2-1111.yolov8\valid\images\transformed6_jpg.rf.a9c300c19e93ee3ef04c3f5ee9a9665d.jpg,C:\Wind Turbine blades.v2-1111.yolov8\valid\labels\transformed6_jpg.rf.a9c300c19e93ee3ef04c3f5ee9a9665d.txt,C:\Users\yys\Desktop\风机\wind-fault-detection-platform\hard_cases\new_small_defect_samples\valid_transformed6_jpg.rf.a9c300c19e93ee3ef04c3f5ee9a9665d.jpg,Crack;Good
C:\Wind Turbine blades.v2-1111.yolov8\valid\images\transformed9_jpg.rf.a01b483cf04d2b3a3e2a2b37a027e701.jpg,C:\Wind Turbine blades.v2-1111.yolov8\valid\labels\transformed9_jpg.rf.a01b483cf04d2b3a3e2a2b37a027e701.txt,C:\Users\yys\Desktop\风机\wind-fault-detection-platform\hard_cases\new_corrosion_samples\valid_transformed9_jpg.rf.a01b483cf04d2b3a3e2a2b37a027e701.jpg,Erosion;Good
C:\Wind Turbine blades.v2-1111.yolov8\valid\images\transformedDJI_0405_jpg.rf.040537acef6f4015af82b4e7dfa267a3.jpg,C:\Wind Turbine blades.v2-1111.yolov8\valid\labels\transformedDJI_0405_jpg.rf.040537acef6f4015af82b4e7dfa267a3.txt,C:\Users\yys\Desktop\风机\wind-fault-detection-platform\hard_cases\negative_samples\valid_transformedDJI_0405_jpg.rf.040537acef6f4015af82b4e7dfa267a3.jpg,Good
C:\Wind Turbine blades.v2-1111.yolov8\valid\images\transformedDJI_0407_jpg.rf.a93c0dbd8771cf40e9fab4ddd328e07c.jpg,C:\Wind Turbine blades.v2-1111.yolov8\valid\labels\transformedDJI_0407_jpg.rf.a93c0dbd8771cf40e9fab4ddd328e07c.txt,C:\Users\yys\Desktop\风机\wind-fault-detection-platform\hard_cases\negative_samples\valid_transformedDJI_0407_jpg.rf.a93c0dbd8771cf40e9fab4ddd328e07c.jpg,Good
C:\Wind Turbine blades.v2-1111.yolov8\valid\images\transformedDJI_0409_jpg.rf.b513994b477e6bc2128dbf3338b660b9.jpg,C:\Wind Turbine blades.v2-1111.yolov8\valid\labels\transformedDJI_0409_jpg.rf.b513994b477e6bc2128dbf3338b660b9.txt,C:\Users\yys\Desktop\风机\wind-fault-detection-platform\hard_cases\negative_samples\valid_transformedDJI_0409_jpg.rf.b513994b477e6bc2128dbf3338b660b9.jpg,Good
C:\Wind Turbine blades.v2-1111.yolov8\valid\images\transformedDJI_0429_jpg.rf.3781848e0e736a370b8243fe9ae97070.jpg,C:\Wind Turbine blades.v2-1111.yolov8\valid\labels\transformedDJI_0429_jpg.rf.3781848e0e736a370b8243fe9ae97070.txt,C:\Users\yys\Desktop\风机\wind-fault-detection-platform\hard_cases\negative_samples\valid_transformedDJI_0429_jpg.rf.3781848e0e736a370b8243fe9ae97070.jpg,Good
C:\Wind Turbine blades.v2-1111.yolov8\valid\images\transformedDJI_0433_jpg.rf.7f8fe5a264df200aae3009498acb00cf.jpg,C:\Wind Turbine blades.v2-1111.yolov8\valid\labels\transformedDJI_0433_jpg.rf.7f8fe5a264df200aae3009498acb00cf.txt,C:\Users\yys\Desktop\风机\wind-fault-detection-platform\hard_cases\negative_samples\valid_transformedDJI_0433_jpg.rf.7f8fe5a264df200aae3009498acb00cf.jpg,Good
C:\Wind Turbine blades.v2-1111.yolov8\valid\images\transformedDJI_0433_jpg.rf.800420785901690b757702b1a47b1b55.jpg,C:\Wind Turbine blades.v2-1111.yolov8\valid\labels\transformedDJI_0433_jpg.rf.800420785901690b757702b1a47b1b55.txt,C:\Users\yys\Desktop\风机\wind-fault-detection-platform\hard_cases\negative_samples\valid_transformedDJI_0433_jpg.rf.800420785901690b757702b1a47b1b55.jpg,Good
C:\Wind Turbine blades.v2-1111.yolov8\valid\images\transformedDJI_0437_jpg.rf.a69f0eb5142f83d666d3229a381ad19f.jpg,C:\Wind Turbine blades.v2-1111.yolov8\valid\labels\transformedDJI_0437_jpg.rf.a69f0eb5142f83d666d3229a381ad19f.txt,C:\Users\yys\Desktop\风机\wind-fault-detection-platform\hard_cases\negative_samples\valid_transformedDJI_0437_jpg.rf.a69f0eb5142f83d666d3229a381ad19f.jpg,Good
C:\Wind Turbine blades.v2-1111.yolov8\valid\images\transformedDJI_0441_jpg.rf.4b4658346a38ed2964258bddd9cb1132.jpg,C:\Wind Turbine blades.v2-1111.yolov8\valid\labels\transformedDJI_0441_jpg.rf.4b4658346a38ed2964258bddd9cb1132.txt,C:\Users\yys\Desktop\风机\wind-fault-detection-platform\hard_cases\negative_samples\valid_transformedDJI_0441_jpg.rf.4b4658346a38ed2964258bddd9cb1132.jpg,Good
C:\Wind Turbine blades.v2-1111.yolov8\valid\images\transformedDJI_0443_jpg.rf.67f3c60b90cb2e55badceb85a864a6cc.jpg,C:\Wind Turbine blades.v2-1111.yolov8\valid\labels\transformedDJI_0443_jpg.rf.67f3c60b90cb2e55badceb85a864a6cc.txt,C:\Users\yys\Desktop\风机\wind-fault-detection-platform\hard_cases\negative_samples\valid_transformedDJI_0443_jpg.rf.67f3c60b90cb2e55badceb85a864a6cc.jpg,Good
C:\Wind Turbine blades.v2-1111.yolov8\valid\images\transformedDJI_0615_jpg.rf.14d57e4025af92af34257262ba210d71.jpg,C:\Wind Turbine blades.v2-1111.yolov8\valid\labels\transformedDJI_0615_jpg.rf.14d57e4025af92af34257262ba210d71.txt,C:\Users\yys\Desktop\风机\wind-fault-detection-platform\hard_cases\negative_samples\valid_transformedDJI_0615_jpg.rf.14d57e4025af92af34257262ba210d71.jpg,Good
C:\Wind Turbine blades.v2-1111.yolov8\valid\images\transformedDJI_0616_jpg.rf.5a8cdf513931d31573a6d27a32b31c7e.jpg,C:\Wind Turbine blades.v2-1111.yolov8\valid\labels\transformedDJI_0616_jpg.rf.5a8cdf513931d31573a6d27a32b31c7e.txt,C:\Users\yys\Desktop\风机\wind-fault-detection-platform\hard_cases\negative_samples\valid_transformedDJI_0616_jpg.rf.5a8cdf513931d31573a6d27a32b31c7e.jpg,Good
C:\Wind Turbine blades.v2-1111.yolov8\valid\images\transformedDJI_0616_jpg.rf.eae589552f080e5817d5fcc5f5ee3f67.jpg,C:\Wind Turbine blades.v2-1111.yolov8\valid\labels\transformedDJI_0616_jpg.rf.eae589552f080e5817d5fcc5f5ee3f67.txt,C:\Users\yys\Desktop\风机\wind-fault-detection-platform\hard_cases\negative_samples\valid_transformedDJI_0616_jpg.rf.eae589552f080e5817d5fcc5f5ee3f67.jpg,Good
C:\Wind Turbine blades.v2-1111.yolov8\valid\images\transformedDJI_0690_jpg.rf.01b12075a0578fff9b9955026c7d8d49.jpg,C:\Wind Turbine blades.v2-1111.yolov8\valid\labels\transformedDJI_0690_jpg.rf.01b12075a0578fff9b9955026c7d8d49.txt,C:\Users\yys\Desktop\风机\wind-fault-detection-platform\hard_cases\negative_samples\valid_transformedDJI_0690_jpg.rf.01b12075a0578fff9b9955026c7d8d49.jpg,Good
C:\Wind Turbine blades.v2-1111.yolov8\valid\images\transformedDJI_0691_jpg.rf.87bc861fe53e2e96d193f6e1eebcb2fc.jpg,C:\Wind Turbine blades.v2-1111.yolov8\valid\labels\transformedDJI_0691_jpg.rf.87bc861fe53e2e96d193f6e1eebcb2fc.txt,C:\Users\yys\Desktop\风机\wind-fault-detection-platform\hard_cases\negative_samples\valid_transformedDJI_0691_jpg.rf.87bc861fe53e2e96d193f6e1eebcb2fc.jpg,Good
C:\Wind Turbine blades.v2-1111.yolov8\test\images\1-Copy-2-_jpg.rf.79f2ed91dd94970146b02a47fd6cb7b0.jpg,C:\Wind Turbine blades.v2-1111.yolov8\test\labels\1-Copy-2-_jpg.rf.79f2ed91dd94970146b02a47fd6cb7b0.txt,C:\Users\yys\Desktop\风机\wind-fault-detection-platform\hard_cases\new_small_defect_samples\test_1-Copy-2-_jpg.rf.79f2ed91dd94970146b02a47fd6cb7b0.jpg,Good;MechanicalDamage
C:\Wind Turbine blades.v2-1111.yolov8\test\images\10_jpg.rf.a46c22c2f6317d29510163108dd609cf.jpg,C:\Wind Turbine blades.v2-1111.yolov8\test\labels\10_jpg.rf.a46c22c2f6317d29510163108dd609cf.txt,C:\Users\yys\Desktop\风机\wind-fault-detection-platform\hard_cases\new_small_defect_samples\test_10_jpg.rf.a46c22c2f6317d29510163108dd609cf.jpg,Paintoff;Scratch
C:\Wind Turbine blades.v2-1111.yolov8\test\images\10_jpg.rf.d135b25033204219bcb64fb3f9b82c94.jpg,C:\Wind Turbine blades.v2-1111.yolov8\test\labels\10_jpg.rf.d135b25033204219bcb64fb3f9b82c94.txt,C:\Users\yys\Desktop\风机\wind-fault-detection-platform\hard_cases\new_corrosion_samples\test_10_jpg.rf.d135b25033204219bcb64fb3f9b82c94.jpg,Erosion;Good
C:\Wind Turbine blades.v2-1111.yolov8\test\images\11_jpg.rf.adbd4cd29a3ad1711fa8e5831156d57e.jpg,C:\Wind Turbine blades.v2-1111.yolov8\test\labels\11_jpg.rf.adbd4cd29a3ad1711fa8e5831156d57e.txt,C:\Users\yys\Desktop\风机\wind-fault-detection-platform\hard_cases\new_small_defect_samples\test_11_jpg.rf.adbd4cd29a3ad1711fa8e5831156d57e.jpg,Good;Paintoff;Scratch
C:\Wind Turbine blades.v2-1111.yolov8\test\images\12-Copy-2-_jpg.rf.f1221676d2993bb0089f9cdbad0b2515.jpg,C:\Wind Turbine blades.v2-1111.yolov8\test\labels\12-Copy-2-_jpg.rf.f1221676d2993bb0089f9cdbad0b2515.txt,C:\Users\yys\Desktop\风机\wind-fault-detection-platform\hard_cases\new_small_defect_samples\test_12-Copy-2-_jpg.rf.f1221676d2993bb0089f9cdbad0b2515.jpg,Good;MechanicalDamage
C:\Wind Turbine blades.v2-1111.yolov8\test\images\125_jpg.rf.e350446b97cf50642d6f32bbdbadb5a6.jpg,C:\Wind Turbine blades.v2-1111.yolov8\test\labels\125_jpg.rf.e350446b97cf50642d6f32bbdbadb5a6.txt,C:\Users\yys\Desktop\风机\wind-fault-detection-platform\hard_cases\new_small_defect_samples\test_125_jpg.rf.e350446b97cf50642d6f32bbdbadb5a6.jpg,Good;Paintoff;Scratch
C:\Wind Turbine blades.v2-1111.yolov8\test\images\12_jpg.rf.c554da2e044859c6e1d24333be46f576.jpg,C:\Wind Turbine blades.v2-1111.yolov8\test\labels\12_jpg.rf.c554da2e044859c6e1d24333be46f576.txt,C:\Users\yys\Desktop\风机\wind-fault-detection-platform\hard_cases\new_small_defect_samples\test_12_jpg.rf.c554da2e044859c6e1d24333be46f576.jpg,Good;Scratch
C:\Wind Turbine blades.v2-1111.yolov8\test\images\131_jpg.rf.9bbde10b8966d46c9db143b4c2d3879c.jpg,C:\Wind Turbine blades.v2-1111.yolov8\test\labels\131_jpg.rf.9bbde10b8966d46c9db143b4c2d3879c.txt,C:\Users\yys\Desktop\风机\wind-fault-detection-platform\hard_cases\new_small_defect_samples\test_131_jpg.rf.9bbde10b8966d46c9db143b4c2d3879c.jpg,Good;Paintoff;Scratch
C:\Wind Turbine blades.v2-1111.yolov8\test\images\13_jpg.rf.82ce44e4cf97556ad0b8803b65e7deb3.jpg,C:\Wind Turbine blades.v2-1111.yolov8\test\labels\13_jpg.rf.82ce44e4cf97556ad0b8803b65e7deb3.txt,C:\Users\yys\Desktop\风机\wind-fault-detection-platform\hard_cases\new_small_defect_samples\test_13_jpg.rf.82ce44e4cf97556ad0b8803b65e7deb3.jpg,Good;Scratch
C:\Wind Turbine blades.v2-1111.yolov8\test\images\13_jpg.rf.a4740418d5f5a3564c13bb80e65471e2.jpg,C:\Wind Turbine blades.v2-1111.yolov8\test\labels\13_jpg.rf.a4740418d5f5a3564c13bb80e65471e2.txt,C:\Users\yys\Desktop\风机\wind-fault-detection-platform\hard_cases\new_corrosion_samples\test_13_jpg.rf.a4740418d5f5a3564c13bb80e65471e2.jpg,Erosion
C:\Wind Turbine blades.v2-1111.yolov8\test\images\13_jpg.rf.b3bdabf4d0369cfe2ec65b334a7f1bd3.jpg,C:\Wind Turbine blades.v2-1111.yolov8\test\labels\13_jpg.rf.b3bdabf4d0369cfe2ec65b334a7f1bd3.txt,C:\Users\yys\Desktop\风机\wind-fault-detection-platform\hard_cases\new_corrosion_samples\test_13_jpg.rf.b3bdabf4d0369cfe2ec65b334a7f1bd3.jpg,Erosion
C:\Wind Turbine blades.v2-1111.yolov8\test\images\148_jpg.rf.38a603df52839efbe6182f4ec05fe093.jpg,C:\Wind Turbine blades.v2-1111.yolov8\test\labels\148_jpg.rf.38a603df52839efbe6182f4ec05fe093.txt,C:\Users\yys\Desktop\风机\wind-fault-detection-platform\hard_cases\new_small_defect_samples\test_148_jpg.rf.38a603df52839efbe6182f4ec05fe093.jpg,Paintoff;Scratch
C:\Wind Turbine blades.v2-1111.yolov8\test\images\148_jpg.rf.d1a0334752aed8bd046106f4f70efc77.jpg,C:\Wind Turbine blades.v2-1111.yolov8\test\labels\148_jpg.rf.d1a0334752aed8bd046106f4f70efc77.txt,C:\Users\yys\Desktop\风机\wind-fault-detection-platform\hard_cases\new_small_defect_samples\test_148_jpg.rf.d1a0334752aed8bd046106f4f70efc77.jpg,Paintoff;Scratch
C:\Wind Turbine blades.v2-1111.yolov8\test\images\149_jpg.rf.5327187bec1e175c03ea1c3dcf03613c.jpg,C:\Wind Turbine blades.v2-1111.yolov8\test\labels\149_jpg.rf.5327187bec1e175c03ea1c3dcf03613c.txt,C:\Users\yys\Desktop\风机\wind-fault-detection-platform\hard_cases\new_small_defect_samples\test_149_jpg.rf.5327187bec1e175c03ea1c3dcf03613c.jpg,Scratch
C:\Wind Turbine blades.v2-1111.yolov8\test\images\15_jpg.rf.05894adb1eefc8d6d3d1f22580f11629.jpg,C:\Wind Turbine blades.v2-1111.yolov8\test\labels\15_jpg.rf.05894adb1eefc8d6d3d1f22580f11629.txt,C:\Users\yys\Desktop\风机\wind-fault-detection-platform\hard_cases\new_small_defect_samples\test_15_jpg.rf.05894adb1eefc8d6d3d1f22580f11629.jpg,Crack;Good
C:\Wind Turbine blades.v2-1111.yolov8\test\images\15_jpg.rf.3e798009bea365dab9ff3c71ab25e5e3.jpg,C:\Wind Turbine blades.v2-1111.yolov8\test\labels\15_jpg.rf.3e798009bea365dab9ff3c71ab25e5e3.txt,C:\Users\yys\Desktop\风机\wind-fault-detection-platform\hard_cases\new_small_defect_samples\test_15_jpg.rf.3e798009bea365dab9ff3c71ab25e5e3.jpg,Good;Paintoff
C:\Wind Turbine blades.v2-1111.yolov8\test\images\15_jpg.rf.bcd1e0074b2649d8e69064b18eef6a33.jpg,C:\Wind Turbine blades.v2-1111.yolov8\test\labels\15_jpg.rf.bcd1e0074b2649d8e69064b18eef6a33.txt,C:\Users\yys\Desktop\风机\wind-fault-detection-platform\hard_cases\new_small_defect_samples\test_15_jpg.rf.bcd1e0074b2649d8e69064b18eef6a33.jpg,Good;Scratch
C:\Wind Turbine blades.v2-1111.yolov8\test\images\16_jpg.rf.05c22ab82f782256b0f4ac665094239b.jpg,C:\Wind Turbine blades.v2-1111.yolov8\test\labels\16_jpg.rf.05c22ab82f782256b0f4ac665094239b.txt,C:\Users\yys\Desktop\风机\wind-fault-detection-platform\hard_cases\new_small_defect_samples\test_16_jpg.rf.05c22ab82f782256b0f4ac665094239b.jpg,Crack;Good
C:\Wind Turbine blades.v2-1111.yolov8\test\images\16_jpg.rf.293d056aea9eeabdca1a2d0143bd63a2.jpg,C:\Wind Turbine blades.v2-1111.yolov8\test\labels\16_jpg.rf.293d056aea9eeabdca1a2d0143bd63a2.txt,SKIPPED_EMPTY_OR_INVALID_LABEL,
C:\Wind Turbine blades.v2-1111.yolov8\test\images\16_jpg.rf.434626d031e6e5d142d24be91bc5be87.jpg,C:\Wind Turbine blades.v2-1111.yolov8\test\labels\16_jpg.rf.434626d031e6e5d142d24be91bc5be87.txt,C:\Users\yys\Desktop\风机\wind-fault-detection-platform\hard_cases\new_small_defect_samples\test_16_jpg.rf.434626d031e6e5d142d24be91bc5be87.jpg,Good;Scratch
C:\Wind Turbine blades.v2-1111.yolov8\test\images\16_jpg.rf.b0713f755fd09054880c3268a297a5be.jpg,C:\Wind Turbine blades.v2-1111.yolov8\test\labels\16_jpg.rf.b0713f755fd09054880c3268a297a5be.txt,C:\Users\yys\Desktop\风机\wind-fault-detection-platform\hard_cases\new_small_defect_samples\test_16_jpg.rf.b0713f755fd09054880c3268a297a5be.jpg,Good;Paintoff
C:\Wind Turbine blades.v2-1111.yolov8\test\images\17_jpg.rf.d29a3c12bf52c6e727401053802f9521.jpg,C:\Wind Turbine blades.v2-1111.yolov8\test\labels\17_jpg.rf.d29a3c12bf52c6e727401053802f9521.txt,C:\Users\yys\Desktop\风机\wind-fault-detection-platform\hard_cases\new_small_defect_samples\test_17_jpg.rf.d29a3c12bf52c6e727401053802f9521.jpg,Good;Scratch
C:\Wind Turbine blades.v2-1111.yolov8\test\images\18_jpg.rf.87d266594284debce9c27a378851a7b6.jpg,C:\Wind Turbine blades.v2-1111.yolov8\test\labels\18_jpg.rf.87d266594284debce9c27a378851a7b6.txt,C:\Users\yys\Desktop\风机\wind-fault-detection-platform\hard_cases\new_small_defect_samples\test_18_jpg.rf.87d266594284debce9c27a378851a7b6.jpg,Good;Scratch
C:\Wind Turbine blades.v2-1111.yolov8\test\images\18_jpg.rf.f5820e8c429a1cc7d0423db7646ffc5e.jpg,C:\Wind Turbine blades.v2-1111.yolov8\test\labels\18_jpg.rf.f5820e8c429a1cc7d0423db7646ffc5e.txt,C:\Users\yys\Desktop\风机\wind-fault-detection-platform\hard_cases\new_small_defect_samples\test_18_jpg.rf.f5820e8c429a1cc7d0423db7646ffc5e.jpg,Crack;Good
C:\Wind Turbine blades.v2-1111.yolov8\test\images\19_jpg.rf.6898c0f2d123d8f5d86cdfae796e8245.jpg,C:\Wind Turbine blades.v2-1111.yolov8\test\labels\19_jpg.rf.6898c0f2d123d8f5d86cdfae796e8245.txt,SKIPPED_EMPTY_OR_INVALID_LABEL,
C:\Wind Turbine blades.v2-1111.yolov8\test\images\19_jpg.rf.a0638d660a0f54b13efc7716d581ee3b.jpg,C:\Wind Turbine blades.v2-1111.yolov8\test\labels\19_jpg.rf.a0638d660a0f54b13efc7716d581ee3b.txt,C:\Users\yys\Desktop\风机\wind-fault-detection-platform\hard_cases\new_small_defect_samples\test_19_jpg.rf.a0638d660a0f54b13efc7716d581ee3b.jpg,Good;Scratch
C:\Wind Turbine blades.v2-1111.yolov8\test\images\19_jpg.rf.c07b73e15857eacb5b7575530dcb8cd0.jpg,C:\Wind Turbine blades.v2-1111.yolov8\test\labels\19_jpg.rf.c07b73e15857eacb5b7575530dcb8cd0.txt,C:\Users\yys\Desktop\风机\wind-fault-detection-platform\hard_cases\new_small_defect_samples\test_19_jpg.rf.c07b73e15857eacb5b7575530dcb8cd0.jpg,Crack;Good
C:\Wind Turbine blades.v2-1111.yolov8\test\images\20_jpg.rf.f182bad5bb040dd5ea8ee300fb40ba41.jpg,C:\Wind Turbine blades.v2-1111.yolov8\test\labels\20_jpg.rf.f182bad5bb040dd5ea8ee300fb40ba41.txt,SKIPPED_EMPTY_OR_INVALID_LABEL,
C:\Wind Turbine blades.v2-1111.yolov8\test\images\22_jpg.rf.3e4d5c173fba05930a84b881a03b87e2.jpg,C:\Wind Turbine blades.v2-1111.yolov8\test\labels\22_jpg.rf.3e4d5c173fba05930a84b881a03b87e2.txt,C:\Users\yys\Desktop\风机\wind-fault-detection-platform\hard_cases\new_small_defect_samples\test_22_jpg.rf.3e4d5c173fba05930a84b881a03b87e2.jpg,Good;Paintoff
C:\Wind Turbine blades.v2-1111.yolov8\test\images\22_jpg.rf.a99d220c11eef0a92f1396057306d35a.jpg,C:\Wind Turbine blades.v2-1111.yolov8\test\labels\22_jpg.rf.a99d220c11eef0a92f1396057306d35a.txt,C:\Users\yys\Desktop\风机\wind-fault-detection-platform\hard_cases\new_small_defect_samples\test_22_jpg.rf.a99d220c11eef0a92f1396057306d35a.jpg,Good;Scratch
C:\Wind Turbine blades.v2-1111.yolov8\test\images\22_jpg.rf.fba038cc04ec79590a0b349eab68a7ea.jpg,C:\Wind Turbine blades.v2-1111.yolov8\test\labels\22_jpg.rf.fba038cc04ec79590a0b349eab68a7ea.txt,C:\Users\yys\Desktop\风机\wind-fault-detection-platform\hard_cases\new_corrosion_samples\test_22_jpg.rf.fba038cc04ec79590a0b349eab68a7ea.jpg,Erosion
C:\Wind Turbine blades.v2-1111.yolov8\test\images\25_jpg.rf.0ca95c38e1314bfc93094b4de6ea4530.jpg,C:\Wind Turbine blades.v2-1111.yolov8\test\labels\25_jpg.rf.0ca95c38e1314bfc93094b4de6ea4530.txt,C:\Users\yys\Desktop\风机\wind-fault-detection-platform\hard_cases\new_small_defect_samples\test_25_jpg.rf.0ca95c38e1314bfc93094b4de6ea4530.jpg,Crack;Good
C:\Wind Turbine blades.v2-1111.yolov8\test\images\26_jpg.rf.64a68aef29fdb4938947461fc95210f9.jpg,C:\Wind Turbine blades.v2-1111.yolov8\test\labels\26_jpg.rf.64a68aef29fdb4938947461fc95210f9.txt,C:\Users\yys\Desktop\风机\wind-fault-detection-platform\hard_cases\new_small_defect_samples\test_26_jpg.rf.64a68aef29fdb4938947461fc95210f9.jpg,Paintoff;Scratch
C:\Wind Turbine blades.v2-1111.yolov8\test\images\28-Copy_jpg.rf.995e1c57e83425a1ba3ad54315c6d003.jpg,C:\Wind Turbine blades.v2-1111.yolov8\test\labels\28-Copy_jpg.rf.995e1c57e83425a1ba3ad54315c6d003.txt,C:\Users\yys\Desktop\风机\wind-fault-detection-platform\hard_cases\new_corrosion_samples\test_28-Copy_jpg.rf.995e1c57e83425a1ba3ad54315c6d003.jpg,Erosion;Good
C:\Wind Turbine blades.v2-1111.yolov8\test\images\29_jpg.rf.05eaa5b9c0bf538fdccd304b0dd01073.jpg,C:\Wind Turbine blades.v2-1111.yolov8\test\labels\29_jpg.rf.05eaa5b9c0bf538fdccd304b0dd01073.txt,C:\Users\yys\Desktop\风机\wind-fault-detection-platform\hard_cases\new_small_defect_samples\test_29_jpg.rf.05eaa5b9c0bf538fdccd304b0dd01073.jpg,Good;Scratch
C:\Wind Turbine blades.v2-1111.yolov8\test\images\29_jpg.rf.320d26dee0e450a39e1bfc502c897878.jpg,C:\Wind Turbine blades.v2-1111.yolov8\test\labels\29_jpg.rf.320d26dee0e450a39e1bfc502c897878.txt,C:\Users\yys\Desktop\风机\wind-fault-detection-platform\hard_cases\new_small_defect_samples\test_29_jpg.rf.320d26dee0e450a39e1bfc502c897878.jpg,Good;Scratch
C:\Wind Turbine blades.v2-1111.yolov8\test\images\2_jpg.rf.50f76c1988b24c3ac5aa400b2bd4d59c.jpg,C:\Wind Turbine blades.v2-1111.yolov8\test\labels\2_jpg.rf.50f76c1988b24c3ac5aa400b2bd4d59c.txt,C:\Users\yys\Desktop\风机\wind-fault-detection-platform\hard_cases\new_small_defect_samples\test_2_jpg.rf.50f76c1988b24c3ac5aa400b2bd4d59c.jpg,Crack;Good
C:\Wind Turbine blades.v2-1111.yolov8\test\images\2_jpg.rf.873439e25c6c2794e052d321480eac13.jpg,C:\Wind Turbine blades.v2-1111.yolov8\test\labels\2_jpg.rf.873439e25c6c2794e052d321480eac13.txt,C:\Users\yys\Desktop\风机\wind-fault-detection-platform\hard_cases\new_small_defect_samples\test_2_jpg.rf.873439e25c6c2794e052d321480eac13.jpg,Good;Scratch
C:\Wind Turbine blades.v2-1111.yolov8\test\images\2_jpg.rf.9cf47eaee63a0989b1e3dac7777bc9a9.jpg,C:\Wind Turbine blades.v2-1111.yolov8\test\labels\2_jpg.rf.9cf47eaee63a0989b1e3dac7777bc9a9.txt,C:\Users\yys\Desktop\风机\wind-fault-detection-platform\hard_cases\new_corrosion_samples\test_2_jpg.rf.9cf47eaee63a0989b1e3dac7777bc9a9.jpg,Erosion;Good
C:\Wind Turbine blades.v2-1111.yolov8\test\images\2_jpg.rf.c46470de4085d47a672df8f443d2a15e.jpg,C:\Wind Turbine blades.v2-1111.yolov8\test\labels\2_jpg.rf.c46470de4085d47a672df8f443d2a15e.txt,C:\Users\yys\Desktop\风机\wind-fault-detection-platform\hard_cases\new_small_defect_samples\test_2_jpg.rf.c46470de4085d47a672df8f443d2a15e.jpg,Crack;Good
C:\Wind Turbine blades.v2-1111.yolov8\test\images\30-Copy_jpg.rf.a7fe5f73de3f1b40d48a05acb647a5c1.jpg,C:\Wind Turbine blades.v2-1111.yolov8\test\labels\30-Copy_jpg.rf.a7fe5f73de3f1b40d48a05acb647a5c1.txt,C:\Users\yys\Desktop\风机\wind-fault-detection-platform\hard_cases\new_corrosion_samples\test_30-Copy_jpg.rf.a7fe5f73de3f1b40d48a05acb647a5c1.jpg,Erosion;Good
C:\Wind Turbine blades.v2-1111.yolov8\test\images\30_jpg.rf.ba353300680d7b397390cb016857f09d.jpg,C:\Wind Turbine blades.v2-1111.yolov8\test\labels\30_jpg.rf.ba353300680d7b397390cb016857f09d.txt,C:\Users\yys\Desktop\风机\wind-fault-detection-platform\hard_cases\new_small_defect_samples\test_30_jpg.rf.ba353300680d7b397390cb016857f09d.jpg,Paintoff;Scratch
C:\Wind Turbine blades.v2-1111.yolov8\test\images\32_jpg.rf.0cdf83b0a1640f2aabe7856dbe3834f4.jpg,C:\Wind Turbine blades.v2-1111.yolov8\test\labels\32_jpg.rf.0cdf83b0a1640f2aabe7856dbe3834f4.txt,C:\Users\yys\Desktop\风机\wind-fault-detection-platform\hard_cases\new_corrosion_samples\test_32_jpg.rf.0cdf83b0a1640f2aabe7856dbe3834f4.jpg,Erosion;Good
C:\Wind Turbine blades.v2-1111.yolov8\test\images\34_jpg.rf.b912572a885048ef1005b29608349a91.jpg,C:\Wind Turbine blades.v2-1111.yolov8\test\labels\34_jpg.rf.b912572a885048ef1005b29608349a91.txt,C:\Users\yys\Desktop\风机\wind-fault-detection-platform\hard_cases\new_small_defect_samples\test_34_jpg.rf.b912572a885048ef1005b29608349a91.jpg,Crack;Good
C:\Wind Turbine blades.v2-1111.yolov8\test\images\35_jpg.rf.0dc67a91d4cf8d364563b329e5450e77.jpg,C:\Wind Turbine blades.v2-1111.yolov8\test\labels\35_jpg.rf.0dc67a91d4cf8d364563b329e5450e77.txt,C:\Users\yys\Desktop\风机\wind-fault-detection-platform\hard_cases\new_small_defect_samples\test_35_jpg.rf.0dc67a91d4cf8d364563b329e5450e77.jpg,Good;Scratch
C:\Wind Turbine blades.v2-1111.yolov8\test\images\35_jpg.rf.ecdfe4f0633435c9f379e82333304eef.jpg,C:\Wind Turbine blades.v2-1111.yolov8\test\labels\35_jpg.rf.ecdfe4f0633435c9f379e82333304eef.txt,C:\Users\yys\Desktop\风机\wind-fault-detection-platform\hard_cases\new_small_defect_samples\test_35_jpg.rf.ecdfe4f0633435c9f379e82333304eef.jpg,Good;Paintoff;Scratch
C:\Wind Turbine blades.v2-1111.yolov8\test\images\36_jpg.rf.0cd2c44c2e6119f13e20cff67f04d127.jpg,C:\Wind Turbine blades.v2-1111.yolov8\test\labels\36_jpg.rf.0cd2c44c2e6119f13e20cff67f04d127.txt,C:\Users\yys\Desktop\风机\wind-fault-detection-platform\hard_cases\new_small_defect_samples\test_36_jpg.rf.0cd2c44c2e6119f13e20cff67f04d127.jpg,Crack;Good
C:\Wind Turbine blades.v2-1111.yolov8\test\images\36_jpg.rf.39280b5ad9cdefb4415105497733047a.jpg,C:\Wind Turbine blades.v2-1111.yolov8\test\labels\36_jpg.rf.39280b5ad9cdefb4415105497733047a.txt,C:\Users\yys\Desktop\风机\wind-fault-detection-platform\hard_cases\new_small_defect_samples\test_36_jpg.rf.39280b5ad9cdefb4415105497733047a.jpg,Crack;Good
C:\Wind Turbine blades.v2-1111.yolov8\test\images\36_jpg.rf.47641d86ca5f5352846567c75afd2c3f.jpg,C:\Wind Turbine blades.v2-1111.yolov8\test\labels\36_jpg.rf.47641d86ca5f5352846567c75afd2c3f.txt,C:\Users\yys\Desktop\风机\wind-fault-detection-platform\hard_cases\new_small_defect_samples\test_36_jpg.rf.47641d86ca5f5352846567c75afd2c3f.jpg,Good;Paintoff;Scratch
C:\Wind Turbine blades.v2-1111.yolov8\test\images\37_jpg.rf.6a2a923e3e565ff35f0854ac900b7d61.jpg,C:\Wind Turbine blades.v2-1111.yolov8\test\labels\37_jpg.rf.6a2a923e3e565ff35f0854ac900b7d61.txt,C:\Users\yys\Desktop\风机\wind-fault-detection-platform\hard_cases\new_corrosion_samples\test_37_jpg.rf.6a2a923e3e565ff35f0854ac900b7d61.jpg,Erosion;Good
C:\Wind Turbine blades.v2-1111.yolov8\test\images\38_jpg.rf.25e8ffbe30c58ef28204061a11c58edf.jpg,C:\Wind Turbine blades.v2-1111.yolov8\test\labels\38_jpg.rf.25e8ffbe30c58ef28204061a11c58edf.txt,C:\Users\yys\Desktop\风机\wind-fault-detection-platform\hard_cases\new_small_defect_samples\test_38_jpg.rf.25e8ffbe30c58ef28204061a11c58edf.jpg,Good;Scratch
C:\Wind Turbine blades.v2-1111.yolov8\test\images\38_jpg.rf.7cab39a16018be6aab35feceafc41c6b.jpg,C:\Wind Turbine blades.v2-1111.yolov8\test\labels\38_jpg.rf.7cab39a16018be6aab35feceafc41c6b.txt,C:\Users\yys\Desktop\风机\wind-fault-detection-platform\hard_cases\new_small_defect_samples\test_38_jpg.rf.7cab39a16018be6aab35feceafc41c6b.jpg,Good;Scratch
C:\Wind Turbine blades.v2-1111.yolov8\test\images\38_jpg.rf.e3188b3becb415a6c7c811ff925d159b.jpg,C:\Wind Turbine blades.v2-1111.yolov8\test\labels\38_jpg.rf.e3188b3becb415a6c7c811ff925d159b.txt,C:\Users\yys\Desktop\风机\wind-fault-detection-platform\hard_cases\new_corrosion_samples\test_38_jpg.rf.e3188b3becb415a6c7c811ff925d159b.jpg,Erosion;Good
C:\Wind Turbine blades.v2-1111.yolov8\test\images\39_jpg.rf.339950920574f2feb842ea3c4fce2648.jpg,C:\Wind Turbine blades.v2-1111.yolov8\test\labels\39_jpg.rf.339950920574f2feb842ea3c4fce2648.txt,C:\Users\yys\Desktop\风机\wind-fault-detection-platform\hard_cases\new_small_defect_samples\test_39_jpg.rf.339950920574f2feb842ea3c4fce2648.jpg,Crack;Good
C:\Wind Turbine blades.v2-1111.yolov8\test\images\39_jpg.rf.3922249d9d03291cf1b59bb8786ee94b.jpg,C:\Wind Turbine blades.v2-1111.yolov8\test\labels\39_jpg.rf.3922249d9d03291cf1b59bb8786ee94b.txt,C:\Users\yys\Desktop\风机\wind-fault-detection-platform\hard_cases\new_small_defect_samples\test_39_jpg.rf.3922249d9d03291cf1b59bb8786ee94b.jpg,Good;Scratch
C:\Wind Turbine blades.v2-1111.yolov8\test\images\39_jpg.rf.d880b6b4fe1ec277397afaeadf8b8ba4.jpg,C:\Wind Turbine blades.v2-1111.yolov8\test\labels\39_jpg.rf.d880b6b4fe1ec277397afaeadf8b8ba4.txt,C:\Users\yys\Desktop\风机\wind-fault-detection-platform\hard_cases\new_small_defect_samples\test_39_jpg.rf.d880b6b4fe1ec277397afaeadf8b8ba4.jpg,Good;Paintoff;Scratch
C:\Wind Turbine blades.v2-1111.yolov8\test\images\3_jpg.rf.a75b1f0ba4d8b60148e23466079b497b.jpg,C:\Wind Turbine blades.v2-1111.yolov8\test\labels\3_jpg.rf.a75b1f0ba4d8b60148e23466079b497b.txt,C:\Users\yys\Desktop\风机\wind-fault-detection-platform\hard_cases\new_corrosion_samples\test_3_jpg.rf.a75b1f0ba4d8b60148e23466079b497b.jpg,Erosion;Good
C:\Wind Turbine blades.v2-1111.yolov8\test\images\3_jpg.rf.e47295f9eb93552f168fc6e3c4cbd46a.jpg,C:\Wind Turbine blades.v2-1111.yolov8\test\labels\3_jpg.rf.e47295f9eb93552f168fc6e3c4cbd46a.txt,C:\Users\yys\Desktop\风机\wind-fault-detection-platform\hard_cases\new_corrosion_samples\test_3_jpg.rf.e47295f9eb93552f168fc6e3c4cbd46a.jpg,Erosion;Good
C:\Wind Turbine blades.v2-1111.yolov8\test\images\40_jpg.rf.19123493f90e092dd101e3d0156ea19d.jpg,C:\Wind Turbine blades.v2-1111.yolov8\test\labels\40_jpg.rf.19123493f90e092dd101e3d0156ea19d.txt,C:\Users\yys\Desktop\风机\wind-fault-detection-platform\hard_cases\new_small_defect_samples\test_40_jpg.rf.19123493f90e092dd101e3d0156ea19d.jpg,Crack;Good
C:\Wind Turbine blades.v2-1111.yolov8\test\images\41_jpg.rf.9e2db09785aef38b58189ff496828e2e.jpg,C:\Wind Turbine blades.v2-1111.yolov8\test\labels\41_jpg.rf.9e2db09785aef38b58189ff496828e2e.txt,SKIPPED_EMPTY_OR_INVALID_LABEL,
C:\Wind Turbine blades.v2-1111.yolov8\test\images\42_jpg.rf.3ff15749627686d1c88bda1e6d83b5f1.jpg,C:\Wind Turbine blades.v2-1111.yolov8\test\labels\42_jpg.rf.3ff15749627686d1c88bda1e6d83b5f1.txt,C:\Users\yys\Desktop\风机\wind-fault-detection-platform\hard_cases\new_small_defect_samples\test_42_jpg.rf.3ff15749627686d1c88bda1e6d83b5f1.jpg,Good;Scratch
C:\Wind Turbine blades.v2-1111.yolov8\test\images\44_jpg.rf.7f226be7b657420c644b0e0ee34f670d.jpg,C:\Wind Turbine blades.v2-1111.yolov8\test\labels\44_jpg.rf.7f226be7b657420c644b0e0ee34f670d.txt,C:\Users\yys\Desktop\风机\wind-fault-detection-platform\hard_cases\new_small_defect_samples\test_44_jpg.rf.7f226be7b657420c644b0e0ee34f670d.jpg,Good;Paintoff;Scratch
C:\Wind Turbine blades.v2-1111.yolov8\test\images\45_jpg.rf.ff595994d9a7dae6d84a552e7a44c5d7.jpg,C:\Wind Turbine blades.v2-1111.yolov8\test\labels\45_jpg.rf.ff595994d9a7dae6d84a552e7a44c5d7.txt,C:\Users\yys\Desktop\风机\wind-fault-detection-platform\hard_cases\new_small_defect_samples\test_45_jpg.rf.ff595994d9a7dae6d84a552e7a44c5d7.jpg,Good;Scratch
C:\Wind Turbine blades.v2-1111.yolov8\test\images\46_jpg.rf.d3b6780028a9b1dc562a2587a8faaf7d.jpg,C:\Wind Turbine blades.v2-1111.yolov8\test\labels\46_jpg.rf.d3b6780028a9b1dc562a2587a8faaf7d.txt,C:\Users\yys\Desktop\风机\wind-fault-detection-platform\hard_cases\new_small_defect_samples\test_46_jpg.rf.d3b6780028a9b1dc562a2587a8faaf7d.jpg,Good;Scratch
C:\Wind Turbine blades.v2-1111.yolov8\test\images\47_jpg.rf.72d5aa20b57b7a038e8023bfb06c2a2e.jpg,C:\Wind Turbine blades.v2-1111.yolov8\test\labels\47_jpg.rf.72d5aa20b57b7a038e8023bfb06c2a2e.txt,C:\Users\yys\Desktop\风机\wind-fault-detection-platform\hard_cases\new_small_defect_samples\test_47_jpg.rf.72d5aa20b57b7a038e8023bfb06c2a2e.jpg,Good;Scratch
C:\Wind Turbine blades.v2-1111.yolov8\test\images\48_jpg.rf.f349f65e9e12db2c01ccc785f3267273.jpg,C:\Wind Turbine blades.v2-1111.yolov8\test\labels\48_jpg.rf.f349f65e9e12db2c01ccc785f3267273.txt,C:\Users\yys\Desktop\风机\wind-fault-detection-platform\hard_cases\new_small_defect_samples\test_48_jpg.rf.f349f65e9e12db2c01ccc785f3267273.jpg,Crack;Good
C:\Wind Turbine blades.v2-1111.yolov8\test\images\4_jpg.rf.875533a104ab063e638e43a7e0cbc398.jpg,C:\Wind Turbine blades.v2-1111.yolov8\test\labels\4_jpg.rf.875533a104ab063e638e43a7e0cbc398.txt,C:\Users\yys\Desktop\风机\wind-fault-detection-platform\hard_cases\new_small_defect_samples\test_4_jpg.rf.875533a104ab063e638e43a7e0cbc398.jpg,Good;Paintoff;Scratch
C:\Wind Turbine blades.v2-1111.yolov8\test\images\5-Copy-2-_jpg.rf.6f0b0c73b7c044247ffd61ff9a771bdb.jpg,C:\Wind Turbine blades.v2-1111.yolov8\test\labels\5-Copy-2-_jpg.rf.6f0b0c73b7c044247ffd61ff9a771bdb.txt,C:\Users\yys\Desktop\风机\wind-fault-detection-platform\hard_cases\new_small_defect_samples\test_5-Copy-2-_jpg.rf.6f0b0c73b7c044247ffd61ff9a771bdb.jpg,Good;MechanicalDamage
C:\Wind Turbine blades.v2-1111.yolov8\test\images\50_jpg.rf.51320de8b2168b1e9ea031ea7c33d484.jpg,C:\Wind Turbine blades.v2-1111.yolov8\test\labels\50_jpg.rf.51320de8b2168b1e9ea031ea7c33d484.txt,C:\Users\yys\Desktop\风机\wind-fault-detection-platform\hard_cases\new_small_defect_samples\test_50_jpg.rf.51320de8b2168b1e9ea031ea7c33d484.jpg,Good;Scratch
C:\Wind Turbine blades.v2-1111.yolov8\test\images\50_jpg.rf.79c9e99a34260aca3e4e47ccf1f1187d.jpg,C:\Wind Turbine blades.v2-1111.yolov8\test\labels\50_jpg.rf.79c9e99a34260aca3e4e47ccf1f1187d.txt,C:\Users\yys\Desktop\风机\wind-fault-detection-platform\hard_cases\new_small_defect_samples\test_50_jpg.rf.79c9e99a34260aca3e4e47ccf1f1187d.jpg,Paintoff
C:\Wind Turbine blades.v2-1111.yolov8\test\images\52_jpg.rf.532afb2f165d396aa1a92330d5a59434.jpg,C:\Wind Turbine blades.v2-1111.yolov8\test\labels\52_jpg.rf.532afb2f165d396aa1a92330d5a59434.txt,C:\Users\yys\Desktop\风机\wind-fault-detection-platform\hard_cases\new_small_defect_samples\test_52_jpg.rf.532afb2f165d396aa1a92330d5a59434.jpg,Good;Scratch
C:\Wind Turbine blades.v2-1111.yolov8\test\images\53_jpg.rf.3d34bfe0c568dfbb6e86e2028e572e4c.jpg,C:\Wind Turbine blades.v2-1111.yolov8\test\labels\53_jpg.rf.3d34bfe0c568dfbb6e86e2028e572e4c.txt,C:\Users\yys\Desktop\风机\wind-fault-detection-platform\hard_cases\new_small_defect_samples\test_53_jpg.rf.3d34bfe0c568dfbb6e86e2028e572e4c.jpg,Good;Scratch
C:\Wind Turbine blades.v2-1111.yolov8\test\images\53_jpg.rf.d80598a79c921b5aa6e4fea8f6c8ce04.jpg,C:\Wind Turbine blades.v2-1111.yolov8\test\labels\53_jpg.rf.d80598a79c921b5aa6e4fea8f6c8ce04.txt,C:\Users\yys\Desktop\风机\wind-fault-detection-platform\hard_cases\new_small_defect_samples\test_53_jpg.rf.d80598a79c921b5aa6e4fea8f6c8ce04.jpg,Good;Scratch
C:\Wind Turbine blades.v2-1111.yolov8\test\images\55_jpg.rf.3a948939cd6b29b2d9ab0abd3675f322.jpg,C:\Wind Turbine blades.v2-1111.yolov8\test\labels\55_jpg.rf.3a948939cd6b29b2d9ab0abd3675f322.txt,C:\Users\yys\Desktop\风机\wind-fault-detection-platform\hard_cases\new_small_defect_samples\test_55_jpg.rf.3a948939cd6b29b2d9ab0abd3675f322.jpg,Good;Scratch
C:\Wind Turbine blades.v2-1111.yolov8\test\images\55_jpg.rf.b30f7deb6a3d6f656548ad276d3291a9.jpg,C:\Wind Turbine blades.v2-1111.yolov8\test\labels\55_jpg.rf.b30f7deb6a3d6f656548ad276d3291a9.txt,C:\Users\yys\Desktop\风机\wind-fault-detection-platform\hard_cases\new_small_defect_samples\test_55_jpg.rf.b30f7deb6a3d6f656548ad276d3291a9.jpg,Good;Paintoff;Scratch
C:\Wind Turbine blades.v2-1111.yolov8\test\images\56_jpg.rf.e228fb0d2bb004176661de2324adf62d.jpg,C:\Wind Turbine blades.v2-1111.yolov8\test\labels\56_jpg.rf.e228fb0d2bb004176661de2324adf62d.txt,C:\Users\yys\Desktop\风机\wind-fault-detection-platform\hard_cases\new_small_defect_samples\test_56_jpg.rf.e228fb0d2bb004176661de2324adf62d.jpg,Good;Scratch
C:\Wind Turbine blades.v2-1111.yolov8\test\images\5_jpg.rf.18c59593adc51e4c8376b8ffabbff554.jpg,C:\Wind Turbine blades.v2-1111.yolov8\test\labels\5_jpg.rf.18c59593adc51e4c8376b8ffabbff554.txt,C:\Users\yys\Desktop\风机\wind-fault-detection-platform\hard_cases\new_small_defect_samples\test_5_jpg.rf.18c59593adc51e4c8376b8ffabbff554.jpg,Crack;Good
C:\Wind Turbine blades.v2-1111.yolov8\test\images\5_jpg.rf.82437fcdf499010a2b207c9202826d4c.jpg,C:\Wind Turbine blades.v2-1111.yolov8\test\labels\5_jpg.rf.82437fcdf499010a2b207c9202826d4c.txt,C:\Users\yys\Desktop\风机\wind-fault-detection-platform\hard_cases\new_corrosion_samples\test_5_jpg.rf.82437fcdf499010a2b207c9202826d4c.jpg,Erosion;Good
C:\Wind Turbine blades.v2-1111.yolov8\test\images\5_jpg.rf.b6225d3263849e28ba459d6feff2f017.jpg,C:\Wind Turbine blades.v2-1111.yolov8\test\labels\5_jpg.rf.b6225d3263849e28ba459d6feff2f017.txt,C:\Users\yys\Desktop\风机\wind-fault-detection-platform\hard_cases\new_small_defect_samples\test_5_jpg.rf.b6225d3263849e28ba459d6feff2f017.jpg,Good;Scratch
C:\Wind Turbine blades.v2-1111.yolov8\test\images\5_jpg.rf.faabf2fc24a0d53fca1f9d545803b299.jpg,C:\Wind Turbine blades.v2-1111.yolov8\test\labels\5_jpg.rf.faabf2fc24a0d53fca1f9d545803b299.txt,C:\Users\yys\Desktop\风机\wind-fault-detection-platform\hard_cases\new_small_defect_samples\test_5_jpg.rf.faabf2fc24a0d53fca1f9d545803b299.jpg,Good;Scratch
C:\Wind Turbine blades.v2-1111.yolov8\test\images\61_jpg.rf.b0876c00989d91abb64069b2aad95d82.jpg,C:\Wind Turbine blades.v2-1111.yolov8\test\labels\61_jpg.rf.b0876c00989d91abb64069b2aad95d82.txt,C:\Users\yys\Desktop\风机\wind-fault-detection-platform\hard_cases\new_small_defect_samples\test_61_jpg.rf.b0876c00989d91abb64069b2aad95d82.jpg,Paintoff
C:\Wind Turbine blades.v2-1111.yolov8\test\images\61_jpg.rf.b797c23859ee94736fc2946bb3f06e9f.jpg,C:\Wind Turbine blades.v2-1111.yolov8\test\labels\61_jpg.rf.b797c23859ee94736fc2946bb3f06e9f.txt,C:\Users\yys\Desktop\风机\wind-fault-detection-platform\hard_cases\new_small_defect_samples\test_61_jpg.rf.b797c23859ee94736fc2946bb3f06e9f.jpg,Paintoff
C:\Wind Turbine blades.v2-1111.yolov8\test\images\62_jpg.rf.305174609295bf7632a32f2fccda2dc9.jpg,C:\Wind Turbine blades.v2-1111.yolov8\test\labels\62_jpg.rf.305174609295bf7632a32f2fccda2dc9.txt,C:\Users\yys\Desktop\风机\wind-fault-detection-platform\hard_cases\new_small_defect_samples\test_62_jpg.rf.305174609295bf7632a32f2fccda2dc9.jpg,Good;Scratch
C:\Wind Turbine blades.v2-1111.yolov8\test\images\63_jpg.rf.e8954baa7360484379a25dac492ee84e.jpg,C:\Wind Turbine blades.v2-1111.yolov8\test\labels\63_jpg.rf.e8954baa7360484379a25dac492ee84e.txt,C:\Users\yys\Desktop\风机\wind-fault-detection-platform\hard_cases\new_small_defect_samples\test_63_jpg.rf.e8954baa7360484379a25dac492ee84e.jpg,Good;Scratch
C:\Wind Turbine blades.v2-1111.yolov8\test\images\66_jpg.rf.3a31b8ea90f2ae86ab059eb120d58b5c.jpg,C:\Wind Turbine blades.v2-1111.yolov8\test\labels\66_jpg.rf.3a31b8ea90f2ae86ab059eb120d58b5c.txt,C:\Users\yys\Desktop\风机\wind-fault-detection-platform\hard_cases\new_small_defect_samples\test_66_jpg.rf.3a31b8ea90f2ae86ab059eb120d58b5c.jpg,Paintoff;Scratch
C:\Wind Turbine blades.v2-1111.yolov8\test\images\68_jpg.rf.56d3f16201885891c141461a2787909d.jpg,C:\Wind Turbine blades.v2-1111.yolov8\test\labels\68_jpg.rf.56d3f16201885891c141461a2787909d.txt,C:\Users\yys\Desktop\风机\wind-fault-detection-platform\hard_cases\new_small_defect_samples\test_68_jpg.rf.56d3f16201885891c141461a2787909d.jpg,Paintoff
C:\Wind Turbine blades.v2-1111.yolov8\test\images\7-Copy-2-_jpg.rf.022c1ccf3cdad64f0d13a62680a33413.jpg,C:\Wind Turbine blades.v2-1111.yolov8\test\labels\7-Copy-2-_jpg.rf.022c1ccf3cdad64f0d13a62680a33413.txt,C:\Users\yys\Desktop\风机\wind-fault-detection-platform\hard_cases\new_small_defect_samples\test_7-Copy-2-_jpg.rf.022c1ccf3cdad64f0d13a62680a33413.jpg,Good;MechanicalDamage
C:\Wind Turbine blades.v2-1111.yolov8\test\images\7-Copy-2-_jpg.rf.5b0d00beae803e43c17e4562e195b50d.jpg,C:\Wind Turbine blades.v2-1111.yolov8\test\labels\7-Copy-2-_jpg.rf.5b0d00beae803e43c17e4562e195b50d.txt,C:\Users\yys\Desktop\风机\wind-fault-detection-platform\hard_cases\new_small_defect_samples\test_7-Copy-2-_jpg.rf.5b0d00beae803e43c17e4562e195b50d.jpg,Good;MechanicalDamage
C:\Wind Turbine blades.v2-1111.yolov8\test\images\70_jpg.rf.abe9ef42f362d24d67a3b0749bb15742.jpg,C:\Wind Turbine blades.v2-1111.yolov8\test\labels\70_jpg.rf.abe9ef42f362d24d67a3b0749bb15742.txt,C:\Users\yys\Desktop\风机\wind-fault-detection-platform\hard_cases\new_small_defect_samples\test_70_jpg.rf.abe9ef42f362d24d67a3b0749bb15742.jpg,Good;Scratch
C:\Wind Turbine blades.v2-1111.yolov8\test\images\73_jpg.rf.4a55d37fb30d015105bad598d8d37d40.jpg,C:\Wind Turbine blades.v2-1111.yolov8\test\labels\73_jpg.rf.4a55d37fb30d015105bad598d8d37d40.txt,C:\Users\yys\Desktop\风机\wind-fault-detection-platform\hard_cases\new_small_defect_samples\test_73_jpg.rf.4a55d37fb30d015105bad598d8d37d40.jpg,Good;Scratch
C:\Wind Turbine blades.v2-1111.yolov8\test\images\76_jpg.rf.c67a9316948f3ae56ea36226f047ad38.jpg,C:\Wind Turbine blades.v2-1111.yolov8\test\labels\76_jpg.rf.c67a9316948f3ae56ea36226f047ad38.txt,C:\Users\yys\Desktop\风机\wind-fault-detection-platform\hard_cases\new_small_defect_samples\test_76_jpg.rf.c67a9316948f3ae56ea36226f047ad38.jpg,Scratch
C:\Wind Turbine blades.v2-1111.yolov8\test\images\79_jpg.rf.2e725e696e9d41a703a7b979f6b16530.jpg,C:\Wind Turbine blades.v2-1111.yolov8\test\labels\79_jpg.rf.2e725e696e9d41a703a7b979f6b16530.txt,C:\Users\yys\Desktop\风机\wind-fault-detection-platform\hard_cases\new_small_defect_samples\test_79_jpg.rf.2e725e696e9d41a703a7b979f6b16530.jpg,Good;Scratch
C:\Wind Turbine blades.v2-1111.yolov8\test\images\7_jpg.rf.a106fa49ab9d82fa07a2ab0e86a13eec.jpg,C:\Wind Turbine blades.v2-1111.yolov8\test\labels\7_jpg.rf.a106fa49ab9d82fa07a2ab0e86a13eec.txt,C:\Users\yys\Desktop\风机\wind-fault-detection-platform\hard_cases\new_small_defect_samples\test_7_jpg.rf.a106fa49ab9d82fa07a2ab0e86a13eec.jpg,Good;Paintoff;Scratch
C:\Wind Turbine blades.v2-1111.yolov8\test\images\80_jpg.rf.1520b7dce037fdc0b09060b3be56b57a.jpg,C:\Wind Turbine blades.v2-1111.yolov8\test\labels\80_jpg.rf.1520b7dce037fdc0b09060b3be56b57a.txt,C:\Users\yys\Desktop\风机\wind-fault-detection-platform\hard_cases\new_small_defect_samples\test_80_jpg.rf.1520b7dce037fdc0b09060b3be56b57a.jpg,Good;Scratch
C:\Wind Turbine blades.v2-1111.yolov8\test\images\82_jpg.rf.1b9f8373af0cb61693220431c33cd568.jpg,C:\Wind Turbine blades.v2-1111.yolov8\test\labels\82_jpg.rf.1b9f8373af0cb61693220431c33cd568.txt,SKIPPED_EMPTY_OR_INVALID_LABEL,
C:\Wind Turbine blades.v2-1111.yolov8\test\images\83_jpg.rf.798cf9c0369972fa18b9a01677911f63.jpg,C:\Wind Turbine blades.v2-1111.yolov8\test\labels\83_jpg.rf.798cf9c0369972fa18b9a01677911f63.txt,C:\Users\yys\Desktop\风机\wind-fault-detection-platform\hard_cases\new_small_defect_samples\test_83_jpg.rf.798cf9c0369972fa18b9a01677911f63.jpg,Good;Scratch
C:\Wind Turbine blades.v2-1111.yolov8\test\images\85_jpg.rf.f55004be5cd9045ddfca4a9ddb248929.jpg,C:\Wind Turbine blades.v2-1111.yolov8\test\labels\85_jpg.rf.f55004be5cd9045ddfca4a9ddb248929.txt,C:\Users\yys\Desktop\风机\wind-fault-detection-platform\hard_cases\new_small_defect_samples\test_85_jpg.rf.f55004be5cd9045ddfca4a9ddb248929.jpg,Good;Scratch
C:\Wind Turbine blades.v2-1111.yolov8\test\images\86_jpg.rf.0fe94a652d354e9f561a13aceb5aa45e.jpg,C:\Wind Turbine blades.v2-1111.yolov8\test\labels\86_jpg.rf.0fe94a652d354e9f561a13aceb5aa45e.txt,C:\Users\yys\Desktop\风机\wind-fault-detection-platform\hard_cases\new_small_defect_samples\test_86_jpg.rf.0fe94a652d354e9f561a13aceb5aa45e.jpg,Scratch
C:\Wind Turbine blades.v2-1111.yolov8\test\images\88_jpg.rf.3decd0cefd271e97ce1a9d01719ec991.jpg,C:\Wind Turbine blades.v2-1111.yolov8\test\labels\88_jpg.rf.3decd0cefd271e97ce1a9d01719ec991.txt,C:\Users\yys\Desktop\风机\wind-fault-detection-platform\hard_cases\new_small_defect_samples\test_88_jpg.rf.3decd0cefd271e97ce1a9d01719ec991.jpg,Good;Scratch
C:\Wind Turbine blades.v2-1111.yolov8\test\images\9-Copy-2-_jpg.rf.3ffb2b7996186e289ae5c9b002c8d508.jpg,C:\Wind Turbine blades.v2-1111.yolov8\test\labels\9-Copy-2-_jpg.rf.3ffb2b7996186e289ae5c9b002c8d508.txt,C:\Users\yys\Desktop\风机\wind-fault-detection-platform\hard_cases\new_small_defect_samples\test_9-Copy-2-_jpg.rf.3ffb2b7996186e289ae5c9b002c8d508.jpg,Good;MechanicalDamage
C:\Wind Turbine blades.v2-1111.yolov8\test\images\90_jpg.rf.35c05051bee919e9bc5c53bdd4eebe6b.jpg,C:\Wind Turbine blades.v2-1111.yolov8\test\labels\90_jpg.rf.35c05051bee919e9bc5c53bdd4eebe6b.txt,C:\Users\yys\Desktop\风机\wind-fault-detection-platform\hard_cases\new_small_defect_samples\test_90_jpg.rf.35c05051bee919e9bc5c53bdd4eebe6b.jpg,Good;Scratch
C:\Wind Turbine blades.v2-1111.yolov8\test\images\91_jpg.rf.68e199a697f633f1fe6de2c103275587.jpg,C:\Wind Turbine blades.v2-1111.yolov8\test\labels\91_jpg.rf.68e199a697f633f1fe6de2c103275587.txt,C:\Users\yys\Desktop\风机\wind-fault-detection-platform\hard_cases\new_small_defect_samples\test_91_jpg.rf.68e199a697f633f1fe6de2c103275587.jpg,Good;Scratch
C:\Wind Turbine blades.v2-1111.yolov8\test\images\92_jpg.rf.192b2d89596c75ecb8381df1245ee998.jpg,C:\Wind Turbine blades.v2-1111.yolov8\test\labels\92_jpg.rf.192b2d89596c75ecb8381df1245ee998.txt,C:\Users\yys\Desktop\风机\wind-fault-detection-platform\hard_cases\new_small_defect_samples\test_92_jpg.rf.192b2d89596c75ecb8381df1245ee998.jpg,Good;Scratch
C:\Wind Turbine blades.v2-1111.yolov8\test\images\94_jpg.rf.f1b1c8a96b123a80b3dcd148ed2d495a.jpg,C:\Wind Turbine blades.v2-1111.yolov8\test\labels\94_jpg.rf.f1b1c8a96b123a80b3dcd148ed2d495a.txt,C:\Users\yys\Desktop\风机\wind-fault-detection-platform\hard_cases\new_small_defect_samples\test_94_jpg.rf.f1b1c8a96b123a80b3dcd148ed2d495a.jpg,Good;Scratch
C:\Wind Turbine blades.v2-1111.yolov8\test\images\96_jpg.rf.8c11035828947dbc54337f5e8e3bcb1f.jpg,C:\Wind Turbine blades.v2-1111.yolov8\test\labels\96_jpg.rf.8c11035828947dbc54337f5e8e3bcb1f.txt,C:\Users\yys\Desktop\风机\wind-fault-detection-platform\hard_cases\new_corrosion_samples\test_96_jpg.rf.8c11035828947dbc54337f5e8e3bcb1f.jpg,Erosion
C:\Wind Turbine blades.v2-1111.yolov8\test\images\97_jpg.rf.f7970e1f768bad89903c92affa3962b5.jpg,C:\Wind Turbine blades.v2-1111.yolov8\test\labels\97_jpg.rf.f7970e1f768bad89903c92affa3962b5.txt,C:\Users\yys\Desktop\风机\wind-fault-detection-platform\hard_cases\new_small_defect_samples\test_97_jpg.rf.f7970e1f768bad89903c92affa3962b5.jpg,Paintoff;Scratch
C:\Wind Turbine blades.v2-1111.yolov8\test\images\DJI_0194_jpg.rf.655654faf1fe807079b8f46c4e5438eb.jpg,C:\Wind Turbine blades.v2-1111.yolov8\test\labels\DJI_0194_jpg.rf.655654faf1fe807079b8f46c4e5438eb.txt,C:\Users\yys\Desktop\风机\wind-fault-detection-platform\hard_cases\negative_samples\test_DJI_0194_jpg.rf.655654faf1fe807079b8f46c4e5438eb.jpg,Good
C:\Wind Turbine blades.v2-1111.yolov8\test\images\DJI_0194_jpg.rf.851c1bd5fec833842570462c6660ddb6.jpg,C:\Wind Turbine blades.v2-1111.yolov8\test\labels\DJI_0194_jpg.rf.851c1bd5fec833842570462c6660ddb6.txt,C:\Users\yys\Desktop\风机\wind-fault-detection-platform\hard_cases\negative_samples\test_DJI_0194_jpg.rf.851c1bd5fec833842570462c6660ddb6.jpg,Good
C:\Wind Turbine blades.v2-1111.yolov8\test\images\DJI_0195_jpg.rf.6a2e7f7eb536c32c823c273a303cedcc.jpg,C:\Wind Turbine blades.v2-1111.yolov8\test\labels\DJI_0195_jpg.rf.6a2e7f7eb536c32c823c273a303cedcc.txt,C:\Users\yys\Desktop\风机\wind-fault-detection-platform\hard_cases\negative_samples\test_DJI_0195_jpg.rf.6a2e7f7eb536c32c823c273a303cedcc.jpg,Good
C:\Wind Turbine blades.v2-1111.yolov8\test\images\DJI_0343_jpg.rf.b96153a77fd6f717de7cc28ba6bf1b2a.jpg,C:\Wind Turbine blades.v2-1111.yolov8\test\labels\DJI_0343_jpg.rf.b96153a77fd6f717de7cc28ba6bf1b2a.txt,C:\Users\yys\Desktop\风机\wind-fault-detection-platform\hard_cases\negative_samples\test_DJI_0343_jpg.rf.b96153a77fd6f717de7cc28ba6bf1b2a.jpg,Good
C:\Wind Turbine blades.v2-1111.yolov8\test\images\DJI_0432_jpg.rf.a2a1d998ffa8ae59586ba14b8d878743.jpg,C:\Wind Turbine blades.v2-1111.yolov8\test\labels\DJI_0432_jpg.rf.a2a1d998ffa8ae59586ba14b8d878743.txt,C:\Users\yys\Desktop\风机\wind-fault-detection-platform\hard_cases\negative_samples\test_DJI_0432_jpg.rf.a2a1d998ffa8ae59586ba14b8d878743.jpg,Good
C:\Wind Turbine blades.v2-1111.yolov8\test\images\DJI_0437_jpg.rf.fec462eb5d645970bbcd2cd0084a1557.jpg,C:\Wind Turbine blades.v2-1111.yolov8\test\labels\DJI_0437_jpg.rf.fec462eb5d645970bbcd2cd0084a1557.txt,C:\Users\yys\Desktop\风机\wind-fault-detection-platform\hard_cases\negative_samples\test_DJI_0437_jpg.rf.fec462eb5d645970bbcd2cd0084a1557.jpg,Good
C:\Wind Turbine blades.v2-1111.yolov8\test\images\DJI_0612_jpg.rf.82f2e41000e1689648ae9ed28521267f.jpg,C:\Wind Turbine blades.v2-1111.yolov8\test\labels\DJI_0612_jpg.rf.82f2e41000e1689648ae9ed28521267f.txt,C:\Users\yys\Desktop\风机\wind-fault-detection-platform\hard_cases\negative_samples\test_DJI_0612_jpg.rf.82f2e41000e1689648ae9ed28521267f.jpg,Good
C:\Wind Turbine blades.v2-1111.yolov8\test\images\DJI_0632_jpg.rf.0d7b845bc48e0f1c00b0ae6dc4fac235.jpg,C:\Wind Turbine blades.v2-1111.yolov8\test\labels\DJI_0632_jpg.rf.0d7b845bc48e0f1c00b0ae6dc4fac235.txt,C:\Users\yys\Desktop\风机\wind-fault-detection-platform\hard_cases\negative_samples\test_DJI_0632_jpg.rf.0d7b845bc48e0f1c00b0ae6dc4fac235.jpg,Good
C:\Wind Turbine blades.v2-1111.yolov8\test\images\DJI_0685_jpg.rf.db8fbcf73feae8d5c67d45336cb0796c.jpg,C:\Wind Turbine blades.v2-1111.yolov8\test\labels\DJI_0685_jpg.rf.db8fbcf73feae8d5c67d45336cb0796c.txt,C:\Users\yys\Desktop\风机\wind-fault-detection-platform\hard_cases\negative_samples\test_DJI_0685_jpg.rf.db8fbcf73feae8d5c67d45336cb0796c.jpg,Good
C:\Wind Turbine blades.v2-1111.yolov8\test\images\DJI_0710_jpg.rf.b11191c130d4b7b49fb371b88cffd064.jpg,C:\Wind Turbine blades.v2-1111.yolov8\test\labels\DJI_0710_jpg.rf.b11191c130d4b7b49fb371b88cffd064.txt,C:\Users\yys\Desktop\风机\wind-fault-detection-platform\hard_cases\negative_samples\test_DJI_0710_jpg.rf.b11191c130d4b7b49fb371b88cffd064.jpg,Good
C:\Wind Turbine blades.v2-1111.yolov8\test\images\DJI_0728_jpg.rf.a0e02e1951096de0cd113d737bce5c0e.jpg,C:\Wind Turbine blades.v2-1111.yolov8\test\labels\DJI_0728_jpg.rf.a0e02e1951096de0cd113d737bce5c0e.txt,C:\Users\yys\Desktop\风机\wind-fault-detection-platform\hard_cases\negative_samples\test_DJI_0728_jpg.rf.a0e02e1951096de0cd113d737bce5c0e.jpg,Good
C:\Wind Turbine blades.v2-1111.yolov8\test\images\DJI_0729_jpg.rf.349ade66ff935e020d0e17373a02a732.jpg,C:\Wind Turbine blades.v2-1111.yolov8\test\labels\DJI_0729_jpg.rf.349ade66ff935e020d0e17373a02a732.txt,C:\Users\yys\Desktop\风机\wind-fault-detection-platform\hard_cases\negative_samples\test_DJI_0729_jpg.rf.349ade66ff935e020d0e17373a02a732.jpg,Good
C:\Wind Turbine blades.v2-1111.yolov8\test\images\DJI_0739_jpg.rf.3c4411fffc3d37593949f028992eec7a.jpg,C:\Wind Turbine blades.v2-1111.yolov8\test\labels\DJI_0739_jpg.rf.3c4411fffc3d37593949f028992eec7a.txt,C:\Users\yys\Desktop\风机\wind-fault-detection-platform\hard_cases\negative_samples\test_DJI_0739_jpg.rf.3c4411fffc3d37593949f028992eec7a.jpg,Good
C:\Wind Turbine blades.v2-1111.yolov8\test\images\transformed10_jpg.rf.62f50c9234f683aae4d32f8f1a8b68fb.jpg,C:\Wind Turbine blades.v2-1111.yolov8\test\labels\transformed10_jpg.rf.62f50c9234f683aae4d32f8f1a8b68fb.txt,C:\Users\yys\Desktop\风机\wind-fault-detection-platform\hard_cases\new_small_defect_samples\test_transformed10_jpg.rf.62f50c9234f683aae4d32f8f1a8b68fb.jpg,Crack;Good
C:\Wind Turbine blades.v2-1111.yolov8\test\images\transformed10_jpg.rf.c86b6f77df5dcc0390614893fdfe9b78.jpg,C:\Wind Turbine blades.v2-1111.yolov8\test\labels\transformed10_jpg.rf.c86b6f77df5dcc0390614893fdfe9b78.txt,C:\Users\yys\Desktop\风机\wind-fault-detection-platform\hard_cases\new_small_defect_samples\test_transformed10_jpg.rf.c86b6f77df5dcc0390614893fdfe9b78.jpg,Crack;Good
C:\Wind Turbine blades.v2-1111.yolov8\test\images\transformed16_jpg.rf.7b4cbf9ec35b68c81c594b3cf277adbc.jpg,C:\Wind Turbine blades.v2-1111.yolov8\test\labels\transformed16_jpg.rf.7b4cbf9ec35b68c81c594b3cf277adbc.txt,C:\Users\yys\Desktop\风机\wind-fault-detection-platform\hard_cases\new_corrosion_samples\test_transformed16_jpg.rf.7b4cbf9ec35b68c81c594b3cf277adbc.jpg,Erosion;Good
C:\Wind Turbine blades.v2-1111.yolov8\test\images\transformed18_jpg.rf.ea42ddb56e373b365720cf04ff11bc0c.jpg,C:\Wind Turbine blades.v2-1111.yolov8\test\labels\transformed18_jpg.rf.ea42ddb56e373b365720cf04ff11bc0c.txt,C:\Users\yys\Desktop\风机\wind-fault-detection-platform\hard_cases\new_corrosion_samples\test_transformed18_jpg.rf.ea42ddb56e373b365720cf04ff11bc0c.jpg,Erosion
C:\Wind Turbine blades.v2-1111.yolov8\test\images\transformed1_jpg.rf.184f26ef6de845ee97bee612c34e6284.jpg,C:\Wind Turbine blades.v2-1111.yolov8\test\labels\transformed1_jpg.rf.184f26ef6de845ee97bee612c34e6284.txt,C:\Users\yys\Desktop\风机\wind-fault-detection-platform\hard_cases\new_corrosion_samples\test_transformed1_jpg.rf.184f26ef6de845ee97bee612c34e6284.jpg,Erosion;Good
C:\Wind Turbine blades.v2-1111.yolov8\test\images\transformed2-Copy-2-_jpg.rf.cac58e5885fad5e1b75c672ff4669de5.jpg,C:\Wind Turbine blades.v2-1111.yolov8\test\labels\transformed2-Copy-2-_jpg.rf.cac58e5885fad5e1b75c672ff4669de5.txt,C:\Users\yys\Desktop\风机\wind-fault-detection-platform\hard_cases\new_small_defect_samples\test_transformed2-Copy-2-_jpg.rf.cac58e5885fad5e1b75c672ff4669de5.jpg,Good;Scratch
C:\Wind Turbine blades.v2-1111.yolov8\test\images\transformed20_jpg.rf.3d4e02fa2863022589af155c80e5a1cc.jpg,C:\Wind Turbine blades.v2-1111.yolov8\test\labels\transformed20_jpg.rf.3d4e02fa2863022589af155c80e5a1cc.txt,C:\Users\yys\Desktop\风机\wind-fault-detection-platform\hard_cases\new_corrosion_samples\test_transformed20_jpg.rf.3d4e02fa2863022589af155c80e5a1cc.jpg,Erosion
C:\Wind Turbine blades.v2-1111.yolov8\test\images\transformed21_jpg.rf.294cbf3fb1fb766c39457d288cde3633.jpg,C:\Wind Turbine blades.v2-1111.yolov8\test\labels\transformed21_jpg.rf.294cbf3fb1fb766c39457d288cde3633.txt,C:\Users\yys\Desktop\风机\wind-fault-detection-platform\hard_cases\new_small_defect_samples\test_transformed21_jpg.rf.294cbf3fb1fb766c39457d288cde3633.jpg,Crack;Good
C:\Wind Turbine blades.v2-1111.yolov8\test\images\transformed21_jpg.rf.3479c43e7d47c6416d191c99440368eb.jpg,C:\Wind Turbine blades.v2-1111.yolov8\test\labels\transformed21_jpg.rf.3479c43e7d47c6416d191c99440368eb.txt,C:\Users\yys\Desktop\风机\wind-fault-detection-platform\hard_cases\new_small_defect_samples\test_transformed21_jpg.rf.3479c43e7d47c6416d191c99440368eb.jpg,Crack;Good
C:\Wind Turbine blades.v2-1111.yolov8\test\images\transformed22_jpg.rf.20ba000da86db74bf44b6f3a8fad1b11.jpg,C:\Wind Turbine blades.v2-1111.yolov8\test\labels\transformed22_jpg.rf.20ba000da86db74bf44b6f3a8fad1b11.txt,C:\Users\yys\Desktop\风机\wind-fault-detection-platform\hard_cases\new_small_defect_samples\test_transformed22_jpg.rf.20ba000da86db74bf44b6f3a8fad1b11.jpg,Crack;Good
C:\Wind Turbine blades.v2-1111.yolov8\test\images\transformed23_jpg.rf.9979013c471ea93fafc7dff73910dcd5.jpg,C:\Wind Turbine blades.v2-1111.yolov8\test\labels\transformed23_jpg.rf.9979013c471ea93fafc7dff73910dcd5.txt,C:\Users\yys\Desktop\风机\wind-fault-detection-platform\hard_cases\new_small_defect_samples\test_transformed23_jpg.rf.9979013c471ea93fafc7dff73910dcd5.jpg,Crack;Good
C:\Wind Turbine blades.v2-1111.yolov8\test\images\transformed24_jpg.rf.a23ad2192e5a26bf62764b9167cbd663.jpg,C:\Wind Turbine blades.v2-1111.yolov8\test\labels\transformed24_jpg.rf.a23ad2192e5a26bf62764b9167cbd663.txt,C:\Users\yys\Desktop\风机\wind-fault-detection-platform\hard_cases\new_small_defect_samples\test_transformed24_jpg.rf.a23ad2192e5a26bf62764b9167cbd663.jpg,Crack;Good
C:\Wind Turbine blades.v2-1111.yolov8\test\images\transformed25_jpg.rf.a665d9b725f96e74abd577db35e05d56.jpg,C:\Wind Turbine blades.v2-1111.yolov8\test\labels\transformed25_jpg.rf.a665d9b725f96e74abd577db35e05d56.txt,C:\Users\yys\Desktop\风机\wind-fault-detection-platform\hard_cases\new_small_defect_samples\test_transformed25_jpg.rf.a665d9b725f96e74abd577db35e05d56.jpg,Crack;Good
C:\Wind Turbine blades.v2-1111.yolov8\test\images\transformed29_jpg.rf.62ae945510d84c58aa1ce9b34ca85b25.jpg,C:\Wind Turbine blades.v2-1111.yolov8\test\labels\transformed29_jpg.rf.62ae945510d84c58aa1ce9b34ca85b25.txt,C:\Users\yys\Desktop\风机\wind-fault-detection-platform\hard_cases\new_small_defect_samples\test_transformed29_jpg.rf.62ae945510d84c58aa1ce9b34ca85b25.jpg,Crack;Good
C:\Wind Turbine blades.v2-1111.yolov8\test\images\transformed29_jpg.rf.86d123c1f7002bdd194751e535bf201f.jpg,C:\Wind Turbine blades.v2-1111.yolov8\test\labels\transformed29_jpg.rf.86d123c1f7002bdd194751e535bf201f.txt,C:\Users\yys\Desktop\风机\wind-fault-detection-platform\hard_cases\new_corrosion_samples\test_transformed29_jpg.rf.86d123c1f7002bdd194751e535bf201f.jpg,Erosion;Good
C:\Wind Turbine blades.v2-1111.yolov8\test\images\transformed31_jpg.rf.73c09fa3da2e8ad9e55a2acd2a7fd1e7.jpg,C:\Wind Turbine blades.v2-1111.yolov8\test\labels\transformed31_jpg.rf.73c09fa3da2e8ad9e55a2acd2a7fd1e7.txt,C:\Users\yys\Desktop\风机\wind-fault-detection-platform\hard_cases\new_small_defect_samples\test_transformed31_jpg.rf.73c09fa3da2e8ad9e55a2acd2a7fd1e7.jpg,Crack;Good
C:\Wind Turbine blades.v2-1111.yolov8\test\images\transformed32_jpg.rf.22ce8fc9154ac9193b3854354a8630ee.jpg,C:\Wind Turbine blades.v2-1111.yolov8\test\labels\transformed32_jpg.rf.22ce8fc9154ac9193b3854354a8630ee.txt,C:\Users\yys\Desktop\风机\wind-fault-detection-platform\hard_cases\new_small_defect_samples\test_transformed32_jpg.rf.22ce8fc9154ac9193b3854354a8630ee.jpg,Crack;Good
C:\Wind Turbine blades.v2-1111.yolov8\test\images\transformed33_jpg.rf.625580ed484cf93cec7ee7f479ddd7ba.jpg,C:\Wind Turbine blades.v2-1111.yolov8\test\labels\transformed33_jpg.rf.625580ed484cf93cec7ee7f479ddd7ba.txt,C:\Users\yys\Desktop\风机\wind-fault-detection-platform\hard_cases\new_small_defect_samples\test_transformed33_jpg.rf.625580ed484cf93cec7ee7f479ddd7ba.jpg,Crack;Good
C:\Wind Turbine blades.v2-1111.yolov8\test\images\transformed36_jpg.rf.9f317c16c3bbcd96a6693bd04091178a.jpg,C:\Wind Turbine blades.v2-1111.yolov8\test\labels\transformed36_jpg.rf.9f317c16c3bbcd96a6693bd04091178a.txt,C:\Users\yys\Desktop\风机\wind-fault-detection-platform\hard_cases\new_corrosion_samples\test_transformed36_jpg.rf.9f317c16c3bbcd96a6693bd04091178a.jpg,Crack;Erosion
C:\Wind Turbine blades.v2-1111.yolov8\test\images\transformed36_jpg.rf.9f317c16c3bbcd96a6693bd04091178a.jpg,C:\Wind Turbine blades.v2-1111.yolov8\test\labels\transformed36_jpg.rf.9f317c16c3bbcd96a6693bd04091178a.txt,C:\Users\yys\Desktop\风机\wind-fault-detection-platform\hard_cases\new_small_defect_samples\test_transformed36_jpg.rf.9f317c16c3bbcd96a6693bd04091178a.jpg,Crack;Erosion
C:\Wind Turbine blades.v2-1111.yolov8\test\images\transformed36_jpg.rf.bb2a96d968764e83aece5dd07142256f.jpg,C:\Wind Turbine blades.v2-1111.yolov8\test\labels\transformed36_jpg.rf.bb2a96d968764e83aece5dd07142256f.txt,C:\Users\yys\Desktop\风机\wind-fault-detection-platform\hard_cases\new_corrosion_samples\test_transformed36_jpg.rf.bb2a96d968764e83aece5dd07142256f.jpg,Crack;Erosion
C:\Wind Turbine blades.v2-1111.yolov8\test\images\transformed36_jpg.rf.bb2a96d968764e83aece5dd07142256f.jpg,C:\Wind Turbine blades.v2-1111.yolov8\test\labels\transformed36_jpg.rf.bb2a96d968764e83aece5dd07142256f.txt,C:\Users\yys\Desktop\风机\wind-fault-detection-platform\hard_cases\new_small_defect_samples\test_transformed36_jpg.rf.bb2a96d968764e83aece5dd07142256f.jpg,Crack;Erosion
C:\Wind Turbine blades.v2-1111.yolov8\test\images\transformed37_jpg.rf.216dbe898ad176d4234c235d5ecb6b5e.jpg,C:\Wind Turbine blades.v2-1111.yolov8\test\labels\transformed37_jpg.rf.216dbe898ad176d4234c235d5ecb6b5e.txt,C:\Users\yys\Desktop\风机\wind-fault-detection-platform\hard_cases\new_corrosion_samples\test_transformed37_jpg.rf.216dbe898ad176d4234c235d5ecb6b5e.jpg,Erosion;Good
C:\Wind Turbine blades.v2-1111.yolov8\test\images\transformed37_jpg.rf.dba5e98cbd54fc40765d25730761ef19.jpg,C:\Wind Turbine blades.v2-1111.yolov8\test\labels\transformed37_jpg.rf.dba5e98cbd54fc40765d25730761ef19.txt,C:\Users\yys\Desktop\风机\wind-fault-detection-platform\hard_cases\new_corrosion_samples\test_transformed37_jpg.rf.dba5e98cbd54fc40765d25730761ef19.jpg,Erosion;Good
C:\Wind Turbine blades.v2-1111.yolov8\test\images\transformed38_jpg.rf.2215ab9151fa81c98e938e34dc4dd4a5.jpg,C:\Wind Turbine blades.v2-1111.yolov8\test\labels\transformed38_jpg.rf.2215ab9151fa81c98e938e34dc4dd4a5.txt,C:\Users\yys\Desktop\风机\wind-fault-detection-platform\hard_cases\new_corrosion_samples\test_transformed38_jpg.rf.2215ab9151fa81c98e938e34dc4dd4a5.jpg,Crack;Erosion;Good
C:\Wind Turbine blades.v2-1111.yolov8\test\images\transformed38_jpg.rf.2215ab9151fa81c98e938e34dc4dd4a5.jpg,C:\Wind Turbine blades.v2-1111.yolov8\test\labels\transformed38_jpg.rf.2215ab9151fa81c98e938e34dc4dd4a5.txt,C:\Users\yys\Desktop\风机\wind-fault-detection-platform\hard_cases\new_small_defect_samples\test_transformed38_jpg.rf.2215ab9151fa81c98e938e34dc4dd4a5.jpg,Crack;Erosion;Good
C:\Wind Turbine blades.v2-1111.yolov8\test\images\transformed38_jpg.rf.8c825f47ebacf59fe7e112572e0dfec9.jpg,C:\Wind Turbine blades.v2-1111.yolov8\test\labels\transformed38_jpg.rf.8c825f47ebacf59fe7e112572e0dfec9.txt,C:\Users\yys\Desktop\风机\wind-fault-detection-platform\hard_cases\new_corrosion_samples\test_transformed38_jpg.rf.8c825f47ebacf59fe7e112572e0dfec9.jpg,Erosion;Good
C:\Wind Turbine blades.v2-1111.yolov8\test\images\transformed38_jpg.rf.ac73816172d83c50ba3f0c337d8d6106.jpg,C:\Wind Turbine blades.v2-1111.yolov8\test\labels\transformed38_jpg.rf.ac73816172d83c50ba3f0c337d8d6106.txt,C:\Users\yys\Desktop\风机\wind-fault-detection-platform\hard_cases\new_corrosion_samples\test_transformed38_jpg.rf.ac73816172d83c50ba3f0c337d8d6106.jpg,Erosion;Good
C:\Wind Turbine blades.v2-1111.yolov8\test\images\transformed38_jpg.rf.e9f30aacb0403b657c95531a1f22ce68.jpg,C:\Wind Turbine blades.v2-1111.yolov8\test\labels\transformed38_jpg.rf.e9f30aacb0403b657c95531a1f22ce68.txt,C:\Users\yys\Desktop\风机\wind-fault-detection-platform\hard_cases\new_corrosion_samples\test_transformed38_jpg.rf.e9f30aacb0403b657c95531a1f22ce68.jpg,Crack;Erosion;Good
C:\Wind Turbine blades.v2-1111.yolov8\test\images\transformed38_jpg.rf.e9f30aacb0403b657c95531a1f22ce68.jpg,C:\Wind Turbine blades.v2-1111.yolov8\test\labels\transformed38_jpg.rf.e9f30aacb0403b657c95531a1f22ce68.txt,C:\Users\yys\Desktop\风机\wind-fault-detection-platform\hard_cases\new_small_defect_samples\test_transformed38_jpg.rf.e9f30aacb0403b657c95531a1f22ce68.jpg,Crack;Erosion;Good
C:\Wind Turbine blades.v2-1111.yolov8\test\images\transformed39_jpg.rf.3fd2510dee375ae54d822603a40d67ff.jpg,C:\Wind Turbine blades.v2-1111.yolov8\test\labels\transformed39_jpg.rf.3fd2510dee375ae54d822603a40d67ff.txt,C:\Users\yys\Desktop\风机\wind-fault-detection-platform\hard_cases\new_corrosion_samples\test_transformed39_jpg.rf.3fd2510dee375ae54d822603a40d67ff.jpg,Crack;Erosion;Good
C:\Wind Turbine blades.v2-1111.yolov8\test\images\transformed39_jpg.rf.3fd2510dee375ae54d822603a40d67ff.jpg,C:\Wind Turbine blades.v2-1111.yolov8\test\labels\transformed39_jpg.rf.3fd2510dee375ae54d822603a40d67ff.txt,C:\Users\yys\Desktop\风机\wind-fault-detection-platform\hard_cases\new_small_defect_samples\test_transformed39_jpg.rf.3fd2510dee375ae54d822603a40d67ff.jpg,Crack;Erosion;Good
C:\Wind Turbine blades.v2-1111.yolov8\test\images\transformed3_jpg.rf.da20e51d03a806c620ec518ff92289eb.jpg,C:\Wind Turbine blades.v2-1111.yolov8\test\labels\transformed3_jpg.rf.da20e51d03a806c620ec518ff92289eb.txt,C:\Users\yys\Desktop\风机\wind-fault-detection-platform\hard_cases\new_small_defect_samples\test_transformed3_jpg.rf.da20e51d03a806c620ec518ff92289eb.jpg,Crack;Good
C:\Wind Turbine blades.v2-1111.yolov8\test\images\transformed4-Copy-2-_jpg.rf.cde3af2797fb4cc235671b475d531d74.jpg,C:\Wind Turbine blades.v2-1111.yolov8\test\labels\transformed4-Copy-2-_jpg.rf.cde3af2797fb4cc235671b475d531d74.txt,C:\Users\yys\Desktop\风机\wind-fault-detection-platform\hard_cases\new_small_defect_samples\test_transformed4-Copy-2-_jpg.rf.cde3af2797fb4cc235671b475d531d74.jpg,Good;MechanicalDamage
C:\Wind Turbine blades.v2-1111.yolov8\test\images\transformed44_jpg.rf.acd15d2a9e11a8e273e77ca114d016e1.jpg,C:\Wind Turbine blades.v2-1111.yolov8\test\labels\transformed44_jpg.rf.acd15d2a9e11a8e273e77ca114d016e1.txt,C:\Users\yys\Desktop\风机\wind-fault-detection-platform\hard_cases\new_corrosion_samples\test_transformed44_jpg.rf.acd15d2a9e11a8e273e77ca114d016e1.jpg,Crack;Erosion
C:\Wind Turbine blades.v2-1111.yolov8\test\images\transformed44_jpg.rf.acd15d2a9e11a8e273e77ca114d016e1.jpg,C:\Wind Turbine blades.v2-1111.yolov8\test\labels\transformed44_jpg.rf.acd15d2a9e11a8e273e77ca114d016e1.txt,C:\Users\yys\Desktop\风机\wind-fault-detection-platform\hard_cases\new_small_defect_samples\test_transformed44_jpg.rf.acd15d2a9e11a8e273e77ca114d016e1.jpg,Crack;Erosion
C:\Wind Turbine blades.v2-1111.yolov8\test\images\transformed45_jpg.rf.64203034bd36d33bbeaae4b7486972e0.jpg,C:\Wind Turbine blades.v2-1111.yolov8\test\labels\transformed45_jpg.rf.64203034bd36d33bbeaae4b7486972e0.txt,C:\Users\yys\Desktop\风机\wind-fault-detection-platform\hard_cases\new_corrosion_samples\test_transformed45_jpg.rf.64203034bd36d33bbeaae4b7486972e0.jpg,Crack;Erosion;Good
C:\Wind Turbine blades.v2-1111.yolov8\test\images\transformed45_jpg.rf.64203034bd36d33bbeaae4b7486972e0.jpg,C:\Wind Turbine blades.v2-1111.yolov8\test\labels\transformed45_jpg.rf.64203034bd36d33bbeaae4b7486972e0.txt,C:\Users\yys\Desktop\风机\wind-fault-detection-platform\hard_cases\new_small_defect_samples\test_transformed45_jpg.rf.64203034bd36d33bbeaae4b7486972e0.jpg,Crack;Erosion;Good
C:\Wind Turbine blades.v2-1111.yolov8\test\images\transformed48-Copy_jpg.rf.994017391c1587ceafa36d4227311f61.jpg,C:\Wind Turbine blades.v2-1111.yolov8\test\labels\transformed48-Copy_jpg.rf.994017391c1587ceafa36d4227311f61.txt,C:\Users\yys\Desktop\风机\wind-fault-detection-platform\hard_cases\new_small_defect_samples\test_transformed48-Copy_jpg.rf.994017391c1587ceafa36d4227311f61.jpg,Crack;Good
C:\Wind Turbine blades.v2-1111.yolov8\test\images\transformed49-Copy_jpg.rf.14c2e97eebf218cc19b0384c2839c1c1.jpg,C:\Wind Turbine blades.v2-1111.yolov8\test\labels\transformed49-Copy_jpg.rf.14c2e97eebf218cc19b0384c2839c1c1.txt,C:\Users\yys\Desktop\风机\wind-fault-detection-platform\hard_cases\new_corrosion_samples\test_transformed49-Copy_jpg.rf.14c2e97eebf218cc19b0384c2839c1c1.jpg,Crack;Erosion;Good
C:\Wind Turbine blades.v2-1111.yolov8\test\images\transformed49-Copy_jpg.rf.14c2e97eebf218cc19b0384c2839c1c1.jpg,C:\Wind Turbine blades.v2-1111.yolov8\test\labels\transformed49-Copy_jpg.rf.14c2e97eebf218cc19b0384c2839c1c1.txt,C:\Users\yys\Desktop\风机\wind-fault-detection-platform\hard_cases\new_small_defect_samples\test_transformed49-Copy_jpg.rf.14c2e97eebf218cc19b0384c2839c1c1.jpg,Crack;Erosion;Good
C:\Wind Turbine blades.v2-1111.yolov8\test\images\transformed4_jpg.rf.335055d216aec0bc42f7bbbe12a1fd76.jpg,C:\Wind Turbine blades.v2-1111.yolov8\test\labels\transformed4_jpg.rf.335055d216aec0bc42f7bbbe12a1fd76.txt,C:\Users\yys\Desktop\风机\wind-fault-detection-platform\hard_cases\new_corrosion_samples\test_transformed4_jpg.rf.335055d216aec0bc42f7bbbe12a1fd76.jpg,Erosion
C:\Wind Turbine blades.v2-1111.yolov8\test\images\transformed5_jpg.rf.73f37e605f717929a90775f9a8954058.jpg,C:\Wind Turbine blades.v2-1111.yolov8\test\labels\transformed5_jpg.rf.73f37e605f717929a90775f9a8954058.txt,C:\Users\yys\Desktop\风机\wind-fault-detection-platform\hard_cases\new_corrosion_samples\test_transformed5_jpg.rf.73f37e605f717929a90775f9a8954058.jpg,Erosion
C:\Wind Turbine blades.v2-1111.yolov8\test\images\transformed7-Copy-2-_jpg.rf.3d3e54ebd046e7c5560091615b6cdc6b.jpg,C:\Wind Turbine blades.v2-1111.yolov8\test\labels\transformed7-Copy-2-_jpg.rf.3d3e54ebd046e7c5560091615b6cdc6b.txt,C:\Users\yys\Desktop\风机\wind-fault-detection-platform\hard_cases\new_small_defect_samples\test_transformed7-Copy-2-_jpg.rf.3d3e54ebd046e7c5560091615b6cdc6b.jpg,Good;MechanicalDamage
C:\Wind Turbine blades.v2-1111.yolov8\test\images\transformed7_jpg.rf.23a50bfa7fb272f3b2d524075b823d20.jpg,C:\Wind Turbine blades.v2-1111.yolov8\test\labels\transformed7_jpg.rf.23a50bfa7fb272f3b2d524075b823d20.txt,C:\Users\yys\Desktop\风机\wind-fault-detection-platform\hard_cases\new_corrosion_samples\test_transformed7_jpg.rf.23a50bfa7fb272f3b2d524075b823d20.jpg,Erosion
C:\Wind Turbine blades.v2-1111.yolov8\test\images\transformed8-Copy-2-_jpg.rf.9ae5500c3866887635987ee07a105925.jpg,C:\Wind Turbine blades.v2-1111.yolov8\test\labels\transformed8-Copy-2-_jpg.rf.9ae5500c3866887635987ee07a105925.txt,C:\Users\yys\Desktop\风机\wind-fault-detection-platform\hard_cases\new_small_defect_samples\test_transformed8-Copy-2-_jpg.rf.9ae5500c3866887635987ee07a105925.jpg,Good;MechanicalDamage
C:\Wind Turbine blades.v2-1111.yolov8\test\images\transformed9-Copy-2-_jpg.rf.f5c97db946e73cf6f912bb9300ed5ba2.jpg,C:\Wind Turbine blades.v2-1111.yolov8\test\labels\transformed9-Copy-2-_jpg.rf.f5c97db946e73cf6f912bb9300ed5ba2.txt,C:\Users\yys\Desktop\风机\wind-fault-detection-platform\hard_cases\new_small_defect_samples\test_transformed9-Copy-2-_jpg.rf.f5c97db946e73cf6f912bb9300ed5ba2.jpg,Good;MechanicalDamage
C:\Wind Turbine blades.v2-1111.yolov8\test\images\transformed9_jpg.rf.5bc1993bee7ccce453cc13381325212e.jpg,C:\Wind Turbine blades.v2-1111.yolov8\test\labels\transformed9_jpg.rf.5bc1993bee7ccce453cc13381325212e.txt,C:\Users\yys\Desktop\风机\wind-fault-detection-platform\hard_cases\new_small_defect_samples\test_transformed9_jpg.rf.5bc1993bee7ccce453cc13381325212e.jpg,Crack;Good
C:\Wind Turbine blades.v2-1111.yolov8\test\images\transformedDJI_0409_jpg.rf.50ccf81c96da5dc03e2c531ce592e466.jpg,C:\Wind Turbine blades.v2-1111.yolov8\test\labels\transformedDJI_0409_jpg.rf.50ccf81c96da5dc03e2c531ce592e466.txt,SKIPPED_EMPTY_OR_INVALID_LABEL,
C:\Wind Turbine blades.v2-1111.yolov8\test\images\transformedDJI_0436_jpg.rf.705b2eee7584cd164cdb0ea6343fe18a.jpg,C:\Wind Turbine blades.v2-1111.yolov8\test\labels\transformedDJI_0436_jpg.rf.705b2eee7584cd164cdb0ea6343fe18a.txt,C:\Users\yys\Desktop\风机\wind-fault-detection-platform\hard_cases\negative_samples\test_transformedDJI_0436_jpg.rf.705b2eee7584cd164cdb0ea6343fe18a.jpg,Good
C:\Wind Turbine blades.v2-1111.yolov8\test\images\transformedDJI_0437_jpg.rf.bf17496b1f3f0c9d2a0fca21c59f8f7a.jpg,C:\Wind Turbine blades.v2-1111.yolov8\test\labels\transformedDJI_0437_jpg.rf.bf17496b1f3f0c9d2a0fca21c59f8f7a.txt,C:\Users\yys\Desktop\风机\wind-fault-detection-platform\hard_cases\negative_samples\test_transformedDJI_0437_jpg.rf.bf17496b1f3f0c9d2a0fca21c59f8f7a.jpg,Good
C:\Wind Turbine blades.v2-1111.yolov8\test\images\transformedDJI_0438_jpg.rf.0ccaa7cc0532fc1cf72faf191ef7fe14.jpg,C:\Wind Turbine blades.v2-1111.yolov8\test\labels\transformedDJI_0438_jpg.rf.0ccaa7cc0532fc1cf72faf191ef7fe14.txt,C:\Users\yys\Desktop\风机\wind-fault-detection-platform\hard_cases\negative_samples\test_transformedDJI_0438_jpg.rf.0ccaa7cc0532fc1cf72faf191ef7fe14.jpg,Good
C:\Wind Turbine blades.v2-1111.yolov8\test\images\transformedDJI_0442_jpg.rf.f1efe41dca27fa35fc402d5876bd40f5.jpg,C:\Wind Turbine blades.v2-1111.yolov8\test\labels\transformedDJI_0442_jpg.rf.f1efe41dca27fa35fc402d5876bd40f5.txt,C:\Users\yys\Desktop\风机\wind-fault-detection-platform\hard_cases\negative_samples\test_transformedDJI_0442_jpg.rf.f1efe41dca27fa35fc402d5876bd40f5.jpg,Good
C:\Wind Turbine blades.v2-1111.yolov8\test\images\transformedDJI_0443_jpg.rf.32ad4fe2e900d4de2f5382227491b4be.jpg,C:\Wind Turbine blades.v2-1111.yolov8\test\labels\transformedDJI_0443_jpg.rf.32ad4fe2e900d4de2f5382227491b4be.txt,C:\Users\yys\Desktop\风机\wind-fault-detection-platform\hard_cases\negative_samples\test_transformedDJI_0443_jpg.rf.32ad4fe2e900d4de2f5382227491b4be.jpg,Good
C:\Wind Turbine blades.v2-1111.yolov8\test\images\transformedDJI_0611_jpg.rf.3630b43ab2b1d9c31bd4f0d36c382a7a.jpg,C:\Wind Turbine blades.v2-1111.yolov8\test\labels\transformedDJI_0611_jpg.rf.3630b43ab2b1d9c31bd4f0d36c382a7a.txt,C:\Users\yys\Desktop\风机\wind-fault-detection-platform\hard_cases\negative_samples\test_transformedDJI_0611_jpg.rf.3630b43ab2b1d9c31bd4f0d36c382a7a.jpg,Good
C:\Wind Turbine blades.v2-1111.yolov8\test\images\transformedDJI_0613_jpg.rf.2afe266e6dfca7e17d9172b05cec948b.jpg,C:\Wind Turbine blades.v2-1111.yolov8\test\labels\transformedDJI_0613_jpg.rf.2afe266e6dfca7e17d9172b05cec948b.txt,C:\Users\yys\Desktop\风机\wind-fault-detection-platform\hard_cases\negative_samples\test_transformedDJI_0613_jpg.rf.2afe266e6dfca7e17d9172b05cec948b.jpg,Good
C:\Wind Turbine blades.v2-1111.yolov8\test\images\transformedDJI_0614_jpg.rf.e3ceafa51949ac789469e2690db26bed.jpg,C:\Wind Turbine blades.v2-1111.yolov8\test\labels\transformedDJI_0614_jpg.rf.e3ceafa51949ac789469e2690db26bed.txt,C:\Users\yys\Desktop\风机\wind-fault-detection-platform\hard_cases\negative_samples\test_transformedDJI_0614_jpg.rf.e3ceafa51949ac789469e2690db26bed.jpg,Good
C:\Wind Turbine blades.v2-1111.yolov8\test\images\transformedDJI_0617_jpg.rf.55d7023a1986181fe411c42cb096152a.jpg,C:\Wind Turbine blades.v2-1111.yolov8\test\labels\transformedDJI_0617_jpg.rf.55d7023a1986181fe411c42cb096152a.txt,C:\Users\yys\Desktop\风机\wind-fault-detection-platform\hard_cases\negative_samples\test_transformedDJI_0617_jpg.rf.55d7023a1986181fe411c42cb096152a.jpg,Good
C:\Wind Turbine blades.v2-1111.yolov8\test\images\transformedDJI_0690_jpg.rf.95bcf70e46177780eca213cd0576894f.jpg,C:\Wind Turbine blades.v2-1111.yolov8\test\labels\transformedDJI_0690_jpg.rf.95bcf70e46177780eca213cd0576894f.txt,C:\Users\yys\Desktop\风机\wind-fault-detection-platform\hard_cases\negative_samples\test_transformedDJI_0690_jpg.rf.95bcf70e46177780eca213cd0576894f.jpg,Good
C:\Wind Turbine blades.v2-1111.yolov8\test\images\transformedDJI_0711_jpg.rf.2b435621a8aca51027844121a58c80c8.jpg,C:\Wind Turbine blades.v2-1111.yolov8\test\labels\transformedDJI_0711_jpg.rf.2b435621a8aca51027844121a58c80c8.txt,C:\Users\yys\Desktop\风机\wind-fault-detection-platform\hard_cases\negative_samples\test_transformedDJI_0711_jpg.rf.2b435621a8aca51027844121a58c80c8.jpg,Good
C:\Wind Turbine blades.v2-1111.yolov8\test\images\transformedDJI_0712_jpg.rf.130e0bb7cb75ab46f835008c57e4d9a7.jpg,C:\Wind Turbine blades.v2-1111.yolov8\test\labels\transformedDJI_0712_jpg.rf.130e0bb7cb75ab46f835008c57e4d9a7.txt,C:\Users\yys\Desktop\风机\wind-fault-detection-platform\hard_cases\negative_samples\test_transformedDJI_0712_jpg.rf.130e0bb7cb75ab46f835008c57e4d9a7.jpg,Good
C:\Wind Turbine blades.v2-1111.yolov8\test\images\transformedDJI_0728_jpg.rf.9acd9982f69eea8a486803b5cd3889d5.jpg,C:\Wind Turbine blades.v2-1111.yolov8\test\labels\transformedDJI_0728_jpg.rf.9acd9982f69eea8a486803b5cd3889d5.txt,C:\Users\yys\Desktop\风机\wind-fault-detection-platform\hard_cases\negative_samples\test_transformedDJI_0728_jpg.rf.9acd9982f69eea8a486803b5cd3889d5.jpg,Good
C:\Wind Turbine blades.v2-1111.yolov8\test\images\transformedDJI_0738_jpg.rf.d93aff4f17ed4f9f240e8f3c3548060f.jpg,C:\Wind Turbine blades.v2-1111.yolov8\test\labels\transformedDJI_0738_jpg.rf.d93aff4f17ed4f9f240e8f3c3548060f.txt,C:\Users\yys\Desktop\风机\wind-fault-detection-platform\hard_cases\negative_samples\test_transformedDJI_0738_jpg.rf.d93aff4f17ed4f9f240e8f3c3548060f.jpg,Good
