reason,source_image,source_label,target_image,target_label
hardcase_missed_once,C:\Users\yys\Desktop\风机\wind-fault-detection-platform\hard_cases\missed_samples\corrosion_160.jpg,C:\Users\yys\Desktop\风机\wind-fault-detection-platform\datasets\wind_blade_defect\labels\test\corrosion_160.txt,C:\Users\yys\Desktop\风机\wind-fault-detection-platform\datasets\wind_blade_defect_v02_improve\images\train\hardcase_missed_corrosion_160.jpg,C:\Users\yys\Desktop\风机\wind-fault-detection-platform\datasets\wind_blade_defect_v02_improve\labels\train\hardcase_missed_corrosion_160.txt
hardcase_missed_once,C:\Users\yys\Desktop\风机\wind-fault-detection-platform\hard_cases\missed_samples\corrosion_166.jpg,C:\Users\yys\Desktop\风机\wind-fault-detection-platform\datasets\wind_blade_defect\labels\test\corrosion_166.txt,C:\Users\yys\Desktop\风机\wind-fault-detection-platform\datasets\wind_blade_defect_v02_improve\images\train\hardcase_missed_corrosion_166.jpg,C:\Users\yys\Desktop\风机\wind-fault-detection-platform\datasets\wind_blade_defect_v02_improve\labels\train\hardcase_missed_corrosion_166.txt
hardcase_missed_once,C:\Users\yys\Desktop\风机\wind-fault-detection-platform\hard_cases\missed_samples\corrosion_176.jpg,C:\Users\yys\Desktop\风机\wind-fault-detection-platform\datasets\wind_blade_defect\labels\test\corrosion_176.txt,C:\Users\yys\Desktop\风机\wind-fault-detection-platform\datasets\wind_blade_defect_v02_improve\images\train\hardcase_missed_corrosion_176.jpg,C:\Users\yys\Desktop\风机\wind-fault-detection-platform\datasets\wind_blade_defect_v02_improve\labels\train\hardcase_missed_corrosion_176.txt
hardcase_missed_once,C:\Users\yys\Desktop\风机\wind-fault-detection-platform\hard_cases\missed_samples\corrosion_196.jpg,C:\Users\yys\Desktop\风机\wind-fault-detection-platform\datasets\wind_blade_defect\labels\test\corrosion_196.txt,C:\Users\yys\Desktop\风机\wind-fault-detection-platform\datasets\wind_blade_defect_v02_improve\images\train\hardcase_missed_corrosion_196.jpg,C:\Users\yys\Desktop\风机\wind-fault-detection-platform\datasets\wind_blade_defect_v02_improve\labels\train\hardcase_missed_corrosion_196.txt
hardcase_missed_once,C:\Users\yys\Desktop\风机\wind-fault-detection-platform\hard_cases\missed_samples\corrosion_197.jpg,C:\Users\yys\Desktop\风机\wind-fault-detection-platform\datasets\wind_blade_defect\labels\test\corrosion_197.txt,C:\Users\yys\Desktop\风机\wind-fault-detection-platform\datasets\wind_blade_defect_v02_improve\images\train\hardcase_missed_corrosion_197.jpg,C:\Users\yys\Desktop\风机\wind-fault-detection-platform\datasets\wind_blade_defect_v02_improve\labels\train\hardcase_missed_corrosion_197.txt
hardcase_missed_once,C:\Users\yys\Desktop\风机\wind-fault-detection-platform\hard_cases\missed_samples\corrosion_218.jpg,C:\Users\yys\Desktop\风机\wind-fault-detection-platform\datasets\wind_blade_defect\labels\test\corrosion_218.txt,C:\Users\yys\Desktop\风机\wind-fault-detection-platform\datasets\wind_blade_defect_v02_improve\images\train\hardcase_missed_corrosion_218.jpg,C:\Users\yys\Desktop\风机\wind-fault-detection-platform\datasets\wind_blade_defect_v02_improve\labels\train\hardcase_missed_corrosion_218.txt
hardcase_missed_once,C:\Users\yys\Desktop\风机\wind-fault-detection-platform\hard_cases\missed_samples\corrosion_237.jpg,C:\Users\yys\Desktop\风机\wind-fault-detection-platform\datasets\wind_blade_defect\labels\test\corrosion_237.txt,C:\Users\yys\Desktop\风机\wind-fault-detection-platform\datasets\wind_blade_defect_v02_improve\images\train\hardcase_missed_corrosion_237.jpg,C:\Users\yys\Desktop\风机\wind-fault-detection-platform\datasets\wind_blade_defect_v02_improve\labels\train\hardcase_missed_corrosion_237.txt
hardcase_missed_once,C:\Users\yys\Desktop\风机\wind-fault-detection-platform\hard_cases\missed_samples\corrosion_238.jpg,C:\Users\yys\Desktop\风机\wind-fault-detection-platform\datasets\wind_blade_defect\labels\test\corrosion_238.txt,C:\Users\yys\Desktop\风机\wind-fault-detection-platform\datasets\wind_blade_defect_v02_improve\images\train\hardcase_missed_corrosion_238.jpg,C:\Users\yys\Desktop\风机\wind-fault-detection-platform\datasets\wind_blade_defect_v02_improve\labels\train\hardcase_missed_corrosion_238.txt
hardcase_missed_once,C:\Users\yys\Desktop\风机\wind-fault-detection-platform\hard_cases\missed_samples\corrosion_66.jpg,C:\Users\yys\Desktop\风机\wind-fault-detection-platform\datasets\wind_blade_defect\labels\test\corrosion_66.txt,C:\Users\yys\Desktop\风机\wind-fault-detection-platform\datasets\wind_blade_defect_v02_improve\images\train\hardcase_missed_corrosion_66.jpg,C:\Users\yys\Desktop\风机\wind-fault-detection-platform\datasets\wind_blade_defect_v02_improve\labels\train\hardcase_missed_corrosion_66.txt
hardcase_missed_once,C:\Users\yys\Desktop\风机\wind-fault-detection-platform\hard_cases\missed_samples\crack_1296.jpg,C:\Users\yys\Desktop\风机\wind-fault-detection-platform\datasets\wind_blade_defect\labels\test\crack_1296.txt,C:\Users\yys\Desktop\风机\wind-fault-detection-platform\datasets\wind_blade_defect_v02_improve\images\train\hardcase_missed_crack_1296.jpg,C:\Users\yys\Desktop\风机\wind-fault-detection-platform\datasets\wind_blade_defect_v02_improve\labels\train\hardcase_missed_crack_1296.txt
hardcase_missed_once,C:\Users\yys\Desktop\风机\wind-fault-detection-platform\hard_cases\missed_samples\crack_235.jpg,C:\Users\yys\Desktop\风机\wind-fault-detection-platform\datasets\wind_blade_defect\labels\test\crack_235.txt,C:\Users\yys\Desktop\风机\wind-fault-detection-platform\datasets\wind_blade_defect_v02_improve\images\train\hardcase_missed_crack_235.jpg,C:\Users\yys\Desktop\风机\wind-fault-detection-platform\datasets\wind_blade_defect_v02_improve\labels\train\hardcase_missed_crack_235.txt
hardcase_missed_once,C:\Users\yys\Desktop\风机\wind-fault-detection-platform\hard_cases\missed_samples\crack_262.jpg,C:\Users\yys\Desktop\风机\wind-fault-detection-platform\datasets\wind_blade_defect\labels\test\crack_262.txt,C:\Users\yys\Desktop\风机\wind-fault-detection-platform\datasets\wind_blade_defect_v02_improve\images\train\hardcase_missed_crack_262.jpg,C:\Users\yys\Desktop\风机\wind-fault-detection-platform\datasets\wind_blade_defect_v02_improve\labels\train\hardcase_missed_crack_262.txt
hardcase_missed_once,C:\Users\yys\Desktop\风机\wind-fault-detection-platform\hard_cases\missed_samples\crack_352.jpg,C:\Users\yys\Desktop\风机\wind-fault-detection-platform\datasets\wind_blade_defect\labels\test\crack_352.txt,C:\Users\yys\Desktop\风机\wind-fault-detection-platform\datasets\wind_blade_defect_v02_improve\images\train\hardcase_missed_crack_352.jpg,C:\Users\yys\Desktop\风机\wind-fault-detection-platform\datasets\wind_blade_defect_v02_improve\labels\train\hardcase_missed_crack_352.txt
hardcase_missed_once,C:\Users\yys\Desktop\风机\wind-fault-detection-platform\hard_cases\missed_samples\crack_36.jpg,C:\Users\yys\Desktop\风机\wind-fault-detection-platform\datasets\wind_blade_defect\labels\test\crack_36.txt,C:\Users\yys\Desktop\风机\wind-fault-detection-platform\datasets\wind_blade_defect_v02_improve\images\train\hardcase_missed_crack_36.jpg,C:\Users\yys\Desktop\风机\wind-fault-detection-platform\datasets\wind_blade_defect_v02_improve\labels\train\hardcase_missed_crack_36.txt
hardcase_missed_once,C:\Users\yys\Desktop\风机\wind-fault-detection-platform\hard_cases\missed_samples\crack_397.jpg,C:\Users\yys\Desktop\风机\wind-fault-detection-platform\datasets\wind_blade_defect\labels\test\crack_397.txt,C:\Users\yys\Desktop\风机\wind-fault-detection-platform\datasets\wind_blade_defect_v02_improve\images\train\hardcase_missed_crack_397.jpg,C:\Users\yys\Desktop\风机\wind-fault-detection-platform\datasets\wind_blade_defect_v02_improve\labels\train\hardcase_missed_crack_397.txt
hardcase_missed_once,C:\Users\yys\Desktop\风机\wind-fault-detection-platform\hard_cases\missed_samples\crack_4.jpg,C:\Users\yys\Desktop\风机\wind-fault-detection-platform\datasets\wind_blade_defect\labels\test\crack_4.txt,C:\Users\yys\Desktop\风机\wind-fault-detection-platform\datasets\wind_blade_defect_v02_improve\images\train\hardcase_missed_crack_4.jpg,C:\Users\yys\Desktop\风机\wind-fault-detection-platform\datasets\wind_blade_defect_v02_improve\labels\train\hardcase_missed_crack_4.txt
hardcase_missed_once,C:\Users\yys\Desktop\风机\wind-fault-detection-platform\hard_cases\missed_samples\crack_411.jpg,C:\Users\yys\Desktop\风机\wind-fault-detection-platform\datasets\wind_blade_defect\labels\test\crack_411.txt,C:\Users\yys\Desktop\风机\wind-fault-detection-platform\datasets\wind_blade_defect_v02_improve\images\train\hardcase_missed_crack_411.jpg,C:\Users\yys\Desktop\风机\wind-fault-detection-platform\datasets\wind_blade_defect_v02_improve\labels\train\hardcase_missed_crack_411.txt
hardcase_missed_once,C:\Users\yys\Desktop\风机\wind-fault-detection-platform\hard_cases\missed_samples\crack_456.jpg,C:\Users\yys\Desktop\风机\wind-fault-detection-platform\datasets\wind_blade_defect\labels\test\crack_456.txt,C:\Users\yys\Desktop\风机\wind-fault-detection-platform\datasets\wind_blade_defect_v02_improve\images\train\hardcase_missed_crack_456.jpg,C:\Users\yys\Desktop\风机\wind-fault-detection-platform\datasets\wind_blade_defect_v02_improve\labels\train\hardcase_missed_crack_456.txt
hardcase_missed_once,C:\Users\yys\Desktop\风机\wind-fault-detection-platform\hard_cases\missed_samples\crack_512.jpg,C:\Users\yys\Desktop\风机\wind-fault-detection-platform\datasets\wind_blade_defect\labels\test\crack_512.txt,C:\Users\yys\Desktop\风机\wind-fault-detection-platform\datasets\wind_blade_defect_v02_improve\images\train\hardcase_missed_crack_512.jpg,C:\Users\yys\Desktop\风机\wind-fault-detection-platform\datasets\wind_blade_defect_v02_improve\labels\train\hardcase_missed_crack_512.txt
hardcase_missed_once,C:\Users\yys\Desktop\风机\wind-fault-detection-platform\hard_cases\missed_samples\crack_533.jpg,C:\Users\yys\Desktop\风机\wind-fault-detection-platform\datasets\wind_blade_defect\labels\test\crack_533.txt,C:\Users\yys\Desktop\风机\wind-fault-detection-platform\datasets\wind_blade_defect_v02_improve\images\train\hardcase_missed_crack_533.jpg,C:\Users\yys\Desktop\风机\wind-fault-detection-platform\datasets\wind_blade_defect_v02_improve\labels\train\hardcase_missed_crack_533.txt
hardcase_missed_once,C:\Users\yys\Desktop\风机\wind-fault-detection-platform\hard_cases\missed_samples\crack_68.jpg,C:\Users\yys\Desktop\风机\wind-fault-detection-platform\datasets\wind_blade_defect\labels\test\crack_68.txt,C:\Users\yys\Desktop\风机\wind-fault-detection-platform\datasets\wind_blade_defect_v02_improve\images\train\hardcase_missed_crack_68.jpg,C:\Users\yys\Desktop\风机\wind-fault-detection-platform\datasets\wind_blade_defect_v02_improve\labels\train\hardcase_missed_crack_68.txt
hardcase_missed_once,C:\Users\yys\Desktop\风机\wind-fault-detection-platform\hard_cases\missed_samples\crack_75.jpg,C:\Users\yys\Desktop\风机\wind-fault-detection-platform\datasets\wind_blade_defect\labels\test\crack_75.txt,C:\Users\yys\Desktop\风机\wind-fault-detection-platform\datasets\wind_blade_defect_v02_improve\images\train\hardcase_missed_crack_75.jpg,C:\Users\yys\Desktop\风机\wind-fault-detection-platform\datasets\wind_blade_defect_v02_improve\labels\train\hardcase_missed_crack_75.txt
hardcase_missed_once,C:\Users\yys\Desktop\风机\wind-fault-detection-platform\hard_cases\missed_samples\hole_3.jpg,C:\Users\yys\Desktop\风机\wind-fault-detection-platform\datasets\wind_blade_defect\labels\test\hole_3.txt,C:\Users\yys\Desktop\风机\wind-fault-detection-platform\datasets\wind_blade_defect_v02_improve\images\train\hardcase_missed_hole_3.jpg,C:\Users\yys\Desktop\风机\wind-fault-detection-platform\datasets\wind_blade_defect_v02_improve\labels\train\hardcase_missed_hole_3.txt
hardcase_missed_once,C:\Users\yys\Desktop\风机\wind-fault-detection-platform\hard_cases\missed_samples\hole_57.jpg,C:\Users\yys\Desktop\风机\wind-fault-detection-platform\datasets\wind_blade_defect\labels\test\hole_57.txt,C:\Users\yys\Desktop\风机\wind-fault-detection-platform\datasets\wind_blade_defect_v02_improve\images\train\hardcase_missed_hole_57.jpg,C:\Users\yys\Desktop\风机\wind-fault-detection-platform\datasets\wind_blade_defect_v02_improve\labels\train\hardcase_missed_hole_57.txt
hardcase_missed_once,C:\Users\yys\Desktop\风机\wind-fault-detection-platform\hard_cases\missed_samples\hole_843.jpg,C:\Users\yys\Desktop\风机\wind-fault-detection-platform\datasets\wind_blade_defect\labels\test\hole_843.txt,C:\Users\yys\Desktop\风机\wind-fault-detection-platform\datasets\wind_blade_defect_v02_improve\images\train\hardcase_missed_hole_843.jpg,C:\Users\yys\Desktop\风机\wind-fault-detection-platform\datasets\wind_blade_defect_v02_improve\labels\train\hardcase_missed_hole_843.txt
hardcase_missed_once,C:\Users\yys\Desktop\风机\wind-fault-detection-platform\hard_cases\missed_samples\hole_927.jpg,C:\Users\yys\Desktop\风机\wind-fault-detection-platform\datasets\wind_blade_defect\labels\test\hole_927.txt,C:\Users\yys\Desktop\风机\wind-fault-detection-platform\datasets\wind_blade_defect_v02_improve\images\train\hardcase_missed_hole_927.jpg,C:\Users\yys\Desktop\风机\wind-fault-detection-platform\datasets\wind_blade_defect_v02_improve\labels\train\hardcase_missed_hole_927.txt
hardcase_missed_once,C:\Users\yys\Desktop\风机\wind-fault-detection-platform\hard_cases\missed_samples\spalling_22.jpg,C:\Users\yys\Desktop\风机\wind-fault-detection-platform\datasets\wind_blade_defect\labels\test\spalling_22.txt,C:\Users\yys\Desktop\风机\wind-fault-detection-platform\datasets\wind_blade_defect_v02_improve\images\train\hardcase_missed_spalling_22.jpg,C:\Users\yys\Desktop\风机\wind-fault-detection-platform\datasets\wind_blade_defect_v02_improve\labels\train\hardcase_missed_spalling_22.txt
hardcase_missed_once,C:\Users\yys\Desktop\风机\wind-fault-detection-platform\hard_cases\missed_samples\spalling_648.jpg,C:\Users\yys\Desktop\风机\wind-fault-detection-platform\datasets\wind_blade_defect\labels\test\spalling_648.txt,C:\Users\yys\Desktop\风机\wind-fault-detection-platform\datasets\wind_blade_defect_v02_improve\images\train\hardcase_missed_spalling_648.jpg,C:\Users\yys\Desktop\风机\wind-fault-detection-platform\datasets\wind_blade_defect_v02_improve\labels\train\hardcase_missed_spalling_648.txt
hardcase_missed_once,C:\Users\yys\Desktop\风机\wind-fault-detection-platform\hard_cases\missed_samples\spalling_974.jpg,C:\Users\yys\Desktop\风机\wind-fault-detection-platform\datasets\wind_blade_defect\labels\test\spalling_974.txt,C:\Users\yys\Desktop\风机\wind-fault-detection-platform\datasets\wind_blade_defect_v02_improve\images\train\hardcase_missed_spalling_974.jpg,C:\Users\yys\Desktop\风机\wind-fault-detection-platform\datasets\wind_blade_defect_v02_improve\labels\train\hardcase_missed_spalling_974.txt
corrosion_train_oversample,C:\Users\yys\Desktop\风机\wind-fault-detection-platform\datasets\wind_blade_defect\images\train\blade_24.jpg,C:\Users\yys\Desktop\风机\wind-fault-detection-platform\datasets\wind_blade_defect\labels\train\blade_24.txt,C:\Users\yys\Desktop\风机\wind-fault-detection-platform\datasets\wind_blade_defect_v02_improve\images\train\oversample_corrosion_blade_24.jpg,C:\Users\yys\Desktop\风机\wind-fault-detection-platform\datasets\wind_blade_defect_v02_improve\labels\train\oversample_corrosion_blade_24.txt
corrosion_train_oversample,C:\Users\yys\Desktop\风机\wind-fault-detection-platform\datasets\wind_blade_defect\images\train\corrosion_101.jpg,C:\Users\yys\Desktop\风机\wind-fault-detection-platform\datasets\wind_blade_defect\labels\train\corrosion_101.txt,C:\Users\yys\Desktop\风机\wind-fault-detection-platform\datasets\wind_blade_defect_v02_improve\images\train\oversample_corrosion_corrosion_101.jpg,C:\Users\yys\Desktop\风机\wind-fault-detection-platform\datasets\wind_blade_defect_v02_improve\labels\train\oversample_corrosion_corrosion_101.txt
corrosion_train_oversample,C:\Users\yys\Desktop\风机\wind-fault-detection-platform\datasets\wind_blade_defect\images\train\corrosion_103.jpg,C:\Users\yys\Desktop\风机\wind-fault-detection-platform\datasets\wind_blade_defect\labels\train\corrosion_103.txt,C:\Users\yys\Desktop\风机\wind-fault-detection-platform\datasets\wind_blade_defect_v02_improve\images\train\oversample_corrosion_corrosion_103.jpg,C:\Users\yys\Desktop\风机\wind-fault-detection-platform\datasets\wind_blade_defect_v02_improve\labels\train\oversample_corrosion_corrosion_103.txt
corrosion_train_oversample,C:\Users\yys\Desktop\风机\wind-fault-detection-platform\datasets\wind_blade_defect\images\train\corrosion_104.jpg,C:\Users\yys\Desktop\风机\wind-fault-detection-platform\datasets\wind_blade_defect\labels\train\corrosion_104.txt,C:\Users\yys\Desktop\风机\wind-fault-detection-platform\datasets\wind_blade_defect_v02_improve\images\train\oversample_corrosion_corrosion_104.jpg,C:\Users\yys\Desktop\风机\wind-fault-detection-platform\datasets\wind_blade_defect_v02_improve\labels\train\oversample_corrosion_corrosion_104.txt
corrosion_train_oversample,C:\Users\yys\Desktop\风机\wind-fault-detection-platform\datasets\wind_blade_defect\images\train\corrosion_105.jpg,C:\Users\yys\Desktop\风机\wind-fault-detection-platform\datasets\wind_blade_defect\labels\train\corrosion_105.txt,C:\Users\yys\Desktop\风机\wind-fault-detection-platform\datasets\wind_blade_defect_v02_improve\images\train\oversample_corrosion_corrosion_105.jpg,C:\Users\yys\Desktop\风机\wind-fault-detection-platform\datasets\wind_blade_defect_v02_improve\labels\train\oversample_corrosion_corrosion_105.txt
corrosion_train_oversample,C:\Users\yys\Desktop\风机\wind-fault-detection-platform\datasets\wind_blade_defect\images\train\corrosion_108.jpg,C:\Users\yys\Desktop\风机\wind-fault-detection-platform\datasets\wind_blade_defect\labels\train\corrosion_108.txt,C:\Users\yys\Desktop\风机\wind-fault-detection-platform\datasets\wind_blade_defect_v02_improve\images\train\oversample_corrosion_corrosion_108.jpg,C:\Users\yys\Desktop\风机\wind-fault-detection-platform\datasets\wind_blade_defect_v02_improve\labels\train\oversample_corrosion_corrosion_108.txt
corrosion_train_oversample,C:\Users\yys\Desktop\风机\wind-fault-detection-platform\datasets\wind_blade_defect\images\train\corrosion_109.jpg,C:\Users\yys\Desktop\风机\wind-fault-detection-platform\datasets\wind_blade_defect\labels\train\corrosion_109.txt,C:\Users\yys\Desktop\风机\wind-fault-detection-platform\datasets\wind_blade_defect_v02_improve\images\train\oversample_corrosion_corrosion_109.jpg,C:\Users\yys\Desktop\风机\wind-fault-detection-platform\datasets\wind_blade_defect_v02_improve\labels\train\oversample_corrosion_corrosion_109.txt
corrosion_train_oversample,C:\Users\yys\Desktop\风机\wind-fault-detection-platform\datasets\wind_blade_defect\images\train\corrosion_110.jpg,C:\Users\yys\Desktop\风机\wind-fault-detection-platform\datasets\wind_blade_defect\labels\train\corrosion_110.txt,C:\Users\yys\Desktop\风机\wind-fault-detection-platform\datasets\wind_blade_defect_v02_improve\images\train\oversample_corrosion_corrosion_110.jpg,C:\Users\yys\Desktop\风机\wind-fault-detection-platform\datasets\wind_blade_defect_v02_improve\labels\train\oversample_corrosion_corrosion_110.txt
corrosion_train_oversample,C:\Users\yys\Desktop\风机\wind-fault-detection-platform\datasets\wind_blade_defect\images\train\corrosion_112.jpg,C:\Users\yys\Desktop\风机\wind-fault-detection-platform\datasets\wind_blade_defect\labels\train\corrosion_112.txt,C:\Users\yys\Desktop\风机\wind-fault-detection-platform\datasets\wind_blade_defect_v02_improve\images\train\oversample_corrosion_corrosion_112.jpg,C:\Users\yys\Desktop\风机\wind-fault-detection-platform\datasets\wind_blade_defect_v02_improve\labels\train\oversample_corrosion_corrosion_112.txt
corrosion_train_oversample,C:\Users\yys\Desktop\风机\wind-fault-detection-platform\datasets\wind_blade_defect\images\train\corrosion_113.jpg,C:\Users\yys\Desktop\风机\wind-fault-detection-platform\datasets\wind_blade_defect\labels\train\corrosion_113.txt,C:\Users\yys\Desktop\风机\wind-fault-detection-platform\datasets\wind_blade_defect_v02_improve\images\train\oversample_corrosion_corrosion_113.jpg,C:\Users\yys\Desktop\风机\wind-fault-detection-platform\datasets\wind_blade_defect_v02_improve\labels\train\oversample_corrosion_corrosion_113.txt
corrosion_train_oversample,C:\Users\yys\Desktop\风机\wind-fault-detection-platform\datasets\wind_blade_defect\images\train\corrosion_114.jpg,C:\Users\yys\Desktop\风机\wind-fault-detection-platform\datasets\wind_blade_defect\labels\train\corrosion_114.txt,C:\Users\yys\Desktop\风机\wind-fault-detection-platform\datasets\wind_blade_defect_v02_improve\images\train\oversample_corrosion_corrosion_114.jpg,C:\Users\yys\Desktop\风机\wind-fault-detection-platform\datasets\wind_blade_defect_v02_improve\labels\train\oversample_corrosion_corrosion_114.txt
corrosion_train_oversample,C:\Users\yys\Desktop\风机\wind-fault-detection-platform\datasets\wind_blade_defect\images\train\corrosion_115.jpg,C:\Users\yys\Desktop\风机\wind-fault-detection-platform\datasets\wind_blade_defect\labels\train\corrosion_115.txt,C:\Users\yys\Desktop\风机\wind-fault-detection-platform\datasets\wind_blade_defect_v02_improve\images\train\oversample_corrosion_corrosion_115.jpg,C:\Users\yys\Desktop\风机\wind-fault-detection-platform\datasets\wind_blade_defect_v02_improve\labels\train\oversample_corrosion_corrosion_115.txt
corrosion_train_oversample,C:\Users\yys\Desktop\风机\wind-fault-detection-platform\datasets\wind_blade_defect\images\train\corrosion_118.jpg,C:\Users\yys\Desktop\风机\wind-fault-detection-platform\datasets\wind_blade_defect\labels\train\corrosion_118.txt,C:\Users\yys\Desktop\风机\wind-fault-detection-platform\datasets\wind_blade_defect_v02_improve\images\train\oversample_corrosion_corrosion_118.jpg,C:\Users\yys\Desktop\风机\wind-fault-detection-platform\datasets\wind_blade_defect_v02_improve\labels\train\oversample_corrosion_corrosion_118.txt
corrosion_train_oversample,C:\Users\yys\Desktop\风机\wind-fault-detection-platform\datasets\wind_blade_defect\images\train\corrosion_121.jpg,C:\Users\yys\Desktop\风机\wind-fault-detection-platform\datasets\wind_blade_defect\labels\train\corrosion_121.txt,C:\Users\yys\Desktop\风机\wind-fault-detection-platform\datasets\wind_blade_defect_v02_improve\images\train\oversample_corrosion_corrosion_121.jpg,C:\Users\yys\Desktop\风机\wind-fault-detection-platform\datasets\wind_blade_defect_v02_improve\labels\train\oversample_corrosion_corrosion_121.txt
corrosion_train_oversample,C:\Users\yys\Desktop\风机\wind-fault-detection-platform\datasets\wind_blade_defect\images\train\corrosion_123.jpg,C:\Users\yys\Desktop\风机\wind-fault-detection-platform\datasets\wind_blade_defect\labels\train\corrosion_123.txt,C:\Users\yys\Desktop\风机\wind-fault-detection-platform\datasets\wind_blade_defect_v02_improve\images\train\oversample_corrosion_corrosion_123.jpg,C:\Users\yys\Desktop\风机\wind-fault-detection-platform\datasets\wind_blade_defect_v02_improve\labels\train\oversample_corrosion_corrosion_123.txt
corrosion_train_oversample,C:\Users\yys\Desktop\风机\wind-fault-detection-platform\datasets\wind_blade_defect\images\train\corrosion_124.jpg,C:\Users\yys\Desktop\风机\wind-fault-detection-platform\datasets\wind_blade_defect\labels\train\corrosion_124.txt,C:\Users\yys\Desktop\风机\wind-fault-detection-platform\datasets\wind_blade_defect_v02_improve\images\train\oversample_corrosion_corrosion_124.jpg,C:\Users\yys\Desktop\风机\wind-fault-detection-platform\datasets\wind_blade_defect_v02_improve\labels\train\oversample_corrosion_corrosion_124.txt
corrosion_train_oversample,C:\Users\yys\Desktop\风机\wind-fault-detection-platform\datasets\wind_blade_defect\images\train\corrosion_125.jpg,C:\Users\yys\Desktop\风机\wind-fault-detection-platform\datasets\wind_blade_defect\labels\train\corrosion_125.txt,C:\Users\yys\Desktop\风机\wind-fault-detection-platform\datasets\wind_blade_defect_v02_improve\images\train\oversample_corrosion_corrosion_125.jpg,C:\Users\yys\Desktop\风机\wind-fault-detection-platform\datasets\wind_blade_defect_v02_improve\labels\train\oversample_corrosion_corrosion_125.txt
corrosion_train_oversample,C:\Users\yys\Desktop\风机\wind-fault-detection-platform\datasets\wind_blade_defect\images\train\corrosion_126.jpg,C:\Users\yys\Desktop\风机\wind-fault-detection-platform\datasets\wind_blade_defect\labels\train\corrosion_126.txt,C:\Users\yys\Desktop\风机\wind-fault-detection-platform\datasets\wind_blade_defect_v02_improve\images\train\oversample_corrosion_corrosion_126.jpg,C:\Users\yys\Desktop\风机\wind-fault-detection-platform\datasets\wind_blade_defect_v02_improve\labels\train\oversample_corrosion_corrosion_126.txt
corrosion_train_oversample,C:\Users\yys\Desktop\风机\wind-fault-detection-platform\datasets\wind_blade_defect\images\train\corrosion_127.jpg,C:\Users\yys\Desktop\风机\wind-fault-detection-platform\datasets\wind_blade_defect\labels\train\corrosion_127.txt,C:\Users\yys\Desktop\风机\wind-fault-detection-platform\datasets\wind_blade_defect_v02_improve\images\train\oversample_corrosion_corrosion_127.jpg,C:\Users\yys\Desktop\风机\wind-fault-detection-platform\datasets\wind_blade_defect_v02_improve\labels\train\oversample_corrosion_corrosion_127.txt
corrosion_train_oversample,C:\Users\yys\Desktop\风机\wind-fault-detection-platform\datasets\wind_blade_defect\images\train\corrosion_128.jpg,C:\Users\yys\Desktop\风机\wind-fault-detection-platform\datasets\wind_blade_defect\labels\train\corrosion_128.txt,C:\Users\yys\Desktop\风机\wind-fault-detection-platform\datasets\wind_blade_defect_v02_improve\images\train\oversample_corrosion_corrosion_128.jpg,C:\Users\yys\Desktop\风机\wind-fault-detection-platform\datasets\wind_blade_defect_v02_improve\labels\train\oversample_corrosion_corrosion_128.txt
corrosion_train_oversample,C:\Users\yys\Desktop\风机\wind-fault-detection-platform\datasets\wind_blade_defect\images\train\corrosion_129.jpg,C:\Users\yys\Desktop\风机\wind-fault-detection-platform\datasets\wind_blade_defect\labels\train\corrosion_129.txt,C:\Users\yys\Desktop\风机\wind-fault-detection-platform\datasets\wind_blade_defect_v02_improve\images\train\oversample_corrosion_corrosion_129.jpg,C:\Users\yys\Desktop\风机\wind-fault-detection-platform\datasets\wind_blade_defect_v02_improve\labels\train\oversample_corrosion_corrosion_129.txt
corrosion_train_oversample,C:\Users\yys\Desktop\风机\wind-fault-detection-platform\datasets\wind_blade_defect\images\train\corrosion_130.jpg,C:\Users\yys\Desktop\风机\wind-fault-detection-platform\datasets\wind_blade_defect\labels\train\corrosion_130.txt,C:\Users\yys\Desktop\风机\wind-fault-detection-platform\datasets\wind_blade_defect_v02_improve\images\train\oversample_corrosion_corrosion_130.jpg,C:\Users\yys\Desktop\风机\wind-fault-detection-platform\datasets\wind_blade_defect_v02_improve\labels\train\oversample_corrosion_corrosion_130.txt
corrosion_train_oversample,C:\Users\yys\Desktop\风机\wind-fault-detection-platform\datasets\wind_blade_defect\images\train\corrosion_131.jpg,C:\Users\yys\Desktop\风机\wind-fault-detection-platform\datasets\wind_blade_defect\labels\train\corrosion_131.txt,C:\Users\yys\Desktop\风机\wind-fault-detection-platform\datasets\wind_blade_defect_v02_improve\images\train\oversample_corrosion_corrosion_131.jpg,C:\Users\yys\Desktop\风机\wind-fault-detection-platform\datasets\wind_blade_defect_v02_improve\labels\train\oversample_corrosion_corrosion_131.txt
corrosion_train_oversample,C:\Users\yys\Desktop\风机\wind-fault-detection-platform\datasets\wind_blade_defect\images\train\corrosion_132.jpg,C:\Users\yys\Desktop\风机\wind-fault-detection-platform\datasets\wind_blade_defect\labels\train\corrosion_132.txt,C:\Users\yys\Desktop\风机\wind-fault-detection-platform\datasets\wind_blade_defect_v02_improve\images\train\oversample_corrosion_corrosion_132.jpg,C:\Users\yys\Desktop\风机\wind-fault-detection-platform\datasets\wind_blade_defect_v02_improve\labels\train\oversample_corrosion_corrosion_132.txt
corrosion_train_oversample,C:\Users\yys\Desktop\风机\wind-fault-detection-platform\datasets\wind_blade_defect\images\train\corrosion_133.jpg,C:\Users\yys\Desktop\风机\wind-fault-detection-platform\datasets\wind_blade_defect\labels\train\corrosion_133.txt,C:\Users\yys\Desktop\风机\wind-fault-detection-platform\datasets\wind_blade_defect_v02_improve\images\train\oversample_corrosion_corrosion_133.jpg,C:\Users\yys\Desktop\风机\wind-fault-detection-platform\datasets\wind_blade_defect_v02_improve\labels\train\oversample_corrosion_corrosion_133.txt
corrosion_train_oversample,C:\Users\yys\Desktop\风机\wind-fault-detection-platform\datasets\wind_blade_defect\images\train\corrosion_134.jpg,C:\Users\yys\Desktop\风机\wind-fault-detection-platform\datasets\wind_blade_defect\labels\train\corrosion_134.txt,C:\Users\yys\Desktop\风机\wind-fault-detection-platform\datasets\wind_blade_defect_v02_improve\images\train\oversample_corrosion_corrosion_134.jpg,C:\Users\yys\Desktop\风机\wind-fault-detection-platform\datasets\wind_blade_defect_v02_improve\labels\train\oversample_corrosion_corrosion_134.txt
corrosion_train_oversample,C:\Users\yys\Desktop\风机\wind-fault-detection-platform\datasets\wind_blade_defect\images\train\corrosion_135.jpg,C:\Users\yys\Desktop\风机\wind-fault-detection-platform\datasets\wind_blade_defect\labels\train\corrosion_135.txt,C:\Users\yys\Desktop\风机\wind-fault-detection-platform\datasets\wind_blade_defect_v02_improve\images\train\oversample_corrosion_corrosion_135.jpg,C:\Users\yys\Desktop\风机\wind-fault-detection-platform\datasets\wind_blade_defect_v02_improve\labels\train\oversample_corrosion_corrosion_135.txt
corrosion_train_oversample,C:\Users\yys\Desktop\风机\wind-fault-detection-platform\datasets\wind_blade_defect\images\train\corrosion_137.jpg,C:\Users\yys\Desktop\风机\wind-fault-detection-platform\datasets\wind_blade_defect\labels\train\corrosion_137.txt,C:\Users\yys\Desktop\风机\wind-fault-detection-platform\datasets\wind_blade_defect_v02_improve\images\train\oversample_corrosion_corrosion_137.jpg,C:\Users\yys\Desktop\风机\wind-fault-detection-platform\datasets\wind_blade_defect_v02_improve\labels\train\oversample_corrosion_corrosion_137.txt
corrosion_train_oversample,C:\Users\yys\Desktop\风机\wind-fault-detection-platform\datasets\wind_blade_defect\images\train\corrosion_138.jpg,C:\Users\yys\Desktop\风机\wind-fault-detection-platform\datasets\wind_blade_defect\labels\train\corrosion_138.txt,C:\Users\yys\Desktop\风机\wind-fault-detection-platform\datasets\wind_blade_defect_v02_improve\images\train\oversample_corrosion_corrosion_138.jpg,C:\Users\yys\Desktop\风机\wind-fault-detection-platform\datasets\wind_blade_defect_v02_improve\labels\train\oversample_corrosion_corrosion_138.txt
corrosion_train_oversample,C:\Users\yys\Desktop\风机\wind-fault-detection-platform\datasets\wind_blade_defect\images\train\corrosion_139.jpg,C:\Users\yys\Desktop\风机\wind-fault-detection-platform\datasets\wind_blade_defect\labels\train\corrosion_139.txt,C:\Users\yys\Desktop\风机\wind-fault-detection-platform\datasets\wind_blade_defect_v02_improve\images\train\oversample_corrosion_corrosion_139.jpg,C:\Users\yys\Desktop\风机\wind-fault-detection-platform\datasets\wind_blade_defect_v02_improve\labels\train\oversample_corrosion_corrosion_139.txt
corrosion_train_oversample,C:\Users\yys\Desktop\风机\wind-fault-detection-platform\datasets\wind_blade_defect\images\train\corrosion_140.jpg,C:\Users\yys\Desktop\风机\wind-fault-detection-platform\datasets\wind_blade_defect\labels\train\corrosion_140.txt,C:\Users\yys\Desktop\风机\wind-fault-detection-platform\datasets\wind_blade_defect_v02_improve\images\train\oversample_corrosion_corrosion_140.jpg,C:\Users\yys\Desktop\风机\wind-fault-detection-platform\datasets\wind_blade_defect_v02_improve\labels\train\oversample_corrosion_corrosion_140.txt
corrosion_train_oversample,C:\Users\yys\Desktop\风机\wind-fault-detection-platform\datasets\wind_blade_defect\images\train\corrosion_141.jpg,C:\Users\yys\Desktop\风机\wind-fault-detection-platform\datasets\wind_blade_defect\labels\train\corrosion_141.txt,C:\Users\yys\Desktop\风机\wind-fault-detection-platform\datasets\wind_blade_defect_v02_improve\images\train\oversample_corrosion_corrosion_141.jpg,C:\Users\yys\Desktop\风机\wind-fault-detection-platform\datasets\wind_blade_defect_v02_improve\labels\train\oversample_corrosion_corrosion_141.txt
corrosion_train_oversample,C:\Users\yys\Desktop\风机\wind-fault-detection-platform\datasets\wind_blade_defect\images\train\corrosion_142.jpg,C:\Users\yys\Desktop\风机\wind-fault-detection-platform\datasets\wind_blade_defect\labels\train\corrosion_142.txt,C:\Users\yys\Desktop\风机\wind-fault-detection-platform\datasets\wind_blade_defect_v02_improve\images\train\oversample_corrosion_corrosion_142.jpg,C:\Users\yys\Desktop\风机\wind-fault-detection-platform\datasets\wind_blade_defect_v02_improve\labels\train\oversample_corrosion_corrosion_142.txt
corrosion_train_oversample,C:\Users\yys\Desktop\风机\wind-fault-detection-platform\datasets\wind_blade_defect\images\train\corrosion_143.jpg,C:\Users\yys\Desktop\风机\wind-fault-detection-platform\datasets\wind_blade_defect\labels\train\corrosion_143.txt,C:\Users\yys\Desktop\风机\wind-fault-detection-platform\datasets\wind_blade_defect_v02_improve\images\train\oversample_corrosion_corrosion_143.jpg,C:\Users\yys\Desktop\风机\wind-fault-detection-platform\datasets\wind_blade_defect_v02_improve\labels\train\oversample_corrosion_corrosion_143.txt
corrosion_train_oversample,C:\Users\yys\Desktop\风机\wind-fault-detection-platform\datasets\wind_blade_defect\images\train\corrosion_144.jpg,C:\Users\yys\Desktop\风机\wind-fault-detection-platform\datasets\wind_blade_defect\labels\train\corrosion_144.txt,C:\Users\yys\Desktop\风机\wind-fault-detection-platform\datasets\wind_blade_defect_v02_improve\images\train\oversample_corrosion_corrosion_144.jpg,C:\Users\yys\Desktop\风机\wind-fault-detection-platform\datasets\wind_blade_defect_v02_improve\labels\train\oversample_corrosion_corrosion_144.txt
corrosion_train_oversample,C:\Users\yys\Desktop\风机\wind-fault-detection-platform\datasets\wind_blade_defect\images\train\corrosion_146.jpg,C:\Users\yys\Desktop\风机\wind-fault-detection-platform\datasets\wind_blade_defect\labels\train\corrosion_146.txt,C:\Users\yys\Desktop\风机\wind-fault-detection-platform\datasets\wind_blade_defect_v02_improve\images\train\oversample_corrosion_corrosion_146.jpg,C:\Users\yys\Desktop\风机\wind-fault-detection-platform\datasets\wind_blade_defect_v02_improve\labels\train\oversample_corrosion_corrosion_146.txt
corrosion_train_oversample,C:\Users\yys\Desktop\风机\wind-fault-detection-platform\datasets\wind_blade_defect\images\train\corrosion_148.jpg,C:\Users\yys\Desktop\风机\wind-fault-detection-platform\datasets\wind_blade_defect\labels\train\corrosion_148.txt,C:\Users\yys\Desktop\风机\wind-fault-detection-platform\datasets\wind_blade_defect_v02_improve\images\train\oversample_corrosion_corrosion_148.jpg,C:\Users\yys\Desktop\风机\wind-fault-detection-platform\datasets\wind_blade_defect_v02_improve\labels\train\oversample_corrosion_corrosion_148.txt
corrosion_train_oversample,C:\Users\yys\Desktop\风机\wind-fault-detection-platform\datasets\wind_blade_defect\images\train\corrosion_149.jpg,C:\Users\yys\Desktop\风机\wind-fault-detection-platform\datasets\wind_blade_defect\labels\train\corrosion_149.txt,C:\Users\yys\Desktop\风机\wind-fault-detection-platform\datasets\wind_blade_defect_v02_improve\images\train\oversample_corrosion_corrosion_149.jpg,C:\Users\yys\Desktop\风机\wind-fault-detection-platform\datasets\wind_blade_defect_v02_improve\labels\train\oversample_corrosion_corrosion_149.txt
corrosion_train_oversample,C:\Users\yys\Desktop\风机\wind-fault-detection-platform\datasets\wind_blade_defect\images\train\corrosion_150.jpg,C:\Users\yys\Desktop\风机\wind-fault-detection-platform\datasets\wind_blade_defect\labels\train\corrosion_150.txt,C:\Users\yys\Desktop\风机\wind-fault-detection-platform\datasets\wind_blade_defect_v02_improve\images\train\oversample_corrosion_corrosion_150.jpg,C:\Users\yys\Desktop\风机\wind-fault-detection-platform\datasets\wind_blade_defect_v02_improve\labels\train\oversample_corrosion_corrosion_150.txt
corrosion_train_oversample,C:\Users\yys\Desktop\风机\wind-fault-detection-platform\datasets\wind_blade_defect\images\train\corrosion_154.jpg,C:\Users\yys\Desktop\风机\wind-fault-detection-platform\datasets\wind_blade_defect\labels\train\corrosion_154.txt,C:\Users\yys\Desktop\风机\wind-fault-detection-platform\datasets\wind_blade_defect_v02_improve\images\train\oversample_corrosion_corrosion_154.jpg,C:\Users\yys\Desktop\风机\wind-fault-detection-platform\datasets\wind_blade_defect_v02_improve\labels\train\oversample_corrosion_corrosion_154.txt
corrosion_train_oversample,C:\Users\yys\Desktop\风机\wind-fault-detection-platform\datasets\wind_blade_defect\images\train\corrosion_155.jpg,C:\Users\yys\Desktop\风机\wind-fault-detection-platform\datasets\wind_blade_defect\labels\train\corrosion_155.txt,C:\Users\yys\Desktop\风机\wind-fault-detection-platform\datasets\wind_blade_defect_v02_improve\images\train\oversample_corrosion_corrosion_155.jpg,C:\Users\yys\Desktop\风机\wind-fault-detection-platform\datasets\wind_blade_defect_v02_improve\labels\train\oversample_corrosion_corrosion_155.txt
corrosion_train_oversample,C:\Users\yys\Desktop\风机\wind-fault-detection-platform\datasets\wind_blade_defect\images\train\corrosion_156.jpg,C:\Users\yys\Desktop\风机\wind-fault-detection-platform\datasets\wind_blade_defect\labels\train\corrosion_156.txt,C:\Users\yys\Desktop\风机\wind-fault-detection-platform\datasets\wind_blade_defect_v02_improve\images\train\oversample_corrosion_corrosion_156.jpg,C:\Users\yys\Desktop\风机\wind-fault-detection-platform\datasets\wind_blade_defect_v02_improve\labels\train\oversample_corrosion_corrosion_156.txt
corrosion_train_oversample,C:\Users\yys\Desktop\风机\wind-fault-detection-platform\datasets\wind_blade_defect\images\train\corrosion_158.jpg,C:\Users\yys\Desktop\风机\wind-fault-detection-platform\datasets\wind_blade_defect\labels\train\corrosion_158.txt,C:\Users\yys\Desktop\风机\wind-fault-detection-platform\datasets\wind_blade_defect_v02_improve\images\train\oversample_corrosion_corrosion_158.jpg,C:\Users\yys\Desktop\风机\wind-fault-detection-platform\datasets\wind_blade_defect_v02_improve\labels\train\oversample_corrosion_corrosion_158.txt
corrosion_train_oversample,C:\Users\yys\Desktop\风机\wind-fault-detection-platform\datasets\wind_blade_defect\images\train\corrosion_159.jpg,C:\Users\yys\Desktop\风机\wind-fault-detection-platform\datasets\wind_blade_defect\labels\train\corrosion_159.txt,C:\Users\yys\Desktop\风机\wind-fault-detection-platform\datasets\wind_blade_defect_v02_improve\images\train\oversample_corrosion_corrosion_159.jpg,C:\Users\yys\Desktop\风机\wind-fault-detection-platform\datasets\wind_blade_defect_v02_improve\labels\train\oversample_corrosion_corrosion_159.txt
corrosion_train_oversample,C:\Users\yys\Desktop\风机\wind-fault-detection-platform\datasets\wind_blade_defect\images\train\corrosion_161.jpg,C:\Users\yys\Desktop\风机\wind-fault-detection-platform\datasets\wind_blade_defect\labels\train\corrosion_161.txt,C:\Users\yys\Desktop\风机\wind-fault-detection-platform\datasets\wind_blade_defect_v02_improve\images\train\oversample_corrosion_corrosion_161.jpg,C:\Users\yys\Desktop\风机\wind-fault-detection-platform\datasets\wind_blade_defect_v02_improve\labels\train\oversample_corrosion_corrosion_161.txt
corrosion_train_oversample,C:\Users\yys\Desktop\风机\wind-fault-detection-platform\datasets\wind_blade_defect\images\train\corrosion_162.jpg,C:\Users\yys\Desktop\风机\wind-fault-detection-platform\datasets\wind_blade_defect\labels\train\corrosion_162.txt,C:\Users\yys\Desktop\风机\wind-fault-detection-platform\datasets\wind_blade_defect_v02_improve\images\train\oversample_corrosion_corrosion_162.jpg,C:\Users\yys\Desktop\风机\wind-fault-detection-platform\datasets\wind_blade_defect_v02_improve\labels\train\oversample_corrosion_corrosion_162.txt
corrosion_train_oversample,C:\Users\yys\Desktop\风机\wind-fault-detection-platform\datasets\wind_blade_defect\images\train\corrosion_163.jpg,C:\Users\yys\Desktop\风机\wind-fault-detection-platform\datasets\wind_blade_defect\labels\train\corrosion_163.txt,C:\Users\yys\Desktop\风机\wind-fault-detection-platform\datasets\wind_blade_defect_v02_improve\images\train\oversample_corrosion_corrosion_163.jpg,C:\Users\yys\Desktop\风机\wind-fault-detection-platform\datasets\wind_blade_defect_v02_improve\labels\train\oversample_corrosion_corrosion_163.txt
corrosion_train_oversample,C:\Users\yys\Desktop\风机\wind-fault-detection-platform\datasets\wind_blade_defect\images\train\corrosion_164.jpg,C:\Users\yys\Desktop\风机\wind-fault-detection-platform\datasets\wind_blade_defect\labels\train\corrosion_164.txt,C:\Users\yys\Desktop\风机\wind-fault-detection-platform\datasets\wind_blade_defect_v02_improve\images\train\oversample_corrosion_corrosion_164.jpg,C:\Users\yys\Desktop\风机\wind-fault-detection-platform\datasets\wind_blade_defect_v02_improve\labels\train\oversample_corrosion_corrosion_164.txt
corrosion_train_oversample,C:\Users\yys\Desktop\风机\wind-fault-detection-platform\datasets\wind_blade_defect\images\train\corrosion_165.jpg,C:\Users\yys\Desktop\风机\wind-fault-detection-platform\datasets\wind_blade_defect\labels\train\corrosion_165.txt,C:\Users\yys\Desktop\风机\wind-fault-detection-platform\datasets\wind_blade_defect_v02_improve\images\train\oversample_corrosion_corrosion_165.jpg,C:\Users\yys\Desktop\风机\wind-fault-detection-platform\datasets\wind_blade_defect_v02_improve\labels\train\oversample_corrosion_corrosion_165.txt
corrosion_train_oversample,C:\Users\yys\Desktop\风机\wind-fault-detection-platform\datasets\wind_blade_defect\images\train\corrosion_167.jpg,C:\Users\yys\Desktop\风机\wind-fault-detection-platform\datasets\wind_blade_defect\labels\train\corrosion_167.txt,C:\Users\yys\Desktop\风机\wind-fault-detection-platform\datasets\wind_blade_defect_v02_improve\images\train\oversample_corrosion_corrosion_167.jpg,C:\Users\yys\Desktop\风机\wind-fault-detection-platform\datasets\wind_blade_defect_v02_improve\labels\train\oversample_corrosion_corrosion_167.txt
corrosion_train_oversample,C:\Users\yys\Desktop\风机\wind-fault-detection-platform\datasets\wind_blade_defect\images\train\corrosion_171.jpg,C:\Users\yys\Desktop\风机\wind-fault-detection-platform\datasets\wind_blade_defect\labels\train\corrosion_171.txt,C:\Users\yys\Desktop\风机\wind-fault-detection-platform\datasets\wind_blade_defect_v02_improve\images\train\oversample_corrosion_corrosion_171.jpg,C:\Users\yys\Desktop\风机\wind-fault-detection-platform\datasets\wind_blade_defect_v02_improve\labels\train\oversample_corrosion_corrosion_171.txt
corrosion_train_oversample,C:\Users\yys\Desktop\风机\wind-fault-detection-platform\datasets\wind_blade_defect\images\train\corrosion_172.jpg,C:\Users\yys\Desktop\风机\wind-fault-detection-platform\datasets\wind_blade_defect\labels\train\corrosion_172.txt,C:\Users\yys\Desktop\风机\wind-fault-detection-platform\datasets\wind_blade_defect_v02_improve\images\train\oversample_corrosion_corrosion_172.jpg,C:\Users\yys\Desktop\风机\wind-fault-detection-platform\datasets\wind_blade_defect_v02_improve\labels\train\oversample_corrosion_corrosion_172.txt
corrosion_train_oversample,C:\Users\yys\Desktop\风机\wind-fault-detection-platform\datasets\wind_blade_defect\images\train\corrosion_173.jpg,C:\Users\yys\Desktop\风机\wind-fault-detection-platform\datasets\wind_blade_defect\labels\train\corrosion_173.txt,C:\Users\yys\Desktop\风机\wind-fault-detection-platform\datasets\wind_blade_defect_v02_improve\images\train\oversample_corrosion_corrosion_173.jpg,C:\Users\yys\Desktop\风机\wind-fault-detection-platform\datasets\wind_blade_defect_v02_improve\labels\train\oversample_corrosion_corrosion_173.txt
corrosion_train_oversample,C:\Users\yys\Desktop\风机\wind-fault-detection-platform\datasets\wind_blade_defect\images\train\corrosion_174.jpg,C:\Users\yys\Desktop\风机\wind-fault-detection-platform\datasets\wind_blade_defect\labels\train\corrosion_174.txt,C:\Users\yys\Desktop\风机\wind-fault-detection-platform\datasets\wind_blade_defect_v02_improve\images\train\oversample_corrosion_corrosion_174.jpg,C:\Users\yys\Desktop\风机\wind-fault-detection-platform\datasets\wind_blade_defect_v02_improve\labels\train\oversample_corrosion_corrosion_174.txt
corrosion_train_oversample,C:\Users\yys\Desktop\风机\wind-fault-detection-platform\datasets\wind_blade_defect\images\train\corrosion_177.jpg,C:\Users\yys\Desktop\风机\wind-fault-detection-platform\datasets\wind_blade_defect\labels\train\corrosion_177.txt,C:\Users\yys\Desktop\风机\wind-fault-detection-platform\datasets\wind_blade_defect_v02_improve\images\train\oversample_corrosion_corrosion_177.jpg,C:\Users\yys\Desktop\风机\wind-fault-detection-platform\datasets\wind_blade_defect_v02_improve\labels\train\oversample_corrosion_corrosion_177.txt
corrosion_train_oversample,C:\Users\yys\Desktop\风机\wind-fault-detection-platform\datasets\wind_blade_defect\images\train\corrosion_179.jpg,C:\Users\yys\Desktop\风机\wind-fault-detection-platform\datasets\wind_blade_defect\labels\train\corrosion_179.txt,C:\Users\yys\Desktop\风机\wind-fault-detection-platform\datasets\wind_blade_defect_v02_improve\images\train\oversample_corrosion_corrosion_179.jpg,C:\Users\yys\Desktop\风机\wind-fault-detection-platform\datasets\wind_blade_defect_v02_improve\labels\train\oversample_corrosion_corrosion_179.txt
corrosion_train_oversample,C:\Users\yys\Desktop\风机\wind-fault-detection-platform\datasets\wind_blade_defect\images\train\corrosion_180.jpg,C:\Users\yys\Desktop\风机\wind-fault-detection-platform\datasets\wind_blade_defect\labels\train\corrosion_180.txt,C:\Users\yys\Desktop\风机\wind-fault-detection-platform\datasets\wind_blade_defect_v02_improve\images\train\oversample_corrosion_corrosion_180.jpg,C:\Users\yys\Desktop\风机\wind-fault-detection-platform\datasets\wind_blade_defect_v02_improve\labels\train\oversample_corrosion_corrosion_180.txt
corrosion_train_oversample,C:\Users\yys\Desktop\风机\wind-fault-detection-platform\datasets\wind_blade_defect\images\train\corrosion_182.jpg,C:\Users\yys\Desktop\风机\wind-fault-detection-platform\datasets\wind_blade_defect\labels\train\corrosion_182.txt,C:\Users\yys\Desktop\风机\wind-fault-detection-platform\datasets\wind_blade_defect_v02_improve\images\train\oversample_corrosion_corrosion_182.jpg,C:\Users\yys\Desktop\风机\wind-fault-detection-platform\datasets\wind_blade_defect_v02_improve\labels\train\oversample_corrosion_corrosion_182.txt
corrosion_train_oversample,C:\Users\yys\Desktop\风机\wind-fault-detection-platform\datasets\wind_blade_defect\images\train\corrosion_183.jpg,C:\Users\yys\Desktop\风机\wind-fault-detection-platform\datasets\wind_blade_defect\labels\train\corrosion_183.txt,C:\Users\yys\Desktop\风机\wind-fault-detection-platform\datasets\wind_blade_defect_v02_improve\images\train\oversample_corrosion_corrosion_183.jpg,C:\Users\yys\Desktop\风机\wind-fault-detection-platform\datasets\wind_blade_defect_v02_improve\labels\train\oversample_corrosion_corrosion_183.txt
corrosion_train_oversample,C:\Users\yys\Desktop\风机\wind-fault-detection-platform\datasets\wind_blade_defect\images\train\corrosion_184.jpg,C:\Users\yys\Desktop\风机\wind-fault-detection-platform\datasets\wind_blade_defect\labels\train\corrosion_184.txt,C:\Users\yys\Desktop\风机\wind-fault-detection-platform\datasets\wind_blade_defect_v02_improve\images\train\oversample_corrosion_corrosion_184.jpg,C:\Users\yys\Desktop\风机\wind-fault-detection-platform\datasets\wind_blade_defect_v02_improve\labels\train\oversample_corrosion_corrosion_184.txt
corrosion_train_oversample,C:\Users\yys\Desktop\风机\wind-fault-detection-platform\datasets\wind_blade_defect\images\train\corrosion_185.jpg,C:\Users\yys\Desktop\风机\wind-fault-detection-platform\datasets\wind_blade_defect\labels\train\corrosion_185.txt,C:\Users\yys\Desktop\风机\wind-fault-detection-platform\datasets\wind_blade_defect_v02_improve\images\train\oversample_corrosion_corrosion_185.jpg,C:\Users\yys\Desktop\风机\wind-fault-detection-platform\datasets\wind_blade_defect_v02_improve\labels\train\oversample_corrosion_corrosion_185.txt
corrosion_train_oversample,C:\Users\yys\Desktop\风机\wind-fault-detection-platform\datasets\wind_blade_defect\images\train\corrosion_186.jpg,C:\Users\yys\Desktop\风机\wind-fault-detection-platform\datasets\wind_blade_defect\labels\train\corrosion_186.txt,C:\Users\yys\Desktop\风机\wind-fault-detection-platform\datasets\wind_blade_defect_v02_improve\images\train\oversample_corrosion_corrosion_186.jpg,C:\Users\yys\Desktop\风机\wind-fault-detection-platform\datasets\wind_blade_defect_v02_improve\labels\train\oversample_corrosion_corrosion_186.txt
corrosion_train_oversample,C:\Users\yys\Desktop\风机\wind-fault-detection-platform\datasets\wind_blade_defect\images\train\corrosion_187.jpg,C:\Users\yys\Desktop\风机\wind-fault-detection-platform\datasets\wind_blade_defect\labels\train\corrosion_187.txt,C:\Users\yys\Desktop\风机\wind-fault-detection-platform\datasets\wind_blade_defect_v02_improve\images\train\oversample_corrosion_corrosion_187.jpg,C:\Users\yys\Desktop\风机\wind-fault-detection-platform\datasets\wind_blade_defect_v02_improve\labels\train\oversample_corrosion_corrosion_187.txt
corrosion_train_oversample,C:\Users\yys\Desktop\风机\wind-fault-detection-platform\datasets\wind_blade_defect\images\train\corrosion_188.jpg,C:\Users\yys\Desktop\风机\wind-fault-detection-platform\datasets\wind_blade_defect\labels\train\corrosion_188.txt,C:\Users\yys\Desktop\风机\wind-fault-detection-platform\datasets\wind_blade_defect_v02_improve\images\train\oversample_corrosion_corrosion_188.jpg,C:\Users\yys\Desktop\风机\wind-fault-detection-platform\datasets\wind_blade_defect_v02_improve\labels\train\oversample_corrosion_corrosion_188.txt
corrosion_train_oversample,C:\Users\yys\Desktop\风机\wind-fault-detection-platform\datasets\wind_blade_defect\images\train\corrosion_189.jpg,C:\Users\yys\Desktop\风机\wind-fault-detection-platform\datasets\wind_blade_defect\labels\train\corrosion_189.txt,C:\Users\yys\Desktop\风机\wind-fault-detection-platform\datasets\wind_blade_defect_v02_improve\images\train\oversample_corrosion_corrosion_189.jpg,C:\Users\yys\Desktop\风机\wind-fault-detection-platform\datasets\wind_blade_defect_v02_improve\labels\train\oversample_corrosion_corrosion_189.txt
corrosion_train_oversample,C:\Users\yys\Desktop\风机\wind-fault-detection-platform\datasets\wind_blade_defect\images\train\corrosion_191.jpg,C:\Users\yys\Desktop\风机\wind-fault-detection-platform\datasets\wind_blade_defect\labels\train\corrosion_191.txt,C:\Users\yys\Desktop\风机\wind-fault-detection-platform\datasets\wind_blade_defect_v02_improve\images\train\oversample_corrosion_corrosion_191.jpg,C:\Users\yys\Desktop\风机\wind-fault-detection-platform\datasets\wind_blade_defect_v02_improve\labels\train\oversample_corrosion_corrosion_191.txt
corrosion_train_oversample,C:\Users\yys\Desktop\风机\wind-fault-detection-platform\datasets\wind_blade_defect\images\train\corrosion_192.jpg,C:\Users\yys\Desktop\风机\wind-fault-detection-platform\datasets\wind_blade_defect\labels\train\corrosion_192.txt,C:\Users\yys\Desktop\风机\wind-fault-detection-platform\datasets\wind_blade_defect_v02_improve\images\train\oversample_corrosion_corrosion_192.jpg,C:\Users\yys\Desktop\风机\wind-fault-detection-platform\datasets\wind_blade_defect_v02_improve\labels\train\oversample_corrosion_corrosion_192.txt
corrosion_train_oversample,C:\Users\yys\Desktop\风机\wind-fault-detection-platform\datasets\wind_blade_defect\images\train\corrosion_193.jpg,C:\Users\yys\Desktop\风机\wind-fault-detection-platform\datasets\wind_blade_defect\labels\train\corrosion_193.txt,C:\Users\yys\Desktop\风机\wind-fault-detection-platform\datasets\wind_blade_defect_v02_improve\images\train\oversample_corrosion_corrosion_193.jpg,C:\Users\yys\Desktop\风机\wind-fault-detection-platform\datasets\wind_blade_defect_v02_improve\labels\train\oversample_corrosion_corrosion_193.txt
corrosion_train_oversample,C:\Users\yys\Desktop\风机\wind-fault-detection-platform\datasets\wind_blade_defect\images\train\corrosion_195.jpg,C:\Users\yys\Desktop\风机\wind-fault-detection-platform\datasets\wind_blade_defect\labels\train\corrosion_195.txt,C:\Users\yys\Desktop\风机\wind-fault-detection-platform\datasets\wind_blade_defect_v02_improve\images\train\oversample_corrosion_corrosion_195.jpg,C:\Users\yys\Desktop\风机\wind-fault-detection-platform\datasets\wind_blade_defect_v02_improve\labels\train\oversample_corrosion_corrosion_195.txt
corrosion_train_oversample,C:\Users\yys\Desktop\风机\wind-fault-detection-platform\datasets\wind_blade_defect\images\train\corrosion_198.jpg,C:\Users\yys\Desktop\风机\wind-fault-detection-platform\datasets\wind_blade_defect\labels\train\corrosion_198.txt,C:\Users\yys\Desktop\风机\wind-fault-detection-platform\datasets\wind_blade_defect_v02_improve\images\train\oversample_corrosion_corrosion_198.jpg,C:\Users\yys\Desktop\风机\wind-fault-detection-platform\datasets\wind_blade_defect_v02_improve\labels\train\oversample_corrosion_corrosion_198.txt
corrosion_train_oversample,C:\Users\yys\Desktop\风机\wind-fault-detection-platform\datasets\wind_blade_defect\images\train\corrosion_200.jpg,C:\Users\yys\Desktop\风机\wind-fault-detection-platform\datasets\wind_blade_defect\labels\train\corrosion_200.txt,C:\Users\yys\Desktop\风机\wind-fault-detection-platform\datasets\wind_blade_defect_v02_improve\images\train\oversample_corrosion_corrosion_200.jpg,C:\Users\yys\Desktop\风机\wind-fault-detection-platform\datasets\wind_blade_defect_v02_improve\labels\train\oversample_corrosion_corrosion_200.txt
corrosion_train_oversample,C:\Users\yys\Desktop\风机\wind-fault-detection-platform\datasets\wind_blade_defect\images\train\corrosion_201.jpg,C:\Users\yys\Desktop\风机\wind-fault-detection-platform\datasets\wind_blade_defect\labels\train\corrosion_201.txt,C:\Users\yys\Desktop\风机\wind-fault-detection-platform\datasets\wind_blade_defect_v02_improve\images\train\oversample_corrosion_corrosion_201.jpg,C:\Users\yys\Desktop\风机\wind-fault-detection-platform\datasets\wind_blade_defect_v02_improve\labels\train\oversample_corrosion_corrosion_201.txt
corrosion_train_oversample,C:\Users\yys\Desktop\风机\wind-fault-detection-platform\datasets\wind_blade_defect\images\train\corrosion_203.jpg,C:\Users\yys\Desktop\风机\wind-fault-detection-platform\datasets\wind_blade_defect\labels\train\corrosion_203.txt,C:\Users\yys\Desktop\风机\wind-fault-detection-platform\datasets\wind_blade_defect_v02_improve\images\train\oversample_corrosion_corrosion_203.jpg,C:\Users\yys\Desktop\风机\wind-fault-detection-platform\datasets\wind_blade_defect_v02_improve\labels\train\oversample_corrosion_corrosion_203.txt
corrosion_train_oversample,C:\Users\yys\Desktop\风机\wind-fault-detection-platform\datasets\wind_blade_defect\images\train\corrosion_204.jpg,C:\Users\yys\Desktop\风机\wind-fault-detection-platform\datasets\wind_blade_defect\labels\train\corrosion_204.txt,C:\Users\yys\Desktop\风机\wind-fault-detection-platform\datasets\wind_blade_defect_v02_improve\images\train\oversample_corrosion_corrosion_204.jpg,C:\Users\yys\Desktop\风机\wind-fault-detection-platform\datasets\wind_blade_defect_v02_improve\labels\train\oversample_corrosion_corrosion_204.txt
corrosion_train_oversample,C:\Users\yys\Desktop\风机\wind-fault-detection-platform\datasets\wind_blade_defect\images\train\corrosion_205.jpg,C:\Users\yys\Desktop\风机\wind-fault-detection-platform\datasets\wind_blade_defect\labels\train\corrosion_205.txt,C:\Users\yys\Desktop\风机\wind-fault-detection-platform\datasets\wind_blade_defect_v02_improve\images\train\oversample_corrosion_corrosion_205.jpg,C:\Users\yys\Desktop\风机\wind-fault-detection-platform\datasets\wind_blade_defect_v02_improve\labels\train\oversample_corrosion_corrosion_205.txt
corrosion_train_oversample,C:\Users\yys\Desktop\风机\wind-fault-detection-platform\datasets\wind_blade_defect\images\train\corrosion_206.jpg,C:\Users\yys\Desktop\风机\wind-fault-detection-platform\datasets\wind_blade_defect\labels\train\corrosion_206.txt,C:\Users\yys\Desktop\风机\wind-fault-detection-platform\datasets\wind_blade_defect_v02_improve\images\train\oversample_corrosion_corrosion_206.jpg,C:\Users\yys\Desktop\风机\wind-fault-detection-platform\datasets\wind_blade_defect_v02_improve\labels\train\oversample_corrosion_corrosion_206.txt
corrosion_train_oversample,C:\Users\yys\Desktop\风机\wind-fault-detection-platform\datasets\wind_blade_defect\images\train\corrosion_209.jpg,C:\Users\yys\Desktop\风机\wind-fault-detection-platform\datasets\wind_blade_defect\labels\train\corrosion_209.txt,C:\Users\yys\Desktop\风机\wind-fault-detection-platform\datasets\wind_blade_defect_v02_improve\images\train\oversample_corrosion_corrosion_209.jpg,C:\Users\yys\Desktop\风机\wind-fault-detection-platform\datasets\wind_blade_defect_v02_improve\labels\train\oversample_corrosion_corrosion_209.txt
corrosion_train_oversample,C:\Users\yys\Desktop\风机\wind-fault-detection-platform\datasets\wind_blade_defect\images\train\corrosion_211.jpg,C:\Users\yys\Desktop\风机\wind-fault-detection-platform\datasets\wind_blade_defect\labels\train\corrosion_211.txt,C:\Users\yys\Desktop\风机\wind-fault-detection-platform\datasets\wind_blade_defect_v02_improve\images\train\oversample_corrosion_corrosion_211.jpg,C:\Users\yys\Desktop\风机\wind-fault-detection-platform\datasets\wind_blade_defect_v02_improve\labels\train\oversample_corrosion_corrosion_211.txt
corrosion_train_oversample,C:\Users\yys\Desktop\风机\wind-fault-detection-platform\datasets\wind_blade_defect\images\train\corrosion_213.jpg,C:\Users\yys\Desktop\风机\wind-fault-detection-platform\datasets\wind_blade_defect\labels\train\corrosion_213.txt,C:\Users\yys\Desktop\风机\wind-fault-detection-platform\datasets\wind_blade_defect_v02_improve\images\train\oversample_corrosion_corrosion_213.jpg,C:\Users\yys\Desktop\风机\wind-fault-detection-platform\datasets\wind_blade_defect_v02_improve\labels\train\oversample_corrosion_corrosion_213.txt
corrosion_train_oversample,C:\Users\yys\Desktop\风机\wind-fault-detection-platform\datasets\wind_blade_defect\images\train\corrosion_214.jpg,C:\Users\yys\Desktop\风机\wind-fault-detection-platform\datasets\wind_blade_defect\labels\train\corrosion_214.txt,C:\Users\yys\Desktop\风机\wind-fault-detection-platform\datasets\wind_blade_defect_v02_improve\images\train\oversample_corrosion_corrosion_214.jpg,C:\Users\yys\Desktop\风机\wind-fault-detection-platform\datasets\wind_blade_defect_v02_improve\labels\train\oversample_corrosion_corrosion_214.txt
corrosion_train_oversample,C:\Users\yys\Desktop\风机\wind-fault-detection-platform\datasets\wind_blade_defect\images\train\corrosion_215.jpg,C:\Users\yys\Desktop\风机\wind-fault-detection-platform\datasets\wind_blade_defect\labels\train\corrosion_215.txt,C:\Users\yys\Desktop\风机\wind-fault-detection-platform\datasets\wind_blade_defect_v02_improve\images\train\oversample_corrosion_corrosion_215.jpg,C:\Users\yys\Desktop\风机\wind-fault-detection-platform\datasets\wind_blade_defect_v02_improve\labels\train\oversample_corrosion_corrosion_215.txt
corrosion_train_oversample,C:\Users\yys\Desktop\风机\wind-fault-detection-platform\datasets\wind_blade_defect\images\train\corrosion_216.jpg,C:\Users\yys\Desktop\风机\wind-fault-detection-platform\datasets\wind_blade_defect\labels\train\corrosion_216.txt,C:\Users\yys\Desktop\风机\wind-fault-detection-platform\datasets\wind_blade_defect_v02_improve\images\train\oversample_corrosion_corrosion_216.jpg,C:\Users\yys\Desktop\风机\wind-fault-detection-platform\datasets\wind_blade_defect_v02_improve\labels\train\oversample_corrosion_corrosion_216.txt
corrosion_train_oversample,C:\Users\yys\Desktop\风机\wind-fault-detection-platform\datasets\wind_blade_defect\images\train\corrosion_217.jpg,C:\Users\yys\Desktop\风机\wind-fault-detection-platform\datasets\wind_blade_defect\labels\train\corrosion_217.txt,C:\Users\yys\Desktop\风机\wind-fault-detection-platform\datasets\wind_blade_defect_v02_improve\images\train\oversample_corrosion_corrosion_217.jpg,C:\Users\yys\Desktop\风机\wind-fault-detection-platform\datasets\wind_blade_defect_v02_improve\labels\train\oversample_corrosion_corrosion_217.txt
corrosion_train_oversample,C:\Users\yys\Desktop\风机\wind-fault-detection-platform\datasets\wind_blade_defect\images\train\corrosion_219.jpg,C:\Users\yys\Desktop\风机\wind-fault-detection-platform\datasets\wind_blade_defect\labels\train\corrosion_219.txt,C:\Users\yys\Desktop\风机\wind-fault-detection-platform\datasets\wind_blade_defect_v02_improve\images\train\oversample_corrosion_corrosion_219.jpg,C:\Users\yys\Desktop\风机\wind-fault-detection-platform\datasets\wind_blade_defect_v02_improve\labels\train\oversample_corrosion_corrosion_219.txt
corrosion_train_oversample,C:\Users\yys\Desktop\风机\wind-fault-detection-platform\datasets\wind_blade_defect\images\train\corrosion_220.jpg,C:\Users\yys\Desktop\风机\wind-fault-detection-platform\datasets\wind_blade_defect\labels\train\corrosion_220.txt,C:\Users\yys\Desktop\风机\wind-fault-detection-platform\datasets\wind_blade_defect_v02_improve\images\train\oversample_corrosion_corrosion_220.jpg,C:\Users\yys\Desktop\风机\wind-fault-detection-platform\datasets\wind_blade_defect_v02_improve\labels\train\oversample_corrosion_corrosion_220.txt
corrosion_train_oversample,C:\Users\yys\Desktop\风机\wind-fault-detection-platform\datasets\wind_blade_defect\images\train\corrosion_222.jpg,C:\Users\yys\Desktop\风机\wind-fault-detection-platform\datasets\wind_blade_defect\labels\train\corrosion_222.txt,C:\Users\yys\Desktop\风机\wind-fault-detection-platform\datasets\wind_blade_defect_v02_improve\images\train\oversample_corrosion_corrosion_222.jpg,C:\Users\yys\Desktop\风机\wind-fault-detection-platform\datasets\wind_blade_defect_v02_improve\labels\train\oversample_corrosion_corrosion_222.txt
corrosion_train_oversample,C:\Users\yys\Desktop\风机\wind-fault-detection-platform\datasets\wind_blade_defect\images\train\corrosion_224.jpg,C:\Users\yys\Desktop\风机\wind-fault-detection-platform\datasets\wind_blade_defect\labels\train\corrosion_224.txt,C:\Users\yys\Desktop\风机\wind-fault-detection-platform\datasets\wind_blade_defect_v02_improve\images\train\oversample_corrosion_corrosion_224.jpg,C:\Users\yys\Desktop\风机\wind-fault-detection-platform\datasets\wind_blade_defect_v02_improve\labels\train\oversample_corrosion_corrosion_224.txt
corrosion_train_oversample,C:\Users\yys\Desktop\风机\wind-fault-detection-platform\datasets\wind_blade_defect\images\train\corrosion_225.jpg,C:\Users\yys\Desktop\风机\wind-fault-detection-platform\datasets\wind_blade_defect\labels\train\corrosion_225.txt,C:\Users\yys\Desktop\风机\wind-fault-detection-platform\datasets\wind_blade_defect_v02_improve\images\train\oversample_corrosion_corrosion_225.jpg,C:\Users\yys\Desktop\风机\wind-fault-detection-platform\datasets\wind_blade_defect_v02_improve\labels\train\oversample_corrosion_corrosion_225.txt
corrosion_train_oversample,C:\Users\yys\Desktop\风机\wind-fault-detection-platform\datasets\wind_blade_defect\images\train\corrosion_227.jpg,C:\Users\yys\Desktop\风机\wind-fault-detection-platform\datasets\wind_blade_defect\labels\train\corrosion_227.txt,C:\Users\yys\Desktop\风机\wind-fault-detection-platform\datasets\wind_blade_defect_v02_improve\images\train\oversample_corrosion_corrosion_227.jpg,C:\Users\yys\Desktop\风机\wind-fault-detection-platform\datasets\wind_blade_defect_v02_improve\labels\train\oversample_corrosion_corrosion_227.txt
corrosion_train_oversample,C:\Users\yys\Desktop\风机\wind-fault-detection-platform\datasets\wind_blade_defect\images\train\corrosion_231.jpg,C:\Users\yys\Desktop\风机\wind-fault-detection-platform\datasets\wind_blade_defect\labels\train\corrosion_231.txt,C:\Users\yys\Desktop\风机\wind-fault-detection-platform\datasets\wind_blade_defect_v02_improve\images\train\oversample_corrosion_corrosion_231.jpg,C:\Users\yys\Desktop\风机\wind-fault-detection-platform\datasets\wind_blade_defect_v02_improve\labels\train\oversample_corrosion_corrosion_231.txt
corrosion_train_oversample,C:\Users\yys\Desktop\风机\wind-fault-detection-platform\datasets\wind_blade_defect\images\train\corrosion_232.jpg,C:\Users\yys\Desktop\风机\wind-fault-detection-platform\datasets\wind_blade_defect\labels\train\corrosion_232.txt,C:\Users\yys\Desktop\风机\wind-fault-detection-platform\datasets\wind_blade_defect_v02_improve\images\train\oversample_corrosion_corrosion_232.jpg,C:\Users\yys\Desktop\风机\wind-fault-detection-platform\datasets\wind_blade_defect_v02_improve\labels\train\oversample_corrosion_corrosion_232.txt
corrosion_train_oversample,C:\Users\yys\Desktop\风机\wind-fault-detection-platform\datasets\wind_blade_defect\images\train\corrosion_234.jpg,C:\Users\yys\Desktop\风机\wind-fault-detection-platform\datasets\wind_blade_defect\labels\train\corrosion_234.txt,C:\Users\yys\Desktop\风机\wind-fault-detection-platform\datasets\wind_blade_defect_v02_improve\images\train\oversample_corrosion_corrosion_234.jpg,C:\Users\yys\Desktop\风机\wind-fault-detection-platform\datasets\wind_blade_defect_v02_improve\labels\train\oversample_corrosion_corrosion_234.txt
corrosion_train_oversample,C:\Users\yys\Desktop\风机\wind-fault-detection-platform\datasets\wind_blade_defect\images\train\corrosion_236.jpg,C:\Users\yys\Desktop\风机\wind-fault-detection-platform\datasets\wind_blade_defect\labels\train\corrosion_236.txt,C:\Users\yys\Desktop\风机\wind-fault-detection-platform\datasets\wind_blade_defect_v02_improve\images\train\oversample_corrosion_corrosion_236.jpg,C:\Users\yys\Desktop\风机\wind-fault-detection-platform\datasets\wind_blade_defect_v02_improve\labels\train\oversample_corrosion_corrosion_236.txt
corrosion_train_oversample,C:\Users\yys\Desktop\风机\wind-fault-detection-platform\datasets\wind_blade_defect\images\train\corrosion_239.jpg,C:\Users\yys\Desktop\风机\wind-fault-detection-platform\datasets\wind_blade_defect\labels\train\corrosion_239.txt,C:\Users\yys\Desktop\风机\wind-fault-detection-platform\datasets\wind_blade_defect_v02_improve\images\train\oversample_corrosion_corrosion_239.jpg,C:\Users\yys\Desktop\风机\wind-fault-detection-platform\datasets\wind_blade_defect_v02_improve\labels\train\oversample_corrosion_corrosion_239.txt
corrosion_train_oversample,C:\Users\yys\Desktop\风机\wind-fault-detection-platform\datasets\wind_blade_defect\images\train\corrosion_240.jpg,C:\Users\yys\Desktop\风机\wind-fault-detection-platform\datasets\wind_blade_defect\labels\train\corrosion_240.txt,C:\Users\yys\Desktop\风机\wind-fault-detection-platform\datasets\wind_blade_defect_v02_improve\images\train\oversample_corrosion_corrosion_240.jpg,C:\Users\yys\Desktop\风机\wind-fault-detection-platform\datasets\wind_blade_defect_v02_improve\labels\train\oversample_corrosion_corrosion_240.txt
corrosion_train_oversample,C:\Users\yys\Desktop\风机\wind-fault-detection-platform\datasets\wind_blade_defect\images\train\corrosion_241.jpg,C:\Users\yys\Desktop\风机\wind-fault-detection-platform\datasets\wind_blade_defect\labels\train\corrosion_241.txt,C:\Users\yys\Desktop\风机\wind-fault-detection-platform\datasets\wind_blade_defect_v02_improve\images\train\oversample_corrosion_corrosion_241.jpg,C:\Users\yys\Desktop\风机\wind-fault-detection-platform\datasets\wind_blade_defect_v02_improve\labels\train\oversample_corrosion_corrosion_241.txt
corrosion_train_oversample,C:\Users\yys\Desktop\风机\wind-fault-detection-platform\datasets\wind_blade_defect\images\train\corrosion_242.jpg,C:\Users\yys\Desktop\风机\wind-fault-detection-platform\datasets\wind_blade_defect\labels\train\corrosion_242.txt,C:\Users\yys\Desktop\风机\wind-fault-detection-platform\datasets\wind_blade_defect_v02_improve\images\train\oversample_corrosion_corrosion_242.jpg,C:\Users\yys\Desktop\风机\wind-fault-detection-platform\datasets\wind_blade_defect_v02_improve\labels\train\oversample_corrosion_corrosion_242.txt
corrosion_train_oversample,C:\Users\yys\Desktop\风机\wind-fault-detection-platform\datasets\wind_blade_defect\images\train\corrosion_243.jpg,C:\Users\yys\Desktop\风机\wind-fault-detection-platform\datasets\wind_blade_defect\labels\train\corrosion_243.txt,C:\Users\yys\Desktop\风机\wind-fault-detection-platform\datasets\wind_blade_defect_v02_improve\images\train\oversample_corrosion_corrosion_243.jpg,C:\Users\yys\Desktop\风机\wind-fault-detection-platform\datasets\wind_blade_defect_v02_improve\labels\train\oversample_corrosion_corrosion_243.txt
corrosion_train_oversample,C:\Users\yys\Desktop\风机\wind-fault-detection-platform\datasets\wind_blade_defect\images\train\corrosion_245.jpg,C:\Users\yys\Desktop\风机\wind-fault-detection-platform\datasets\wind_blade_defect\labels\train\corrosion_245.txt,C:\Users\yys\Desktop\风机\wind-fault-detection-platform\datasets\wind_blade_defect_v02_improve\images\train\oversample_corrosion_corrosion_245.jpg,C:\Users\yys\Desktop\风机\wind-fault-detection-platform\datasets\wind_blade_defect_v02_improve\labels\train\oversample_corrosion_corrosion_245.txt
corrosion_train_oversample,C:\Users\yys\Desktop\风机\wind-fault-detection-platform\datasets\wind_blade_defect\images\train\corrosion_246.jpg,C:\Users\yys\Desktop\风机\wind-fault-detection-platform\datasets\wind_blade_defect\labels\train\corrosion_246.txt,C:\Users\yys\Desktop\风机\wind-fault-detection-platform\datasets\wind_blade_defect_v02_improve\images\train\oversample_corrosion_corrosion_246.jpg,C:\Users\yys\Desktop\风机\wind-fault-detection-platform\datasets\wind_blade_defect_v02_improve\labels\train\oversample_corrosion_corrosion_246.txt
corrosion_train_oversample,C:\Users\yys\Desktop\风机\wind-fault-detection-platform\datasets\wind_blade_defect\images\train\corrosion_247.jpg,C:\Users\yys\Desktop\风机\wind-fault-detection-platform\datasets\wind_blade_defect\labels\train\corrosion_247.txt,C:\Users\yys\Desktop\风机\wind-fault-detection-platform\datasets\wind_blade_defect_v02_improve\images\train\oversample_corrosion_corrosion_247.jpg,C:\Users\yys\Desktop\风机\wind-fault-detection-platform\datasets\wind_blade_defect_v02_improve\labels\train\oversample_corrosion_corrosion_247.txt
corrosion_train_oversample,C:\Users\yys\Desktop\风机\wind-fault-detection-platform\datasets\wind_blade_defect\images\train\corrosion_248.jpg,C:\Users\yys\Desktop\风机\wind-fault-detection-platform\datasets\wind_blade_defect\labels\train\corrosion_248.txt,C:\Users\yys\Desktop\风机\wind-fault-detection-platform\datasets\wind_blade_defect_v02_improve\images\train\oversample_corrosion_corrosion_248.jpg,C:\Users\yys\Desktop\风机\wind-fault-detection-platform\datasets\wind_blade_defect_v02_improve\labels\train\oversample_corrosion_corrosion_248.txt
corrosion_train_oversample,C:\Users\yys\Desktop\风机\wind-fault-detection-platform\datasets\wind_blade_defect\images\train\corrosion_250.jpg,C:\Users\yys\Desktop\风机\wind-fault-detection-platform\datasets\wind_blade_defect\labels\train\corrosion_250.txt,C:\Users\yys\Desktop\风机\wind-fault-detection-platform\datasets\wind_blade_defect_v02_improve\images\train\oversample_corrosion_corrosion_250.jpg,C:\Users\yys\Desktop\风机\wind-fault-detection-platform\datasets\wind_blade_defect_v02_improve\labels\train\oversample_corrosion_corrosion_250.txt
corrosion_train_oversample,C:\Users\yys\Desktop\风机\wind-fault-detection-platform\datasets\wind_blade_defect\images\train\corrosion_253.jpg,C:\Users\yys\Desktop\风机\wind-fault-detection-platform\datasets\wind_blade_defect\labels\train\corrosion_253.txt,C:\Users\yys\Desktop\风机\wind-fault-detection-platform\datasets\wind_blade_defect_v02_improve\images\train\oversample_corrosion_corrosion_253.jpg,C:\Users\yys\Desktop\风机\wind-fault-detection-platform\datasets\wind_blade_defect_v02_improve\labels\train\oversample_corrosion_corrosion_253.txt
corrosion_train_oversample,C:\Users\yys\Desktop\风机\wind-fault-detection-platform\datasets\wind_blade_defect\images\train\corrosion_254.jpg,C:\Users\yys\Desktop\风机\wind-fault-detection-platform\datasets\wind_blade_defect\labels\train\corrosion_254.txt,C:\Users\yys\Desktop\风机\wind-fault-detection-platform\datasets\wind_blade_defect_v02_improve\images\train\oversample_corrosion_corrosion_254.jpg,C:\Users\yys\Desktop\风机\wind-fault-detection-platform\datasets\wind_blade_defect_v02_improve\labels\train\oversample_corrosion_corrosion_254.txt
corrosion_train_oversample,C:\Users\yys\Desktop\风机\wind-fault-detection-platform\datasets\wind_blade_defect\images\train\corrosion_255.jpg,C:\Users\yys\Desktop\风机\wind-fault-detection-platform\datasets\wind_blade_defect\labels\train\corrosion_255.txt,C:\Users\yys\Desktop\风机\wind-fault-detection-platform\datasets\wind_blade_defect_v02_improve\images\train\oversample_corrosion_corrosion_255.jpg,C:\Users\yys\Desktop\风机\wind-fault-detection-platform\datasets\wind_blade_defect_v02_improve\labels\train\oversample_corrosion_corrosion_255.txt
corrosion_train_oversample,C:\Users\yys\Desktop\风机\wind-fault-detection-platform\datasets\wind_blade_defect\images\train\corrosion_42.jpg,C:\Users\yys\Desktop\风机\wind-fault-detection-platform\datasets\wind_blade_defect\labels\train\corrosion_42.txt,C:\Users\yys\Desktop\风机\wind-fault-detection-platform\datasets\wind_blade_defect_v02_improve\images\train\oversample_corrosion_corrosion_42.jpg,C:\Users\yys\Desktop\风机\wind-fault-detection-platform\datasets\wind_blade_defect_v02_improve\labels\train\oversample_corrosion_corrosion_42.txt
corrosion_train_oversample,C:\Users\yys\Desktop\风机\wind-fault-detection-platform\datasets\wind_blade_defect\images\train\corrosion_43.jpg,C:\Users\yys\Desktop\风机\wind-fault-detection-platform\datasets\wind_blade_defect\labels\train\corrosion_43.txt,C:\Users\yys\Desktop\风机\wind-fault-detection-platform\datasets\wind_blade_defect_v02_improve\images\train\oversample_corrosion_corrosion_43.jpg,C:\Users\yys\Desktop\风机\wind-fault-detection-platform\datasets\wind_blade_defect_v02_improve\labels\train\oversample_corrosion_corrosion_43.txt
corrosion_train_oversample,C:\Users\yys\Desktop\风机\wind-fault-detection-platform\datasets\wind_blade_defect\images\train\corrosion_44.jpg,C:\Users\yys\Desktop\风机\wind-fault-detection-platform\datasets\wind_blade_defect\labels\train\corrosion_44.txt,C:\Users\yys\Desktop\风机\wind-fault-detection-platform\datasets\wind_blade_defect_v02_improve\images\train\oversample_corrosion_corrosion_44.jpg,C:\Users\yys\Desktop\风机\wind-fault-detection-platform\datasets\wind_blade_defect_v02_improve\labels\train\oversample_corrosion_corrosion_44.txt
corrosion_train_oversample,C:\Users\yys\Desktop\风机\wind-fault-detection-platform\datasets\wind_blade_defect\images\train\corrosion_46.jpg,C:\Users\yys\Desktop\风机\wind-fault-detection-platform\datasets\wind_blade_defect\labels\train\corrosion_46.txt,C:\Users\yys\Desktop\风机\wind-fault-detection-platform\datasets\wind_blade_defect_v02_improve\images\train\oversample_corrosion_corrosion_46.jpg,C:\Users\yys\Desktop\风机\wind-fault-detection-platform\datasets\wind_blade_defect_v02_improve\labels\train\oversample_corrosion_corrosion_46.txt
corrosion_train_oversample,C:\Users\yys\Desktop\风机\wind-fault-detection-platform\datasets\wind_blade_defect\images\train\corrosion_47.jpg,C:\Users\yys\Desktop\风机\wind-fault-detection-platform\datasets\wind_blade_defect\labels\train\corrosion_47.txt,C:\Users\yys\Desktop\风机\wind-fault-detection-platform\datasets\wind_blade_defect_v02_improve\images\train\oversample_corrosion_corrosion_47.jpg,C:\Users\yys\Desktop\风机\wind-fault-detection-platform\datasets\wind_blade_defect_v02_improve\labels\train\oversample_corrosion_corrosion_47.txt
corrosion_train_oversample,C:\Users\yys\Desktop\风机\wind-fault-detection-platform\datasets\wind_blade_defect\images\train\corrosion_48.jpg,C:\Users\yys\Desktop\风机\wind-fault-detection-platform\datasets\wind_blade_defect\labels\train\corrosion_48.txt,C:\Users\yys\Desktop\风机\wind-fault-detection-platform\datasets\wind_blade_defect_v02_improve\images\train\oversample_corrosion_corrosion_48.jpg,C:\Users\yys\Desktop\风机\wind-fault-detection-platform\datasets\wind_blade_defect_v02_improve\labels\train\oversample_corrosion_corrosion_48.txt
corrosion_train_oversample,C:\Users\yys\Desktop\风机\wind-fault-detection-platform\datasets\wind_blade_defect\images\train\corrosion_49.jpg,C:\Users\yys\Desktop\风机\wind-fault-detection-platform\datasets\wind_blade_defect\labels\train\corrosion_49.txt,C:\Users\yys\Desktop\风机\wind-fault-detection-platform\datasets\wind_blade_defect_v02_improve\images\train\oversample_corrosion_corrosion_49.jpg,C:\Users\yys\Desktop\风机\wind-fault-detection-platform\datasets\wind_blade_defect_v02_improve\labels\train\oversample_corrosion_corrosion_49.txt
corrosion_train_oversample,C:\Users\yys\Desktop\风机\wind-fault-detection-platform\datasets\wind_blade_defect\images\train\corrosion_51.jpg,C:\Users\yys\Desktop\风机\wind-fault-detection-platform\datasets\wind_blade_defect\labels\train\corrosion_51.txt,C:\Users\yys\Desktop\风机\wind-fault-detection-platform\datasets\wind_blade_defect_v02_improve\images\train\oversample_corrosion_corrosion_51.jpg,C:\Users\yys\Desktop\风机\wind-fault-detection-platform\datasets\wind_blade_defect_v02_improve\labels\train\oversample_corrosion_corrosion_51.txt
corrosion_train_oversample,C:\Users\yys\Desktop\风机\wind-fault-detection-platform\datasets\wind_blade_defect\images\train\corrosion_53.jpg,C:\Users\yys\Desktop\风机\wind-fault-detection-platform\datasets\wind_blade_defect\labels\train\corrosion_53.txt,C:\Users\yys\Desktop\风机\wind-fault-detection-platform\datasets\wind_blade_defect_v02_improve\images\train\oversample_corrosion_corrosion_53.jpg,C:\Users\yys\Desktop\风机\wind-fault-detection-platform\datasets\wind_blade_defect_v02_improve\labels\train\oversample_corrosion_corrosion_53.txt
corrosion_train_oversample,C:\Users\yys\Desktop\风机\wind-fault-detection-platform\datasets\wind_blade_defect\images\train\corrosion_59.jpg,C:\Users\yys\Desktop\风机\wind-fault-detection-platform\datasets\wind_blade_defect\labels\train\corrosion_59.txt,C:\Users\yys\Desktop\风机\wind-fault-detection-platform\datasets\wind_blade_defect_v02_improve\images\train\oversample_corrosion_corrosion_59.jpg,C:\Users\yys\Desktop\风机\wind-fault-detection-platform\datasets\wind_blade_defect_v02_improve\labels\train\oversample_corrosion_corrosion_59.txt
corrosion_train_oversample,C:\Users\yys\Desktop\风机\wind-fault-detection-platform\datasets\wind_blade_defect\images\train\corrosion_61.jpg,C:\Users\yys\Desktop\风机\wind-fault-detection-platform\datasets\wind_blade_defect\labels\train\corrosion_61.txt,C:\Users\yys\Desktop\风机\wind-fault-detection-platform\datasets\wind_blade_defect_v02_improve\images\train\oversample_corrosion_corrosion_61.jpg,C:\Users\yys\Desktop\风机\wind-fault-detection-platform\datasets\wind_blade_defect_v02_improve\labels\train\oversample_corrosion_corrosion_61.txt
corrosion_train_oversample,C:\Users\yys\Desktop\风机\wind-fault-detection-platform\datasets\wind_blade_defect\images\train\corrosion_62.jpg,C:\Users\yys\Desktop\风机\wind-fault-detection-platform\datasets\wind_blade_defect\labels\train\corrosion_62.txt,C:\Users\yys\Desktop\风机\wind-fault-detection-platform\datasets\wind_blade_defect_v02_improve\images\train\oversample_corrosion_corrosion_62.jpg,C:\Users\yys\Desktop\风机\wind-fault-detection-platform\datasets\wind_blade_defect_v02_improve\labels\train\oversample_corrosion_corrosion_62.txt
corrosion_train_oversample,C:\Users\yys\Desktop\风机\wind-fault-detection-platform\datasets\wind_blade_defect\images\train\corrosion_63.jpg,C:\Users\yys\Desktop\风机\wind-fault-detection-platform\datasets\wind_blade_defect\labels\train\corrosion_63.txt,C:\Users\yys\Desktop\风机\wind-fault-detection-platform\datasets\wind_blade_defect_v02_improve\images\train\oversample_corrosion_corrosion_63.jpg,C:\Users\yys\Desktop\风机\wind-fault-detection-platform\datasets\wind_blade_defect_v02_improve\labels\train\oversample_corrosion_corrosion_63.txt
corrosion_train_oversample,C:\Users\yys\Desktop\风机\wind-fault-detection-platform\datasets\wind_blade_defect\images\train\corrosion_67.jpg,C:\Users\yys\Desktop\风机\wind-fault-detection-platform\datasets\wind_blade_defect\labels\train\corrosion_67.txt,C:\Users\yys\Desktop\风机\wind-fault-detection-platform\datasets\wind_blade_defect_v02_improve\images\train\oversample_corrosion_corrosion_67.jpg,C:\Users\yys\Desktop\风机\wind-fault-detection-platform\datasets\wind_blade_defect_v02_improve\labels\train\oversample_corrosion_corrosion_67.txt
corrosion_train_oversample,C:\Users\yys\Desktop\风机\wind-fault-detection-platform\datasets\wind_blade_defect\images\train\corrosion_68.jpg,C:\Users\yys\Desktop\风机\wind-fault-detection-platform\datasets\wind_blade_defect\labels\train\corrosion_68.txt,C:\Users\yys\Desktop\风机\wind-fault-detection-platform\datasets\wind_blade_defect_v02_improve\images\train\oversample_corrosion_corrosion_68.jpg,C:\Users\yys\Desktop\风机\wind-fault-detection-platform\datasets\wind_blade_defect_v02_improve\labels\train\oversample_corrosion_corrosion_68.txt
corrosion_train_oversample,C:\Users\yys\Desktop\风机\wind-fault-detection-platform\datasets\wind_blade_defect\images\train\corrosion_69.jpg,C:\Users\yys\Desktop\风机\wind-fault-detection-platform\datasets\wind_blade_defect\labels\train\corrosion_69.txt,C:\Users\yys\Desktop\风机\wind-fault-detection-platform\datasets\wind_blade_defect_v02_improve\images\train\oversample_corrosion_corrosion_69.jpg,C:\Users\yys\Desktop\风机\wind-fault-detection-platform\datasets\wind_blade_defect_v02_improve\labels\train\oversample_corrosion_corrosion_69.txt
corrosion_train_oversample,C:\Users\yys\Desktop\风机\wind-fault-detection-platform\datasets\wind_blade_defect\images\train\corrosion_70.jpg,C:\Users\yys\Desktop\风机\wind-fault-detection-platform\datasets\wind_blade_defect\labels\train\corrosion_70.txt,C:\Users\yys\Desktop\风机\wind-fault-detection-platform\datasets\wind_blade_defect_v02_improve\images\train\oversample_corrosion_corrosion_70.jpg,C:\Users\yys\Desktop\风机\wind-fault-detection-platform\datasets\wind_blade_defect_v02_improve\labels\train\oversample_corrosion_corrosion_70.txt
corrosion_train_oversample,C:\Users\yys\Desktop\风机\wind-fault-detection-platform\datasets\wind_blade_defect\images\train\corrosion_73.jpg,C:\Users\yys\Desktop\风机\wind-fault-detection-platform\datasets\wind_blade_defect\labels\train\corrosion_73.txt,C:\Users\yys\Desktop\风机\wind-fault-detection-platform\datasets\wind_blade_defect_v02_improve\images\train\oversample_corrosion_corrosion_73.jpg,C:\Users\yys\Desktop\风机\wind-fault-detection-platform\datasets\wind_blade_defect_v02_improve\labels\train\oversample_corrosion_corrosion_73.txt
corrosion_train_oversample,C:\Users\yys\Desktop\风机\wind-fault-detection-platform\datasets\wind_blade_defect\images\train\corrosion_75.jpg,C:\Users\yys\Desktop\风机\wind-fault-detection-platform\datasets\wind_blade_defect\labels\train\corrosion_75.txt,C:\Users\yys\Desktop\风机\wind-fault-detection-platform\datasets\wind_blade_defect_v02_improve\images\train\oversample_corrosion_corrosion_75.jpg,C:\Users\yys\Desktop\风机\wind-fault-detection-platform\datasets\wind_blade_defect_v02_improve\labels\train\oversample_corrosion_corrosion_75.txt
corrosion_train_oversample,C:\Users\yys\Desktop\风机\wind-fault-detection-platform\datasets\wind_blade_defect\images\train\corrosion_76.jpg,C:\Users\yys\Desktop\风机\wind-fault-detection-platform\datasets\wind_blade_defect\labels\train\corrosion_76.txt,C:\Users\yys\Desktop\风机\wind-fault-detection-platform\datasets\wind_blade_defect_v02_improve\images\train\oversample_corrosion_corrosion_76.jpg,C:\Users\yys\Desktop\风机\wind-fault-detection-platform\datasets\wind_blade_defect_v02_improve\labels\train\oversample_corrosion_corrosion_76.txt
corrosion_train_oversample,C:\Users\yys\Desktop\风机\wind-fault-detection-platform\datasets\wind_blade_defect\images\train\corrosion_78.jpg,C:\Users\yys\Desktop\风机\wind-fault-detection-platform\datasets\wind_blade_defect\labels\train\corrosion_78.txt,C:\Users\yys\Desktop\风机\wind-fault-detection-platform\datasets\wind_blade_defect_v02_improve\images\train\oversample_corrosion_corrosion_78.jpg,C:\Users\yys\Desktop\风机\wind-fault-detection-platform\datasets\wind_blade_defect_v02_improve\labels\train\oversample_corrosion_corrosion_78.txt
corrosion_train_oversample,C:\Users\yys\Desktop\风机\wind-fault-detection-platform\datasets\wind_blade_defect\images\train\corrosion_79.jpg,C:\Users\yys\Desktop\风机\wind-fault-detection-platform\datasets\wind_blade_defect\labels\train\corrosion_79.txt,C:\Users\yys\Desktop\风机\wind-fault-detection-platform\datasets\wind_blade_defect_v02_improve\images\train\oversample_corrosion_corrosion_79.jpg,C:\Users\yys\Desktop\风机\wind-fault-detection-platform\datasets\wind_blade_defect_v02_improve\labels\train\oversample_corrosion_corrosion_79.txt
corrosion_train_oversample,C:\Users\yys\Desktop\风机\wind-fault-detection-platform\datasets\wind_blade_defect\images\train\corrosion_80.jpg,C:\Users\yys\Desktop\风机\wind-fault-detection-platform\datasets\wind_blade_defect\labels\train\corrosion_80.txt,C:\Users\yys\Desktop\风机\wind-fault-detection-platform\datasets\wind_blade_defect_v02_improve\images\train\oversample_corrosion_corrosion_80.jpg,C:\Users\yys\Desktop\风机\wind-fault-detection-platform\datasets\wind_blade_defect_v02_improve\labels\train\oversample_corrosion_corrosion_80.txt
corrosion_train_oversample,C:\Users\yys\Desktop\风机\wind-fault-detection-platform\datasets\wind_blade_defect\images\train\corrosion_83.jpg,C:\Users\yys\Desktop\风机\wind-fault-detection-platform\datasets\wind_blade_defect\labels\train\corrosion_83.txt,C:\Users\yys\Desktop\风机\wind-fault-detection-platform\datasets\wind_blade_defect_v02_improve\images\train\oversample_corrosion_corrosion_83.jpg,C:\Users\yys\Desktop\风机\wind-fault-detection-platform\datasets\wind_blade_defect_v02_improve\labels\train\oversample_corrosion_corrosion_83.txt
corrosion_train_oversample,C:\Users\yys\Desktop\风机\wind-fault-detection-platform\datasets\wind_blade_defect\images\train\corrosion_84.jpg,C:\Users\yys\Desktop\风机\wind-fault-detection-platform\datasets\wind_blade_defect\labels\train\corrosion_84.txt,C:\Users\yys\Desktop\风机\wind-fault-detection-platform\datasets\wind_blade_defect_v02_improve\images\train\oversample_corrosion_corrosion_84.jpg,C:\Users\yys\Desktop\风机\wind-fault-detection-platform\datasets\wind_blade_defect_v02_improve\labels\train\oversample_corrosion_corrosion_84.txt
corrosion_train_oversample,C:\Users\yys\Desktop\风机\wind-fault-detection-platform\datasets\wind_blade_defect\images\train\corrosion_86.jpg,C:\Users\yys\Desktop\风机\wind-fault-detection-platform\datasets\wind_blade_defect\labels\train\corrosion_86.txt,C:\Users\yys\Desktop\风机\wind-fault-detection-platform\datasets\wind_blade_defect_v02_improve\images\train\oversample_corrosion_corrosion_86.jpg,C:\Users\yys\Desktop\风机\wind-fault-detection-platform\datasets\wind_blade_defect_v02_improve\labels\train\oversample_corrosion_corrosion_86.txt
corrosion_train_oversample,C:\Users\yys\Desktop\风机\wind-fault-detection-platform\datasets\wind_blade_defect\images\train\corrosion_87.jpg,C:\Users\yys\Desktop\风机\wind-fault-detection-platform\datasets\wind_blade_defect\labels\train\corrosion_87.txt,C:\Users\yys\Desktop\风机\wind-fault-detection-platform\datasets\wind_blade_defect_v02_improve\images\train\oversample_corrosion_corrosion_87.jpg,C:\Users\yys\Desktop\风机\wind-fault-detection-platform\datasets\wind_blade_defect_v02_improve\labels\train\oversample_corrosion_corrosion_87.txt
corrosion_train_oversample,C:\Users\yys\Desktop\风机\wind-fault-detection-platform\datasets\wind_blade_defect\images\train\corrosion_88.jpg,C:\Users\yys\Desktop\风机\wind-fault-detection-platform\datasets\wind_blade_defect\labels\train\corrosion_88.txt,C:\Users\yys\Desktop\风机\wind-fault-detection-platform\datasets\wind_blade_defect_v02_improve\images\train\oversample_corrosion_corrosion_88.jpg,C:\Users\yys\Desktop\风机\wind-fault-detection-platform\datasets\wind_blade_defect_v02_improve\labels\train\oversample_corrosion_corrosion_88.txt
corrosion_train_oversample,C:\Users\yys\Desktop\风机\wind-fault-detection-platform\datasets\wind_blade_defect\images\train\corrosion_89.jpg,C:\Users\yys\Desktop\风机\wind-fault-detection-platform\datasets\wind_blade_defect\labels\train\corrosion_89.txt,C:\Users\yys\Desktop\风机\wind-fault-detection-platform\datasets\wind_blade_defect_v02_improve\images\train\oversample_corrosion_corrosion_89.jpg,C:\Users\yys\Desktop\风机\wind-fault-detection-platform\datasets\wind_blade_defect_v02_improve\labels\train\oversample_corrosion_corrosion_89.txt
corrosion_train_oversample,C:\Users\yys\Desktop\风机\wind-fault-detection-platform\datasets\wind_blade_defect\images\train\corrosion_90.jpg,C:\Users\yys\Desktop\风机\wind-fault-detection-platform\datasets\wind_blade_defect\labels\train\corrosion_90.txt,C:\Users\yys\Desktop\风机\wind-fault-detection-platform\datasets\wind_blade_defect_v02_improve\images\train\oversample_corrosion_corrosion_90.jpg,C:\Users\yys\Desktop\风机\wind-fault-detection-platform\datasets\wind_blade_defect_v02_improve\labels\train\oversample_corrosion_corrosion_90.txt
corrosion_train_oversample,C:\Users\yys\Desktop\风机\wind-fault-detection-platform\datasets\wind_blade_defect\images\train\corrosion_92.jpg,C:\Users\yys\Desktop\风机\wind-fault-detection-platform\datasets\wind_blade_defect\labels\train\corrosion_92.txt,C:\Users\yys\Desktop\风机\wind-fault-detection-platform\datasets\wind_blade_defect_v02_improve\images\train\oversample_corrosion_corrosion_92.jpg,C:\Users\yys\Desktop\风机\wind-fault-detection-platform\datasets\wind_blade_defect_v02_improve\labels\train\oversample_corrosion_corrosion_92.txt
corrosion_train_oversample,C:\Users\yys\Desktop\风机\wind-fault-detection-platform\datasets\wind_blade_defect\images\train\corrosion_93.jpg,C:\Users\yys\Desktop\风机\wind-fault-detection-platform\datasets\wind_blade_defect\labels\train\corrosion_93.txt,C:\Users\yys\Desktop\风机\wind-fault-detection-platform\datasets\wind_blade_defect_v02_improve\images\train\oversample_corrosion_corrosion_93.jpg,C:\Users\yys\Desktop\风机\wind-fault-detection-platform\datasets\wind_blade_defect_v02_improve\labels\train\oversample_corrosion_corrosion_93.txt
corrosion_train_oversample,C:\Users\yys\Desktop\风机\wind-fault-detection-platform\datasets\wind_blade_defect\images\train\corrosion_94.jpg,C:\Users\yys\Desktop\风机\wind-fault-detection-platform\datasets\wind_blade_defect\labels\train\corrosion_94.txt,C:\Users\yys\Desktop\风机\wind-fault-detection-platform\datasets\wind_blade_defect_v02_improve\images\train\oversample_corrosion_corrosion_94.jpg,C:\Users\yys\Desktop\风机\wind-fault-detection-platform\datasets\wind_blade_defect_v02_improve\labels\train\oversample_corrosion_corrosion_94.txt
corrosion_train_oversample,C:\Users\yys\Desktop\风机\wind-fault-detection-platform\datasets\wind_blade_defect\images\train\corrosion_95.jpg,C:\Users\yys\Desktop\风机\wind-fault-detection-platform\datasets\wind_blade_defect\labels\train\corrosion_95.txt,C:\Users\yys\Desktop\风机\wind-fault-detection-platform\datasets\wind_blade_defect_v02_improve\images\train\oversample_corrosion_corrosion_95.jpg,C:\Users\yys\Desktop\风机\wind-fault-detection-platform\datasets\wind_blade_defect_v02_improve\labels\train\oversample_corrosion_corrosion_95.txt
corrosion_train_oversample,C:\Users\yys\Desktop\风机\wind-fault-detection-platform\datasets\wind_blade_defect\images\train\corrosion_97.jpg,C:\Users\yys\Desktop\风机\wind-fault-detection-platform\datasets\wind_blade_defect\labels\train\corrosion_97.txt,C:\Users\yys\Desktop\风机\wind-fault-detection-platform\datasets\wind_blade_defect_v02_improve\images\train\oversample_corrosion_corrosion_97.jpg,C:\Users\yys\Desktop\风机\wind-fault-detection-platform\datasets\wind_blade_defect_v02_improve\labels\train\oversample_corrosion_corrosion_97.txt
corrosion_train_oversample,C:\Users\yys\Desktop\风机\wind-fault-detection-platform\datasets\wind_blade_defect\images\train\corrosion_98.jpg,C:\Users\yys\Desktop\风机\wind-fault-detection-platform\datasets\wind_blade_defect\labels\train\corrosion_98.txt,C:\Users\yys\Desktop\风机\wind-fault-detection-platform\datasets\wind_blade_defect_v02_improve\images\train\oversample_corrosion_corrosion_98.jpg,C:\Users\yys\Desktop\风机\wind-fault-detection-platform\datasets\wind_blade_defect_v02_improve\labels\train\oversample_corrosion_corrosion_98.txt
corrosion_train_oversample,C:\Users\yys\Desktop\风机\wind-fault-detection-platform\datasets\wind_blade_defect\images\train\corrosion_99.jpg,C:\Users\yys\Desktop\风机\wind-fault-detection-platform\datasets\wind_blade_defect\labels\train\corrosion_99.txt,C:\Users\yys\Desktop\风机\wind-fault-detection-platform\datasets\wind_blade_defect_v02_improve\images\train\oversample_corrosion_corrosion_99.jpg,C:\Users\yys\Desktop\风机\wind-fault-detection-platform\datasets\wind_blade_defect_v02_improve\labels\train\oversample_corrosion_corrosion_99.txt
corrosion_train_oversample,C:\Users\yys\Desktop\风机\wind-fault-detection-platform\datasets\wind_blade_defect\images\train\hole_1024.jpg,C:\Users\yys\Desktop\风机\wind-fault-detection-platform\datasets\wind_blade_defect\labels\train\hole_1024.txt,C:\Users\yys\Desktop\风机\wind-fault-detection-platform\datasets\wind_blade_defect_v02_improve\images\train\oversample_corrosion_hole_1024.jpg,C:\Users\yys\Desktop\风机\wind-fault-detection-platform\datasets\wind_blade_defect_v02_improve\labels\train\oversample_corrosion_hole_1024.txt
corrosion_train_oversample,C:\Users\yys\Desktop\风机\wind-fault-detection-platform\datasets\wind_blade_defect\images\train\hole_154.jpg,C:\Users\yys\Desktop\风机\wind-fault-detection-platform\datasets\wind_blade_defect\labels\train\hole_154.txt,C:\Users\yys\Desktop\风机\wind-fault-detection-platform\datasets\wind_blade_defect_v02_improve\images\train\oversample_corrosion_hole_154.jpg,C:\Users\yys\Desktop\风机\wind-fault-detection-platform\datasets\wind_blade_defect_v02_improve\labels\train\oversample_corrosion_hole_154.txt
corrosion_train_oversample,C:\Users\yys\Desktop\风机\wind-fault-detection-platform\datasets\wind_blade_defect\images\train\hole_195.jpg,C:\Users\yys\Desktop\风机\wind-fault-detection-platform\datasets\wind_blade_defect\labels\train\hole_195.txt,C:\Users\yys\Desktop\风机\wind-fault-detection-platform\datasets\wind_blade_defect_v02_improve\images\train\oversample_corrosion_hole_195.jpg,C:\Users\yys\Desktop\风机\wind-fault-detection-platform\datasets\wind_blade_defect_v02_improve\labels\train\oversample_corrosion_hole_195.txt
corrosion_train_oversample,C:\Users\yys\Desktop\风机\wind-fault-detection-platform\datasets\wind_blade_defect\images\train\hole_482.jpg,C:\Users\yys\Desktop\风机\wind-fault-detection-platform\datasets\wind_blade_defect\labels\train\hole_482.txt,C:\Users\yys\Desktop\风机\wind-fault-detection-platform\datasets\wind_blade_defect_v02_improve\images\train\oversample_corrosion_hole_482.jpg,C:\Users\yys\Desktop\风机\wind-fault-detection-platform\datasets\wind_blade_defect_v02_improve\labels\train\oversample_corrosion_hole_482.txt
corrosion_train_oversample,C:\Users\yys\Desktop\风机\wind-fault-detection-platform\datasets\wind_blade_defect\images\train\hole_510.jpg,C:\Users\yys\Desktop\风机\wind-fault-detection-platform\datasets\wind_blade_defect\labels\train\hole_510.txt,C:\Users\yys\Desktop\风机\wind-fault-detection-platform\datasets\wind_blade_defect_v02_improve\images\train\oversample_corrosion_hole_510.jpg,C:\Users\yys\Desktop\风机\wind-fault-detection-platform\datasets\wind_blade_defect_v02_improve\labels\train\oversample_corrosion_hole_510.txt
corrosion_train_oversample,C:\Users\yys\Desktop\风机\wind-fault-detection-platform\datasets\wind_blade_defect\images\train\hole_697.jpg,C:\Users\yys\Desktop\风机\wind-fault-detection-platform\datasets\wind_blade_defect\labels\train\hole_697.txt,C:\Users\yys\Desktop\风机\wind-fault-detection-platform\datasets\wind_blade_defect_v02_improve\images\train\oversample_corrosion_hole_697.jpg,C:\Users\yys\Desktop\风机\wind-fault-detection-platform\datasets\wind_blade_defect_v02_improve\labels\train\oversample_corrosion_hole_697.txt
corrosion_train_oversample,C:\Users\yys\Desktop\风机\wind-fault-detection-platform\datasets\wind_blade_defect\images\train\spalling_1037.jpg,C:\Users\yys\Desktop\风机\wind-fault-detection-platform\datasets\wind_blade_defect\labels\train\spalling_1037.txt,C:\Users\yys\Desktop\风机\wind-fault-detection-platform\datasets\wind_blade_defect_v02_improve\images\train\oversample_corrosion_spalling_1037.jpg,C:\Users\yys\Desktop\风机\wind-fault-detection-platform\datasets\wind_blade_defect_v02_improve\labels\train\oversample_corrosion_spalling_1037.txt
corrosion_train_oversample,C:\Users\yys\Desktop\风机\wind-fault-detection-platform\datasets\wind_blade_defect\images\train\spalling_19.jpg,C:\Users\yys\Desktop\风机\wind-fault-detection-platform\datasets\wind_blade_defect\labels\train\spalling_19.txt,C:\Users\yys\Desktop\风机\wind-fault-detection-platform\datasets\wind_blade_defect_v02_improve\images\train\oversample_corrosion_spalling_19.jpg,C:\Users\yys\Desktop\风机\wind-fault-detection-platform\datasets\wind_blade_defect_v02_improve\labels\train\oversample_corrosion_spalling_19.txt
corrosion_train_oversample,C:\Users\yys\Desktop\风机\wind-fault-detection-platform\datasets\wind_blade_defect\images\train\spalling_23.jpg,C:\Users\yys\Desktop\风机\wind-fault-detection-platform\datasets\wind_blade_defect\labels\train\spalling_23.txt,C:\Users\yys\Desktop\风机\wind-fault-detection-platform\datasets\wind_blade_defect_v02_improve\images\train\oversample_corrosion_spalling_23.jpg,C:\Users\yys\Desktop\风机\wind-fault-detection-platform\datasets\wind_blade_defect_v02_improve\labels\train\oversample_corrosion_spalling_23.txt
corrosion_train_oversample,C:\Users\yys\Desktop\风机\wind-fault-detection-platform\datasets\wind_blade_defect\images\train\spalling_30.jpg,C:\Users\yys\Desktop\风机\wind-fault-detection-platform\datasets\wind_blade_defect\labels\train\spalling_30.txt,C:\Users\yys\Desktop\风机\wind-fault-detection-platform\datasets\wind_blade_defect_v02_improve\images\train\oversample_corrosion_spalling_30.jpg,C:\Users\yys\Desktop\风机\wind-fault-detection-platform\datasets\wind_blade_defect_v02_improve\labels\train\oversample_corrosion_spalling_30.txt
corrosion_train_oversample,C:\Users\yys\Desktop\风机\wind-fault-detection-platform\datasets\wind_blade_defect\images\train\spalling_368.jpg,C:\Users\yys\Desktop\风机\wind-fault-detection-platform\datasets\wind_blade_defect\labels\train\spalling_368.txt,C:\Users\yys\Desktop\风机\wind-fault-detection-platform\datasets\wind_blade_defect_v02_improve\images\train\oversample_corrosion_spalling_368.jpg,C:\Users\yys\Desktop\风机\wind-fault-detection-platform\datasets\wind_blade_defect_v02_improve\labels\train\oversample_corrosion_spalling_368.txt
corrosion_train_oversample,C:\Users\yys\Desktop\风机\wind-fault-detection-platform\datasets\wind_blade_defect\images\train\spalling_436.jpg,C:\Users\yys\Desktop\风机\wind-fault-detection-platform\datasets\wind_blade_defect\labels\train\spalling_436.txt,C:\Users\yys\Desktop\风机\wind-fault-detection-platform\datasets\wind_blade_defect_v02_improve\images\train\oversample_corrosion_spalling_436.jpg,C:\Users\yys\Desktop\风机\wind-fault-detection-platform\datasets\wind_blade_defect_v02_improve\labels\train\oversample_corrosion_spalling_436.txt
corrosion_train_oversample,C:\Users\yys\Desktop\风机\wind-fault-detection-platform\datasets\wind_blade_defect\images\train\spalling_61.jpg,C:\Users\yys\Desktop\风机\wind-fault-detection-platform\datasets\wind_blade_defect\labels\train\spalling_61.txt,C:\Users\yys\Desktop\风机\wind-fault-detection-platform\datasets\wind_blade_defect_v02_improve\images\train\oversample_corrosion_spalling_61.jpg,C:\Users\yys\Desktop\风机\wind-fault-detection-platform\datasets\wind_blade_defect_v02_improve\labels\train\oversample_corrosion_spalling_61.txt
corrosion_train_oversample,C:\Users\yys\Desktop\风机\wind-fault-detection-platform\datasets\wind_blade_defect\images\train\spalling_69.jpg,C:\Users\yys\Desktop\风机\wind-fault-detection-platform\datasets\wind_blade_defect\labels\train\spalling_69.txt,C:\Users\yys\Desktop\风机\wind-fault-detection-platform\datasets\wind_blade_defect_v02_improve\images\train\oversample_corrosion_spalling_69.jpg,C:\Users\yys\Desktop\风机\wind-fault-detection-platform\datasets\wind_blade_defect_v02_improve\labels\train\oversample_corrosion_spalling_69.txt
corrosion_train_oversample,C:\Users\yys\Desktop\风机\wind-fault-detection-platform\datasets\wind_blade_defect\images\train\spalling_706.jpg,C:\Users\yys\Desktop\风机\wind-fault-detection-platform\datasets\wind_blade_defect\labels\train\spalling_706.txt,C:\Users\yys\Desktop\风机\wind-fault-detection-platform\datasets\wind_blade_defect_v02_improve\images\train\oversample_corrosion_spalling_706.jpg,C:\Users\yys\Desktop\风机\wind-fault-detection-platform\datasets\wind_blade_defect_v02_improve\labels\train\oversample_corrosion_spalling_706.txt
corrosion_train_oversample,C:\Users\yys\Desktop\风机\wind-fault-detection-platform\datasets\wind_blade_defect\images\train\spalling_711.jpg,C:\Users\yys\Desktop\风机\wind-fault-detection-platform\datasets\wind_blade_defect\labels\train\spalling_711.txt,C:\Users\yys\Desktop\风机\wind-fault-detection-platform\datasets\wind_blade_defect_v02_improve\images\train\oversample_corrosion_spalling_711.jpg,C:\Users\yys\Desktop\风机\wind-fault-detection-platform\datasets\wind_blade_defect_v02_improve\labels\train\oversample_corrosion_spalling_711.txt
corrosion_train_oversample,C:\Users\yys\Desktop\风机\wind-fault-detection-platform\datasets\wind_blade_defect\images\train\spalling_8.jpg,C:\Users\yys\Desktop\风机\wind-fault-detection-platform\datasets\wind_blade_defect\labels\train\spalling_8.txt,C:\Users\yys\Desktop\风机\wind-fault-detection-platform\datasets\wind_blade_defect_v02_improve\images\train\oversample_corrosion_spalling_8.jpg,C:\Users\yys\Desktop\风机\wind-fault-detection-platform\datasets\wind_blade_defect_v02_improve\labels\train\oversample_corrosion_spalling_8.txt
corrosion_train_oversample,C:\Users\yys\Desktop\风机\wind-fault-detection-platform\datasets\wind_blade_defect\images\train\spalling_883.jpg,C:\Users\yys\Desktop\风机\wind-fault-detection-platform\datasets\wind_blade_defect\labels\train\spalling_883.txt,C:\Users\yys\Desktop\风机\wind-fault-detection-platform\datasets\wind_blade_defect_v02_improve\images\train\oversample_corrosion_spalling_883.jpg,C:\Users\yys\Desktop\风机\wind-fault-detection-platform\datasets\wind_blade_defect_v02_improve\labels\train\oversample_corrosion_spalling_883.txt
corrosion_train_oversample,C:\Users\yys\Desktop\风机\wind-fault-detection-platform\datasets\wind_blade_defect\images\train\spalling_905.jpg,C:\Users\yys\Desktop\风机\wind-fault-detection-platform\datasets\wind_blade_defect\labels\train\spalling_905.txt,C:\Users\yys\Desktop\风机\wind-fault-detection-platform\datasets\wind_blade_defect_v02_improve\images\train\oversample_corrosion_spalling_905.jpg,C:\Users\yys\Desktop\风机\wind-fault-detection-platform\datasets\wind_blade_defect_v02_improve\labels\train\oversample_corrosion_spalling_905.txt
corrosion_train_oversample,C:\Users\yys\Desktop\风机\wind-fault-detection-platform\datasets\wind_blade_defect\images\train\spalling_976.jpg,C:\Users\yys\Desktop\风机\wind-fault-detection-platform\datasets\wind_blade_defect\labels\train\spalling_976.txt,C:\Users\yys\Desktop\风机\wind-fault-detection-platform\datasets\wind_blade_defect_v02_improve\images\train\oversample_corrosion_spalling_976.jpg,C:\Users\yys\Desktop\风机\wind-fault-detection-platform\datasets\wind_blade_defect_v02_improve\labels\train\oversample_corrosion_spalling_976.txt
v02_still_missed_or_regressed,C:\Users\yys\Desktop\风机\wind-fault-detection-platform\datasets\wind_blade_defect\images\test\corrosion_166.jpg,C:\Users\yys\Desktop\风机\wind-fault-detection-platform\datasets\wind_blade_defect\labels\test\corrosion_166.txt,C:\Users\yys\Desktop\风机\wind-fault-detection-platform\datasets\wind_blade_defect_v02_improve\images\train\focus_v02_1_corrosion_166.jpg,C:\Users\yys\Desktop\风机\wind-fault-detection-platform\datasets\wind_blade_defect_v02_improve\labels\train\focus_v02_1_corrosion_166.txt
v02_still_missed_or_regressed,C:\Users\yys\Desktop\风机\wind-fault-detection-platform\datasets\wind_blade_defect\images\test\corrosion_166.jpg,C:\Users\yys\Desktop\风机\wind-fault-detection-platform\datasets\wind_blade_defect\labels\test\corrosion_166.txt,C:\Users\yys\Desktop\风机\wind-fault-detection-platform\datasets\wind_blade_defect_v02_improve\images\train\focus_v02_2_corrosion_166.jpg,C:\Users\yys\Desktop\风机\wind-fault-detection-platform\datasets\wind_blade_defect_v02_improve\labels\train\focus_v02_2_corrosion_166.txt
v02_still_missed_or_regressed,C:\Users\yys\Desktop\风机\wind-fault-detection-platform\datasets\wind_blade_defect\images\test\corrosion_166.jpg,C:\Users\yys\Desktop\风机\wind-fault-detection-platform\datasets\wind_blade_defect\labels\test\corrosion_166.txt,C:\Users\yys\Desktop\风机\wind-fault-detection-platform\datasets\wind_blade_defect_v02_improve\images\train\focus_v02_3_corrosion_166.jpg,C:\Users\yys\Desktop\风机\wind-fault-detection-platform\datasets\wind_blade_defect_v02_improve\labels\train\focus_v02_3_corrosion_166.txt
v02_still_missed_or_regressed,C:\Users\yys\Desktop\风机\wind-fault-detection-platform\datasets\wind_blade_defect\images\test\corrosion_66.jpg,C:\Users\yys\Desktop\风机\wind-fault-detection-platform\datasets\wind_blade_defect\labels\test\corrosion_66.txt,C:\Users\yys\Desktop\风机\wind-fault-detection-platform\datasets\wind_blade_defect_v02_improve\images\train\focus_v02_1_corrosion_66.jpg,C:\Users\yys\Desktop\风机\wind-fault-detection-platform\datasets\wind_blade_defect_v02_improve\labels\train\focus_v02_1_corrosion_66.txt
v02_still_missed_or_regressed,C:\Users\yys\Desktop\风机\wind-fault-detection-platform\datasets\wind_blade_defect\images\test\corrosion_66.jpg,C:\Users\yys\Desktop\风机\wind-fault-detection-platform\datasets\wind_blade_defect\labels\test\corrosion_66.txt,C:\Users\yys\Desktop\风机\wind-fault-detection-platform\datasets\wind_blade_defect_v02_improve\images\train\focus_v02_2_corrosion_66.jpg,C:\Users\yys\Desktop\风机\wind-fault-detection-platform\datasets\wind_blade_defect_v02_improve\labels\train\focus_v02_2_corrosion_66.txt
v02_still_missed_or_regressed,C:\Users\yys\Desktop\风机\wind-fault-detection-platform\datasets\wind_blade_defect\images\test\corrosion_66.jpg,C:\Users\yys\Desktop\风机\wind-fault-detection-platform\datasets\wind_blade_defect\labels\test\corrosion_66.txt,C:\Users\yys\Desktop\风机\wind-fault-detection-platform\datasets\wind_blade_defect_v02_improve\images\train\focus_v02_3_corrosion_66.jpg,C:\Users\yys\Desktop\风机\wind-fault-detection-platform\datasets\wind_blade_defect_v02_improve\labels\train\focus_v02_3_corrosion_66.txt
v02_still_missed_or_regressed,C:\Users\yys\Desktop\风机\wind-fault-detection-platform\datasets\wind_blade_defect\images\test\crack_68.jpg,C:\Users\yys\Desktop\风机\wind-fault-detection-platform\datasets\wind_blade_defect\labels\test\crack_68.txt,C:\Users\yys\Desktop\风机\wind-fault-detection-platform\datasets\wind_blade_defect_v02_improve\images\train\focus_v02_1_crack_68.jpg,C:\Users\yys\Desktop\风机\wind-fault-detection-platform\datasets\wind_blade_defect_v02_improve\labels\train\focus_v02_1_crack_68.txt
v02_still_missed_or_regressed,C:\Users\yys\Desktop\风机\wind-fault-detection-platform\datasets\wind_blade_defect\images\test\crack_68.jpg,C:\Users\yys\Desktop\风机\wind-fault-detection-platform\datasets\wind_blade_defect\labels\test\crack_68.txt,C:\Users\yys\Desktop\风机\wind-fault-detection-platform\datasets\wind_blade_defect_v02_improve\images\train\focus_v02_2_crack_68.jpg,C:\Users\yys\Desktop\风机\wind-fault-detection-platform\datasets\wind_blade_defect_v02_improve\labels\train\focus_v02_2_crack_68.txt
v02_still_missed_or_regressed,C:\Users\yys\Desktop\风机\wind-fault-detection-platform\datasets\wind_blade_defect\images\test\crack_68.jpg,C:\Users\yys\Desktop\风机\wind-fault-detection-platform\datasets\wind_blade_defect\labels\test\crack_68.txt,C:\Users\yys\Desktop\风机\wind-fault-detection-platform\datasets\wind_blade_defect_v02_improve\images\train\focus_v02_3_crack_68.jpg,C:\Users\yys\Desktop\风机\wind-fault-detection-platform\datasets\wind_blade_defect_v02_improve\labels\train\focus_v02_3_crack_68.txt
