candidate_id,split,class_id,class_name,score,selection_reason,source_image,source_label,label_line,image_width,image_height,bbox_x1,bbox_y1,bbox_x2,bbox_y2,crop_x1,crop_y1,crop_x2,crop_y2,area_ratio,aspect_ratio,crop_path,rect_mask_path,pseudo_mask_path,overlay_path,review_status,review_notes
00001_crack_hardcase_missed_crack_533_l2,train,0,crack,14.00,priority_class;small_target;thin_or_long_crack;source_missed,C:\Users\yys\Desktop\风机\wind-fault-detection-platform\datasets\wind_blade_defect_v05_conservative\images\train\hardcase_missed_crack_533.jpg,C:\Users\yys\Desktop\风机\wind-fault-detection-platform\datasets\wind_blade_defect_v05_conservative\labels\train\hardcase_missed_crack_533.txt,2,512,512,53,387,71,511,14,344,110,512,0.00851436,6.8890,datasets\msf_shape_mask_candidates\crops\crack\00001_crack_hardcase_missed_crack_533_l2.jpg,datasets\msf_shape_mask_candidates\masks_rect\crack\00001_crack_hardcase_missed_crack_533_l2.png,datasets\msf_shape_mask_candidates\masks_grabcut\crack\00001_crack_hardcase_missed_crack_533_l2.png,datasets\msf_shape_mask_candidates\overlays\crack\00001_crack_hardcase_missed_crack_533_l2.jpg,pending,
00002_crack_hardcase_missed_crack_68_l1,train,0,crack,14.00,priority_class;small_target;thin_or_long_crack;source_missed,C:\Users\yys\Desktop\风机\wind-fault-detection-platform\datasets\wind_blade_defect_v05_conservative\images\train\hardcase_missed_crack_68.jpg,C:\Users\yys\Desktop\风机\wind-fault-detection-platform\datasets\wind_blade_defect_v05_conservative\labels\train\hardcase_missed_crack_68.txt,1,333,679,160,566,177,678,121,527,216,679,0.00842076,3.2310,datasets\msf_shape_mask_candidates\crops\crack\00002_crack_hardcase_missed_crack_68_l1.jpg,datasets\msf_shape_mask_candidates\masks_rect\crack\00002_crack_hardcase_missed_crack_68_l1.png,datasets\msf_shape_mask_candidates\masks_grabcut\crack\00002_crack_hardcase_missed_crack_68_l1.png,datasets\msf_shape_mask_candidates\overlays\crack\00002_crack_hardcase_missed_crack_68_l1.jpg,pending,
00003_crack_v03_missed_sample_crack_533_l2,train,0,crack,14.00,priority_class;small_target;thin_or_long_crack;source_missed,C:\Users\yys\Desktop\风机\wind-fault-detection-platform\datasets\wind_blade_defect_v05_conservative\images\train\v03_missed_sample_crack_533.jpg,C:\Users\yys\Desktop\风机\wind-fault-detection-platform\datasets\wind_blade_defect_v05_conservative\labels\train\v03_missed_sample_crack_533.txt,2,512,512,53,387,71,511,14,344,110,512,0.00851436,6.8890,datasets\msf_shape_mask_candidates\crops\crack\00003_crack_v03_missed_sample_crack_533_l2.jpg,datasets\msf_shape_mask_candidates\masks_rect\crack\00003_crack_v03_missed_sample_crack_533_l2.png,datasets\msf_shape_mask_candidates\masks_grabcut\crack\00003_crack_v03_missed_sample_crack_533_l2.png,datasets\msf_shape_mask_candidates\overlays\crack\00003_crack_v03_missed_sample_crack_533_l2.jpg,pending,
00004_crack_v03_missed_sample_crack_68_l1,train,0,crack,14.00,priority_class;small_target;thin_or_long_crack;source_missed,C:\Users\yys\Desktop\风机\wind-fault-detection-platform\datasets\wind_blade_defect_v05_conservative\images\train\v03_missed_sample_crack_68.jpg,C:\Users\yys\Desktop\风机\wind-fault-detection-platform\datasets\wind_blade_defect_v05_conservative\labels\train\v03_missed_sample_crack_68.txt,1,333,679,160,566,177,678,121,527,216,679,0.00842076,3.2310,datasets\msf_shape_mask_candidates\crops\crack\00004_crack_v03_missed_sample_crack_68_l1.jpg,datasets\msf_shape_mask_candidates\masks_rect\crack\00004_crack_v03_missed_sample_crack_68_l1.png,datasets\msf_shape_mask_candidates\masks_grabcut\crack\00004_crack_v03_missed_sample_crack_68_l1.png,datasets\msf_shape_mask_candidates\overlays\crack\00004_crack_v03_missed_sample_crack_68_l1.jpg,pending,
00005_crack_v03_small_r1_hardcase_missed_crack_533_l2,train,0,crack,14.00,priority_class;small_target;thin_or_long_crack;source_missed,C:\Users\yys\Desktop\风机\wind-fault-detection-platform\datasets\wind_blade_defect_v05_conservative\images\train\v03_small_r1_hardcase_missed_crack_533.jpg,C:\Users\yys\Desktop\风机\wind-fault-detection-platform\datasets\wind_blade_defect_v05_conservative\labels\train\v03_small_r1_hardcase_missed_crack_533.txt,2,512,512,53,387,71,511,14,344,110,512,0.00851436,6.8890,datasets\msf_shape_mask_candidates\crops\crack\00005_crack_v03_small_r1_hardcase_missed_crack_533_l2.jpg,datasets\msf_shape_mask_candidates\masks_rect\crack\00005_crack_v03_small_r1_hardcase_missed_crack_533_l2.png,datasets\msf_shape_mask_candidates\masks_grabcut\crack\00005_crack_v03_small_r1_hardcase_missed_crack_533_l2.png,datasets\msf_shape_mask_candidates\overlays\crack\00005_crack_v03_small_r1_hardcase_missed_crack_533_l2.jpg,pending,
00006_crack_v03_small_r1_hardcase_missed_crack_68_l1,train,0,crack,14.00,priority_class;small_target;thin_or_long_crack;source_missed,C:\Users\yys\Desktop\风机\wind-fault-detection-platform\datasets\wind_blade_defect_v05_conservative\images\train\v03_small_r1_hardcase_missed_crack_68.jpg,C:\Users\yys\Desktop\风机\wind-fault-detection-platform\datasets\wind_blade_defect_v05_conservative\labels\train\v03_small_r1_hardcase_missed_crack_68.txt,1,333,679,160,566,177,678,121,527,216,679,0.00842076,3.2310,datasets\msf_shape_mask_candidates\crops\crack\00006_crack_v03_small_r1_hardcase_missed_crack_68_l1.jpg,datasets\msf_shape_mask_candidates\masks_rect\crack\00006_crack_v03_small_r1_hardcase_missed_crack_68_l1.png,datasets\msf_shape_mask_candidates\masks_grabcut\crack\00006_crack_v03_small_r1_hardcase_missed_crack_68_l1.png,datasets\msf_shape_mask_candidates\overlays\crack\00006_crack_v03_small_r1_hardcase_missed_crack_68_l1.jpg,pending,
00007_corrosion_hardcase_missed_corrosion_160_l2,train,3,corrosion,12.00,priority_class;small_target;spread_corrosion_shape;source_missed,C:\Users\yys\Desktop\风机\wind-fault-detection-platform\datasets\wind_blade_defect_v05_conservative\images\train\hardcase_missed_corrosion_160.jpg,C:\Users\yys\Desktop\风机\wind-fault-detection-platform\datasets\wind_blade_defect_v05_conservative\labels\train\hardcase_missed_corrosion_160.txt,2,512,512,489,67,511,163,452,33,512,197,0.00805669,4.3636,datasets\msf_shape_mask_candidates\crops\corrosion\00007_corrosion_hardcase_missed_corrosion_160_l2.jpg,datasets\msf_shape_mask_candidates\masks_rect\corrosion\00007_corrosion_hardcase_missed_corrosion_160_l2.png,datasets\msf_shape_mask_candidates\masks_grabcut\corrosion\00007_corrosion_hardcase_missed_corrosion_160_l2.png,datasets\msf_shape_mask_candidates\overlays\corrosion\00007_corrosion_hardcase_missed_corrosion_160_l2.jpg,pending,
00008_corrosion_hardcase_missed_corrosion_166_l1,train,3,corrosion,12.00,priority_class;small_target;spread_corrosion_shape;source_missed,C:\Users\yys\Desktop\风机\wind-fault-detection-platform\datasets\wind_blade_defect_v05_conservative\images\train\hardcase_missed_corrosion_166.jpg,C:\Users\yys\Desktop\风机\wind-fault-detection-platform\datasets\wind_blade_defect_v05_conservative\labels\train\hardcase_missed_corrosion_166.txt,1,512,512,0,0,8,285,0,0,52,385,0.00869752,35.6250,datasets\msf_shape_mask_candidates\crops\corrosion\00008_corrosion_hardcase_missed_corrosion_166_l1.jpg,datasets\msf_shape_mask_candidates\masks_rect\corrosion\00008_corrosion_hardcase_missed_corrosion_166_l1.png,datasets\msf_shape_mask_candidates\masks_grabcut\corrosion\00008_corrosion_hardcase_missed_corrosion_166_l1.png,datasets\msf_shape_mask_candidates\overlays\corrosion\00008_corrosion_hardcase_missed_corrosion_166_l1.jpg,pending,
00009_corrosion_hardcase_missed_corrosion_176_l2,train,3,corrosion,12.00,priority_class;small_target;spread_corrosion_shape;source_missed,C:\Users\yys\Desktop\风机\wind-fault-detection-platform\datasets\wind_blade_defect_v05_conservative\images\train\hardcase_missed_corrosion_176.jpg,C:\Users\yys\Desktop\风机\wind-fault-detection-platform\datasets\wind_blade_defect_v05_conservative\labels\train\hardcase_missed_corrosion_176.txt,2,512,512,98,491,146,511,74,453,170,512,0.00366206,2.4000,datasets\msf_shape_mask_candidates\crops\corrosion\00009_corrosion_hardcase_missed_corrosion_176_l2.jpg,datasets\msf_shape_mask_candidates\masks_rect\corrosion\00009_corrosion_hardcase_missed_corrosion_176_l2.png,datasets\msf_shape_mask_candidates\masks_grabcut\corrosion\00009_corrosion_hardcase_missed_corrosion_176_l2.png,datasets\msf_shape_mask_candidates\overlays\corrosion\00009_corrosion_hardcase_missed_corrosion_176_l2.jpg,pending,
00010_corrosion_hardcase_missed_corrosion_196_l2,train,3,corrosion,12.00,priority_class;small_target;spread_corrosion_shape;source_missed,C:\Users\yys\Desktop\风机\wind-fault-detection-platform\datasets\wind_blade_defect_v05_conservative\images\train\hardcase_missed_corrosion_196.jpg,C:\Users\yys\Desktop\风机\wind-fault-detection-platform\datasets\wind_blade_defect_v05_conservative\labels\train\hardcase_missed_corrosion_196.txt,2,512,512,500,79,511,116,458,50,512,145,0.00155256,3.3637,datasets\msf_shape_mask_candidates\crops\corrosion\00010_corrosion_hardcase_missed_corrosion_196_l2.jpg,datasets\msf_shape_mask_candidates\masks_rect\corrosion\00010_corrosion_hardcase_missed_corrosion_196_l2.png,datasets\msf_shape_mask_candidates\masks_grabcut\corrosion\00010_corrosion_hardcase_missed_corrosion_196_l2.png,datasets\msf_shape_mask_candidates\overlays\corrosion\00010_corrosion_hardcase_missed_corrosion_196_l2.jpg,pending,
00011_corrosion_hardcase_missed_corrosion_196_l3,train,3,corrosion,12.00,priority_class;small_target;spread_corrosion_shape;source_missed,C:\Users\yys\Desktop\风机\wind-fault-detection-platform\datasets\wind_blade_defect_v05_conservative\images\train\hardcase_missed_corrosion_196.jpg,C:\Users\yys\Desktop\风机\wind-fault-detection-platform\datasets\wind_blade_defect_v05_conservative\labels\train\hardcase_missed_corrosion_196.txt,3,512,512,502,273,511,298,459,238,512,333,0.00085830,2.7778,datasets\msf_shape_mask_candidates\crops\corrosion\00011_corrosion_hardcase_missed_corrosion_196_l3.jpg,datasets\msf_shape_mask_candidates\masks_rect\corrosion\00011_corrosion_hardcase_missed_corrosion_196_l3.png,datasets\msf_shape_mask_candidates\masks_grabcut\corrosion\00011_corrosion_hardcase_missed_corrosion_196_l3.png,datasets\msf_shape_mask_candidates\overlays\corrosion\00011_corrosion_hardcase_missed_corrosion_196_l3.jpg,pending,
00012_corrosion_hardcase_missed_corrosion_197_l2,train,3,corrosion,12.00,priority_class;small_target;spread_corrosion_shape;source_missed,C:\Users\yys\Desktop\风机\wind-fault-detection-platform\datasets\wind_blade_defect_v05_conservative\images\train\hardcase_missed_corrosion_197.jpg,C:\Users\yys\Desktop\风机\wind-fault-detection-platform\datasets\wind_blade_defect_v05_conservative\labels\train\hardcase_missed_corrosion_197.txt,2,512,512,0,183,7,312,0,138,51,357,0.00344470,18.4284,datasets\msf_shape_mask_candidates\crops\corrosion\00012_corrosion_hardcase_missed_corrosion_197_l2.jpg,datasets\msf_shape_mask_candidates\masks_rect\corrosion\00012_corrosion_hardcase_missed_corrosion_197_l2.png,datasets\msf_shape_mask_candidates\masks_grabcut\corrosion\00012_corrosion_hardcase_missed_corrosion_197_l2.png,datasets\msf_shape_mask_candidates\overlays\corrosion\00012_corrosion_hardcase_missed_corrosion_197_l2.jpg,pending,
00013_corrosion_hardcase_missed_corrosion_218_l1,train,3,corrosion,12.00,priority_class;small_target;spread_corrosion_shape;source_missed,C:\Users\yys\Desktop\风机\wind-fault-detection-platform\datasets\wind_blade_defect_v05_conservative\images\train\hardcase_missed_corrosion_218.jpg,C:\Users\yys\Desktop\风机\wind-fault-detection-platform\datasets\wind_blade_defect_v05_conservative\labels\train\hardcase_missed_corrosion_218.txt,1,512,512,446,81,471,158,411,54,506,185,0.00734329,3.0800,datasets\msf_shape_mask_candidates\crops\corrosion\00013_corrosion_hardcase_missed_corrosion_218_l1.jpg,datasets\msf_shape_mask_candidates\masks_rect\corrosion\00013_corrosion_hardcase_missed_corrosion_218_l1.png,datasets\msf_shape_mask_candidates\masks_grabcut\corrosion\00013_corrosion_hardcase_missed_corrosion_218_l1.png,datasets\msf_shape_mask_candidates\overlays\corrosion\00013_corrosion_hardcase_missed_corrosion_218_l1.jpg,pending,
00014_corrosion_hardcase_missed_corrosion_218_l2,train,3,corrosion,12.00,priority_class;small_target;spread_corrosion_shape;source_missed,C:\Users\yys\Desktop\风机\wind-fault-detection-platform\datasets\wind_blade_defect_v05_conservative\images\train\hardcase_missed_corrosion_218.jpg,C:\Users\yys\Desktop\风机\wind-fault-detection-platform\datasets\wind_blade_defect_v05_conservative\labels\train\hardcase_missed_corrosion_218.txt,2,512,512,447,236,471,313,411,209,507,340,0.00704958,3.2083,datasets\msf_shape_mask_candidates\crops\corrosion\00014_corrosion_hardcase_missed_corrosion_218_l2.jpg,datasets\msf_shape_mask_candidates\masks_rect\corrosion\00014_corrosion_hardcase_missed_corrosion_218_l2.png,datasets\msf_shape_mask_candidates\masks_grabcut\corrosion\00014_corrosion_hardcase_missed_corrosion_218_l2.png,datasets\msf_shape_mask_candidates\overlays\corrosion\00014_corrosion_hardcase_missed_corrosion_218_l2.jpg,pending,
00015_corrosion_hardcase_missed_crack_235_l2,train,3,corrosion,12.00,priority_class;small_target;spread_corrosion_shape;source_missed,C:\Users\yys\Desktop\风机\wind-fault-detection-platform\datasets\wind_blade_defect_v05_conservative\images\train\hardcase_missed_crack_235.jpg,C:\Users\yys\Desktop\风机\wind-fault-detection-platform\datasets\wind_blade_defect_v05_conservative\labels\train\hardcase_missed_crack_235.txt,2,512,512,0,30,16,81,0,8,56,103,0.00311278,3.1875,datasets\msf_shape_mask_candidates\crops\corrosion\00015_corrosion_hardcase_missed_crack_235_l2.jpg,datasets\msf_shape_mask_candidates\masks_rect\corrosion\00015_corrosion_hardcase_missed_crack_235_l2.png,datasets\msf_shape_mask_candidates\masks_grabcut\corrosion\00015_corrosion_hardcase_missed_crack_235_l2.png,datasets\msf_shape_mask_candidates\overlays\corrosion\00015_corrosion_hardcase_missed_crack_235_l2.jpg,pending,
00016_corrosion_hardcase_missed_crack_235_l3,train,3,corrosion,12.00,priority_class;small_target;spread_corrosion_shape;source_missed,C:\Users\yys\Desktop\风机\wind-fault-detection-platform\datasets\wind_blade_defect_v05_conservative\images\train\hardcase_missed_crack_235.jpg,C:\Users\yys\Desktop\风机\wind-fault-detection-platform\datasets\wind_blade_defect_v05_conservative\labels\train\hardcase_missed_crack_235.txt,3,512,512,0,4,8,21,0,0,52,60,0.00051880,2.1250,datasets\msf_shape_mask_candidates\crops\corrosion\00016_corrosion_hardcase_missed_crack_235_l3.jpg,datasets\msf_shape_mask_candidates\masks_rect\corrosion\00016_corrosion_hardcase_missed_crack_235_l3.png,datasets\msf_shape_mask_candidates\masks_grabcut\corrosion\00016_corrosion_hardcase_missed_crack_235_l3.png,datasets\msf_shape_mask_candidates\overlays\corrosion\00016_corrosion_hardcase_missed_crack_235_l3.jpg,pending,
00017_corrosion_hardcase_missed_hole_57_l7,train,3,corrosion,12.00,priority_class;small_target;spread_corrosion_shape;source_missed,C:\Users\yys\Desktop\风机\wind-fault-detection-platform\datasets\wind_blade_defect_v05_conservative\images\train\hardcase_missed_hole_57.jpg,C:\Users\yys\Desktop\风机\wind-fault-detection-platform\datasets\wind_blade_defect_v05_conservative\labels\train\hardcase_missed_hole_57.txt,7,512,512,416,364,447,432,384,340,479,456,0.00804137,2.1935,datasets\msf_shape_mask_candidates\crops\corrosion\00017_corrosion_hardcase_missed_hole_57_l7.jpg,datasets\msf_shape_mask_candidates\masks_rect\corrosion\00017_corrosion_hardcase_missed_hole_57_l7.png,datasets\msf_shape_mask_candidates\masks_grabcut\corrosion\00017_corrosion_hardcase_missed_hole_57_l7.png,datasets\msf_shape_mask_candidates\overlays\corrosion\00017_corrosion_hardcase_missed_hole_57_l7.jpg,pending,
00018_corrosion_hardcase_missed_hole_927_l2,train,3,corrosion,12.00,priority_class;small_target;spread_corrosion_shape;source_missed,C:\Users\yys\Desktop\风机\wind-fault-detection-platform\datasets\wind_blade_defect_v05_conservative\images\train\hardcase_missed_hole_927.jpg,C:\Users\yys\Desktop\风机\wind-fault-detection-platform\datasets\wind_blade_defect_v05_conservative\labels\train\hardcase_missed_hole_927.txt,2,512,512,0,26,17,81,0,6,56,101,0.00356673,3.2353,datasets\msf_shape_mask_candidates\crops\corrosion\00018_corrosion_hardcase_missed_hole_927_l2.jpg,datasets\msf_shape_mask_candidates\masks_rect\corrosion\00018_corrosion_hardcase_missed_hole_927_l2.png,datasets\msf_shape_mask_candidates\masks_grabcut\corrosion\00018_corrosion_hardcase_missed_hole_927_l2.png,datasets\msf_shape_mask_candidates\overlays\corrosion\00018_corrosion_hardcase_missed_hole_927_l2.jpg,pending,
00019_corrosion_hardcase_missed_hole_927_l3,train,3,corrosion,12.00,priority_class;small_target;spread_corrosion_shape;source_missed,C:\Users\yys\Desktop\风机\wind-fault-detection-platform\datasets\wind_blade_defect_v05_conservative\images\train\hardcase_missed_hole_927.jpg,C:\Users\yys\Desktop\风机\wind-fault-detection-platform\datasets\wind_blade_defect_v05_conservative\labels\train\hardcase_missed_hole_927.txt,3,512,512,0,3,10,21,0,0,53,60,0.00068663,1.8000,datasets\msf_shape_mask_candidates\crops\corrosion\00019_corrosion_hardcase_missed_hole_927_l3.jpg,datasets\msf_shape_mask_candidates\masks_rect\corrosion\00019_corrosion_hardcase_missed_hole_927_l3.png,datasets\msf_shape_mask_candidates\masks_grabcut\corrosion\00019_corrosion_hardcase_missed_hole_927_l3.png,datasets\msf_shape_mask_candidates\overlays\corrosion\00019_corrosion_hardcase_missed_hole_927_l3.jpg,pending,
00020_corrosion_v03_corrosion_r1_hardcase_missed_corrosion_160_l2,train,3,corrosion,12.00,priority_class;small_target;spread_corrosion_shape;source_missed,C:\Users\yys\Desktop\风机\wind-fault-detection-platform\datasets\wind_blade_defect_v05_conservative\images\train\v03_corrosion_r1_hardcase_missed_corrosion_160.jpg,C:\Users\yys\Desktop\风机\wind-fault-detection-platform\datasets\wind_blade_defect_v05_conservative\labels\train\v03_corrosion_r1_hardcase_missed_corrosion_160.txt,2,512,512,489,67,511,163,452,33,512,197,0.00805669,4.3636,datasets\msf_shape_mask_candidates\crops\corrosion\00020_corrosion_v03_corrosion_r1_hardcase_missed_corrosion_160_l2.jpg,datasets\msf_shape_mask_candidates\masks_rect\corrosion\00020_corrosion_v03_corrosion_r1_hardcase_missed_corrosion_160_l2.png,datasets\msf_shape_mask_candidates\masks_grabcut\corrosion\00020_corrosion_v03_corrosion_r1_hardcase_missed_corrosion_160_l2.png,datasets\msf_shape_mask_candidates\overlays\corrosion\00020_corrosion_v03_corrosion_r1_hardcase_missed_corrosion_160_l2.jpg,pending,
00021_corrosion_v03_corrosion_r1_hardcase_missed_corrosion_166_l1,train,3,corrosion,12.00,priority_class;small_target;spread_corrosion_shape;source_missed,C:\Users\yys\Desktop\风机\wind-fault-detection-platform\datasets\wind_blade_defect_v05_conservative\images\train\v03_corrosion_r1_hardcase_missed_corrosion_166.jpg,C:\Users\yys\Desktop\风机\wind-fault-detection-platform\datasets\wind_blade_defect_v05_conservative\labels\train\v03_corrosion_r1_hardcase_missed_corrosion_166.txt,1,512,512,0,0,8,285,0,0,52,385,0.00869752,35.6250,datasets\msf_shape_mask_candidates\crops\corrosion\00021_corrosion_v03_corrosion_r1_hardcase_missed_corrosion_166_l1.jpg,datasets\msf_shape_mask_candidates\masks_rect\corrosion\00021_corrosion_v03_corrosion_r1_hardcase_missed_corrosion_166_l1.png,datasets\msf_shape_mask_candidates\masks_grabcut\corrosion\00021_corrosion_v03_corrosion_r1_hardcase_missed_corrosion_166_l1.png,datasets\msf_shape_mask_candidates\overlays\corrosion\00021_corrosion_v03_corrosion_r1_hardcase_missed_corrosion_166_l1.jpg,pending,
00022_corrosion_v03_corrosion_r1_hardcase_missed_corrosion_176_l2,train,3,corrosion,12.00,priority_class;small_target;spread_corrosion_shape;source_missed,C:\Users\yys\Desktop\风机\wind-fault-detection-platform\datasets\wind_blade_defect_v05_conservative\images\train\v03_corrosion_r1_hardcase_missed_corrosion_176.jpg,C:\Users\yys\Desktop\风机\wind-fault-detection-platform\datasets\wind_blade_defect_v05_conservative\labels\train\v03_corrosion_r1_hardcase_missed_corrosion_176.txt,2,512,512,98,491,146,511,74,453,170,512,0.00366206,2.4000,datasets\msf_shape_mask_candidates\crops\corrosion\00022_corrosion_v03_corrosion_r1_hardcase_missed_corrosion_176_l2.jpg,datasets\msf_shape_mask_candidates\masks_rect\corrosion\00022_corrosion_v03_corrosion_r1_hardcase_missed_corrosion_176_l2.png,datasets\msf_shape_mask_candidates\masks_grabcut\corrosion\00022_corrosion_v03_corrosion_r1_hardcase_missed_corrosion_176_l2.png,datasets\msf_shape_mask_candidates\overlays\corrosion\00022_corrosion_v03_corrosion_r1_hardcase_missed_corrosion_176_l2.jpg,pending,
00023_corrosion_v03_corrosion_r1_hardcase_missed_corrosion_196_l2,train,3,corrosion,12.00,priority_class;small_target;spread_corrosion_shape;source_missed,C:\Users\yys\Desktop\风机\wind-fault-detection-platform\datasets\wind_blade_defect_v05_conservative\images\train\v03_corrosion_r1_hardcase_missed_corrosion_196.jpg,C:\Users\yys\Desktop\风机\wind-fault-detection-platform\datasets\wind_blade_defect_v05_conservative\labels\train\v03_corrosion_r1_hardcase_missed_corrosion_196.txt,2,512,512,500,79,511,116,458,50,512,145,0.00155256,3.3637,datasets\msf_shape_mask_candidates\crops\corrosion\00023_corrosion_v03_corrosion_r1_hardcase_missed_corrosion_196_l2.jpg,datasets\msf_shape_mask_candidates\masks_rect\corrosion\00023_corrosion_v03_corrosion_r1_hardcase_missed_corrosion_196_l2.png,datasets\msf_shape_mask_candidates\masks_grabcut\corrosion\00023_corrosion_v03_corrosion_r1_hardcase_missed_corrosion_196_l2.png,datasets\msf_shape_mask_candidates\overlays\corrosion\00023_corrosion_v03_corrosion_r1_hardcase_missed_corrosion_196_l2.jpg,pending,
00024_corrosion_v03_corrosion_r1_hardcase_missed_corrosion_196_l3,train,3,corrosion,12.00,priority_class;small_target;spread_corrosion_shape;source_missed,C:\Users\yys\Desktop\风机\wind-fault-detection-platform\datasets\wind_blade_defect_v05_conservative\images\train\v03_corrosion_r1_hardcase_missed_corrosion_196.jpg,C:\Users\yys\Desktop\风机\wind-fault-detection-platform\datasets\wind_blade_defect_v05_conservative\labels\train\v03_corrosion_r1_hardcase_missed_corrosion_196.txt,3,512,512,502,273,511,298,459,238,512,333,0.00085830,2.7778,datasets\msf_shape_mask_candidates\crops\corrosion\00024_corrosion_v03_corrosion_r1_hardcase_missed_corrosion_196_l3.jpg,datasets\msf_shape_mask_candidates\masks_rect\corrosion\00024_corrosion_v03_corrosion_r1_hardcase_missed_corrosion_196_l3.png,datasets\msf_shape_mask_candidates\masks_grabcut\corrosion\00024_corrosion_v03_corrosion_r1_hardcase_missed_corrosion_196_l3.png,datasets\msf_shape_mask_candidates\overlays\corrosion\00024_corrosion_v03_corrosion_r1_hardcase_missed_corrosion_196_l3.jpg,pending,
00025_corrosion_v03_corrosion_r1_hardcase_missed_corrosion_197_l2,train,3,corrosion,12.00,priority_class;small_target;spread_corrosion_shape;source_missed,C:\Users\yys\Desktop\风机\wind-fault-detection-platform\datasets\wind_blade_defect_v05_conservative\images\train\v03_corrosion_r1_hardcase_missed_corrosion_197.jpg,C:\Users\yys\Desktop\风机\wind-fault-detection-platform\datasets\wind_blade_defect_v05_conservative\labels\train\v03_corrosion_r1_hardcase_missed_corrosion_197.txt,2,512,512,0,183,7,312,0,138,51,357,0.00344470,18.4284,datasets\msf_shape_mask_candidates\crops\corrosion\00025_corrosion_v03_corrosion_r1_hardcase_missed_corrosion_197_l2.jpg,datasets\msf_shape_mask_candidates\masks_rect\corrosion\00025_corrosion_v03_corrosion_r1_hardcase_missed_corrosion_197_l2.png,datasets\msf_shape_mask_candidates\masks_grabcut\corrosion\00025_corrosion_v03_corrosion_r1_hardcase_missed_corrosion_197_l2.png,datasets\msf_shape_mask_candidates\overlays\corrosion\00025_corrosion_v03_corrosion_r1_hardcase_missed_corrosion_197_l2.jpg,pending,
00026_corrosion_v03_corrosion_r1_hardcase_missed_corrosion_218_l1,train,3,corrosion,12.00,priority_class;small_target;spread_corrosion_shape;source_missed,C:\Users\yys\Desktop\风机\wind-fault-detection-platform\datasets\wind_blade_defect_v05_conservative\images\train\v03_corrosion_r1_hardcase_missed_corrosion_218.jpg,C:\Users\yys\Desktop\风机\wind-fault-detection-platform\datasets\wind_blade_defect_v05_conservative\labels\train\v03_corrosion_r1_hardcase_missed_corrosion_218.txt,1,512,512,446,81,471,158,411,54,506,185,0.00734329,3.0800,datasets\msf_shape_mask_candidates\crops\corrosion\00026_corrosion_v03_corrosion_r1_hardcase_missed_corrosion_218_l1.jpg,datasets\msf_shape_mask_candidates\masks_rect\corrosion\00026_corrosion_v03_corrosion_r1_hardcase_missed_corrosion_218_l1.png,datasets\msf_shape_mask_candidates\masks_grabcut\corrosion\00026_corrosion_v03_corrosion_r1_hardcase_missed_corrosion_218_l1.png,datasets\msf_shape_mask_candidates\overlays\corrosion\00026_corrosion_v03_corrosion_r1_hardcase_missed_corrosion_218_l1.jpg,pending,
00027_corrosion_v03_corrosion_r1_hardcase_missed_corrosion_218_l2,train,3,corrosion,12.00,priority_class;small_target;spread_corrosion_shape;source_missed,C:\Users\yys\Desktop\风机\wind-fault-detection-platform\datasets\wind_blade_defect_v05_conservative\images\train\v03_corrosion_r1_hardcase_missed_corrosion_218.jpg,C:\Users\yys\Desktop\风机\wind-fault-detection-platform\datasets\wind_blade_defect_v05_conservative\labels\train\v03_corrosion_r1_hardcase_missed_corrosion_218.txt,2,512,512,447,236,471,313,411,209,507,340,0.00704958,3.2083,datasets\msf_shape_mask_candidates\crops\corrosion\00027_corrosion_v03_corrosion_r1_hardcase_missed_corrosion_218_l2.jpg,datasets\msf_shape_mask_candidates\masks_rect\corrosion\00027_corrosion_v03_corrosion_r1_hardcase_missed_corrosion_218_l2.png,datasets\msf_shape_mask_candidates\masks_grabcut\corrosion\00027_corrosion_v03_corrosion_r1_hardcase_missed_corrosion_218_l2.png,datasets\msf_shape_mask_candidates\overlays\corrosion\00027_corrosion_v03_corrosion_r1_hardcase_missed_corrosion_218_l2.jpg,pending,
00028_corrosion_v03_corrosion_r1_hardcase_missed_crack_235_l2,train,3,corrosion,12.00,priority_class;small_target;spread_corrosion_shape;source_missed,C:\Users\yys\Desktop\风机\wind-fault-detection-platform\datasets\wind_blade_defect_v05_conservative\images\train\v03_corrosion_r1_hardcase_missed_crack_235.jpg,C:\Users\yys\Desktop\风机\wind-fault-detection-platform\datasets\wind_blade_defect_v05_conservative\labels\train\v03_corrosion_r1_hardcase_missed_crack_235.txt,2,512,512,0,30,16,81,0,8,56,103,0.00311278,3.1875,datasets\msf_shape_mask_candidates\crops\corrosion\00028_corrosion_v03_corrosion_r1_hardcase_missed_crack_235_l2.jpg,datasets\msf_shape_mask_candidates\masks_rect\corrosion\00028_corrosion_v03_corrosion_r1_hardcase_missed_crack_235_l2.png,datasets\msf_shape_mask_candidates\masks_grabcut\corrosion\00028_corrosion_v03_corrosion_r1_hardcase_missed_crack_235_l2.png,datasets\msf_shape_mask_candidates\overlays\corrosion\00028_corrosion_v03_corrosion_r1_hardcase_missed_crack_235_l2.jpg,pending,
00029_corrosion_v03_corrosion_r1_hardcase_missed_crack_235_l3,train,3,corrosion,12.00,priority_class;small_target;spread_corrosion_shape;source_missed,C:\Users\yys\Desktop\风机\wind-fault-detection-platform\datasets\wind_blade_defect_v05_conservative\images\train\v03_corrosion_r1_hardcase_missed_crack_235.jpg,C:\Users\yys\Desktop\风机\wind-fault-detection-platform\datasets\wind_blade_defect_v05_conservative\labels\train\v03_corrosion_r1_hardcase_missed_crack_235.txt,3,512,512,0,4,8,21,0,0,52,60,0.00051880,2.1250,datasets\msf_shape_mask_candidates\crops\corrosion\00029_corrosion_v03_corrosion_r1_hardcase_missed_crack_235_l3.jpg,datasets\msf_shape_mask_candidates\masks_rect\corrosion\00029_corrosion_v03_corrosion_r1_hardcase_missed_crack_235_l3.png,datasets\msf_shape_mask_candidates\masks_grabcut\corrosion\00029_corrosion_v03_corrosion_r1_hardcase_missed_crack_235_l3.png,datasets\msf_shape_mask_candidates\overlays\corrosion\00029_corrosion_v03_corrosion_r1_hardcase_missed_crack_235_l3.jpg,pending,
00030_corrosion_v03_corrosion_r1_hardcase_missed_hole_57_l7,train,3,corrosion,12.00,priority_class;small_target;spread_corrosion_shape;source_missed,C:\Users\yys\Desktop\风机\wind-fault-detection-platform\datasets\wind_blade_defect_v05_conservative\images\train\v03_corrosion_r1_hardcase_missed_hole_57.jpg,C:\Users\yys\Desktop\风机\wind-fault-detection-platform\datasets\wind_blade_defect_v05_conservative\labels\train\v03_corrosion_r1_hardcase_missed_hole_57.txt,7,512,512,416,364,447,432,384,340,479,456,0.00804137,2.1935,datasets\msf_shape_mask_candidates\crops\corrosion\00030_corrosion_v03_corrosion_r1_hardcase_missed_hole_57_l7.jpg,datasets\msf_shape_mask_candidates\masks_rect\corrosion\00030_corrosion_v03_corrosion_r1_hardcase_missed_hole_57_l7.png,datasets\msf_shape_mask_candidates\masks_grabcut\corrosion\00030_corrosion_v03_corrosion_r1_hardcase_missed_hole_57_l7.png,datasets\msf_shape_mask_candidates\overlays\corrosion\00030_corrosion_v03_corrosion_r1_hardcase_missed_hole_57_l7.jpg,pending,
00031_corrosion_v03_corrosion_r1_hardcase_missed_hole_927_l2,train,3,corrosion,12.00,priority_class;small_target;spread_corrosion_shape;source_missed,C:\Users\yys\Desktop\风机\wind-fault-detection-platform\datasets\wind_blade_defect_v05_conservative\images\train\v03_corrosion_r1_hardcase_missed_hole_927.jpg,C:\Users\yys\Desktop\风机\wind-fault-detection-platform\datasets\wind_blade_defect_v05_conservative\labels\train\v03_corrosion_r1_hardcase_missed_hole_927.txt,2,512,512,0,26,17,81,0,6,56,101,0.00356673,3.2353,datasets\msf_shape_mask_candidates\crops\corrosion\00031_corrosion_v03_corrosion_r1_hardcase_missed_hole_927_l2.jpg,datasets\msf_shape_mask_candidates\masks_rect\corrosion\00031_corrosion_v03_corrosion_r1_hardcase_missed_hole_927_l2.png,datasets\msf_shape_mask_candidates\masks_grabcut\corrosion\00031_corrosion_v03_corrosion_r1_hardcase_missed_hole_927_l2.png,datasets\msf_shape_mask_candidates\overlays\corrosion\00031_corrosion_v03_corrosion_r1_hardcase_missed_hole_927_l2.jpg,pending,
00032_corrosion_v03_corrosion_r1_hardcase_missed_hole_927_l3,train,3,corrosion,12.00,priority_class;small_target;spread_corrosion_shape;source_missed,C:\Users\yys\Desktop\风机\wind-fault-detection-platform\datasets\wind_blade_defect_v05_conservative\images\train\v03_corrosion_r1_hardcase_missed_hole_927.jpg,C:\Users\yys\Desktop\风机\wind-fault-detection-platform\datasets\wind_blade_defect_v05_conservative\labels\train\v03_corrosion_r1_hardcase_missed_hole_927.txt,3,512,512,0,3,10,21,0,0,53,60,0.00068663,1.8000,datasets\msf_shape_mask_candidates\crops\corrosion\00032_corrosion_v03_corrosion_r1_hardcase_missed_hole_927_l3.jpg,datasets\msf_shape_mask_candidates\masks_rect\corrosion\00032_corrosion_v03_corrosion_r1_hardcase_missed_hole_927_l3.png,datasets\msf_shape_mask_candidates\masks_grabcut\corrosion\00032_corrosion_v03_corrosion_r1_hardcase_missed_hole_927_l3.png,datasets\msf_shape_mask_candidates\overlays\corrosion\00032_corrosion_v03_corrosion_r1_hardcase_missed_hole_927_l3.jpg,pending,
00033_corrosion_v03_missed_sample_corrosion_160_l2,train,3,corrosion,12.00,priority_class;small_target;spread_corrosion_shape;source_missed,C:\Users\yys\Desktop\风机\wind-fault-detection-platform\datasets\wind_blade_defect_v05_conservative\images\train\v03_missed_sample_corrosion_160.jpg,C:\Users\yys\Desktop\风机\wind-fault-detection-platform\datasets\wind_blade_defect_v05_conservative\labels\train\v03_missed_sample_corrosion_160.txt,2,512,512,489,67,511,163,452,33,512,197,0.00805669,4.3636,datasets\msf_shape_mask_candidates\crops\corrosion\00033_corrosion_v03_missed_sample_corrosion_160_l2.jpg,datasets\msf_shape_mask_candidates\masks_rect\corrosion\00033_corrosion_v03_missed_sample_corrosion_160_l2.png,datasets\msf_shape_mask_candidates\masks_grabcut\corrosion\00033_corrosion_v03_missed_sample_corrosion_160_l2.png,datasets\msf_shape_mask_candidates\overlays\corrosion\00033_corrosion_v03_missed_sample_corrosion_160_l2.jpg,pending,
00034_corrosion_v03_missed_sample_corrosion_166_l1,train,3,corrosion,12.00,priority_class;small_target;spread_corrosion_shape;source_missed,C:\Users\yys\Desktop\风机\wind-fault-detection-platform\datasets\wind_blade_defect_v05_conservative\images\train\v03_missed_sample_corrosion_166.jpg,C:\Users\yys\Desktop\风机\wind-fault-detection-platform\datasets\wind_blade_defect_v05_conservative\labels\train\v03_missed_sample_corrosion_166.txt,1,512,512,0,0,8,285,0,0,52,385,0.00869752,35.6250,datasets\msf_shape_mask_candidates\crops\corrosion\00034_corrosion_v03_missed_sample_corrosion_166_l1.jpg,datasets\msf_shape_mask_candidates\masks_rect\corrosion\00034_corrosion_v03_missed_sample_corrosion_166_l1.png,datasets\msf_shape_mask_candidates\masks_grabcut\corrosion\00034_corrosion_v03_missed_sample_corrosion_166_l1.png,datasets\msf_shape_mask_candidates\overlays\corrosion\00034_corrosion_v03_missed_sample_corrosion_166_l1.jpg,pending,
00035_corrosion_v03_missed_sample_corrosion_176_l2,train,3,corrosion,12.00,priority_class;small_target;spread_corrosion_shape;source_missed,C:\Users\yys\Desktop\风机\wind-fault-detection-platform\datasets\wind_blade_defect_v05_conservative\images\train\v03_missed_sample_corrosion_176.jpg,C:\Users\yys\Desktop\风机\wind-fault-detection-platform\datasets\wind_blade_defect_v05_conservative\labels\train\v03_missed_sample_corrosion_176.txt,2,512,512,98,491,146,511,74,453,170,512,0.00366206,2.4000,datasets\msf_shape_mask_candidates\crops\corrosion\00035_corrosion_v03_missed_sample_corrosion_176_l2.jpg,datasets\msf_shape_mask_candidates\masks_rect\corrosion\00035_corrosion_v03_missed_sample_corrosion_176_l2.png,datasets\msf_shape_mask_candidates\masks_grabcut\corrosion\00035_corrosion_v03_missed_sample_corrosion_176_l2.png,datasets\msf_shape_mask_candidates\overlays\corrosion\00035_corrosion_v03_missed_sample_corrosion_176_l2.jpg,pending,
00036_corrosion_v03_missed_sample_corrosion_196_l2,train,3,corrosion,12.00,priority_class;small_target;spread_corrosion_shape;source_missed,C:\Users\yys\Desktop\风机\wind-fault-detection-platform\datasets\wind_blade_defect_v05_conservative\images\train\v03_missed_sample_corrosion_196.jpg,C:\Users\yys\Desktop\风机\wind-fault-detection-platform\datasets\wind_blade_defect_v05_conservative\labels\train\v03_missed_sample_corrosion_196.txt,2,512,512,500,79,511,116,458,50,512,145,0.00155256,3.3637,datasets\msf_shape_mask_candidates\crops\corrosion\00036_corrosion_v03_missed_sample_corrosion_196_l2.jpg,datasets\msf_shape_mask_candidates\masks_rect\corrosion\00036_corrosion_v03_missed_sample_corrosion_196_l2.png,datasets\msf_shape_mask_candidates\masks_grabcut\corrosion\00036_corrosion_v03_missed_sample_corrosion_196_l2.png,datasets\msf_shape_mask_candidates\overlays\corrosion\00036_corrosion_v03_missed_sample_corrosion_196_l2.jpg,pending,
00037_corrosion_v03_missed_sample_corrosion_196_l3,train,3,corrosion,12.00,priority_class;small_target;spread_corrosion_shape;source_missed,C:\Users\yys\Desktop\风机\wind-fault-detection-platform\datasets\wind_blade_defect_v05_conservative\images\train\v03_missed_sample_corrosion_196.jpg,C:\Users\yys\Desktop\风机\wind-fault-detection-platform\datasets\wind_blade_defect_v05_conservative\labels\train\v03_missed_sample_corrosion_196.txt,3,512,512,502,273,511,298,459,238,512,333,0.00085830,2.7778,datasets\msf_shape_mask_candidates\crops\corrosion\00037_corrosion_v03_missed_sample_corrosion_196_l3.jpg,datasets\msf_shape_mask_candidates\masks_rect\corrosion\00037_corrosion_v03_missed_sample_corrosion_196_l3.png,datasets\msf_shape_mask_candidates\masks_grabcut\corrosion\00037_corrosion_v03_missed_sample_corrosion_196_l3.png,datasets\msf_shape_mask_candidates\overlays\corrosion\00037_corrosion_v03_missed_sample_corrosion_196_l3.jpg,pending,
00038_corrosion_v03_missed_sample_corrosion_197_l2,train,3,corrosion,12.00,priority_class;small_target;spread_corrosion_shape;source_missed,C:\Users\yys\Desktop\风机\wind-fault-detection-platform\datasets\wind_blade_defect_v05_conservative\images\train\v03_missed_sample_corrosion_197.jpg,C:\Users\yys\Desktop\风机\wind-fault-detection-platform\datasets\wind_blade_defect_v05_conservative\labels\train\v03_missed_sample_corrosion_197.txt,2,512,512,0,183,7,312,0,138,51,357,0.00344470,18.4284,datasets\msf_shape_mask_candidates\crops\corrosion\00038_corrosion_v03_missed_sample_corrosion_197_l2.jpg,datasets\msf_shape_mask_candidates\masks_rect\corrosion\00038_corrosion_v03_missed_sample_corrosion_197_l2.png,datasets\msf_shape_mask_candidates\masks_grabcut\corrosion\00038_corrosion_v03_missed_sample_corrosion_197_l2.png,datasets\msf_shape_mask_candidates\overlays\corrosion\00038_corrosion_v03_missed_sample_corrosion_197_l2.jpg,pending,
00039_corrosion_v03_missed_sample_corrosion_218_l1,train,3,corrosion,12.00,priority_class;small_target;spread_corrosion_shape;source_missed,C:\Users\yys\Desktop\风机\wind-fault-detection-platform\datasets\wind_blade_defect_v05_conservative\images\train\v03_missed_sample_corrosion_218.jpg,C:\Users\yys\Desktop\风机\wind-fault-detection-platform\datasets\wind_blade_defect_v05_conservative\labels\train\v03_missed_sample_corrosion_218.txt,1,512,512,446,81,471,158,411,54,506,185,0.00734329,3.0800,datasets\msf_shape_mask_candidates\crops\corrosion\00039_corrosion_v03_missed_sample_corrosion_218_l1.jpg,datasets\msf_shape_mask_candidates\masks_rect\corrosion\00039_corrosion_v03_missed_sample_corrosion_218_l1.png,datasets\msf_shape_mask_candidates\masks_grabcut\corrosion\00039_corrosion_v03_missed_sample_corrosion_218_l1.png,datasets\msf_shape_mask_candidates\overlays\corrosion\00039_corrosion_v03_missed_sample_corrosion_218_l1.jpg,pending,
00040_corrosion_v03_missed_sample_corrosion_218_l2,train,3,corrosion,12.00,priority_class;small_target;spread_corrosion_shape;source_missed,C:\Users\yys\Desktop\风机\wind-fault-detection-platform\datasets\wind_blade_defect_v05_conservative\images\train\v03_missed_sample_corrosion_218.jpg,C:\Users\yys\Desktop\风机\wind-fault-detection-platform\datasets\wind_blade_defect_v05_conservative\labels\train\v03_missed_sample_corrosion_218.txt,2,512,512,447,236,471,313,411,209,507,340,0.00704958,3.2083,datasets\msf_shape_mask_candidates\crops\corrosion\00040_corrosion_v03_missed_sample_corrosion_218_l2.jpg,datasets\msf_shape_mask_candidates\masks_rect\corrosion\00040_corrosion_v03_missed_sample_corrosion_218_l2.png,datasets\msf_shape_mask_candidates\masks_grabcut\corrosion\00040_corrosion_v03_missed_sample_corrosion_218_l2.png,datasets\msf_shape_mask_candidates\overlays\corrosion\00040_corrosion_v03_missed_sample_corrosion_218_l2.jpg,pending,
00041_corrosion_v03_missed_sample_crack_235_l2,train,3,corrosion,12.00,priority_class;small_target;spread_corrosion_shape;source_missed,C:\Users\yys\Desktop\风机\wind-fault-detection-platform\datasets\wind_blade_defect_v05_conservative\images\train\v03_missed_sample_crack_235.jpg,C:\Users\yys\Desktop\风机\wind-fault-detection-platform\datasets\wind_blade_defect_v05_conservative\labels\train\v03_missed_sample_crack_235.txt,2,512,512,0,30,16,81,0,8,56,103,0.00311278,3.1875,datasets\msf_shape_mask_candidates\crops\corrosion\00041_corrosion_v03_missed_sample_crack_235_l2.jpg,datasets\msf_shape_mask_candidates\masks_rect\corrosion\00041_corrosion_v03_missed_sample_crack_235_l2.png,datasets\msf_shape_mask_candidates\masks_grabcut\corrosion\00041_corrosion_v03_missed_sample_crack_235_l2.png,datasets\msf_shape_mask_candidates\overlays\corrosion\00041_corrosion_v03_missed_sample_crack_235_l2.jpg,pending,
00042_corrosion_v03_missed_sample_crack_235_l3,train,3,corrosion,12.00,priority_class;small_target;spread_corrosion_shape;source_missed,C:\Users\yys\Desktop\风机\wind-fault-detection-platform\datasets\wind_blade_defect_v05_conservative\images\train\v03_missed_sample_crack_235.jpg,C:\Users\yys\Desktop\风机\wind-fault-detection-platform\datasets\wind_blade_defect_v05_conservative\labels\train\v03_missed_sample_crack_235.txt,3,512,512,0,4,8,21,0,0,52,60,0.00051880,2.1250,datasets\msf_shape_mask_candidates\crops\corrosion\00042_corrosion_v03_missed_sample_crack_235_l3.jpg,datasets\msf_shape_mask_candidates\masks_rect\corrosion\00042_corrosion_v03_missed_sample_crack_235_l3.png,datasets\msf_shape_mask_candidates\masks_grabcut\corrosion\00042_corrosion_v03_missed_sample_crack_235_l3.png,datasets\msf_shape_mask_candidates\overlays\corrosion\00042_corrosion_v03_missed_sample_crack_235_l3.jpg,pending,
00043_corrosion_v03_missed_sample_hole_57_l7,train,3,corrosion,12.00,priority_class;small_target;spread_corrosion_shape;source_missed,C:\Users\yys\Desktop\风机\wind-fault-detection-platform\datasets\wind_blade_defect_v05_conservative\images\train\v03_missed_sample_hole_57.jpg,C:\Users\yys\Desktop\风机\wind-fault-detection-platform\datasets\wind_blade_defect_v05_conservative\labels\train\v03_missed_sample_hole_57.txt,7,512,512,416,364,447,432,384,340,479,456,0.00804137,2.1935,datasets\msf_shape_mask_candidates\crops\corrosion\00043_corrosion_v03_missed_sample_hole_57_l7.jpg,datasets\msf_shape_mask_candidates\masks_rect\corrosion\00043_corrosion_v03_missed_sample_hole_57_l7.png,datasets\msf_shape_mask_candidates\masks_grabcut\corrosion\00043_corrosion_v03_missed_sample_hole_57_l7.png,datasets\msf_shape_mask_candidates\overlays\corrosion\00043_corrosion_v03_missed_sample_hole_57_l7.jpg,pending,
00044_corrosion_v03_missed_sample_hole_927_l2,train,3,corrosion,12.00,priority_class;small_target;spread_corrosion_shape;source_missed,C:\Users\yys\Desktop\风机\wind-fault-detection-platform\datasets\wind_blade_defect_v05_conservative\images\train\v03_missed_sample_hole_927.jpg,C:\Users\yys\Desktop\风机\wind-fault-detection-platform\datasets\wind_blade_defect_v05_conservative\labels\train\v03_missed_sample_hole_927.txt,2,512,512,0,26,17,81,0,6,56,101,0.00356673,3.2353,datasets\msf_shape_mask_candidates\crops\corrosion\00044_corrosion_v03_missed_sample_hole_927_l2.jpg,datasets\msf_shape_mask_candidates\masks_rect\corrosion\00044_corrosion_v03_missed_sample_hole_927_l2.png,datasets\msf_shape_mask_candidates\masks_grabcut\corrosion\00044_corrosion_v03_missed_sample_hole_927_l2.png,datasets\msf_shape_mask_candidates\overlays\corrosion\00044_corrosion_v03_missed_sample_hole_927_l2.jpg,pending,
00045_corrosion_v03_missed_sample_hole_927_l3,train,3,corrosion,12.00,priority_class;small_target;spread_corrosion_shape;source_missed,C:\Users\yys\Desktop\风机\wind-fault-detection-platform\datasets\wind_blade_defect_v05_conservative\images\train\v03_missed_sample_hole_927.jpg,C:\Users\yys\Desktop\风机\wind-fault-detection-platform\datasets\wind_blade_defect_v05_conservative\labels\train\v03_missed_sample_hole_927.txt,3,512,512,0,3,10,21,0,0,53,60,0.00068663,1.8000,datasets\msf_shape_mask_candidates\crops\corrosion\00045_corrosion_v03_missed_sample_hole_927_l3.jpg,datasets\msf_shape_mask_candidates\masks_rect\corrosion\00045_corrosion_v03_missed_sample_hole_927_l3.png,datasets\msf_shape_mask_candidates\masks_grabcut\corrosion\00045_corrosion_v03_missed_sample_hole_927_l3.png,datasets\msf_shape_mask_candidates\overlays\corrosion\00045_corrosion_v03_missed_sample_hole_927_l3.jpg,pending,
00046_corrosion_v03_small_r1_hardcase_missed_hole_57_l7,train,3,corrosion,12.00,priority_class;small_target;spread_corrosion_shape;source_missed,C:\Users\yys\Desktop\风机\wind-fault-detection-platform\datasets\wind_blade_defect_v05_conservative\images\train\v03_small_r1_hardcase_missed_hole_57.jpg,C:\Users\yys\Desktop\风机\wind-fault-detection-platform\datasets\wind_blade_defect_v05_conservative\labels\train\v03_small_r1_hardcase_missed_hole_57.txt,7,512,512,416,364,447,432,384,340,479,456,0.00804137,2.1935,datasets\msf_shape_mask_candidates\crops\corrosion\00046_corrosion_v03_small_r1_hardcase_missed_hole_57_l7.jpg,datasets\msf_shape_mask_candidates\masks_rect\corrosion\00046_corrosion_v03_small_r1_hardcase_missed_hole_57_l7.png,datasets\msf_shape_mask_candidates\masks_grabcut\corrosion\00046_corrosion_v03_small_r1_hardcase_missed_hole_57_l7.png,datasets\msf_shape_mask_candidates\overlays\corrosion\00046_corrosion_v03_small_r1_hardcase_missed_hole_57_l7.jpg,pending,
00047_corrosion_v03_small_r1_hardcase_missed_hole_927_l2,train,3,corrosion,12.00,priority_class;small_target;spread_corrosion_shape;source_missed,C:\Users\yys\Desktop\风机\wind-fault-detection-platform\datasets\wind_blade_defect_v05_conservative\images\train\v03_small_r1_hardcase_missed_hole_927.jpg,C:\Users\yys\Desktop\风机\wind-fault-detection-platform\datasets\wind_blade_defect_v05_conservative\labels\train\v03_small_r1_hardcase_missed_hole_927.txt,2,512,512,0,26,17,81,0,6,56,101,0.00356673,3.2353,datasets\msf_shape_mask_candidates\crops\corrosion\00047_corrosion_v03_small_r1_hardcase_missed_hole_927_l2.jpg,datasets\msf_shape_mask_candidates\masks_rect\corrosion\00047_corrosion_v03_small_r1_hardcase_missed_hole_927_l2.png,datasets\msf_shape_mask_candidates\masks_grabcut\corrosion\00047_corrosion_v03_small_r1_hardcase_missed_hole_927_l2.png,datasets\msf_shape_mask_candidates\overlays\corrosion\00047_corrosion_v03_small_r1_hardcase_missed_hole_927_l2.jpg,pending,
00048_corrosion_v03_small_r1_hardcase_missed_hole_927_l3,train,3,corrosion,12.00,priority_class;small_target;spread_corrosion_shape;source_missed,C:\Users\yys\Desktop\风机\wind-fault-detection-platform\datasets\wind_blade_defect_v05_conservative\images\train\v03_small_r1_hardcase_missed_hole_927.jpg,C:\Users\yys\Desktop\风机\wind-fault-detection-platform\datasets\wind_blade_defect_v05_conservative\labels\train\v03_small_r1_hardcase_missed_hole_927.txt,3,512,512,0,3,10,21,0,0,53,60,0.00068663,1.8000,datasets\msf_shape_mask_candidates\crops\corrosion\00048_corrosion_v03_small_r1_hardcase_missed_hole_927_l3.jpg,datasets\msf_shape_mask_candidates\masks_rect\corrosion\00048_corrosion_v03_small_r1_hardcase_missed_hole_927_l3.png,datasets\msf_shape_mask_candidates\masks_grabcut\corrosion\00048_corrosion_v03_small_r1_hardcase_missed_hole_927_l3.png,datasets\msf_shape_mask_candidates\overlays\corrosion\00048_corrosion_v03_small_r1_hardcase_missed_hole_927_l3.jpg,pending,
00049_crack_crack_1047_l1,train,0,crack,12.00,priority_class;small_target;thin_or_long_crack,C:\Users\yys\Desktop\风机\wind-fault-detection-platform\datasets\wind_blade_defect_v05_conservative\images\train\crack_1047.jpg,C:\Users\yys\Desktop\风机\wind-fault-detection-platform\datasets\wind_blade_defect_v05_conservative\labels\train\crack_1047.txt,1,512,512,184,391,203,467,146,364,241,494,0.00550839,4.0001,datasets\msf_shape_mask_candidates\crops\crack\00049_crack_crack_1047_l1.jpg,datasets\msf_shape_mask_candidates\masks_rect\crack\00049_crack_crack_1047_l1.png,datasets\msf_shape_mask_candidates\masks_grabcut\crack\00049_crack_crack_1047_l1.png,datasets\msf_shape_mask_candidates\overlays\crack\00049_crack_crack_1047_l1.jpg,pending,
00050_crack_crack_1066_l2,train,0,crack,12.00,priority_class;small_target;thin_or_long_crack,C:\Users\yys\Desktop\风机\wind-fault-detection-platform\datasets\wind_blade_defect_v05_conservative\images\train\crack_1066.jpg,C:\Users\yys\Desktop\风机\wind-fault-detection-platform\datasets\wind_blade_defect_v05_conservative\labels\train\crack_1066.txt,2,512,512,496,217,511,316,456,182,512,351,0.00566484,6.6000,datasets\msf_shape_mask_candidates\crops\crack\00050_crack_crack_1066_l2.jpg,datasets\msf_shape_mask_candidates\masks_rect\crack\00050_crack_crack_1066_l2.png,datasets\msf_shape_mask_candidates\masks_grabcut\crack\00050_crack_crack_1066_l2.png,datasets\msf_shape_mask_candidates\overlays\crack\00050_crack_crack_1066_l2.jpg,pending,
00051_crack_crack_1093_l1,train,0,crack,12.00,priority_class;small_target;thin_or_long_crack,C:\Users\yys\Desktop\风机\wind-fault-detection-platform\datasets\wind_blade_defect_v05_conservative\images\train\crack_1093.jpg,C:\Users\yys\Desktop\风机\wind-fault-detection-platform\datasets\wind_blade_defect_v05_conservative\labels\train\crack_1093.txt,1,512,512,183,391,203,467,145,364,241,494,0.00579829,3.8001,datasets\msf_shape_mask_candidates\crops\crack\00051_crack_crack_1093_l1.jpg,datasets\msf_shape_mask_candidates\masks_rect\crack\00051_crack_crack_1093_l1.png,datasets\msf_shape_mask_candidates\masks_grabcut\crack\00051_crack_crack_1093_l1.png,datasets\msf_shape_mask_candidates\overlays\crack\00051_crack_crack_1093_l1.jpg,pending,
00052_crack_crack_1159_l1,train,0,crack,12.00,priority_class;small_target;thin_or_long_crack,C:\Users\yys\Desktop\风机\wind-fault-detection-platform\datasets\wind_blade_defect_v05_conservative\images\train\crack_1159.jpg,C:\Users\yys\Desktop\风机\wind-fault-detection-platform\datasets\wind_blade_defect_v05_conservative\labels\train\crack_1159.txt,1,512,512,34,302,54,403,0,267,92,438,0.00770560,5.0501,datasets\msf_shape_mask_candidates\crops\crack\00052_crack_crack_1159_l1.jpg,datasets\msf_shape_mask_candidates\masks_rect\crack\00052_crack_crack_1159_l1.png,datasets\msf_shape_mask_candidates\masks_grabcut\crack\00052_crack_crack_1159_l1.png,datasets\msf_shape_mask_candidates\overlays\crack\00052_crack_crack_1159_l1.jpg,pending,
00053_crack_crack_1199_l1,train,0,crack,12.00,priority_class;small_target;thin_or_long_crack,C:\Users\yys\Desktop\风机\wind-fault-detection-platform\datasets\wind_blade_defect_v05_conservative\images\train\crack_1199.jpg,C:\Users\yys\Desktop\风机\wind-fault-detection-platform\datasets\wind_blade_defect_v05_conservative\labels\train\crack_1199.txt,1,512,512,185,395,204,467,147,370,242,492,0.00521845,3.7895,datasets\msf_shape_mask_candidates\crops\crack\00053_crack_crack_1199_l1.jpg,datasets\msf_shape_mask_candidates\masks_rect\crack\00053_crack_crack_1199_l1.png,datasets\msf_shape_mask_candidates\masks_grabcut\crack\00053_crack_crack_1199_l1.png,datasets\msf_shape_mask_candidates\overlays\crack\00053_crack_crack_1199_l1.jpg,pending,
00054_crack_crack_1289_l1,train,0,crack,12.00,priority_class;small_target;thin_or_long_crack,C:\Users\yys\Desktop\风机\wind-fault-detection-platform\datasets\wind_blade_defect_v05_conservative\images\train\crack_1289.jpg,C:\Users\yys\Desktop\风机\wind-fault-detection-platform\datasets\wind_blade_defect_v05_conservative\labels\train\crack_1289.txt,1,512,512,256,415,273,511,217,381,312,512,0.00622556,5.6471,datasets\msf_shape_mask_candidates\crops\crack\00054_crack_crack_1289_l1.jpg,datasets\msf_shape_mask_candidates\masks_rect\crack\00054_crack_crack_1289_l1.png,datasets\msf_shape_mask_candidates\masks_grabcut\crack\00054_crack_crack_1289_l1.png,datasets\msf_shape_mask_candidates\overlays\crack\00054_crack_crack_1289_l1.jpg,pending,
00055_crack_crack_1289_l3,train,0,crack,12.00,priority_class;small_target;thin_or_long_crack,C:\Users\yys\Desktop\风机\wind-fault-detection-platform\datasets\wind_blade_defect_v05_conservative\images\train\crack_1289.jpg,C:\Users\yys\Desktop\风机\wind-fault-detection-platform\datasets\wind_blade_defect_v05_conservative\labels\train\crack_1289.txt,3,512,512,489,238,511,313,452,212,512,339,0.00629427,3.4091,datasets\msf_shape_mask_candidates\crops\crack\00055_crack_crack_1289_l3.jpg,datasets\msf_shape_mask_candidates\masks_rect\crack\00055_crack_crack_1289_l3.png,datasets\msf_shape_mask_candidates\masks_grabcut\crack\00055_crack_crack_1289_l3.png,datasets\msf_shape_mask_candidates\overlays\crack\00055_crack_crack_1289_l3.jpg,pending,
00056_crack_crack_561_l1,train,0,crack,12.00,priority_class;small_target;thin_or_long_crack,C:\Users\yys\Desktop\风机\wind-fault-detection-platform\datasets\wind_blade_defect_v05_conservative\images\train\crack_561.jpg,C:\Users\yys\Desktop\风机\wind-fault-detection-platform\datasets\wind_blade_defect_v05_conservative\labels\train\crack_561.txt,1,512,512,58,232,66,332,14,197,110,367,0.00309394,12.3295,datasets\msf_shape_mask_candidates\crops\crack\00056_crack_crack_561_l1.jpg,datasets\msf_shape_mask_candidates\masks_rect\crack\00056_crack_crack_561_l1.png,datasets\msf_shape_mask_candidates\masks_grabcut\crack\00056_crack_crack_561_l1.png,datasets\msf_shape_mask_candidates\overlays\crack\00056_crack_crack_561_l1.jpg,pending,
00057_crack_crack_570_l1,train,0,crack,12.00,priority_class;small_target;thin_or_long_crack,C:\Users\yys\Desktop\风机\wind-fault-detection-platform\datasets\wind_blade_defect_v05_conservative\images\train\crack_570.jpg,C:\Users\yys\Desktop\风机\wind-fault-detection-platform\datasets\wind_blade_defect_v05_conservative\labels\train\crack_570.txt,1,512,512,36,302,53,403,0,267,92,438,0.00654982,5.9412,datasets\msf_shape_mask_candidates\crops\crack\00057_crack_crack_570_l1.jpg,datasets\msf_shape_mask_candidates\masks_rect\crack\00057_crack_crack_570_l1.png,datasets\msf_shape_mask_candidates\masks_grabcut\crack\00057_crack_crack_570_l1.png,datasets\msf_shape_mask_candidates\overlays\crack\00057_crack_crack_570_l1.jpg,pending,
00058_crack_crack_78_l2,train,0,crack,12.00,priority_class;small_target;thin_or_long_crack,C:\Users\yys\Desktop\风机\wind-fault-detection-platform\datasets\wind_blade_defect_v05_conservative\images\train\crack_78.jpg,C:\Users\yys\Desktop\风机\wind-fault-detection-platform\datasets\wind_blade_defect_v05_conservative\labels\train\crack_78.txt,2,457,489,299,121,442,135,249,80,457,176,0.00895861,10.9294,datasets\msf_shape_mask_candidates\crops\crack\00058_crack_crack_78_l2.jpg,datasets\msf_shape_mask_candidates\masks_rect\crack\00058_crack_crack_78_l2.png,datasets\msf_shape_mask_candidates\masks_grabcut\crack\00058_crack_crack_78_l2.png,datasets\msf_shape_mask_candidates\overlays\crack\00058_crack_crack_78_l2.jpg,pending,
00059_crack_crack_783_l1,train,0,crack,12.00,priority_class;small_target;thin_or_long_crack,C:\Users\yys\Desktop\风机\wind-fault-detection-platform\datasets\wind_blade_defect_v05_conservative\images\train\crack_783.jpg,C:\Users\yys\Desktop\风机\wind-fault-detection-platform\datasets\wind_blade_defect_v05_conservative\labels\train\crack_783.txt,1,512,512,297,118,317,262,259,68,355,312,0.01098619,7.2001,datasets\msf_shape_mask_candidates\crops\crack\00059_crack_crack_783_l1.jpg,datasets\msf_shape_mask_candidates\masks_rect\crack\00059_crack_crack_783_l1.png,datasets\msf_shape_mask_candidates\masks_grabcut\crack\00059_crack_crack_783_l1.png,datasets\msf_shape_mask_candidates\overlays\crack\00059_crack_crack_783_l1.jpg,pending,
00060_crack_crack_839_l3,train,0,crack,12.00,priority_class;small_target;thin_or_long_crack,C:\Users\yys\Desktop\风机\wind-fault-detection-platform\datasets\wind_blade_defect_v05_conservative\images\train\crack_839.jpg,C:\Users\yys\Desktop\风机\wind-fault-detection-platform\datasets\wind_blade_defect_v05_conservative\labels\train\crack_839.txt,3,512,512,243,273,350,282,206,230,387,325,0.00367352,11.8890,datasets\msf_shape_mask_candidates\crops\crack\00060_crack_crack_839_l3.jpg,datasets\msf_shape_mask_candidates\masks_rect\crack\00060_crack_crack_839_l3.png,datasets\msf_shape_mask_candidates\masks_grabcut\crack\00060_crack_crack_839_l3.png,datasets\msf_shape_mask_candidates\overlays\crack\00060_crack_crack_839_l3.jpg,pending,
00061_crack_crack_887_l1,train,0,crack,12.00,priority_class;small_target;thin_or_long_crack,C:\Users\yys\Desktop\风机\wind-fault-detection-platform\datasets\wind_blade_defect_v05_conservative\images\train\crack_887.jpg,C:\Users\yys\Desktop\风机\wind-fault-detection-platform\datasets\wind_blade_defect_v05_conservative\labels\train\crack_887.txt,1,512,512,36,303,53,402,0,268,92,437,0.00642010,5.8235,datasets\msf_shape_mask_candidates\crops\crack\00061_crack_crack_887_l1.jpg,datasets\msf_shape_mask_candidates\masks_rect\crack\00061_crack_crack_887_l1.png,datasets\msf_shape_mask_candidates\masks_grabcut\crack\00061_crack_crack_887_l1.png,datasets\msf_shape_mask_candidates\overlays\crack\00061_crack_crack_887_l1.jpg,pending,
00062_crack_crack_897_l1,train,0,crack,12.00,priority_class;small_target;thin_or_long_crack,C:\Users\yys\Desktop\风机\wind-fault-detection-platform\datasets\wind_blade_defect_v05_conservative\images\train\crack_897.jpg,C:\Users\yys\Desktop\风机\wind-fault-detection-platform\datasets\wind_blade_defect_v05_conservative\labels\train\crack_897.txt,1,512,512,214,330,224,511,171,267,267,512,0.00690452,18.1003,datasets\msf_shape_mask_candidates\crops\crack\00062_crack_crack_897_l1.jpg,datasets\msf_shape_mask_candidates\masks_rect\crack\00062_crack_crack_897_l1.png,datasets\msf_shape_mask_candidates\masks_grabcut\crack\00062_crack_crack_897_l1.png,datasets\msf_shape_mask_candidates\overlays\crack\00062_crack_crack_897_l1.jpg,pending,
00063_crack_crack_981_l1,train,0,crack,12.00,priority_class;small_target;thin_or_long_crack,C:\Users\yys\Desktop\风机\wind-fault-detection-platform\datasets\wind_blade_defect_v05_conservative\images\train\crack_981.jpg,C:\Users\yys\Desktop\风机\wind-fault-detection-platform\datasets\wind_blade_defect_v05_conservative\labels\train\crack_981.txt,1,512,512,185,395,204,467,147,370,242,492,0.00521845,3.7895,datasets\msf_shape_mask_candidates\crops\crack\00063_crack_crack_981_l1.jpg,datasets\msf_shape_mask_candidates\masks_rect\crack\00063_crack_crack_981_l1.png,datasets\msf_shape_mask_candidates\masks_grabcut\crack\00063_crack_crack_981_l1.png,datasets\msf_shape_mask_candidates\overlays\crack\00063_crack_crack_981_l1.jpg,pending,
00064_crack_crack_995_l1,train,0,crack,12.00,priority_class;small_target;thin_or_long_crack,C:\Users\yys\Desktop\风机\wind-fault-detection-platform\datasets\wind_blade_defect_v05_conservative\images\train\crack_995.jpg,C:\Users\yys\Desktop\风机\wind-fault-detection-platform\datasets\wind_blade_defect_v05_conservative\labels\train\crack_995.txt,1,512,512,185,391,203,465,146,365,242,491,0.00508113,4.1111,datasets\msf_shape_mask_candidates\crops\crack\00064_crack_crack_995_l1.jpg,datasets\msf_shape_mask_candidates\masks_rect\crack\00064_crack_crack_995_l1.png,datasets\msf_shape_mask_candidates\masks_grabcut\crack\00064_crack_crack_995_l1.png,datasets\msf_shape_mask_candidates\overlays\crack\00064_crack_crack_995_l1.jpg,pending,
00065_crack_focus_v02_1_crack_68_l1,train,0,crack,12.00,priority_class;small_target;thin_or_long_crack,C:\Users\yys\Desktop\风机\wind-fault-detection-platform\datasets\wind_blade_defect_v05_conservative\images\train\focus_v02_1_crack_68.jpg,C:\Users\yys\Desktop\风机\wind-fault-detection-platform\datasets\wind_blade_defect_v05_conservative\labels\train\focus_v02_1_crack_68.txt,1,333,679,160,566,177,678,121,527,216,679,0.00842076,3.2310,datasets\msf_shape_mask_candidates\crops\crack\00065_crack_focus_v02_1_crack_68_l1.jpg,datasets\msf_shape_mask_candidates\masks_rect\crack\00065_crack_focus_v02_1_crack_68_l1.png,datasets\msf_shape_mask_candidates\masks_grabcut\crack\00065_crack_focus_v02_1_crack_68_l1.png,datasets\msf_shape_mask_candidates\overlays\crack\00065_crack_focus_v02_1_crack_68_l1.jpg,pending,
00066_crack_focus_v02_2_crack_68_l1,train,0,crack,12.00,priority_class;small_target;thin_or_long_crack,C:\Users\yys\Desktop\风机\wind-fault-detection-platform\datasets\wind_blade_defect_v05_conservative\images\train\focus_v02_2_crack_68.jpg,C:\Users\yys\Desktop\风机\wind-fault-detection-platform\datasets\wind_blade_defect_v05_conservative\labels\train\focus_v02_2_crack_68.txt,1,333,679,160,566,177,678,121,527,216,679,0.00842076,3.2310,datasets\msf_shape_mask_candidates\crops\crack\00066_crack_focus_v02_2_crack_68_l1.jpg,datasets\msf_shape_mask_candidates\masks_rect\crack\00066_crack_focus_v02_2_crack_68_l1.png,datasets\msf_shape_mask_candidates\masks_grabcut\crack\00066_crack_focus_v02_2_crack_68_l1.png,datasets\msf_shape_mask_candidates\overlays\crack\00066_crack_focus_v02_2_crack_68_l1.jpg,pending,
00067_crack_focus_v02_3_crack_68_l1,train,0,crack,12.00,priority_class;small_target;thin_or_long_crack,C:\Users\yys\Desktop\风机\wind-fault-detection-platform\datasets\wind_blade_defect_v05_conservative\images\train\focus_v02_3_crack_68.jpg,C:\Users\yys\Desktop\风机\wind-fault-detection-platform\datasets\wind_blade_defect_v05_conservative\labels\train\focus_v02_3_crack_68.txt,1,333,679,160,566,177,678,121,527,216,679,0.00842076,3.2310,datasets\msf_shape_mask_candidates\crops\crack\00067_crack_focus_v02_3_crack_68_l1.jpg,datasets\msf_shape_mask_candidates\masks_rect\crack\00067_crack_focus_v02_3_crack_68_l1.png,datasets\msf_shape_mask_candidates\masks_grabcut\crack\00067_crack_focus_v02_3_crack_68_l1.png,datasets\msf_shape_mask_candidates\overlays\crack\00067_crack_focus_v02_3_crack_68_l1.jpg,pending,
00068_crack_hardcase_missed_crack_397_l2,train,0,crack,12.00,priority_class;medium_small_target;thin_or_long_crack;source_missed,C:\Users\yys\Desktop\风机\wind-fault-detection-platform\datasets\wind_blade_defect_v05_conservative\images\train\hardcase_missed_crack_397.jpg,C:\Users\yys\Desktop\风机\wind-fault-detection-platform\datasets\wind_blade_defect_v05_conservative\labels\train\hardcase_missed_crack_397.txt,2,512,512,55,226,200,263,4,197,251,292,0.02046595,3.9189,datasets\msf_shape_mask_candidates\crops\crack\00068_crack_hardcase_missed_crack_397_l2.jpg,datasets\msf_shape_mask_candidates\masks_rect\crack\00068_crack_hardcase_missed_crack_397_l2.png,datasets\msf_shape_mask_candidates\masks_grabcut\crack\00068_crack_hardcase_missed_crack_397_l2.png,datasets\msf_shape_mask_candidates\overlays\crack\00068_crack_hardcase_missed_crack_397_l2.jpg,pending,
00069_crack_hardcase_missed_crack_411_l2,train,0,crack,12.00,priority_class;medium_small_target;thin_or_long_crack;source_missed,C:\Users\yys\Desktop\风机\wind-fault-detection-platform\datasets\wind_blade_defect_v05_conservative\images\train\hardcase_missed_crack_411.jpg,C:\Users\yys\Desktop\风机\wind-fault-detection-platform\datasets\wind_blade_defect_v05_conservative\labels\train\hardcase_missed_crack_411.txt,2,512,512,76,397,109,511,45,357,140,512,0.01435085,3.4545,datasets\msf_shape_mask_candidates\crops\crack\00069_crack_hardcase_missed_crack_411_l2.jpg,datasets\msf_shape_mask_candidates\masks_rect\crack\00069_crack_hardcase_missed_crack_411_l2.png,datasets\msf_shape_mask_candidates\masks_grabcut\crack\00069_crack_hardcase_missed_crack_411_l2.png,datasets\msf_shape_mask_candidates\overlays\crack\00069_crack_hardcase_missed_crack_411_l2.jpg,pending,
00070_crack_hardcase_missed_crack_533_l1,train,0,crack,12.00,priority_class;medium_small_target;thin_or_long_crack;source_missed,C:\Users\yys\Desktop\风机\wind-fault-detection-platform\datasets\wind_blade_defect_v05_conservative\images\train\hardcase_missed_crack_533.jpg,C:\Users\yys\Desktop\风机\wind-fault-detection-platform\datasets\wind_blade_defect_v05_conservative\labels\train\hardcase_missed_crack_533.txt,1,512,512,316,250,339,511,280,159,375,512,0.02314116,11.2065,datasets\msf_shape_mask_candidates\crops\crack\00070_crack_hardcase_missed_crack_533_l1.jpg,datasets\msf_shape_mask_candidates\masks_rect\crack\00070_crack_hardcase_missed_crack_533_l1.png,datasets\msf_shape_mask_candidates\masks_grabcut\crack\00070_crack_hardcase_missed_crack_533_l1.png,datasets\msf_shape_mask_candidates\overlays\crack\00070_crack_hardcase_missed_crack_533_l1.jpg,pending,
00071_crack_roboflow_wind_turbine_blades_test_148_jpg_rf_38a603df52839efbe6182f4ec05fe093_l1,train,0,crack,12.00,priority_class;small_target;thin_or_long_crack,C:\Users\yys\Desktop\风机\wind-fault-detection-platform\datasets\wind_blade_defect_v05_conservative\images\train\roboflow_wind_turbine_blades_test_148_jpg_rf_38a603df52839efbe6182f4ec05fe093.jpg,C:\Users\yys\Desktop\风机\wind-fault-detection-platform\datasets\wind_blade_defect_v05_conservative\labels\train\roboflow_wind_turbine_blades_test_148_jpg_rf_38a603df52839efbe6182f4ec05fe093.txt,1,640,640,170,637,505,640,53,591,622,640,0.00411138,66.5153,datasets\msf_shape_mask_candidates\crops\crack\00071_crack_roboflow_wind_turbine_blades_test_148_jpg_rf_38a603df52839efbe6182f4ec05fe093_l1.jpg,datasets\msf_shape_mask_candidates\masks_rect\crack\00071_crack_roboflow_wind_turbine_blades_test_148_jpg_rf_38a603df52839efbe6182f4ec05fe093_l1.png,datasets\msf_shape_mask_candidates\masks_grabcut\crack\00071_crack_roboflow_wind_turbine_blades_test_148_jpg_rf_38a603df52839efbe6182f4ec05fe093_l1.png,datasets\msf_shape_mask_candidates\overlays\crack\00071_crack_roboflow_wind_turbine_blades_test_148_jpg_rf_38a603df52839efbe6182f4ec05fe093_l1.jpg,pending,
00072_crack_roboflow_wind_turbine_blades_test_148_jpg_rf_d1a0334752aed8bd046106f4f70efc77_l1,train,0,crack,12.00,priority_class;small_target;thin_or_long_crack,C:\Users\yys\Desktop\风机\wind-fault-detection-platform\datasets\wind_blade_defect_v05_conservative\images\train\roboflow_wind_turbine_blades_test_148_jpg_rf_d1a0334752aed8bd046106f4f70efc77.jpg,C:\Users\yys\Desktop\风机\wind-fault-detection-platform\datasets\wind_blade_defect_v05_conservative\labels\train\roboflow_wind_turbine_blades_test_148_jpg_rf_d1a0334752aed8bd046106f4f70efc77.txt,1,640,640,170,637,505,640,53,591,622,640,0.00411063,66.5032,datasets\msf_shape_mask_candidates\crops\crack\00072_crack_roboflow_wind_turbine_blades_test_148_jpg_rf_d1a0334752aed8bd046106f4f70efc77_l1.jpg,datasets\msf_shape_mask_candidates\masks_rect\crack\00072_crack_roboflow_wind_turbine_blades_test_148_jpg_rf_d1a0334752aed8bd046106f4f70efc77_l1.png,datasets\msf_shape_mask_candidates\masks_grabcut\crack\00072_crack_roboflow_wind_turbine_blades_test_148_jpg_rf_d1a0334752aed8bd046106f4f70efc77_l1.png,datasets\msf_shape_mask_candidates\overlays\crack\00072_crack_roboflow_wind_turbine_blades_test_148_jpg_rf_d1a0334752aed8bd046106f4f70efc77_l1.jpg,pending,
00073_crack_roboflow_wind_turbine_blades_test_15_jpg_rf_05894adb1eefc8d6d3d1f22580f11629_l1,train,0,crack,12.00,priority_class;small_target;thin_or_long_crack,C:\Users\yys\Desktop\风机\wind-fault-detection-platform\datasets\wind_blade_defect_v05_conservative\images\train\roboflow_wind_turbine_blades_test_15_jpg_rf_05894adb1eefc8d6d3d1f22580f11629.jpg,C:\Users\yys\Desktop\风机\wind-fault-detection-platform\datasets\wind_blade_defect_v05_conservative\labels\train\roboflow_wind_turbine_blades_test_15_jpg_rf_05894adb1eefc8d6d3d1f22580f11629.txt,1,640,640,372,122,381,356,329,40,424,438,0.00514142,26.0009,datasets\msf_shape_mask_candidates\crops\crack\00073_crack_roboflow_wind_turbine_blades_test_15_jpg_rf_05894adb1eefc8d6d3d1f22580f11629_l1.jpg,datasets\msf_shape_mask_candidates\masks_rect\crack\00073_crack_roboflow_wind_turbine_blades_test_15_jpg_rf_05894adb1eefc8d6d3d1f22580f11629_l1.png,datasets\msf_shape_mask_candidates\masks_grabcut\crack\00073_crack_roboflow_wind_turbine_blades_test_15_jpg_rf_05894adb1eefc8d6d3d1f22580f11629_l1.png,datasets\msf_shape_mask_candidates\overlays\crack\00073_crack_roboflow_wind_turbine_blades_test_15_jpg_rf_05894adb1eefc8d6d3d1f22580f11629_l1.jpg,pending,
00074_crack_roboflow_wind_turbine_blades_test_16_jpg_rf_05c22ab82f782256b0f4ac665094239b_l1,train,0,crack,12.00,priority_class;small_target;thin_or_long_crack,C:\Users\yys\Desktop\风机\wind-fault-detection-platform\datasets\wind_blade_defect_v05_conservative\images\train\roboflow_wind_turbine_blades_test_16_jpg_rf_05c22ab82f782256b0f4ac665094239b.jpg,C:\Users\yys\Desktop\风机\wind-fault-detection-platform\datasets\wind_blade_defect_v05_conservative\labels\train\roboflow_wind_turbine_blades_test_16_jpg_rf_05c22ab82f782256b0f4ac665094239b.txt,1,640,640,383,138,386,407,337,44,432,501,0.00180608,97.8155,datasets\msf_shape_mask_candidates\crops\crack\00074_crack_roboflow_wind_turbine_blades_test_16_jpg_rf_05c22ab82f782256b0f4ac665094239b_l1.jpg,datasets\msf_shape_mask_candidates\masks_rect\crack\00074_crack_roboflow_wind_turbine_blades_test_16_jpg_rf_05c22ab82f782256b0f4ac665094239b_l1.png,datasets\msf_shape_mask_candidates\masks_grabcut\crack\00074_crack_roboflow_wind_turbine_blades_test_16_jpg_rf_05c22ab82f782256b0f4ac665094239b_l1.png,datasets\msf_shape_mask_candidates\overlays\crack\00074_crack_roboflow_wind_turbine_blades_test_16_jpg_rf_05c22ab82f782256b0f4ac665094239b_l1.jpg,pending,
00075_crack_roboflow_wind_turbine_blades_test_19_jpg_rf_c07b73e15857eacb5b7575530dcb8cd0_l1,train,0,crack,12.00,priority_class;small_target;thin_or_long_crack,C:\Users\yys\Desktop\风机\wind-fault-detection-platform\datasets\wind_blade_defect_v05_conservative\images\train\roboflow_wind_turbine_blades_test_19_jpg_rf_c07b73e15857eacb5b7575530dcb8cd0.jpg,C:\Users\yys\Desktop\风机\wind-fault-detection-platform\datasets\wind_blade_defect_v05_conservative\labels\train\roboflow_wind_turbine_blades_test_19_jpg_rf_c07b73e15857eacb5b7575530dcb8cd0.txt,1,640,640,377,153,388,443,335,51,430,545,0.00814923,25.2388,datasets\msf_shape_mask_candidates\crops\crack\00075_crack_roboflow_wind_turbine_blades_test_19_jpg_rf_c07b73e15857eacb5b7575530dcb8cd0_l1.jpg,datasets\msf_shape_mask_candidates\masks_rect\crack\00075_crack_roboflow_wind_turbine_blades_test_19_jpg_rf_c07b73e15857eacb5b7575530dcb8cd0_l1.png,datasets\msf_shape_mask_candidates\masks_grabcut\crack\00075_crack_roboflow_wind_turbine_blades_test_19_jpg_rf_c07b73e15857eacb5b7575530dcb8cd0_l1.png,datasets\msf_shape_mask_candidates\overlays\crack\00075_crack_roboflow_wind_turbine_blades_test_19_jpg_rf_c07b73e15857eacb5b7575530dcb8cd0_l1.jpg,pending,
00076_crack_roboflow_wind_turbine_blades_test_25_jpg_rf_0ca95c38e1314bfc93094b4de6ea4530_l1,train,0,crack,12.00,priority_class;small_target;thin_or_long_crack,C:\Users\yys\Desktop\风机\wind-fault-detection-platform\datasets\wind_blade_defect_v05_conservative\images\train\roboflow_wind_turbine_blades_test_25_jpg_rf_0ca95c38e1314bfc93094b4de6ea4530.jpg,C:\Users\yys\Desktop\风机\wind-fault-detection-platform\datasets\wind_blade_defect_v05_conservative\labels\train\roboflow_wind_turbine_blades_test_25_jpg_rf_0ca95c38e1314bfc93094b4de6ea4530.txt,1,640,640,386,96,391,445,341,0,436,567,0.00447320,66.4773,datasets\msf_shape_mask_candidates\crops\crack\00076_crack_roboflow_wind_turbine_blades_test_25_jpg_rf_0ca95c38e1314bfc93094b4de6ea4530_l1.jpg,datasets\msf_shape_mask_candidates\masks_rect\crack\00076_crack_roboflow_wind_turbine_blades_test_25_jpg_rf_0ca95c38e1314bfc93094b4de6ea4530_l1.png,datasets\msf_shape_mask_candidates\masks_grabcut\crack\00076_crack_roboflow_wind_turbine_blades_test_25_jpg_rf_0ca95c38e1314bfc93094b4de6ea4530_l1.png,datasets\msf_shape_mask_candidates\overlays\crack\00076_crack_roboflow_wind_turbine_blades_test_25_jpg_rf_0ca95c38e1314bfc93094b4de6ea4530_l1.jpg,pending,
00077_crack_roboflow_wind_turbine_blades_test_26_jpg_rf_64a68aef29fdb4938947461fc95210f9_l1,train,0,crack,12.00,priority_class;small_target;thin_or_long_crack,C:\Users\yys\Desktop\风机\wind-fault-detection-platform\datasets\wind_blade_defect_v05_conservative\images\train\roboflow_wind_turbine_blades_test_26_jpg_rf_64a68aef29fdb4938947461fc95210f9.jpg,C:\Users\yys\Desktop\风机\wind-fault-detection-platform\datasets\wind_blade_defect_v05_conservative\labels\train\roboflow_wind_turbine_blades_test_26_jpg_rf_64a68aef29fdb4938947461fc95210f9.txt,1,640,640,161,638,485,640,48,591,598,640,0.00245140,104.5166,datasets\msf_shape_mask_candidates\crops\crack\00077_crack_roboflow_wind_turbine_blades_test_26_jpg_rf_64a68aef29fdb4938947461fc95210f9_l1.jpg,datasets\msf_shape_mask_candidates\masks_rect\crack\00077_crack_roboflow_wind_turbine_blades_test_26_jpg_rf_64a68aef29fdb4938947461fc95210f9_l1.png,datasets\msf_shape_mask_candidates\masks_grabcut\crack\00077_crack_roboflow_wind_turbine_blades_test_26_jpg_rf_64a68aef29fdb4938947461fc95210f9_l1.png,datasets\msf_shape_mask_candidates\overlays\crack\00077_crack_roboflow_wind_turbine_blades_test_26_jpg_rf_64a68aef29fdb4938947461fc95210f9_l1.jpg,pending,
00078_crack_roboflow_wind_turbine_blades_test_35_jpg_rf_ecdfe4f0633435c9f379e82333304eef_l2,train,0,crack,12.00,priority_class;small_target;thin_or_long_crack,C:\Users\yys\Desktop\风机\wind-fault-detection-platform\datasets\wind_blade_defect_v05_conservative\images\train\roboflow_wind_turbine_blades_test_35_jpg_rf_ecdfe4f0633435c9f379e82333304eef.jpg,C:\Users\yys\Desktop\风机\wind-fault-detection-platform\datasets\wind_blade_defect_v05_conservative\labels\train\roboflow_wind_turbine_blades_test_35_jpg_rf_ecdfe4f0633435c9f379e82333304eef.txt,2,640,640,189,1,522,3,72,0,639,50,0.00121870,221.8097,datasets\msf_shape_mask_candidates\crops\crack\00078_crack_roboflow_wind_turbine_blades_test_35_jpg_rf_ecdfe4f0633435c9f379e82333304eef_l2.jpg,datasets\msf_shape_mask_candidates\masks_rect\crack\00078_crack_roboflow_wind_turbine_blades_test_35_jpg_rf_ecdfe4f0633435c9f379e82333304eef_l2.png,datasets\msf_shape_mask_candidates\masks_grabcut\crack\00078_crack_roboflow_wind_turbine_blades_test_35_jpg_rf_ecdfe4f0633435c9f379e82333304eef_l2.png,datasets\msf_shape_mask_candidates\overlays\crack\00078_crack_roboflow_wind_turbine_blades_test_35_jpg_rf_ecdfe4f0633435c9f379e82333304eef_l2.jpg,pending,
00079_crack_roboflow_wind_turbine_blades_test_36_jpg_rf_0cd2c44c2e6119f13e20cff67f04d127_l1,train,0,crack,12.00,priority_class;small_target;thin_or_long_crack,C:\Users\yys\Desktop\风机\wind-fault-detection-platform\datasets\wind_blade_defect_v05_conservative\images\train\roboflow_wind_turbine_blades_test_36_jpg_rf_0cd2c44c2e6119f13e20cff67f04d127.jpg,C:\Users\yys\Desktop\风机\wind-fault-detection-platform\datasets\wind_blade_defect_v05_conservative\labels\train\roboflow_wind_turbine_blades_test_36_jpg_rf_0cd2c44c2e6119f13e20cff67f04d127.txt,1,640,640,631,119,635,425,585,12,640,532,0.00298096,76.3125,datasets\msf_shape_mask_candidates\crops\crack\00079_crack_roboflow_wind_turbine_blades_test_36_jpg_rf_0cd2c44c2e6119f13e20cff67f04d127_l1.jpg,datasets\msf_shape_mask_candidates\masks_rect\crack\00079_crack_roboflow_wind_turbine_blades_test_36_jpg_rf_0cd2c44c2e6119f13e20cff67f04d127_l1.png,datasets\msf_shape_mask_candidates\masks_grabcut\crack\00079_crack_roboflow_wind_turbine_blades_test_36_jpg_rf_0cd2c44c2e6119f13e20cff67f04d127_l1.png,datasets\msf_shape_mask_candidates\overlays\crack\00079_crack_roboflow_wind_turbine_blades_test_36_jpg_rf_0cd2c44c2e6119f13e20cff67f04d127_l1.jpg,pending,
00080_crack_roboflow_wind_turbine_blades_test_36_jpg_rf_47641d86ca5f5352846567c75afd2c3f_l2,train,0,crack,12.00,priority_class;small_target;thin_or_long_crack,C:\Users\yys\Desktop\风机\wind-fault-detection-platform\datasets\wind_blade_defect_v05_conservative\images\train\roboflow_wind_turbine_blades_test_36_jpg_rf_47641d86ca5f5352846567c75afd2c3f.jpg,C:\Users\yys\Desktop\风机\wind-fault-detection-platform\datasets\wind_blade_defect_v05_conservative\labels\train\roboflow_wind_turbine_blades_test_36_jpg_rf_47641d86ca5f5352846567c75afd2c3f.txt,2,640,640,169,638,506,640,51,591,624,640,0.00332294,83.7488,datasets\msf_shape_mask_candidates\crops\crack\00080_crack_roboflow_wind_turbine_blades_test_36_jpg_rf_47641d86ca5f5352846567c75afd2c3f_l2.jpg,datasets\msf_shape_mask_candidates\masks_rect\crack\00080_crack_roboflow_wind_turbine_blades_test_36_jpg_rf_47641d86ca5f5352846567c75afd2c3f_l2.png,datasets\msf_shape_mask_candidates\masks_grabcut\crack\00080_crack_roboflow_wind_turbine_blades_test_36_jpg_rf_47641d86ca5f5352846567c75afd2c3f_l2.png,datasets\msf_shape_mask_candidates\overlays\crack\00080_crack_roboflow_wind_turbine_blades_test_36_jpg_rf_47641d86ca5f5352846567c75afd2c3f_l2.jpg,pending,
00081_crack_roboflow_wind_turbine_blades_test_39_jpg_rf_d880b6b4fe1ec277397afaeadf8b8ba4_l2,train,0,crack,12.00,priority_class;small_target;thin_or_long_crack,C:\Users\yys\Desktop\风机\wind-fault-detection-platform\datasets\wind_blade_defect_v05_conservative\images\train\roboflow_wind_turbine_blades_test_39_jpg_rf_d880b6b4fe1ec277397afaeadf8b8ba4.jpg,C:\Users\yys\Desktop\风机\wind-fault-detection-platform\datasets\wind_blade_defect_v05_conservative\labels\train\roboflow_wind_turbine_blades_test_39_jpg_rf_d880b6b4fe1ec277397afaeadf8b8ba4.txt,2,640,640,165,2,455,4,63,0,557,51,0.00194876,105.5425,datasets\msf_shape_mask_candidates\crops\crack\00081_crack_roboflow_wind_turbine_blades_test_39_jpg_rf_d880b6b4fe1ec277397afaeadf8b8ba4_l2.jpg,datasets\msf_shape_mask_candidates\masks_rect\crack\00081_crack_roboflow_wind_turbine_blades_test_39_jpg_rf_d880b6b4fe1ec277397afaeadf8b8ba4_l2.png,datasets\msf_shape_mask_candidates\masks_grabcut\crack\00081_crack_roboflow_wind_turbine_blades_test_39_jpg_rf_d880b6b4fe1ec277397afaeadf8b8ba4_l2.png,datasets\msf_shape_mask_candidates\overlays\crack\00081_crack_roboflow_wind_turbine_blades_test_39_jpg_rf_d880b6b4fe1ec277397afaeadf8b8ba4_l2.jpg,pending,
00082_crack_roboflow_wind_turbine_blades_test_70_jpg_rf_abe9ef42f362d24d67a3b0749bb15742_l1,train,0,crack,12.00,priority_class;small_target;thin_or_long_crack,C:\Users\yys\Desktop\风机\wind-fault-detection-platform\datasets\wind_blade_defect_v05_conservative\images\train\roboflow_wind_turbine_blades_test_70_jpg_rf_abe9ef42f362d24d67a3b0749bb15742.jpg,C:\Users\yys\Desktop\风机\wind-fault-detection-platform\datasets\wind_blade_defect_v05_conservative\labels\train\roboflow_wind_turbine_blades_test_70_jpg_rf_abe9ef42f362d24d67a3b0749bb15742.txt,1,640,640,163,2,356,8,95,0,424,53,0.00247051,36.7149,datasets\msf_shape_mask_candidates\crops\crack\00082_crack_roboflow_wind_turbine_blades_test_70_jpg_rf_abe9ef42f362d24d67a3b0749bb15742_l1.jpg,datasets\msf_shape_mask_candidates\masks_rect\crack\00082_crack_roboflow_wind_turbine_blades_test_70_jpg_rf_abe9ef42f362d24d67a3b0749bb15742_l1.png,datasets\msf_shape_mask_candidates\masks_grabcut\crack\00082_crack_roboflow_wind_turbine_blades_test_70_jpg_rf_abe9ef42f362d24d67a3b0749bb15742_l1.png,datasets\msf_shape_mask_candidates\overlays\crack\00082_crack_roboflow_wind_turbine_blades_test_70_jpg_rf_abe9ef42f362d24d67a3b0749bb15742_l1.jpg,pending,
00083_crack_roboflow_wind_turbine_blades_test_73_jpg_rf_4a55d37fb30d015105bad598d8d37d40_l1,train,0,crack,12.00,priority_class;small_target;thin_or_long_crack,C:\Users\yys\Desktop\风机\wind-fault-detection-platform\datasets\wind_blade_defect_v05_conservative\images\train\roboflow_wind_turbine_blades_test_73_jpg_rf_4a55d37fb30d015105bad598d8d37d40.jpg,C:\Users\yys\Desktop\风机\wind-fault-detection-platform\datasets\wind_blade_defect_v05_conservative\labels\train\roboflow_wind_turbine_blades_test_73_jpg_rf_4a55d37fb30d015105bad598d8d37d40.txt,1,640,640,148,6,444,9,44,0,548,55,0.00225839,94.7164,datasets\msf_shape_mask_candidates\crops\crack\00083_crack_roboflow_wind_turbine_blades_test_73_jpg_rf_4a55d37fb30d015105bad598d8d37d40_l1.jpg,datasets\msf_shape_mask_candidates\masks_rect\crack\00083_crack_roboflow_wind_turbine_blades_test_73_jpg_rf_4a55d37fb30d015105bad598d8d37d40_l1.png,datasets\msf_shape_mask_candidates\masks_grabcut\crack\00083_crack_roboflow_wind_turbine_blades_test_73_jpg_rf_4a55d37fb30d015105bad598d8d37d40_l1.png,datasets\msf_shape_mask_candidates\overlays\crack\00083_crack_roboflow_wind_turbine_blades_test_73_jpg_rf_4a55d37fb30d015105bad598d8d37d40_l1.jpg,pending,
00084_crack_roboflow_wind_turbine_blades_test_79_jpg_rf_2e725e696e9d41a703a7b979f6b16530_l1,train,0,crack,12.00,priority_class;small_target;thin_or_long_crack,C:\Users\yys\Desktop\风机\wind-fault-detection-platform\datasets\wind_blade_defect_v05_conservative\images\train\roboflow_wind_turbine_blades_test_79_jpg_rf_2e725e696e9d41a703a7b979f6b16530.jpg,C:\Users\yys\Desktop\风机\wind-fault-detection-platform\datasets\wind_blade_defect_v05_conservative\labels\train\roboflow_wind_turbine_blades_test_79_jpg_rf_2e725e696e9d41a703a7b979f6b16530.txt,1,640,640,88,354,365,360,0,309,462,405,0.00344489,54.2597,datasets\msf_shape_mask_candidates\crops\crack\00084_crack_roboflow_wind_turbine_blades_test_79_jpg_rf_2e725e696e9d41a703a7b979f6b16530_l1.jpg,datasets\msf_shape_mask_candidates\masks_rect\crack\00084_crack_roboflow_wind_turbine_blades_test_79_jpg_rf_2e725e696e9d41a703a7b979f6b16530_l1.png,datasets\msf_shape_mask_candidates\masks_grabcut\crack\00084_crack_roboflow_wind_turbine_blades_test_79_jpg_rf_2e725e696e9d41a703a7b979f6b16530_l1.png,datasets\msf_shape_mask_candidates\overlays\crack\00084_crack_roboflow_wind_turbine_blades_test_79_jpg_rf_2e725e696e9d41a703a7b979f6b16530_l1.jpg,pending,
00085_crack_roboflow_wind_turbine_blades_test_80_jpg_rf_1520b7dce037fdc0b09060b3be56b57a_l1,train,0,crack,12.00,priority_class;small_target;thin_or_long_crack,C:\Users\yys\Desktop\风机\wind-fault-detection-platform\datasets\wind_blade_defect_v05_conservative\images\train\roboflow_wind_turbine_blades_test_80_jpg_rf_1520b7dce037fdc0b09060b3be56b57a.jpg,C:\Users\yys\Desktop\风机\wind-fault-detection-platform\datasets\wind_blade_defect_v05_conservative\labels\train\roboflow_wind_turbine_blades_test_80_jpg_rf_1520b7dce037fdc0b09060b3be56b57a.txt,1,640,640,176,3,386,5,102,0,460,52,0.00077004,140.1519,datasets\msf_shape_mask_candidates\crops\crack\00085_crack_roboflow_wind_turbine_blades_test_80_jpg_rf_1520b7dce037fdc0b09060b3be56b57a_l1.jpg,datasets\msf_shape_mask_candidates\masks_rect\crack\00085_crack_roboflow_wind_turbine_blades_test_80_jpg_rf_1520b7dce037fdc0b09060b3be56b57a_l1.png,datasets\msf_shape_mask_candidates\masks_grabcut\crack\00085_crack_roboflow_wind_turbine_blades_test_80_jpg_rf_1520b7dce037fdc0b09060b3be56b57a_l1.png,datasets\msf_shape_mask_candidates\overlays\crack\00085_crack_roboflow_wind_turbine_blades_test_80_jpg_rf_1520b7dce037fdc0b09060b3be56b57a_l1.jpg,pending,
00086_crack_roboflow_wind_turbine_blades_test_83_jpg_rf_798cf9c0369972fa18b9a01677911f63_l1,train,0,crack,12.00,priority_class;small_target;thin_or_long_crack,C:\Users\yys\Desktop\风机\wind-fault-detection-platform\datasets\wind_blade_defect_v05_conservative\images\train\roboflow_wind_turbine_blades_test_83_jpg_rf_798cf9c0369972fa18b9a01677911f63.jpg,C:\Users\yys\Desktop\风机\wind-fault-detection-platform\datasets\wind_blade_defect_v05_conservative\labels\train\roboflow_wind_turbine_blades_test_83_jpg_rf_798cf9c0369972fa18b9a01677911f63.txt,1,640,640,133,173,410,186,36,132,507,227,0.00880772,21.2684,datasets\msf_shape_mask_candidates\crops\crack\00086_crack_roboflow_wind_turbine_blades_test_83_jpg_rf_798cf9c0369972fa18b9a01677911f63_l1.jpg,datasets\msf_shape_mask_candidates\masks_rect\crack\00086_crack_roboflow_wind_turbine_blades_test_83_jpg_rf_798cf9c0369972fa18b9a01677911f63_l1.png,datasets\msf_shape_mask_candidates\masks_grabcut\crack\00086_crack_roboflow_wind_turbine_blades_test_83_jpg_rf_798cf9c0369972fa18b9a01677911f63_l1.png,datasets\msf_shape_mask_candidates\overlays\crack\00086_crack_roboflow_wind_turbine_blades_test_83_jpg_rf_798cf9c0369972fa18b9a01677911f63_l1.jpg,pending,
00087_crack_roboflow_wind_turbine_blades_test_85_jpg_rf_f55004be5cd9045ddfca4a9ddb248929_l1,train,0,crack,12.00,priority_class;small_target;thin_or_long_crack,C:\Users\yys\Desktop\风机\wind-fault-detection-platform\datasets\wind_blade_defect_v05_conservative\images\train\roboflow_wind_turbine_blades_test_85_jpg_rf_f55004be5cd9045ddfca4a9ddb248929.jpg,C:\Users\yys\Desktop\风机\wind-fault-detection-platform\datasets\wind_blade_defect_v05_conservative\labels\train\roboflow_wind_turbine_blades_test_85_jpg_rf_f55004be5cd9045ddfca4a9ddb248929.txt,1,640,640,200,3,353,5,146,0,407,52,0.00055945,101.8225,datasets\msf_shape_mask_candidates\crops\crack\00087_crack_roboflow_wind_turbine_blades_test_85_jpg_rf_f55004be5cd9045ddfca4a9ddb248929_l1.jpg,datasets\msf_shape_mask_candidates\masks_rect\crack\00087_crack_roboflow_wind_turbine_blades_test_85_jpg_rf_f55004be5cd9045ddfca4a9ddb248929_l1.png,datasets\msf_shape_mask_candidates\masks_grabcut\crack\00087_crack_roboflow_wind_turbine_blades_test_85_jpg_rf_f55004be5cd9045ddfca4a9ddb248929_l1.png,datasets\msf_shape_mask_candidates\overlays\crack\00087_crack_roboflow_wind_turbine_blades_test_85_jpg_rf_f55004be5cd9045ddfca4a9ddb248929_l1.jpg,pending,
00088_crack_roboflow_wind_turbine_blades_test_86_jpg_rf_0fe94a652d354e9f561a13aceb5aa45e_l1,train,0,crack,12.00,priority_class;small_target;thin_or_long_crack,C:\Users\yys\Desktop\风机\wind-fault-detection-platform\datasets\wind_blade_defect_v05_conservative\images\train\roboflow_wind_turbine_blades_test_86_jpg_rf_0fe94a652d354e9f561a13aceb5aa45e.jpg,C:\Users\yys\Desktop\风机\wind-fault-detection-platform\datasets\wind_blade_defect_v05_conservative\labels\train\roboflow_wind_turbine_blades_test_86_jpg_rf_0fe94a652d354e9f561a13aceb5aa45e.txt,1,640,640,134,150,395,153,43,104,486,199,0.00193610,86.3184,datasets\msf_shape_mask_candidates\crops\crack\00088_crack_roboflow_wind_turbine_blades_test_86_jpg_rf_0fe94a652d354e9f561a13aceb5aa45e_l1.jpg,datasets\msf_shape_mask_candidates\masks_rect\crack\00088_crack_roboflow_wind_turbine_blades_test_86_jpg_rf_0fe94a652d354e9f561a13aceb5aa45e_l1.png,datasets\msf_shape_mask_candidates\masks_grabcut\crack\00088_crack_roboflow_wind_turbine_blades_test_86_jpg_rf_0fe94a652d354e9f561a13aceb5aa45e_l1.png,datasets\msf_shape_mask_candidates\overlays\crack\00088_crack_roboflow_wind_turbine_blades_test_86_jpg_rf_0fe94a652d354e9f561a13aceb5aa45e_l1.jpg,pending,
00089_crack_roboflow_wind_turbine_blades_test_92_jpg_rf_192b2d89596c75ecb8381df1245ee998_l1,train,0,crack,12.00,priority_class;small_target;thin_or_long_crack,C:\Users\yys\Desktop\风机\wind-fault-detection-platform\datasets\wind_blade_defect_v05_conservative\images\train\roboflow_wind_turbine_blades_test_92_jpg_rf_192b2d89596c75ecb8381df1245ee998.jpg,C:\Users\yys\Desktop\风机\wind-fault-detection-platform\datasets\wind_blade_defect_v05_conservative\labels\train\roboflow_wind_turbine_blades_test_92_jpg_rf_192b2d89596c75ecb8381df1245ee998.txt,1,640,640,135,189,416,194,37,144,514,239,0.00344738,55.7730,datasets\msf_shape_mask_candidates\crops\crack\00089_crack_roboflow_wind_turbine_blades_test_92_jpg_rf_192b2d89596c75ecb8381df1245ee998_l1.jpg,datasets\msf_shape_mask_candidates\masks_rect\crack\00089_crack_roboflow_wind_turbine_blades_test_92_jpg_rf_192b2d89596c75ecb8381df1245ee998_l1.png,datasets\msf_shape_mask_candidates\masks_grabcut\crack\00089_crack_roboflow_wind_turbine_blades_test_92_jpg_rf_192b2d89596c75ecb8381df1245ee998_l1.png,datasets\msf_shape_mask_candidates\overlays\crack\00089_crack_roboflow_wind_turbine_blades_test_92_jpg_rf_192b2d89596c75ecb8381df1245ee998_l1.jpg,pending,
00090_crack_roboflow_wind_turbine_blades_test_transformed23_jpg_rf_9979013c471ea93fafc7dff73910dcd5_l1,train,0,crack,12.00,priority_class;small_target;thin_or_long_crack,C:\Users\yys\Desktop\风机\wind-fault-detection-platform\datasets\wind_blade_defect_v05_conservative\images\train\roboflow_wind_turbine_blades_test_transformed23_jpg_rf_9979013c471ea93fafc7dff73910dcd5.jpg,C:\Users\yys\Desktop\风机\wind-fault-detection-platform\datasets\wind_blade_defect_v05_conservative\labels\train\roboflow_wind_turbine_blades_test_transformed23_jpg_rf_9979013c471ea93fafc7dff73910dcd5.txt,1,640,640,379,188,393,390,338,117,434,461,0.00692993,14.4821,datasets\msf_shape_mask_candidates\crops\crack\00090_crack_roboflow_wind_turbine_blades_test_transformed23_jpg_rf_9979013c471ea93fafc7dff73910dcd5_l1.jpg,datasets\msf_shape_mask_candidates\masks_rect\crack\00090_crack_roboflow_wind_turbine_blades_test_transformed23_jpg_rf_9979013c471ea93fafc7dff73910dcd5_l1.png,datasets\msf_shape_mask_candidates\masks_grabcut\crack\00090_crack_roboflow_wind_turbine_blades_test_transformed23_jpg_rf_9979013c471ea93fafc7dff73910dcd5_l1.png,datasets\msf_shape_mask_candidates\overlays\crack\00090_crack_roboflow_wind_turbine_blades_test_transformed23_jpg_rf_9979013c471ea93fafc7dff73910dcd5_l1.jpg,pending,
00091_crack_roboflow_wind_turbine_blades_test_transformed29_jpg_rf_62ae945510d84c58aa1ce9b34ca85b25_l1,train,0,crack,12.00,priority_class;small_target;thin_or_long_crack,C:\Users\yys\Desktop\风机\wind-fault-detection-platform\datasets\wind_blade_defect_v05_conservative\images\train\roboflow_wind_turbine_blades_test_transformed29_jpg_rf_62ae945510d84c58aa1ce9b34ca85b25.jpg,C:\Users\yys\Desktop\风机\wind-fault-detection-platform\datasets\wind_blade_defect_v05_conservative\labels\train\roboflow_wind_turbine_blades_test_transformed29_jpg_rf_62ae945510d84c58aa1ce9b34ca85b25.txt,1,640,640,392,143,409,411,353,49,448,505,0.01160277,15.0847,datasets\msf_shape_mask_candidates\crops\crack\00091_crack_roboflow_wind_turbine_blades_test_transformed29_jpg_rf_62ae945510d84c58aa1ce9b34ca85b25_l1.jpg,datasets\msf_shape_mask_candidates\masks_rect\crack\00091_crack_roboflow_wind_turbine_blades_test_transformed29_jpg_rf_62ae945510d84c58aa1ce9b34ca85b25_l1.png,datasets\msf_shape_mask_candidates\masks_grabcut\crack\00091_crack_roboflow_wind_turbine_blades_test_transformed29_jpg_rf_62ae945510d84c58aa1ce9b34ca85b25_l1.png,datasets\msf_shape_mask_candidates\overlays\crack\00091_crack_roboflow_wind_turbine_blades_test_transformed29_jpg_rf_62ae945510d84c58aa1ce9b34ca85b25_l1.jpg,pending,
00092_crack_roboflow_wind_turbine_blades_test_transformed33_jpg_rf_625580ed484cf93cec7ee7f479ddd7ba_l1,train,0,crack,12.00,priority_class;small_target;thin_or_long_crack,C:\Users\yys\Desktop\风机\wind-fault-detection-platform\datasets\wind_blade_defect_v05_conservative\images\train\roboflow_wind_turbine_blades_test_transformed33_jpg_rf_625580ed484cf93cec7ee7f479ddd7ba.jpg,C:\Users\yys\Desktop\风机\wind-fault-detection-platform\datasets\wind_blade_defect_v05_conservative\labels\train\roboflow_wind_turbine_blades_test_transformed33_jpg_rf_625580ed484cf93cec7ee7f479ddd7ba.txt,1,640,640,480,163,489,352,437,97,532,418,0.00415269,21.0008,datasets\msf_shape_mask_candidates\crops\crack\00092_crack_roboflow_wind_turbine_blades_test_transformed33_jpg_rf_625580ed484cf93cec7ee7f479ddd7ba_l1.jpg,datasets\msf_shape_mask_candidates\masks_rect\crack\00092_crack_roboflow_wind_turbine_blades_test_transformed33_jpg_rf_625580ed484cf93cec7ee7f479ddd7ba_l1.png,datasets\msf_shape_mask_candidates\masks_grabcut\crack\00092_crack_roboflow_wind_turbine_blades_test_transformed33_jpg_rf_625580ed484cf93cec7ee7f479ddd7ba_l1.png,datasets\msf_shape_mask_candidates\overlays\crack\00092_crack_roboflow_wind_turbine_blades_test_transformed33_jpg_rf_625580ed484cf93cec7ee7f479ddd7ba_l1.jpg,pending,
00093_crack_roboflow_wind_turbine_blades_test_transformed36_jpg_rf_9f317c16c3bbcd96a6693bd04091178a_l3,train,0,crack,12.00,priority_class;small_target;thin_or_long_crack,C:\Users\yys\Desktop\风机\wind-fault-detection-platform\datasets\wind_blade_defect_v05_conservative\images\train\roboflow_wind_turbine_blades_test_transformed36_jpg_rf_9f317c16c3bbcd96a6693bd04091178a.jpg,C:\Users\yys\Desktop\风机\wind-fault-detection-platform\datasets\wind_blade_defect_v05_conservative\labels\train\roboflow_wind_turbine_blades_test_transformed36_jpg_rf_9f317c16c3bbcd96a6693bd04091178a.txt,3,640,640,630,181,640,459,587,84,640,556,0.01034097,18.2132,datasets\msf_shape_mask_candidates\crops\crack\00093_crack_roboflow_wind_turbine_blades_test_transformed36_jpg_rf_9f317c16c3bbcd96a6693bd04091178a_l3.jpg,datasets\msf_shape_mask_candidates\masks_rect\crack\00093_crack_roboflow_wind_turbine_blades_test_transformed36_jpg_rf_9f317c16c3bbcd96a6693bd04091178a_l3.png,datasets\msf_shape_mask_candidates\masks_grabcut\crack\00093_crack_roboflow_wind_turbine_blades_test_transformed36_jpg_rf_9f317c16c3bbcd96a6693bd04091178a_l3.png,datasets\msf_shape_mask_candidates\overlays\crack\00093_crack_roboflow_wind_turbine_blades_test_transformed36_jpg_rf_9f317c16c3bbcd96a6693bd04091178a_l3.jpg,pending,
00094_crack_roboflow_wind_turbine_blades_test_transformed49-Copy_jpg_rf_14c2e97eebf218cc19b0384c2839c1c1_l1,train,0,crack,12.00,priority_class;small_target;thin_or_long_crack,C:\Users\yys\Desktop\风机\wind-fault-detection-platform\datasets\wind_blade_defect_v05_conservative\images\train\roboflow_wind_turbine_blades_test_transformed49-Copy_jpg_rf_14c2e97eebf218cc19b0384c2839c1c1.jpg,C:\Users\yys\Desktop\风机\wind-fault-detection-platform\datasets\wind_blade_defect_v05_conservative\labels\train\roboflow_wind_turbine_blades_test_transformed49-Copy_jpg_rf_14c2e97eebf218cc19b0384c2839c1c1.txt,1,640,640,434,150,441,364,390,75,485,439,0.00404895,27.6138,datasets\msf_shape_mask_candidates\crops\crack\00094_crack_roboflow_wind_turbine_blades_test_transformed49-Copy_jpg_rf_14c2e97eebf218cc19b0384c2839c1c1_l1.jpg,datasets\msf_shape_mask_candidates\masks_rect\crack\00094_crack_roboflow_wind_turbine_blades_test_transformed49-Copy_jpg_rf_14c2e97eebf218cc19b0384c2839c1c1_l1.png,datasets\msf_shape_mask_candidates\masks_grabcut\crack\00094_crack_roboflow_wind_turbine_blades_test_transformed49-Copy_jpg_rf_14c2e97eebf218cc19b0384c2839c1c1_l1.png,datasets\msf_shape_mask_candidates\overlays\crack\00094_crack_roboflow_wind_turbine_blades_test_transformed49-Copy_jpg_rf_14c2e97eebf218cc19b0384c2839c1c1_l1.jpg,pending,
00095_crack_roboflow_wind_turbine_blades_train_100_jpg_rf_21657728b0e6345674801c97eaddaac0_l1,train,0,crack,12.00,priority_class;small_target;thin_or_long_crack,C:\Users\yys\Desktop\风机\wind-fault-detection-platform\datasets\wind_blade_defect_v05_conservative\images\train\roboflow_wind_turbine_blades_train_100_jpg_rf_21657728b0e6345674801c97eaddaac0.jpg,C:\Users\yys\Desktop\风机\wind-fault-detection-platform\datasets\wind_blade_defect_v05_conservative\labels\train\roboflow_wind_turbine_blades_train_100_jpg_rf_21657728b0e6345674801c97eaddaac0.txt,1,640,640,178,1,476,2,74,0,580,49,0.00087897,246.8495,datasets\msf_shape_mask_candidates\crops\crack\00095_crack_roboflow_wind_turbine_blades_train_100_jpg_rf_21657728b0e6345674801c97eaddaac0_l1.jpg,datasets\msf_shape_mask_candidates\masks_rect\crack\00095_crack_roboflow_wind_turbine_blades_train_100_jpg_rf_21657728b0e6345674801c97eaddaac0_l1.png,datasets\msf_shape_mask_candidates\masks_grabcut\crack\00095_crack_roboflow_wind_turbine_blades_train_100_jpg_rf_21657728b0e6345674801c97eaddaac0_l1.png,datasets\msf_shape_mask_candidates\overlays\crack\00095_crack_roboflow_wind_turbine_blades_train_100_jpg_rf_21657728b0e6345674801c97eaddaac0_l1.jpg,pending,
00096_crack_roboflow_wind_turbine_blades_train_10_jpg_rf_f3bb86e8b8164e6c01ccb37c173b1052_l1,train,0,crack,12.00,priority_class;small_target;thin_or_long_crack,C:\Users\yys\Desktop\风机\wind-fault-detection-platform\datasets\wind_blade_defect_v05_conservative\images\train\roboflow_wind_turbine_blades_train_10_jpg_rf_f3bb86e8b8164e6c01ccb37c173b1052.jpg,C:\Users\yys\Desktop\风机\wind-fault-detection-platform\datasets\wind_blade_defect_v05_conservative\labels\train\roboflow_wind_turbine_blades_train_10_jpg_rf_f3bb86e8b8164e6c01ccb37c173b1052.txt,1,640,640,181,639,514,640,64,592,631,640,0.00164908,163.7955,datasets\msf_shape_mask_candidates\crops\crack\00096_crack_roboflow_wind_turbine_blades_train_10_jpg_rf_f3bb86e8b8164e6c01ccb37c173b1052_l1.jpg,datasets\msf_shape_mask_candidates\masks_rect\crack\00096_crack_roboflow_wind_turbine_blades_train_10_jpg_rf_f3bb86e8b8164e6c01ccb37c173b1052_l1.png,datasets\msf_shape_mask_candidates\masks_grabcut\crack\00096_crack_roboflow_wind_turbine_blades_train_10_jpg_rf_f3bb86e8b8164e6c01ccb37c173b1052_l1.png,datasets\msf_shape_mask_candidates\overlays\crack\00096_crack_roboflow_wind_turbine_blades_train_10_jpg_rf_f3bb86e8b8164e6c01ccb37c173b1052_l1.jpg,pending,
00097_crack_roboflow_wind_turbine_blades_train_119_jpg_rf_2847a7300dbfc5ea0e7b74a5152aa263_l2,train,0,crack,12.00,priority_class;small_target;thin_or_long_crack,C:\Users\yys\Desktop\风机\wind-fault-detection-platform\datasets\wind_blade_defect_v05_conservative\images\train\roboflow_wind_turbine_blades_train_119_jpg_rf_2847a7300dbfc5ea0e7b74a5152aa263.jpg,C:\Users\yys\Desktop\风机\wind-fault-detection-platform\datasets\wind_blade_defect_v05_conservative\labels\train\roboflow_wind_turbine_blades_train_119_jpg_rf_2847a7300dbfc5ea0e7b74a5152aa263.txt,2,640,640,180,2,503,4,67,0,616,51,0.00216696,117.3603,datasets\msf_shape_mask_candidates\crops\crack\00097_crack_roboflow_wind_turbine_blades_train_119_jpg_rf_2847a7300dbfc5ea0e7b74a5152aa263_l2.jpg,datasets\msf_shape_mask_candidates\masks_rect\crack\00097_crack_roboflow_wind_turbine_blades_train_119_jpg_rf_2847a7300dbfc5ea0e7b74a5152aa263_l2.png,datasets\msf_shape_mask_candidates\masks_grabcut\crack\00097_crack_roboflow_wind_turbine_blades_train_119_jpg_rf_2847a7300dbfc5ea0e7b74a5152aa263_l2.png,datasets\msf_shape_mask_candidates\overlays\crack\00097_crack_roboflow_wind_turbine_blades_train_119_jpg_rf_2847a7300dbfc5ea0e7b74a5152aa263_l2.jpg,pending,
00098_crack_roboflow_wind_turbine_blades_train_120_jpg_rf_5bf6c604411533acd9de159ba1acfcb6_l2,train,0,crack,12.00,priority_class;small_target;thin_or_long_crack,C:\Users\yys\Desktop\风机\wind-fault-detection-platform\datasets\wind_blade_defect_v05_conservative\images\train\roboflow_wind_turbine_blades_train_120_jpg_rf_5bf6c604411533acd9de159ba1acfcb6.jpg,C:\Users\yys\Desktop\风机\wind-fault-detection-platform\datasets\wind_blade_defect_v05_conservative\labels\train\roboflow_wind_turbine_blades_train_120_jpg_rf_5bf6c604411533acd9de159ba1acfcb6.txt,2,640,640,166,21,498,23,50,0,614,70,0.00171862,156.5801,datasets\msf_shape_mask_candidates\crops\crack\00098_crack_roboflow_wind_turbine_blades_train_120_jpg_rf_5bf6c604411533acd9de159ba1acfcb6_l2.jpg,datasets\msf_shape_mask_candidates\masks_rect\crack\00098_crack_roboflow_wind_turbine_blades_train_120_jpg_rf_5bf6c604411533acd9de159ba1acfcb6_l2.png,datasets\msf_shape_mask_candidates\masks_grabcut\crack\00098_crack_roboflow_wind_turbine_blades_train_120_jpg_rf_5bf6c604411533acd9de159ba1acfcb6_l2.png,datasets\msf_shape_mask_candidates\overlays\crack\00098_crack_roboflow_wind_turbine_blades_train_120_jpg_rf_5bf6c604411533acd9de159ba1acfcb6_l2.jpg,pending,
00099_crack_roboflow_wind_turbine_blades_train_120_jpg_rf_c0bb1d14347193495aadd3c6ec4c1e34_l2,train,0,crack,12.00,priority_class;small_target;thin_or_long_crack,C:\Users\yys\Desktop\风机\wind-fault-detection-platform\datasets\wind_blade_defect_v05_conservative\images\train\roboflow_wind_turbine_blades_train_120_jpg_rf_c0bb1d14347193495aadd3c6ec4c1e34.jpg,C:\Users\yys\Desktop\风机\wind-fault-detection-platform\datasets\wind_blade_defect_v05_conservative\labels\train\roboflow_wind_turbine_blades_train_120_jpg_rf_c0bb1d14347193495aadd3c6ec4c1e34.txt,2,640,640,166,21,498,23,50,0,614,70,0.00171862,156.5801,datasets\msf_shape_mask_candidates\crops\crack\00099_crack_roboflow_wind_turbine_blades_train_120_jpg_rf_c0bb1d14347193495aadd3c6ec4c1e34_l2.jpg,datasets\msf_shape_mask_candidates\masks_rect\crack\00099_crack_roboflow_wind_turbine_blades_train_120_jpg_rf_c0bb1d14347193495aadd3c6ec4c1e34_l2.png,datasets\msf_shape_mask_candidates\masks_grabcut\crack\00099_crack_roboflow_wind_turbine_blades_train_120_jpg_rf_c0bb1d14347193495aadd3c6ec4c1e34_l2.png,datasets\msf_shape_mask_candidates\overlays\crack\00099_crack_roboflow_wind_turbine_blades_train_120_jpg_rf_c0bb1d14347193495aadd3c6ec4c1e34_l2.jpg,pending,
00100_crack_roboflow_wind_turbine_blades_train_148_jpg_rf_737503087764b829881318e703e9defa_l1,train,0,crack,12.00,priority_class;small_target;thin_or_long_crack,C:\Users\yys\Desktop\风机\wind-fault-detection-platform\datasets\wind_blade_defect_v05_conservative\images\train\roboflow_wind_turbine_blades_train_148_jpg_rf_737503087764b829881318e703e9defa.jpg,C:\Users\yys\Desktop\风机\wind-fault-detection-platform\datasets\wind_blade_defect_v05_conservative\labels\train\roboflow_wind_turbine_blades_train_148_jpg_rf_737503087764b829881318e703e9defa.txt,1,640,640,170,637,505,640,53,591,622,640,0.00411138,66.5153,datasets\msf_shape_mask_candidates\crops\crack\00100_crack_roboflow_wind_turbine_blades_train_148_jpg_rf_737503087764b829881318e703e9defa_l1.jpg,datasets\msf_shape_mask_candidates\masks_rect\crack\00100_crack_roboflow_wind_turbine_blades_train_148_jpg_rf_737503087764b829881318e703e9defa_l1.png,datasets\msf_shape_mask_candidates\masks_grabcut\crack\00100_crack_roboflow_wind_turbine_blades_train_148_jpg_rf_737503087764b829881318e703e9defa_l1.png,datasets\msf_shape_mask_candidates\overlays\crack\00100_crack_roboflow_wind_turbine_blades_train_148_jpg_rf_737503087764b829881318e703e9defa_l1.jpg,pending,
00101_crack_roboflow_wind_turbine_blades_train_14_jpg_rf_cd51583a410a95882fbfdd35ab0a2290_l1,train,0,crack,12.00,priority_class;small_target;thin_or_long_crack,C:\Users\yys\Desktop\风机\wind-fault-detection-platform\datasets\wind_blade_defect_v05_conservative\images\train\roboflow_wind_turbine_blades_train_14_jpg_rf_cd51583a410a95882fbfdd35ab0a2290.jpg,C:\Users\yys\Desktop\风机\wind-fault-detection-platform\datasets\wind_blade_defect_v05_conservative\labels\train\roboflow_wind_turbine_blades_train_14_jpg_rf_cd51583a410a95882fbfdd35ab0a2290.txt,1,640,640,378,98,383,466,333,0,428,595,0.00471352,70.0486,datasets\msf_shape_mask_candidates\crops\crack\00101_crack_roboflow_wind_turbine_blades_train_14_jpg_rf_cd51583a410a95882fbfdd35ab0a2290_l1.jpg,datasets\msf_shape_mask_candidates\masks_rect\crack\00101_crack_roboflow_wind_turbine_blades_train_14_jpg_rf_cd51583a410a95882fbfdd35ab0a2290_l1.png,datasets\msf_shape_mask_candidates\masks_grabcut\crack\00101_crack_roboflow_wind_turbine_blades_train_14_jpg_rf_cd51583a410a95882fbfdd35ab0a2290_l1.png,datasets\msf_shape_mask_candidates\overlays\crack\00101_crack_roboflow_wind_turbine_blades_train_14_jpg_rf_cd51583a410a95882fbfdd35ab0a2290_l1.jpg,pending,
00102_crack_roboflow_wind_turbine_blades_train_17_jpg_rf_b3fe3b3b0a85b35d281a0a05cd0c3610_l1,train,0,crack,12.00,priority_class;small_target;thin_or_long_crack,C:\Users\yys\Desktop\风机\wind-fault-detection-platform\datasets\wind_blade_defect_v05_conservative\images\train\roboflow_wind_turbine_blades_train_17_jpg_rf_b3fe3b3b0a85b35d281a0a05cd0c3610.jpg,C:\Users\yys\Desktop\风机\wind-fault-detection-platform\datasets\wind_blade_defect_v05_conservative\labels\train\roboflow_wind_turbine_blades_train_17_jpg_rf_b3fe3b3b0a85b35d281a0a05cd0c3610.txt,1,640,640,362,146,373,435,320,45,415,536,0.00811414,25.1301,datasets\msf_shape_mask_candidates\crops\crack\00102_crack_roboflow_wind_turbine_blades_train_17_jpg_rf_b3fe3b3b0a85b35d281a0a05cd0c3610_l1.jpg,datasets\msf_shape_mask_candidates\masks_rect\crack\00102_crack_roboflow_wind_turbine_blades_train_17_jpg_rf_b3fe3b3b0a85b35d281a0a05cd0c3610_l1.png,datasets\msf_shape_mask_candidates\masks_grabcut\crack\00102_crack_roboflow_wind_turbine_blades_train_17_jpg_rf_b3fe3b3b0a85b35d281a0a05cd0c3610_l1.png,datasets\msf_shape_mask_candidates\overlays\crack\00102_crack_roboflow_wind_turbine_blades_train_17_jpg_rf_b3fe3b3b0a85b35d281a0a05cd0c3610_l1.jpg,pending,
00103_corrosion_blade_24_l1,train,3,corrosion,10.00,priority_class;small_target;spread_corrosion_shape,C:\Users\yys\Desktop\风机\wind-fault-detection-platform\datasets\wind_blade_defect_v05_conservative\images\train\blade_24.jpg,C:\Users\yys\Desktop\风机\wind-fault-detection-platform\datasets\wind_blade_defect_v05_conservative\labels\train\blade_24.txt,1,512,512,0,32,16,81,0,9,56,104,0.00299072,3.0625,datasets\msf_shape_mask_candidates\crops\corrosion\00103_corrosion_blade_24_l1.jpg,datasets\msf_shape_mask_candidates\masks_rect\corrosion\00103_corrosion_blade_24_l1.png,datasets\msf_shape_mask_candidates\masks_grabcut\corrosion\00103_corrosion_blade_24_l1.png,datasets\msf_shape_mask_candidates\overlays\corrosion\00103_corrosion_blade_24_l1.jpg,pending,
00104_corrosion_blade_24_l3,train,3,corrosion,10.00,priority_class;small_target;spread_corrosion_shape,C:\Users\yys\Desktop\风机\wind-fault-detection-platform\datasets\wind_blade_defect_v05_conservative\images\train\blade_24.jpg,C:\Users\yys\Desktop\风机\wind-fault-detection-platform\datasets\wind_blade_defect_v05_conservative\labels\train\blade_24.txt,3,512,512,0,0,10,21,0,0,53,58,0.00080108,2.1000,datasets\msf_shape_mask_candidates\crops\corrosion\00104_corrosion_blade_24_l3.jpg,datasets\msf_shape_mask_candidates\masks_rect\corrosion\00104_corrosion_blade_24_l3.png,datasets\msf_shape_mask_candidates\masks_grabcut\corrosion\00104_corrosion_blade_24_l3.png,datasets\msf_shape_mask_candidates\overlays\corrosion\00104_corrosion_blade_24_l3.jpg,pending,
00105_corrosion_corrosion_101_l2,train,3,corrosion,10.00,priority_class;small_target;spread_corrosion_shape,C:\Users\yys\Desktop\风机\wind-fault-detection-platform\datasets\wind_blade_defect_v05_conservative\images\train\corrosion_101.jpg,C:\Users\yys\Desktop\风机\wind-fault-detection-platform\datasets\wind_blade_defect_v05_conservative\labels\train\corrosion_101.txt,2,512,512,488,116,511,181,452,93,512,204,0.00570298,2.8261,datasets\msf_shape_mask_candidates\crops\corrosion\00105_corrosion_corrosion_101_l2.jpg,datasets\msf_shape_mask_candidates\masks_rect\corrosion\00105_corrosion_corrosion_101_l2.png,datasets\msf_shape_mask_candidates\masks_grabcut\corrosion\00105_corrosion_corrosion_101_l2.png,datasets\msf_shape_mask_candidates\overlays\corrosion\00105_corrosion_corrosion_101_l2.jpg,pending,
00106_corrosion_corrosion_104_l3,train,3,corrosion,10.00,priority_class;small_target;spread_corrosion_shape,C:\Users\yys\Desktop\风机\wind-fault-detection-platform\datasets\wind_blade_defect_v05_conservative\images\train\corrosion_104.jpg,C:\Users\yys\Desktop\风机\wind-fault-detection-platform\datasets\wind_blade_defect_v05_conservative\labels\train\corrosion_104.txt,3,512,512,227,22,299,57,202,0,324,87,0.00961298,2.0572,datasets\msf_shape_mask_candidates\crops\corrosion\00106_corrosion_corrosion_104_l3.jpg,datasets\msf_shape_mask_candidates\masks_rect\corrosion\00106_corrosion_corrosion_104_l3.png,datasets\msf_shape_mask_candidates\masks_grabcut\corrosion\00106_corrosion_corrosion_104_l3.png,datasets\msf_shape_mask_candidates\overlays\corrosion\00106_corrosion_corrosion_104_l3.jpg,pending,
00107_corrosion_corrosion_105_l1,train,3,corrosion,10.00,priority_class;small_target;spread_corrosion_shape,C:\Users\yys\Desktop\风机\wind-fault-detection-platform\datasets\wind_blade_defect_v05_conservative\images\train\corrosion_105.jpg,C:\Users\yys\Desktop\风机\wind-fault-detection-platform\datasets\wind_blade_defect_v05_conservative\labels\train\corrosion_105.txt,1,512,512,503,266,511,333,459,243,512,356,0.00204467,8.3750,datasets\msf_shape_mask_candidates\crops\corrosion\00107_corrosion_corrosion_105_l1.jpg,datasets\msf_shape_mask_candidates\masks_rect\corrosion\00107_corrosion_corrosion_105_l1.png,datasets\msf_shape_mask_candidates\masks_grabcut\corrosion\00107_corrosion_corrosion_105_l1.png,datasets\msf_shape_mask_candidates\overlays\corrosion\00107_corrosion_corrosion_105_l1.jpg,pending,
00108_corrosion_corrosion_105_l2,train,3,corrosion,10.00,priority_class;small_target;spread_corrosion_shape,C:\Users\yys\Desktop\风机\wind-fault-detection-platform\datasets\wind_blade_defect_v05_conservative\images\train\corrosion_105.jpg,C:\Users\yys\Desktop\风机\wind-fault-detection-platform\datasets\wind_blade_defect_v05_conservative\labels\train\corrosion_105.txt,2,512,512,470,12,500,98,437,0,512,128,0.00984198,2.8667,datasets\msf_shape_mask_candidates\crops\corrosion\00108_corrosion_corrosion_105_l2.jpg,datasets\msf_shape_mask_candidates\masks_rect\corrosion\00108_corrosion_corrosion_105_l2.png,datasets\msf_shape_mask_candidates\masks_grabcut\corrosion\00108_corrosion_corrosion_105_l2.png,datasets\msf_shape_mask_candidates\overlays\corrosion\00108_corrosion_corrosion_105_l2.jpg,pending,
00109_corrosion_corrosion_114_l1,train,3,corrosion,10.00,priority_class;small_target;spread_corrosion_shape,C:\Users\yys\Desktop\风机\wind-fault-detection-platform\datasets\wind_blade_defect_v05_conservative\images\train\corrosion_114.jpg,C:\Users\yys\Desktop\风机\wind-fault-detection-platform\datasets\wind_blade_defect_v05_conservative\labels\train\corrosion_114.txt,1,512,512,476,107,511,169,446,85,512,191,0.00827786,1.7714,datasets\msf_shape_mask_candidates\crops\corrosion\00109_corrosion_corrosion_114_l1.jpg,datasets\msf_shape_mask_candidates\masks_rect\corrosion\00109_corrosion_corrosion_114_l1.png,datasets\msf_shape_mask_candidates\masks_grabcut\corrosion\00109_corrosion_corrosion_114_l1.png,datasets\msf_shape_mask_candidates\overlays\corrosion\00109_corrosion_corrosion_114_l1.jpg,pending,
00110_corrosion_corrosion_115_l1,train,3,corrosion,10.00,priority_class;small_target;spread_corrosion_shape,C:\Users\yys\Desktop\风机\wind-fault-detection-platform\datasets\wind_blade_defect_v05_conservative\images\train\corrosion_115.jpg,C:\Users\yys\Desktop\风机\wind-fault-detection-platform\datasets\wind_blade_defect_v05_conservative\labels\train\corrosion_115.txt,1,512,512,464,283,495,339,432,263,512,359,0.00662233,1.8064,datasets\msf_shape_mask_candidates\crops\corrosion\00110_corrosion_corrosion_115_l1.jpg,datasets\msf_shape_mask_candidates\masks_rect\corrosion\00110_corrosion_corrosion_115_l1.png,datasets\msf_shape_mask_candidates\masks_grabcut\corrosion\00110_corrosion_corrosion_115_l1.png,datasets\msf_shape_mask_candidates\overlays\corrosion\00110_corrosion_corrosion_115_l1.jpg,pending,
00111_corrosion_corrosion_115_l2,train,3,corrosion,10.00,priority_class;small_target;spread_corrosion_shape,C:\Users\yys\Desktop\风机\wind-fault-detection-platform\datasets\wind_blade_defect_v05_conservative\images\train\corrosion_115.jpg,C:\Users\yys\Desktop\风机\wind-fault-detection-platform\datasets\wind_blade_defect_v05_conservative\labels\train\corrosion_115.txt,2,512,512,408,78,443,140,378,56,473,162,0.00827786,1.7714,datasets\msf_shape_mask_candidates\crops\corrosion\00111_corrosion_corrosion_115_l2.jpg,datasets\msf_shape_mask_candidates\masks_rect\corrosion\00111_corrosion_corrosion_115_l2.png,datasets\msf_shape_mask_candidates\masks_grabcut\corrosion\00111_corrosion_corrosion_115_l2.png,datasets\msf_shape_mask_candidates\overlays\corrosion\00111_corrosion_corrosion_115_l2.jpg,pending,
00112_corrosion_corrosion_118_l2,train,3,corrosion,10.00,priority_class;small_target;spread_corrosion_shape,C:\Users\yys\Desktop\风机\wind-fault-detection-platform\datasets\wind_blade_defect_v05_conservative\images\train\corrosion_118.jpg,C:\Users\yys\Desktop\风机\wind-fault-detection-platform\datasets\wind_blade_defect_v05_conservative\labels\train\corrosion_118.txt,2,512,512,250,287,292,359,223,262,319,384,0.01153561,1.7143,datasets\msf_shape_mask_candidates\crops\corrosion\00112_corrosion_corrosion_118_l2.jpg,datasets\msf_shape_mask_candidates\masks_rect\corrosion\00112_corrosion_corrosion_118_l2.png,datasets\msf_shape_mask_candidates\masks_grabcut\corrosion\00112_corrosion_corrosion_118_l2.png,datasets\msf_shape_mask_candidates\overlays\corrosion\00112_corrosion_corrosion_118_l2.jpg,pending,
00113_corrosion_corrosion_121_l1,train,3,corrosion,10.00,priority_class;small_target;spread_corrosion_shape,C:\Users\yys\Desktop\风机\wind-fault-detection-platform\datasets\wind_blade_defect_v05_conservative\images\train\corrosion_121.jpg,C:\Users\yys\Desktop\风机\wind-fault-detection-platform\datasets\wind_blade_defect_v05_conservative\labels\train\corrosion_121.txt,1,512,512,500,133,511,198,458,110,512,221,0.00272746,5.9092,datasets\msf_shape_mask_candidates\crops\corrosion\00113_corrosion_corrosion_121_l1.jpg,datasets\msf_shape_mask_candidates\masks_rect\corrosion\00113_corrosion_corrosion_121_l1.png,datasets\msf_shape_mask_candidates\masks_grabcut\corrosion\00113_corrosion_corrosion_121_l1.png,datasets\msf_shape_mask_candidates\overlays\corrosion\00113_corrosion_corrosion_121_l1.jpg,pending,
00114_corrosion_corrosion_121_l2,train,3,corrosion,10.00,priority_class;small_target;spread_corrosion_shape,C:\Users\yys\Desktop\风机\wind-fault-detection-platform\datasets\wind_blade_defect_v05_conservative\images\train\corrosion_121.jpg,C:\Users\yys\Desktop\风机\wind-fault-detection-platform\datasets\wind_blade_defect_v05_conservative\labels\train\corrosion_121.txt,2,512,512,472,322,490,360,433,293,512,389,0.00260924,2.1111,datasets\msf_shape_mask_candidates\crops\corrosion\00114_corrosion_corrosion_121_l2.jpg,datasets\msf_shape_mask_candidates\masks_rect\corrosion\00114_corrosion_corrosion_121_l2.png,datasets\msf_shape_mask_candidates\masks_grabcut\corrosion\00114_corrosion_corrosion_121_l2.png,datasets\msf_shape_mask_candidates\overlays\corrosion\00114_corrosion_corrosion_121_l2.jpg,pending,
00115_corrosion_corrosion_123_l1,train,3,corrosion,10.00,priority_class;small_target;spread_corrosion_shape,C:\Users\yys\Desktop\风机\wind-fault-detection-platform\datasets\wind_blade_defect_v05_conservative\images\train\corrosion_123.jpg,C:\Users\yys\Desktop\风机\wind-fault-detection-platform\datasets\wind_blade_defect_v05_conservative\labels\train\corrosion_123.txt,1,512,512,441,135,468,195,407,114,502,216,0.00617979,2.2222,datasets\msf_shape_mask_candidates\crops\corrosion\00115_corrosion_corrosion_123_l1.jpg,datasets\msf_shape_mask_candidates\masks_rect\corrosion\00115_corrosion_corrosion_123_l1.png,datasets\msf_shape_mask_candidates\masks_grabcut\corrosion\00115_corrosion_corrosion_123_l1.png,datasets\msf_shape_mask_candidates\overlays\corrosion\00115_corrosion_corrosion_123_l1.jpg,pending,
00116_corrosion_corrosion_127_l1,train,3,corrosion,10.00,priority_class;small_target;spread_corrosion_shape,C:\Users\yys\Desktop\风机\wind-fault-detection-platform\datasets\wind_blade_defect_v05_conservative\images\train\corrosion_127.jpg,C:\Users\yys\Desktop\风机\wind-fault-detection-platform\datasets\wind_blade_defect_v05_conservative\labels\train\corrosion_127.txt,1,512,512,502,349,511,511,459,292,512,512,0.00556178,18.0001,datasets\msf_shape_mask_candidates\crops\corrosion\00116_corrosion_corrosion_127_l1.jpg,datasets\msf_shape_mask_candidates\masks_rect\corrosion\00116_corrosion_corrosion_127_l1.png,datasets\msf_shape_mask_candidates\masks_grabcut\corrosion\00116_corrosion_corrosion_127_l1.png,datasets\msf_shape_mask_candidates\overlays\corrosion\00116_corrosion_corrosion_127_l1.jpg,pending,
00117_corrosion_corrosion_128_l1,train,3,corrosion,10.00,priority_class;small_target;spread_corrosion_shape,C:\Users\yys\Desktop\风机\wind-fault-detection-platform\datasets\wind_blade_defect_v05_conservative\images\train\corrosion_128.jpg,C:\Users\yys\Desktop\风机\wind-fault-detection-platform\datasets\wind_blade_defect_v05_conservative\labels\train\corrosion_128.txt,1,512,512,493,0,511,48,454,0,512,72,0.00329588,2.6667,datasets\msf_shape_mask_candidates\crops\corrosion\00117_corrosion_corrosion_128_l1.jpg,datasets\msf_shape_mask_candidates\masks_rect\corrosion\00117_corrosion_corrosion_128_l1.png,datasets\msf_shape_mask_candidates\masks_grabcut\corrosion\00117_corrosion_corrosion_128_l1.png,datasets\msf_shape_mask_candidates\overlays\corrosion\00117_corrosion_corrosion_128_l1.jpg,pending,
00118_corrosion_corrosion_128_l2,train,3,corrosion,10.00,priority_class;small_target;spread_corrosion_shape,C:\Users\yys\Desktop\风机\wind-fault-detection-platform\datasets\wind_blade_defect_v05_conservative\images\train\corrosion_128.jpg,C:\Users\yys\Desktop\风机\wind-fault-detection-platform\datasets\wind_blade_defect_v05_conservative\labels\train\corrosion_128.txt,2,512,512,497,143,511,221,456,116,512,248,0.00416569,5.5714,datasets\msf_shape_mask_candidates\crops\corrosion\00118_corrosion_corrosion_128_l2.jpg,datasets\msf_shape_mask_candidates\masks_rect\corrosion\00118_corrosion_corrosion_128_l2.png,datasets\msf_shape_mask_candidates\masks_grabcut\corrosion\00118_corrosion_corrosion_128_l2.png,datasets\msf_shape_mask_candidates\overlays\corrosion\00118_corrosion_corrosion_128_l2.jpg,pending,
00119_corrosion_corrosion_128_l3,train,3,corrosion,10.00,priority_class;small_target;spread_corrosion_shape,C:\Users\yys\Desktop\风机\wind-fault-detection-platform\datasets\wind_blade_defect_v05_conservative\images\train\corrosion_128.jpg,C:\Users\yys\Desktop\风机\wind-fault-detection-platform\datasets\wind_blade_defect_v05_conservative\labels\train\corrosion_128.txt,3,512,512,479,361,511,440,447,333,512,468,0.00964356,2.4688,datasets\msf_shape_mask_candidates\crops\corrosion\00119_corrosion_corrosion_128_l3.jpg,datasets\msf_shape_mask_candidates\masks_rect\corrosion\00119_corrosion_corrosion_128_l3.png,datasets\msf_shape_mask_candidates\masks_grabcut\corrosion\00119_corrosion_corrosion_128_l3.png,datasets\msf_shape_mask_candidates\overlays\corrosion\00119_corrosion_corrosion_128_l3.jpg,pending,
00120_corrosion_corrosion_131_l2,train,3,corrosion,10.00,priority_class;small_target;spread_corrosion_shape,C:\Users\yys\Desktop\风机\wind-fault-detection-platform\datasets\wind_blade_defect_v05_conservative\images\train\corrosion_131.jpg,C:\Users\yys\Desktop\风机\wind-fault-detection-platform\datasets\wind_blade_defect_v05_conservative\labels\train\corrosion_131.txt,2,512,512,396,351,424,409,362,331,458,429,0.00619511,2.0714,datasets\msf_shape_mask_candidates\crops\corrosion\00120_corrosion_corrosion_131_l2.jpg,datasets\msf_shape_mask_candidates\masks_rect\corrosion\00120_corrosion_corrosion_131_l2.png,datasets\msf_shape_mask_candidates\masks_grabcut\corrosion\00120_corrosion_corrosion_131_l2.png,datasets\msf_shape_mask_candidates\overlays\corrosion\00120_corrosion_corrosion_131_l2.jpg,pending,
00121_hole_hardcase_missed_crack_36_l3,train,1,hole,9.00,compact_small_defect;small_target;source_missed,C:\Users\yys\Desktop\风机\wind-fault-detection-platform\datasets\wind_blade_defect_v05_conservative\images\train\hardcase_missed_crack_36.jpg,C:\Users\yys\Desktop\风机\wind-fault-detection-platform\datasets\wind_blade_defect_v05_conservative\labels\train\hardcase_missed_crack_36.txt,3,1621,969,1412,884,1455,915,1386,852,1481,947,0.00084865,1.2060,datasets\msf_shape_mask_candidates\crops\hole\00121_hole_hardcase_missed_crack_36_l3.jpg,datasets\msf_shape_mask_candidates\masks_rect\hole\00121_hole_hardcase_missed_crack_36_l3.png,datasets\msf_shape_mask_candidates\masks_grabcut\hole\00121_hole_hardcase_missed_crack_36_l3.png,datasets\msf_shape_mask_candidates\overlays\hole\00121_hole_hardcase_missed_crack_36_l3.jpg,pending,
00122_hole_hardcase_missed_crack_4_l2,train,1,hole,9.00,compact_small_defect;small_target;source_missed,C:\Users\yys\Desktop\风机\wind-fault-detection-platform\datasets\wind_blade_defect_v05_conservative\images\train\hardcase_missed_crack_4.jpg,C:\Users\yys\Desktop\风机\wind-fault-detection-platform\datasets\wind_blade_defect_v05_conservative\labels\train\hardcase_missed_crack_4.txt,2,545,329,243,236,258,255,203,198,298,293,0.00158948,2.0983,datasets\msf_shape_mask_candidates\crops\hole\00122_hole_hardcase_missed_crack_4_l2.jpg,datasets\msf_shape_mask_candidates\masks_rect\hole\00122_hole_hardcase_missed_crack_4_l2.png,datasets\msf_shape_mask_candidates\masks_grabcut\hole\00122_hole_hardcase_missed_crack_4_l2.png,datasets\msf_shape_mask_candidates\overlays\hole\00122_hole_hardcase_missed_crack_4_l2.jpg,pending,
00123_hole_hardcase_missed_crack_75_l3,train,1,hole,9.00,compact_small_defect;small_target;source_missed,C:\Users\yys\Desktop\风机\wind-fault-detection-platform\datasets\wind_blade_defect_v05_conservative\images\train\hardcase_missed_crack_75.jpg,C:\Users\yys\Desktop\风机\wind-fault-detection-platform\datasets\wind_blade_defect_v05_conservative\labels\train\hardcase_missed_crack_75.txt,3,557,499,479,114,490,126,437,72,532,168,0.00047492,1.2177,datasets\msf_shape_mask_candidates\crops\hole\00123_hole_hardcase_missed_crack_75_l3.jpg,datasets\msf_shape_mask_candidates\masks_rect\hole\00123_hole_hardcase_missed_crack_75_l3.png,datasets\msf_shape_mask_candidates\masks_grabcut\hole\00123_hole_hardcase_missed_crack_75_l3.png,datasets\msf_shape_mask_candidates\overlays\hole\00123_hole_hardcase_missed_crack_75_l3.jpg,pending,
00124_hole_hardcase_missed_hole_3_l1,train,1,hole,9.00,compact_small_defect;small_target;source_missed,C:\Users\yys\Desktop\风机\wind-fault-detection-platform\datasets\wind_blade_defect_v05_conservative\images\train\hardcase_missed_hole_3.jpg,C:\Users\yys\Desktop\风机\wind-fault-detection-platform\datasets\wind_blade_defect_v05_conservative\labels\train\hardcase_missed_hole_3.txt,1,512,512,397,376,403,384,352,332,448,428,0.00017471,1.4085,datasets\msf_shape_mask_candidates\crops\hole\00124_hole_hardcase_missed_hole_3_l1.jpg,datasets\msf_shape_mask_candidates\masks_rect\hole\00124_hole_hardcase_missed_hole_3_l1.png,datasets\msf_shape_mask_candidates\masks_grabcut\hole\00124_hole_hardcase_missed_hole_3_l1.png,datasets\msf_shape_mask_candidates\overlays\hole\00124_hole_hardcase_missed_hole_3_l1.jpg,pending,
00125_hole_hardcase_missed_hole_3_l2,train,1,hole,9.00,compact_small_defect;small_target;source_missed,C:\Users\yys\Desktop\风机\wind-fault-detection-platform\datasets\wind_blade_defect_v05_conservative\images\train\hardcase_missed_hole_3.jpg,C:\Users\yys\Desktop\风机\wind-fault-detection-platform\datasets\wind_blade_defect_v05_conservative\labels\train\hardcase_missed_hole_3.txt,2,512,512,185,306,199,316,144,263,240,359,0.00053406,1.4000,datasets\msf_shape_mask_candidates\crops\hole\00125_hole_hardcase_missed_hole_3_l2.jpg,datasets\msf_shape_mask_candidates\masks_rect\hole\00125_hole_hardcase_missed_hole_3_l2.png,datasets\msf_shape_mask_candidates\masks_grabcut\hole\00125_hole_hardcase_missed_hole_3_l2.png,datasets\msf_shape_mask_candidates\overlays\hole\00125_hole_hardcase_missed_hole_3_l2.jpg,pending,
00126_hole_hardcase_missed_hole_3_l3,train,1,hole,9.00,compact_small_defect;small_target;source_missed,C:\Users\yys\Desktop\风机\wind-fault-detection-platform\datasets\wind_blade_defect_v05_conservative\images\train\hardcase_missed_hole_3.jpg,C:\Users\yys\Desktop\风机\wind-fault-detection-platform\datasets\wind_blade_defect_v05_conservative\labels\train\hardcase_missed_hole_3.txt,3,512,512,71,289,80,297,28,245,123,341,0.00027466,1.1250,datasets\msf_shape_mask_candidates\crops\hole\00126_hole_hardcase_missed_hole_3_l3.jpg,datasets\msf_shape_mask_candidates\masks_rect\hole\00126_hole_hardcase_missed_hole_3_l3.png,datasets\msf_shape_mask_candidates\masks_grabcut\hole\00126_hole_hardcase_missed_hole_3_l3.png,datasets\msf_shape_mask_candidates\overlays\hole\00126_hole_hardcase_missed_hole_3_l3.jpg,pending,
00127_hole_hardcase_missed_hole_3_l4,train,1,hole,9.00,compact_small_defect;small_target;source_missed,C:\Users\yys\Desktop\风机\wind-fault-detection-platform\datasets\wind_blade_defect_v05_conservative\images\train\hardcase_missed_hole_3.jpg,C:\Users\yys\Desktop\风机\wind-fault-detection-platform\datasets\wind_blade_defect_v05_conservative\labels\train\hardcase_missed_hole_3.txt,4,512,512,351,174,357,180,306,129,402,225,0.00014808,1.0782,datasets\msf_shape_mask_candidates\crops\hole\00127_hole_hardcase_missed_hole_3_l4.jpg,datasets\msf_shape_mask_candidates\masks_rect\hole\00127_hole_hardcase_missed_hole_3_l4.png,datasets\msf_shape_mask_candidates\masks_grabcut\hole\00127_hole_hardcase_missed_hole_3_l4.png,datasets\msf_shape_mask_candidates\overlays\hole\00127_hole_hardcase_missed_hole_3_l4.jpg,pending,
00128_hole_hardcase_missed_hole_3_l5,train,1,hole,9.00,compact_small_defect;small_target;source_missed,C:\Users\yys\Desktop\风机\wind-fault-detection-platform\datasets\wind_blade_defect_v05_conservative\images\train\hardcase_missed_hole_3.jpg,C:\Users\yys\Desktop\风机\wind-fault-detection-platform\datasets\wind_blade_defect_v05_conservative\labels\train\hardcase_missed_hole_3.txt,5,512,512,170,128,180,138,127,85,223,181,0.00038146,1.0000,datasets\msf_shape_mask_candidates\crops\hole\00128_hole_hardcase_missed_hole_3_l5.jpg,datasets\msf_shape_mask_candidates\masks_rect\hole\00128_hole_hardcase_missed_hole_3_l5.png,datasets\msf_shape_mask_candidates\masks_grabcut\hole\00128_hole_hardcase_missed_hole_3_l5.png,datasets\msf_shape_mask_candidates\overlays\hole\00128_hole_hardcase_missed_hole_3_l5.jpg,pending,
00129_hole_hardcase_missed_hole_57_l2,train,1,hole,9.00,compact_small_defect;small_target;source_missed,C:\Users\yys\Desktop\风机\wind-fault-detection-platform\datasets\wind_blade_defect_v05_conservative\images\train\hardcase_missed_hole_57.jpg,C:\Users\yys\Desktop\风机\wind-fault-detection-platform\datasets\wind_blade_defect_v05_conservative\labels\train\hardcase_missed_hole_57.txt,2,512,512,439,204,472,268,408,182,503,290,0.00805662,1.9394,datasets\msf_shape_mask_candidates\crops\hole\00129_hole_hardcase_missed_hole_57_l2.jpg,datasets\msf_shape_mask_candidates\masks_rect\hole\00129_hole_hardcase_missed_hole_57_l2.png,datasets\msf_shape_mask_candidates\masks_grabcut\hole\00129_hole_hardcase_missed_hole_57_l2.png,datasets\msf_shape_mask_candidates\overlays\hole\00129_hole_hardcase_missed_hole_57_l2.jpg,pending,
00130_hole_hardcase_missed_hole_57_l3,train,1,hole,9.00,compact_small_defect;small_target;source_missed,C:\Users\yys\Desktop\风机\wind-fault-detection-platform\datasets\wind_blade_defect_v05_conservative\images\train\hardcase_missed_hole_57.jpg,C:\Users\yys\Desktop\风机\wind-fault-detection-platform\datasets\wind_blade_defect_v05_conservative\labels\train\hardcase_missed_hole_57.txt,3,512,512,36,202,66,272,3,178,99,296,0.00801091,2.3333,datasets\msf_shape_mask_candidates\crops\hole\00130_hole_hardcase_missed_hole_57_l3.jpg,datasets\msf_shape_mask_candidates\masks_rect\hole\00130_hole_hardcase_missed_hole_57_l3.png,datasets\msf_shape_mask_candidates\masks_grabcut\hole\00130_hole_hardcase_missed_hole_57_l3.png,datasets\msf_shape_mask_candidates\overlays\hole\00130_hole_hardcase_missed_hole_57_l3.jpg,pending,
00131_hole_hardcase_missed_hole_57_l4,train,1,hole,9.00,compact_small_defect;small_target;source_missed,C:\Users\yys\Desktop\风机\wind-fault-detection-platform\datasets\wind_blade_defect_v05_conservative\images\train\hardcase_missed_hole_57.jpg,C:\Users\yys\Desktop\风机\wind-fault-detection-platform\datasets\wind_blade_defect_v05_conservative\labels\train\hardcase_missed_hole_57.txt,4,512,512,474,137,500,198,439,116,512,219,0.00605010,2.3462,datasets\msf_shape_mask_candidates\crops\hole\00131_hole_hardcase_missed_hole_57_l4.jpg,datasets\msf_shape_mask_candidates\masks_rect\hole\00131_hole_hardcase_missed_hole_57_l4.png,datasets\msf_shape_mask_candidates\masks_grabcut\hole\00131_hole_hardcase_missed_hole_57_l4.png,datasets\msf_shape_mask_candidates\overlays\hole\00131_hole_hardcase_missed_hole_57_l4.jpg,pending,
00132_hole_hardcase_missed_hole_57_l5,train,1,hole,9.00,compact_small_defect;small_target;source_missed,C:\Users\yys\Desktop\风机\wind-fault-detection-platform\datasets\wind_blade_defect_v05_conservative\images\train\hardcase_missed_hole_57.jpg,C:\Users\yys\Desktop\风机\wind-fault-detection-platform\datasets\wind_blade_defect_v05_conservative\labels\train\hardcase_missed_hole_57.txt,5,512,512,148,104,178,189,115,74,211,219,0.00972754,2.8333,datasets\msf_shape_mask_candidates\crops\hole\00132_hole_hardcase_missed_hole_57_l5.jpg,datasets\msf_shape_mask_candidates\masks_rect\hole\00132_hole_hardcase_missed_hole_57_l5.png,datasets\msf_shape_mask_candidates\masks_grabcut\hole\00132_hole_hardcase_missed_hole_57_l5.png,datasets\msf_shape_mask_candidates\overlays\hole\00132_hole_hardcase_missed_hole_57_l5.jpg,pending,
00133_hole_hardcase_missed_hole_843_l1,train,1,hole,9.00,compact_small_defect;small_target;source_missed,C:\Users\yys\Desktop\风机\wind-fault-detection-platform\datasets\wind_blade_defect_v05_conservative\images\train\hardcase_missed_hole_843.jpg,C:\Users\yys\Desktop\风机\wind-fault-detection-platform\datasets\wind_blade_defect_v05_conservative\labels\train\hardcase_missed_hole_843.txt,1,512,512,268,508,278,511,225,462,321,512,0.00011443,3.3335,datasets\msf_shape_mask_candidates\crops\hole\00133_hole_hardcase_missed_hole_843_l1.jpg,datasets\msf_shape_mask_candidates\masks_rect\hole\00133_hole_hardcase_missed_hole_843_l1.png,datasets\msf_shape_mask_candidates\masks_grabcut\hole\00133_hole_hardcase_missed_hole_843_l1.png,datasets\msf_shape_mask_candidates\overlays\hole\00133_hole_hardcase_missed_hole_843_l1.jpg,pending,
00134_hole_hardcase_missed_hole_843_l2,train,1,hole,9.00,compact_small_defect;small_target;source_missed,C:\Users\yys\Desktop\风机\wind-fault-detection-platform\datasets\wind_blade_defect_v05_conservative\images\train\hardcase_missed_hole_843.jpg,C:\Users\yys\Desktop\风机\wind-fault-detection-platform\datasets\wind_blade_defect_v05_conservative\labels\train\hardcase_missed_hole_843.txt,2,512,512,260,235,282,264,223,202,319,297,0.00243381,1.3182,datasets\msf_shape_mask_candidates\crops\hole\00134_hole_hardcase_missed_hole_843_l2.jpg,datasets\msf_shape_mask_candidates\masks_rect\hole\00134_hole_hardcase_missed_hole_843_l2.png,datasets\msf_shape_mask_candidates\masks_grabcut\hole\00134_hole_hardcase_missed_hole_843_l2.png,datasets\msf_shape_mask_candidates\overlays\hole\00134_hole_hardcase_missed_hole_843_l2.jpg,pending,
00135_hole_hardcase_missed_hole_927_l1,train,1,hole,9.00,compact_small_defect;small_target;source_missed,C:\Users\yys\Desktop\风机\wind-fault-detection-platform\datasets\wind_blade_defect_v05_conservative\images\train\hardcase_missed_hole_927.jpg,C:\Users\yys\Desktop\风机\wind-fault-detection-platform\datasets\wind_blade_defect_v05_conservative\labels\train\hardcase_missed_hole_927.txt,1,512,512,95,126,131,167,65,99,161,194,0.00563044,1.1389,datasets\msf_shape_mask_candidates\crops\hole\00135_hole_hardcase_missed_hole_927_l1.jpg,datasets\msf_shape_mask_candidates\masks_rect\hole\00135_hole_hardcase_missed_hole_927_l1.png,datasets\msf_shape_mask_candidates\masks_grabcut\hole\00135_hole_hardcase_missed_hole_927_l1.png,datasets\msf_shape_mask_candidates\overlays\hole\00135_hole_hardcase_missed_hole_927_l1.jpg,pending,
00136_hole_hardcase_missed_spalling_22_l2,train,1,hole,9.00,compact_small_defect;small_target;source_missed,C:\Users\yys\Desktop\风机\wind-fault-detection-platform\datasets\wind_blade_defect_v05_conservative\images\train\hardcase_missed_spalling_22.jpg,C:\Users\yys\Desktop\风机\wind-fault-detection-platform\datasets\wind_blade_defect_v05_conservative\labels\train\hardcase_missed_spalling_22.txt,2,512,512,188,430,200,440,146,387,242,483,0.00045777,1.2000,datasets\msf_shape_mask_candidates\crops\hole\00136_hole_hardcase_missed_spalling_22_l2.jpg,datasets\msf_shape_mask_candidates\masks_rect\hole\00136_hole_hardcase_missed_spalling_22_l2.png,datasets\msf_shape_mask_candidates\masks_grabcut\hole\00136_hole_hardcase_missed_spalling_22_l2.png,datasets\msf_shape_mask_candidates\overlays\hole\00136_hole_hardcase_missed_spalling_22_l2.jpg,pending,
00137_hole_hardcase_missed_spalling_22_l3,train,1,hole,9.00,compact_small_defect;small_target;source_missed,C:\Users\yys\Desktop\风机\wind-fault-detection-platform\datasets\wind_blade_defect_v05_conservative\images\train\hardcase_missed_spalling_22.jpg,C:\Users\yys\Desktop\风机\wind-fault-detection-platform\datasets\wind_blade_defect_v05_conservative\labels\train\hardcase_missed_spalling_22.txt,3,512,512,0,322,11,331,0,279,53,374,0.00035984,1.1955,datasets\msf_shape_mask_candidates\crops\hole\00137_hole_hardcase_missed_spalling_22_l3.jpg,datasets\msf_shape_mask_candidates\masks_rect\hole\00137_hole_hardcase_missed_spalling_22_l3.png,datasets\msf_shape_mask_candidates\masks_grabcut\hole\00137_hole_hardcase_missed_spalling_22_l3.png,datasets\msf_shape_mask_candidates\overlays\hole\00137_hole_hardcase_missed_spalling_22_l3.jpg,pending,
00138_hole_hardcase_missed_spalling_648_l2,train,1,hole,9.00,compact_small_defect;small_target;source_missed,C:\Users\yys\Desktop\风机\wind-fault-detection-platform\datasets\wind_blade_defect_v05_conservative\images\train\hardcase_missed_spalling_648.jpg,C:\Users\yys\Desktop\风机\wind-fault-detection-platform\datasets\wind_blade_defect_v05_conservative\labels\train\hardcase_missed_spalling_648.txt,2,512,512,97,203,114,223,58,165,153,261,0.00129698,1.1765,datasets\msf_shape_mask_candidates\crops\hole\00138_hole_hardcase_missed_spalling_648_l2.jpg,datasets\msf_shape_mask_candidates\masks_rect\hole\00138_hole_hardcase_missed_spalling_648_l2.png,datasets\msf_shape_mask_candidates\masks_grabcut\hole\00138_hole_hardcase_missed_spalling_648_l2.png,datasets\msf_shape_mask_candidates\overlays\hole\00138_hole_hardcase_missed_spalling_648_l2.jpg,pending,
00139_hole_hardcase_missed_spalling_974_l2,train,1,hole,9.00,compact_small_defect;small_target;source_missed,C:\Users\yys\Desktop\风机\wind-fault-detection-platform\datasets\wind_blade_defect_v05_conservative\images\train\hardcase_missed_spalling_974.jpg,C:\Users\yys\Desktop\风机\wind-fault-detection-platform\datasets\wind_blade_defect_v05_conservative\labels\train\hardcase_missed_spalling_974.txt,2,512,512,372,45,386,62,331,6,427,101,0.00090790,1.2143,datasets\msf_shape_mask_candidates\crops\hole\00139_hole_hardcase_missed_spalling_974_l2.jpg,datasets\msf_shape_mask_candidates\masks_rect\hole\00139_hole_hardcase_missed_spalling_974_l2.png,datasets\msf_shape_mask_candidates\masks_grabcut\hole\00139_hole_hardcase_missed_spalling_974_l2.png,datasets\msf_shape_mask_candidates\overlays\hole\00139_hole_hardcase_missed_spalling_974_l2.jpg,pending,
00140_hole_v03_corrosion_r1_hardcase_missed_hole_57_l2,train,1,hole,9.00,compact_small_defect;small_target;source_missed,C:\Users\yys\Desktop\风机\wind-fault-detection-platform\datasets\wind_blade_defect_v05_conservative\images\train\v03_corrosion_r1_hardcase_missed_hole_57.jpg,C:\Users\yys\Desktop\风机\wind-fault-detection-platform\datasets\wind_blade_defect_v05_conservative\labels\train\v03_corrosion_r1_hardcase_missed_hole_57.txt,2,512,512,439,204,472,268,408,182,503,290,0.00805662,1.9394,datasets\msf_shape_mask_candidates\crops\hole\00140_hole_v03_corrosion_r1_hardcase_missed_hole_57_l2.jpg,datasets\msf_shape_mask_candidates\masks_rect\hole\00140_hole_v03_corrosion_r1_hardcase_missed_hole_57_l2.png,datasets\msf_shape_mask_candidates\masks_grabcut\hole\00140_hole_v03_corrosion_r1_hardcase_missed_hole_57_l2.png,datasets\msf_shape_mask_candidates\overlays\hole\00140_hole_v03_corrosion_r1_hardcase_missed_hole_57_l2.jpg,pending,
00141_hole_v03_corrosion_r1_hardcase_missed_hole_57_l3,train,1,hole,9.00,compact_small_defect;small_target;source_missed,C:\Users\yys\Desktop\风机\wind-fault-detection-platform\datasets\wind_blade_defect_v05_conservative\images\train\v03_corrosion_r1_hardcase_missed_hole_57.jpg,C:\Users\yys\Desktop\风机\wind-fault-detection-platform\datasets\wind_blade_defect_v05_conservative\labels\train\v03_corrosion_r1_hardcase_missed_hole_57.txt,3,512,512,36,202,66,272,3,178,99,296,0.00801091,2.3333,datasets\msf_shape_mask_candidates\crops\hole\00141_hole_v03_corrosion_r1_hardcase_missed_hole_57_l3.jpg,datasets\msf_shape_mask_candidates\masks_rect\hole\00141_hole_v03_corrosion_r1_hardcase_missed_hole_57_l3.png,datasets\msf_shape_mask_candidates\masks_grabcut\hole\00141_hole_v03_corrosion_r1_hardcase_missed_hole_57_l3.png,datasets\msf_shape_mask_candidates\overlays\hole\00141_hole_v03_corrosion_r1_hardcase_missed_hole_57_l3.jpg,pending,
00142_hole_v03_corrosion_r1_hardcase_missed_hole_57_l4,train,1,hole,9.00,compact_small_defect;small_target;source_missed,C:\Users\yys\Desktop\风机\wind-fault-detection-platform\datasets\wind_blade_defect_v05_conservative\images\train\v03_corrosion_r1_hardcase_missed_hole_57.jpg,C:\Users\yys\Desktop\风机\wind-fault-detection-platform\datasets\wind_blade_defect_v05_conservative\labels\train\v03_corrosion_r1_hardcase_missed_hole_57.txt,4,512,512,474,137,500,198,439,116,512,219,0.00605010,2.3462,datasets\msf_shape_mask_candidates\crops\hole\00142_hole_v03_corrosion_r1_hardcase_missed_hole_57_l4.jpg,datasets\msf_shape_mask_candidates\masks_rect\hole\00142_hole_v03_corrosion_r1_hardcase_missed_hole_57_l4.png,datasets\msf_shape_mask_candidates\masks_grabcut\hole\00142_hole_v03_corrosion_r1_hardcase_missed_hole_57_l4.png,datasets\msf_shape_mask_candidates\overlays\hole\00142_hole_v03_corrosion_r1_hardcase_missed_hole_57_l4.jpg,pending,
00143_hole_v03_corrosion_r1_hardcase_missed_hole_57_l5,train,1,hole,9.00,compact_small_defect;small_target;source_missed,C:\Users\yys\Desktop\风机\wind-fault-detection-platform\datasets\wind_blade_defect_v05_conservative\images\train\v03_corrosion_r1_hardcase_missed_hole_57.jpg,C:\Users\yys\Desktop\风机\wind-fault-detection-platform\datasets\wind_blade_defect_v05_conservative\labels\train\v03_corrosion_r1_hardcase_missed_hole_57.txt,5,512,512,148,104,178,189,115,74,211,219,0.00972754,2.8333,datasets\msf_shape_mask_candidates\crops\hole\00143_hole_v03_corrosion_r1_hardcase_missed_hole_57_l5.jpg,datasets\msf_shape_mask_candidates\masks_rect\hole\00143_hole_v03_corrosion_r1_hardcase_missed_hole_57_l5.png,datasets\msf_shape_mask_candidates\masks_grabcut\hole\00143_hole_v03_corrosion_r1_hardcase_missed_hole_57_l5.png,datasets\msf_shape_mask_candidates\overlays\hole\00143_hole_v03_corrosion_r1_hardcase_missed_hole_57_l5.jpg,pending,
00144_hole_v03_corrosion_r1_hardcase_missed_hole_927_l1,train,1,hole,9.00,compact_small_defect;small_target;source_missed,C:\Users\yys\Desktop\风机\wind-fault-detection-platform\datasets\wind_blade_defect_v05_conservative\images\train\v03_corrosion_r1_hardcase_missed_hole_927.jpg,C:\Users\yys\Desktop\风机\wind-fault-detection-platform\datasets\wind_blade_defect_v05_conservative\labels\train\v03_corrosion_r1_hardcase_missed_hole_927.txt,1,512,512,95,126,131,167,65,99,161,194,0.00563044,1.1389,datasets\msf_shape_mask_candidates\crops\hole\00144_hole_v03_corrosion_r1_hardcase_missed_hole_927_l1.jpg,datasets\msf_shape_mask_candidates\masks_rect\hole\00144_hole_v03_corrosion_r1_hardcase_missed_hole_927_l1.png,datasets\msf_shape_mask_candidates\masks_grabcut\hole\00144_hole_v03_corrosion_r1_hardcase_missed_hole_927_l1.png,datasets\msf_shape_mask_candidates\overlays\hole\00144_hole_v03_corrosion_r1_hardcase_missed_hole_927_l1.jpg,pending,
00145_hole_v03_missed_sample_crack_36_l3,train,1,hole,9.00,compact_small_defect;small_target;source_missed,C:\Users\yys\Desktop\风机\wind-fault-detection-platform\datasets\wind_blade_defect_v05_conservative\images\train\v03_missed_sample_crack_36.jpg,C:\Users\yys\Desktop\风机\wind-fault-detection-platform\datasets\wind_blade_defect_v05_conservative\labels\train\v03_missed_sample_crack_36.txt,3,1621,969,1412,884,1455,915,1386,852,1481,947,0.00084865,1.2060,datasets\msf_shape_mask_candidates\crops\hole\00145_hole_v03_missed_sample_crack_36_l3.jpg,datasets\msf_shape_mask_candidates\masks_rect\hole\00145_hole_v03_missed_sample_crack_36_l3.png,datasets\msf_shape_mask_candidates\masks_grabcut\hole\00145_hole_v03_missed_sample_crack_36_l3.png,datasets\msf_shape_mask_candidates\overlays\hole\00145_hole_v03_missed_sample_crack_36_l3.jpg,pending,
00146_hole_v03_missed_sample_crack_4_l2,train,1,hole,9.00,compact_small_defect;small_target;source_missed,C:\Users\yys\Desktop\风机\wind-fault-detection-platform\datasets\wind_blade_defect_v05_conservative\images\train\v03_missed_sample_crack_4.jpg,C:\Users\yys\Desktop\风机\wind-fault-detection-platform\datasets\wind_blade_defect_v05_conservative\labels\train\v03_missed_sample_crack_4.txt,2,545,329,243,236,258,255,203,198,298,293,0.00158948,2.0983,datasets\msf_shape_mask_candidates\crops\hole\00146_hole_v03_missed_sample_crack_4_l2.jpg,datasets\msf_shape_mask_candidates\masks_rect\hole\00146_hole_v03_missed_sample_crack_4_l2.png,datasets\msf_shape_mask_candidates\masks_grabcut\hole\00146_hole_v03_missed_sample_crack_4_l2.png,datasets\msf_shape_mask_candidates\overlays\hole\00146_hole_v03_missed_sample_crack_4_l2.jpg,pending,
00147_hole_v03_missed_sample_crack_75_l3,train,1,hole,9.00,compact_small_defect;small_target;source_missed,C:\Users\yys\Desktop\风机\wind-fault-detection-platform\datasets\wind_blade_defect_v05_conservative\images\train\v03_missed_sample_crack_75.jpg,C:\Users\yys\Desktop\风机\wind-fault-detection-platform\datasets\wind_blade_defect_v05_conservative\labels\train\v03_missed_sample_crack_75.txt,3,557,499,479,114,490,126,437,72,532,168,0.00047492,1.2177,datasets\msf_shape_mask_candidates\crops\hole\00147_hole_v03_missed_sample_crack_75_l3.jpg,datasets\msf_shape_mask_candidates\masks_rect\hole\00147_hole_v03_missed_sample_crack_75_l3.png,datasets\msf_shape_mask_candidates\masks_grabcut\hole\00147_hole_v03_missed_sample_crack_75_l3.png,datasets\msf_shape_mask_candidates\overlays\hole\00147_hole_v03_missed_sample_crack_75_l3.jpg,pending,
00148_hole_v03_missed_sample_hole_3_l1,train,1,hole,9.00,compact_small_defect;small_target;source_missed,C:\Users\yys\Desktop\风机\wind-fault-detection-platform\datasets\wind_blade_defect_v05_conservative\images\train\v03_missed_sample_hole_3.jpg,C:\Users\yys\Desktop\风机\wind-fault-detection-platform\datasets\wind_blade_defect_v05_conservative\labels\train\v03_missed_sample_hole_3.txt,1,512,512,397,376,403,384,352,332,448,428,0.00017471,1.4085,datasets\msf_shape_mask_candidates\crops\hole\00148_hole_v03_missed_sample_hole_3_l1.jpg,datasets\msf_shape_mask_candidates\masks_rect\hole\00148_hole_v03_missed_sample_hole_3_l1.png,datasets\msf_shape_mask_candidates\masks_grabcut\hole\00148_hole_v03_missed_sample_hole_3_l1.png,datasets\msf_shape_mask_candidates\overlays\hole\00148_hole_v03_missed_sample_hole_3_l1.jpg,pending,
00149_hole_v03_missed_sample_hole_3_l2,train,1,hole,9.00,compact_small_defect;small_target;source_missed,C:\Users\yys\Desktop\风机\wind-fault-detection-platform\datasets\wind_blade_defect_v05_conservative\images\train\v03_missed_sample_hole_3.jpg,C:\Users\yys\Desktop\风机\wind-fault-detection-platform\datasets\wind_blade_defect_v05_conservative\labels\train\v03_missed_sample_hole_3.txt,2,512,512,185,306,199,316,144,263,240,359,0.00053406,1.4000,datasets\msf_shape_mask_candidates\crops\hole\00149_hole_v03_missed_sample_hole_3_l2.jpg,datasets\msf_shape_mask_candidates\masks_rect\hole\00149_hole_v03_missed_sample_hole_3_l2.png,datasets\msf_shape_mask_candidates\masks_grabcut\hole\00149_hole_v03_missed_sample_hole_3_l2.png,datasets\msf_shape_mask_candidates\overlays\hole\00149_hole_v03_missed_sample_hole_3_l2.jpg,pending,
00150_hole_v03_missed_sample_hole_3_l3,train,1,hole,9.00,compact_small_defect;small_target;source_missed,C:\Users\yys\Desktop\风机\wind-fault-detection-platform\datasets\wind_blade_defect_v05_conservative\images\train\v03_missed_sample_hole_3.jpg,C:\Users\yys\Desktop\风机\wind-fault-detection-platform\datasets\wind_blade_defect_v05_conservative\labels\train\v03_missed_sample_hole_3.txt,3,512,512,71,289,80,297,28,245,123,341,0.00027466,1.1250,datasets\msf_shape_mask_candidates\crops\hole\00150_hole_v03_missed_sample_hole_3_l3.jpg,datasets\msf_shape_mask_candidates\masks_rect\hole\00150_hole_v03_missed_sample_hole_3_l3.png,datasets\msf_shape_mask_candidates\masks_grabcut\hole\00150_hole_v03_missed_sample_hole_3_l3.png,datasets\msf_shape_mask_candidates\overlays\hole\00150_hole_v03_missed_sample_hole_3_l3.jpg,pending,
00151_hole_v03_missed_sample_hole_3_l4,train,1,hole,9.00,compact_small_defect;small_target;source_missed,C:\Users\yys\Desktop\风机\wind-fault-detection-platform\datasets\wind_blade_defect_v05_conservative\images\train\v03_missed_sample_hole_3.jpg,C:\Users\yys\Desktop\风机\wind-fault-detection-platform\datasets\wind_blade_defect_v05_conservative\labels\train\v03_missed_sample_hole_3.txt,4,512,512,351,174,357,180,306,129,402,225,0.00014808,1.0782,datasets\msf_shape_mask_candidates\crops\hole\00151_hole_v03_missed_sample_hole_3_l4.jpg,datasets\msf_shape_mask_candidates\masks_rect\hole\00151_hole_v03_missed_sample_hole_3_l4.png,datasets\msf_shape_mask_candidates\masks_grabcut\hole\00151_hole_v03_missed_sample_hole_3_l4.png,datasets\msf_shape_mask_candidates\overlays\hole\00151_hole_v03_missed_sample_hole_3_l4.jpg,pending,
00152_hole_v03_missed_sample_hole_3_l5,train,1,hole,9.00,compact_small_defect;small_target;source_missed,C:\Users\yys\Desktop\风机\wind-fault-detection-platform\datasets\wind_blade_defect_v05_conservative\images\train\v03_missed_sample_hole_3.jpg,C:\Users\yys\Desktop\风机\wind-fault-detection-platform\datasets\wind_blade_defect_v05_conservative\labels\train\v03_missed_sample_hole_3.txt,5,512,512,170,128,180,138,127,85,223,181,0.00038146,1.0000,datasets\msf_shape_mask_candidates\crops\hole\00152_hole_v03_missed_sample_hole_3_l5.jpg,datasets\msf_shape_mask_candidates\masks_rect\hole\00152_hole_v03_missed_sample_hole_3_l5.png,datasets\msf_shape_mask_candidates\masks_grabcut\hole\00152_hole_v03_missed_sample_hole_3_l5.png,datasets\msf_shape_mask_candidates\overlays\hole\00152_hole_v03_missed_sample_hole_3_l5.jpg,pending,
00153_hole_v03_missed_sample_hole_57_l2,train,1,hole,9.00,compact_small_defect;small_target;source_missed,C:\Users\yys\Desktop\风机\wind-fault-detection-platform\datasets\wind_blade_defect_v05_conservative\images\train\v03_missed_sample_hole_57.jpg,C:\Users\yys\Desktop\风机\wind-fault-detection-platform\datasets\wind_blade_defect_v05_conservative\labels\train\v03_missed_sample_hole_57.txt,2,512,512,439,204,472,268,408,182,503,290,0.00805662,1.9394,datasets\msf_shape_mask_candidates\crops\hole\00153_hole_v03_missed_sample_hole_57_l2.jpg,datasets\msf_shape_mask_candidates\masks_rect\hole\00153_hole_v03_missed_sample_hole_57_l2.png,datasets\msf_shape_mask_candidates\masks_grabcut\hole\00153_hole_v03_missed_sample_hole_57_l2.png,datasets\msf_shape_mask_candidates\overlays\hole\00153_hole_v03_missed_sample_hole_57_l2.jpg,pending,
00154_hole_v03_missed_sample_hole_57_l3,train,1,hole,9.00,compact_small_defect;small_target;source_missed,C:\Users\yys\Desktop\风机\wind-fault-detection-platform\datasets\wind_blade_defect_v05_conservative\images\train\v03_missed_sample_hole_57.jpg,C:\Users\yys\Desktop\风机\wind-fault-detection-platform\datasets\wind_blade_defect_v05_conservative\labels\train\v03_missed_sample_hole_57.txt,3,512,512,36,202,66,272,3,178,99,296,0.00801091,2.3333,datasets\msf_shape_mask_candidates\crops\hole\00154_hole_v03_missed_sample_hole_57_l3.jpg,datasets\msf_shape_mask_candidates\masks_rect\hole\00154_hole_v03_missed_sample_hole_57_l3.png,datasets\msf_shape_mask_candidates\masks_grabcut\hole\00154_hole_v03_missed_sample_hole_57_l3.png,datasets\msf_shape_mask_candidates\overlays\hole\00154_hole_v03_missed_sample_hole_57_l3.jpg,pending,
00155_hole_v03_missed_sample_hole_57_l4,train,1,hole,9.00,compact_small_defect;small_target;source_missed,C:\Users\yys\Desktop\风机\wind-fault-detection-platform\datasets\wind_blade_defect_v05_conservative\images\train\v03_missed_sample_hole_57.jpg,C:\Users\yys\Desktop\风机\wind-fault-detection-platform\datasets\wind_blade_defect_v05_conservative\labels\train\v03_missed_sample_hole_57.txt,4,512,512,474,137,500,198,439,116,512,219,0.00605010,2.3462,datasets\msf_shape_mask_candidates\crops\hole\00155_hole_v03_missed_sample_hole_57_l4.jpg,datasets\msf_shape_mask_candidates\masks_rect\hole\00155_hole_v03_missed_sample_hole_57_l4.png,datasets\msf_shape_mask_candidates\masks_grabcut\hole\00155_hole_v03_missed_sample_hole_57_l4.png,datasets\msf_shape_mask_candidates\overlays\hole\00155_hole_v03_missed_sample_hole_57_l4.jpg,pending,
00156_hole_v03_missed_sample_hole_57_l5,train,1,hole,9.00,compact_small_defect;small_target;source_missed,C:\Users\yys\Desktop\风机\wind-fault-detection-platform\datasets\wind_blade_defect_v05_conservative\images\train\v03_missed_sample_hole_57.jpg,C:\Users\yys\Desktop\风机\wind-fault-detection-platform\datasets\wind_blade_defect_v05_conservative\labels\train\v03_missed_sample_hole_57.txt,5,512,512,148,104,178,189,115,74,211,219,0.00972754,2.8333,datasets\msf_shape_mask_candidates\crops\hole\00156_hole_v03_missed_sample_hole_57_l5.jpg,datasets\msf_shape_mask_candidates\masks_rect\hole\00156_hole_v03_missed_sample_hole_57_l5.png,datasets\msf_shape_mask_candidates\masks_grabcut\hole\00156_hole_v03_missed_sample_hole_57_l5.png,datasets\msf_shape_mask_candidates\overlays\hole\00156_hole_v03_missed_sample_hole_57_l5.jpg,pending,
00157_hole_v03_missed_sample_hole_843_l1,train,1,hole,9.00,compact_small_defect;small_target;source_missed,C:\Users\yys\Desktop\风机\wind-fault-detection-platform\datasets\wind_blade_defect_v05_conservative\images\train\v03_missed_sample_hole_843.jpg,C:\Users\yys\Desktop\风机\wind-fault-detection-platform\datasets\wind_blade_defect_v05_conservative\labels\train\v03_missed_sample_hole_843.txt,1,512,512,268,508,278,511,225,462,321,512,0.00011443,3.3335,datasets\msf_shape_mask_candidates\crops\hole\00157_hole_v03_missed_sample_hole_843_l1.jpg,datasets\msf_shape_mask_candidates\masks_rect\hole\00157_hole_v03_missed_sample_hole_843_l1.png,datasets\msf_shape_mask_candidates\masks_grabcut\hole\00157_hole_v03_missed_sample_hole_843_l1.png,datasets\msf_shape_mask_candidates\overlays\hole\00157_hole_v03_missed_sample_hole_843_l1.jpg,pending,
00158_hole_v03_missed_sample_hole_843_l2,train,1,hole,9.00,compact_small_defect;small_target;source_missed,C:\Users\yys\Desktop\风机\wind-fault-detection-platform\datasets\wind_blade_defect_v05_conservative\images\train\v03_missed_sample_hole_843.jpg,C:\Users\yys\Desktop\风机\wind-fault-detection-platform\datasets\wind_blade_defect_v05_conservative\labels\train\v03_missed_sample_hole_843.txt,2,512,512,260,235,282,264,223,202,319,297,0.00243381,1.3182,datasets\msf_shape_mask_candidates\crops\hole\00158_hole_v03_missed_sample_hole_843_l2.jpg,datasets\msf_shape_mask_candidates\masks_rect\hole\00158_hole_v03_missed_sample_hole_843_l2.png,datasets\msf_shape_mask_candidates\masks_grabcut\hole\00158_hole_v03_missed_sample_hole_843_l2.png,datasets\msf_shape_mask_candidates\overlays\hole\00158_hole_v03_missed_sample_hole_843_l2.jpg,pending,
00159_hole_v03_missed_sample_hole_927_l1,train,1,hole,9.00,compact_small_defect;small_target;source_missed,C:\Users\yys\Desktop\风机\wind-fault-detection-platform\datasets\wind_blade_defect_v05_conservative\images\train\v03_missed_sample_hole_927.jpg,C:\Users\yys\Desktop\风机\wind-fault-detection-platform\datasets\wind_blade_defect_v05_conservative\labels\train\v03_missed_sample_hole_927.txt,1,512,512,95,126,131,167,65,99,161,194,0.00563044,1.1389,datasets\msf_shape_mask_candidates\crops\hole\00159_hole_v03_missed_sample_hole_927_l1.jpg,datasets\msf_shape_mask_candidates\masks_rect\hole\00159_hole_v03_missed_sample_hole_927_l1.png,datasets\msf_shape_mask_candidates\masks_grabcut\hole\00159_hole_v03_missed_sample_hole_927_l1.png,datasets\msf_shape_mask_candidates\overlays\hole\00159_hole_v03_missed_sample_hole_927_l1.jpg,pending,
00160_hole_v03_missed_sample_spalling_22_l2,train,1,hole,9.00,compact_small_defect;small_target;source_missed,C:\Users\yys\Desktop\风机\wind-fault-detection-platform\datasets\wind_blade_defect_v05_conservative\images\train\v03_missed_sample_spalling_22.jpg,C:\Users\yys\Desktop\风机\wind-fault-detection-platform\datasets\wind_blade_defect_v05_conservative\labels\train\v03_missed_sample_spalling_22.txt,2,512,512,188,430,200,440,146,387,242,483,0.00045777,1.2000,datasets\msf_shape_mask_candidates\crops\hole\00160_hole_v03_missed_sample_spalling_22_l2.jpg,datasets\msf_shape_mask_candidates\masks_rect\hole\00160_hole_v03_missed_sample_spalling_22_l2.png,datasets\msf_shape_mask_candidates\masks_grabcut\hole\00160_hole_v03_missed_sample_spalling_22_l2.png,datasets\msf_shape_mask_candidates\overlays\hole\00160_hole_v03_missed_sample_spalling_22_l2.jpg,pending,
00161_hole_v03_missed_sample_spalling_22_l3,train,1,hole,9.00,compact_small_defect;small_target;source_missed,C:\Users\yys\Desktop\风机\wind-fault-detection-platform\datasets\wind_blade_defect_v05_conservative\images\train\v03_missed_sample_spalling_22.jpg,C:\Users\yys\Desktop\风机\wind-fault-detection-platform\datasets\wind_blade_defect_v05_conservative\labels\train\v03_missed_sample_spalling_22.txt,3,512,512,0,322,11,331,0,279,53,374,0.00035984,1.1955,datasets\msf_shape_mask_candidates\crops\hole\00161_hole_v03_missed_sample_spalling_22_l3.jpg,datasets\msf_shape_mask_candidates\masks_rect\hole\00161_hole_v03_missed_sample_spalling_22_l3.png,datasets\msf_shape_mask_candidates\masks_grabcut\hole\00161_hole_v03_missed_sample_spalling_22_l3.png,datasets\msf_shape_mask_candidates\overlays\hole\00161_hole_v03_missed_sample_spalling_22_l3.jpg,pending,
00162_hole_v03_missed_sample_spalling_648_l2,train,1,hole,9.00,compact_small_defect;small_target;source_missed,C:\Users\yys\Desktop\风机\wind-fault-detection-platform\datasets\wind_blade_defect_v05_conservative\images\train\v03_missed_sample_spalling_648.jpg,C:\Users\yys\Desktop\风机\wind-fault-detection-platform\datasets\wind_blade_defect_v05_conservative\labels\train\v03_missed_sample_spalling_648.txt,2,512,512,97,203,114,223,58,165,153,261,0.00129698,1.1765,datasets\msf_shape_mask_candidates\crops\hole\00162_hole_v03_missed_sample_spalling_648_l2.jpg,datasets\msf_shape_mask_candidates\masks_rect\hole\00162_hole_v03_missed_sample_spalling_648_l2.png,datasets\msf_shape_mask_candidates\masks_grabcut\hole\00162_hole_v03_missed_sample_spalling_648_l2.png,datasets\msf_shape_mask_candidates\overlays\hole\00162_hole_v03_missed_sample_spalling_648_l2.jpg,pending,
00163_hole_v03_missed_sample_spalling_974_l2,train,1,hole,9.00,compact_small_defect;small_target;source_missed,C:\Users\yys\Desktop\风机\wind-fault-detection-platform\datasets\wind_blade_defect_v05_conservative\images\train\v03_missed_sample_spalling_974.jpg,C:\Users\yys\Desktop\风机\wind-fault-detection-platform\datasets\wind_blade_defect_v05_conservative\labels\train\v03_missed_sample_spalling_974.txt,2,512,512,372,45,386,62,331,6,427,101,0.00090790,1.2143,datasets\msf_shape_mask_candidates\crops\hole\00163_hole_v03_missed_sample_spalling_974_l2.jpg,datasets\msf_shape_mask_candidates\masks_rect\hole\00163_hole_v03_missed_sample_spalling_974_l2.png,datasets\msf_shape_mask_candidates\masks_grabcut\hole\00163_hole_v03_missed_sample_spalling_974_l2.png,datasets\msf_shape_mask_candidates\overlays\hole\00163_hole_v03_missed_sample_spalling_974_l2.jpg,pending,
00164_hole_v03_small_r1_hardcase_missed_crack_36_l3,train,1,hole,9.00,compact_small_defect;small_target;source_missed,C:\Users\yys\Desktop\风机\wind-fault-detection-platform\datasets\wind_blade_defect_v05_conservative\images\train\v03_small_r1_hardcase_missed_crack_36.jpg,C:\Users\yys\Desktop\风机\wind-fault-detection-platform\datasets\wind_blade_defect_v05_conservative\labels\train\v03_small_r1_hardcase_missed_crack_36.txt,3,1621,969,1412,884,1455,915,1386,852,1481,947,0.00084865,1.2060,datasets\msf_shape_mask_candidates\crops\hole\00164_hole_v03_small_r1_hardcase_missed_crack_36_l3.jpg,datasets\msf_shape_mask_candidates\masks_rect\hole\00164_hole_v03_small_r1_hardcase_missed_crack_36_l3.png,datasets\msf_shape_mask_candidates\masks_grabcut\hole\00164_hole_v03_small_r1_hardcase_missed_crack_36_l3.png,datasets\msf_shape_mask_candidates\overlays\hole\00164_hole_v03_small_r1_hardcase_missed_crack_36_l3.jpg,pending,
00165_hole_v03_small_r1_hardcase_missed_crack_4_l2,train,1,hole,9.00,compact_small_defect;small_target;source_missed,C:\Users\yys\Desktop\风机\wind-fault-detection-platform\datasets\wind_blade_defect_v05_conservative\images\train\v03_small_r1_hardcase_missed_crack_4.jpg,C:\Users\yys\Desktop\风机\wind-fault-detection-platform\datasets\wind_blade_defect_v05_conservative\labels\train\v03_small_r1_hardcase_missed_crack_4.txt,2,545,329,243,236,258,255,203,198,298,293,0.00158948,2.0983,datasets\msf_shape_mask_candidates\crops\hole\00165_hole_v03_small_r1_hardcase_missed_crack_4_l2.jpg,datasets\msf_shape_mask_candidates\masks_rect\hole\00165_hole_v03_small_r1_hardcase_missed_crack_4_l2.png,datasets\msf_shape_mask_candidates\masks_grabcut\hole\00165_hole_v03_small_r1_hardcase_missed_crack_4_l2.png,datasets\msf_shape_mask_candidates\overlays\hole\00165_hole_v03_small_r1_hardcase_missed_crack_4_l2.jpg,pending,
00166_hole_v03_small_r1_hardcase_missed_crack_75_l3,train,1,hole,9.00,compact_small_defect;small_target;source_missed,C:\Users\yys\Desktop\风机\wind-fault-detection-platform\datasets\wind_blade_defect_v05_conservative\images\train\v03_small_r1_hardcase_missed_crack_75.jpg,C:\Users\yys\Desktop\风机\wind-fault-detection-platform\datasets\wind_blade_defect_v05_conservative\labels\train\v03_small_r1_hardcase_missed_crack_75.txt,3,557,499,479,114,490,126,437,72,532,168,0.00047492,1.2177,datasets\msf_shape_mask_candidates\crops\hole\00166_hole_v03_small_r1_hardcase_missed_crack_75_l3.jpg,datasets\msf_shape_mask_candidates\masks_rect\hole\00166_hole_v03_small_r1_hardcase_missed_crack_75_l3.png,datasets\msf_shape_mask_candidates\masks_grabcut\hole\00166_hole_v03_small_r1_hardcase_missed_crack_75_l3.png,datasets\msf_shape_mask_candidates\overlays\hole\00166_hole_v03_small_r1_hardcase_missed_crack_75_l3.jpg,pending,
00167_hole_v03_small_r1_hardcase_missed_hole_3_l1,train,1,hole,9.00,compact_small_defect;small_target;source_missed,C:\Users\yys\Desktop\风机\wind-fault-detection-platform\datasets\wind_blade_defect_v05_conservative\images\train\v03_small_r1_hardcase_missed_hole_3.jpg,C:\Users\yys\Desktop\风机\wind-fault-detection-platform\datasets\wind_blade_defect_v05_conservative\labels\train\v03_small_r1_hardcase_missed_hole_3.txt,1,512,512,397,376,403,384,352,332,448,428,0.00017471,1.4085,datasets\msf_shape_mask_candidates\crops\hole\00167_hole_v03_small_r1_hardcase_missed_hole_3_l1.jpg,datasets\msf_shape_mask_candidates\masks_rect\hole\00167_hole_v03_small_r1_hardcase_missed_hole_3_l1.png,datasets\msf_shape_mask_candidates\masks_grabcut\hole\00167_hole_v03_small_r1_hardcase_missed_hole_3_l1.png,datasets\msf_shape_mask_candidates\overlays\hole\00167_hole_v03_small_r1_hardcase_missed_hole_3_l1.jpg,pending,
00168_hole_v03_small_r1_hardcase_missed_hole_3_l2,train,1,hole,9.00,compact_small_defect;small_target;source_missed,C:\Users\yys\Desktop\风机\wind-fault-detection-platform\datasets\wind_blade_defect_v05_conservative\images\train\v03_small_r1_hardcase_missed_hole_3.jpg,C:\Users\yys\Desktop\风机\wind-fault-detection-platform\datasets\wind_blade_defect_v05_conservative\labels\train\v03_small_r1_hardcase_missed_hole_3.txt,2,512,512,185,306,199,316,144,263,240,359,0.00053406,1.4000,datasets\msf_shape_mask_candidates\crops\hole\00168_hole_v03_small_r1_hardcase_missed_hole_3_l2.jpg,datasets\msf_shape_mask_candidates\masks_rect\hole\00168_hole_v03_small_r1_hardcase_missed_hole_3_l2.png,datasets\msf_shape_mask_candidates\masks_grabcut\hole\00168_hole_v03_small_r1_hardcase_missed_hole_3_l2.png,datasets\msf_shape_mask_candidates\overlays\hole\00168_hole_v03_small_r1_hardcase_missed_hole_3_l2.jpg,pending,
00169_hole_v03_small_r1_hardcase_missed_hole_3_l3,train,1,hole,9.00,compact_small_defect;small_target;source_missed,C:\Users\yys\Desktop\风机\wind-fault-detection-platform\datasets\wind_blade_defect_v05_conservative\images\train\v03_small_r1_hardcase_missed_hole_3.jpg,C:\Users\yys\Desktop\风机\wind-fault-detection-platform\datasets\wind_blade_defect_v05_conservative\labels\train\v03_small_r1_hardcase_missed_hole_3.txt,3,512,512,71,289,80,297,28,245,123,341,0.00027466,1.1250,datasets\msf_shape_mask_candidates\crops\hole\00169_hole_v03_small_r1_hardcase_missed_hole_3_l3.jpg,datasets\msf_shape_mask_candidates\masks_rect\hole\00169_hole_v03_small_r1_hardcase_missed_hole_3_l3.png,datasets\msf_shape_mask_candidates\masks_grabcut\hole\00169_hole_v03_small_r1_hardcase_missed_hole_3_l3.png,datasets\msf_shape_mask_candidates\overlays\hole\00169_hole_v03_small_r1_hardcase_missed_hole_3_l3.jpg,pending,
00170_hole_v03_small_r1_hardcase_missed_hole_3_l4,train,1,hole,9.00,compact_small_defect;small_target;source_missed,C:\Users\yys\Desktop\风机\wind-fault-detection-platform\datasets\wind_blade_defect_v05_conservative\images\train\v03_small_r1_hardcase_missed_hole_3.jpg,C:\Users\yys\Desktop\风机\wind-fault-detection-platform\datasets\wind_blade_defect_v05_conservative\labels\train\v03_small_r1_hardcase_missed_hole_3.txt,4,512,512,351,174,357,180,306,129,402,225,0.00014808,1.0782,datasets\msf_shape_mask_candidates\crops\hole\00170_hole_v03_small_r1_hardcase_missed_hole_3_l4.jpg,datasets\msf_shape_mask_candidates\masks_rect\hole\00170_hole_v03_small_r1_hardcase_missed_hole_3_l4.png,datasets\msf_shape_mask_candidates\masks_grabcut\hole\00170_hole_v03_small_r1_hardcase_missed_hole_3_l4.png,datasets\msf_shape_mask_candidates\overlays\hole\00170_hole_v03_small_r1_hardcase_missed_hole_3_l4.jpg,pending,
00171_hole_v03_small_r1_hardcase_missed_hole_3_l5,train,1,hole,9.00,compact_small_defect;small_target;source_missed,C:\Users\yys\Desktop\风机\wind-fault-detection-platform\datasets\wind_blade_defect_v05_conservative\images\train\v03_small_r1_hardcase_missed_hole_3.jpg,C:\Users\yys\Desktop\风机\wind-fault-detection-platform\datasets\wind_blade_defect_v05_conservative\labels\train\v03_small_r1_hardcase_missed_hole_3.txt,5,512,512,170,128,180,138,127,85,223,181,0.00038146,1.0000,datasets\msf_shape_mask_candidates\crops\hole\00171_hole_v03_small_r1_hardcase_missed_hole_3_l5.jpg,datasets\msf_shape_mask_candidates\masks_rect\hole\00171_hole_v03_small_r1_hardcase_missed_hole_3_l5.png,datasets\msf_shape_mask_candidates\masks_grabcut\hole\00171_hole_v03_small_r1_hardcase_missed_hole_3_l5.png,datasets\msf_shape_mask_candidates\overlays\hole\00171_hole_v03_small_r1_hardcase_missed_hole_3_l5.jpg,pending,
00172_hole_v03_small_r1_hardcase_missed_hole_57_l2,train,1,hole,9.00,compact_small_defect;small_target;source_missed,C:\Users\yys\Desktop\风机\wind-fault-detection-platform\datasets\wind_blade_defect_v05_conservative\images\train\v03_small_r1_hardcase_missed_hole_57.jpg,C:\Users\yys\Desktop\风机\wind-fault-detection-platform\datasets\wind_blade_defect_v05_conservative\labels\train\v03_small_r1_hardcase_missed_hole_57.txt,2,512,512,439,204,472,268,408,182,503,290,0.00805662,1.9394,datasets\msf_shape_mask_candidates\crops\hole\00172_hole_v03_small_r1_hardcase_missed_hole_57_l2.jpg,datasets\msf_shape_mask_candidates\masks_rect\hole\00172_hole_v03_small_r1_hardcase_missed_hole_57_l2.png,datasets\msf_shape_mask_candidates\masks_grabcut\hole\00172_hole_v03_small_r1_hardcase_missed_hole_57_l2.png,datasets\msf_shape_mask_candidates\overlays\hole\00172_hole_v03_small_r1_hardcase_missed_hole_57_l2.jpg,pending,
00173_hole_v03_small_r1_hardcase_missed_hole_57_l3,train,1,hole,9.00,compact_small_defect;small_target;source_missed,C:\Users\yys\Desktop\风机\wind-fault-detection-platform\datasets\wind_blade_defect_v05_conservative\images\train\v03_small_r1_hardcase_missed_hole_57.jpg,C:\Users\yys\Desktop\风机\wind-fault-detection-platform\datasets\wind_blade_defect_v05_conservative\labels\train\v03_small_r1_hardcase_missed_hole_57.txt,3,512,512,36,202,66,272,3,178,99,296,0.00801091,2.3333,datasets\msf_shape_mask_candidates\crops\hole\00173_hole_v03_small_r1_hardcase_missed_hole_57_l3.jpg,datasets\msf_shape_mask_candidates\masks_rect\hole\00173_hole_v03_small_r1_hardcase_missed_hole_57_l3.png,datasets\msf_shape_mask_candidates\masks_grabcut\hole\00173_hole_v03_small_r1_hardcase_missed_hole_57_l3.png,datasets\msf_shape_mask_candidates\overlays\hole\00173_hole_v03_small_r1_hardcase_missed_hole_57_l3.jpg,pending,
00174_hole_v03_small_r1_hardcase_missed_hole_57_l4,train,1,hole,9.00,compact_small_defect;small_target;source_missed,C:\Users\yys\Desktop\风机\wind-fault-detection-platform\datasets\wind_blade_defect_v05_conservative\images\train\v03_small_r1_hardcase_missed_hole_57.jpg,C:\Users\yys\Desktop\风机\wind-fault-detection-platform\datasets\wind_blade_defect_v05_conservative\labels\train\v03_small_r1_hardcase_missed_hole_57.txt,4,512,512,474,137,500,198,439,116,512,219,0.00605010,2.3462,datasets\msf_shape_mask_candidates\crops\hole\00174_hole_v03_small_r1_hardcase_missed_hole_57_l4.jpg,datasets\msf_shape_mask_candidates\masks_rect\hole\00174_hole_v03_small_r1_hardcase_missed_hole_57_l4.png,datasets\msf_shape_mask_candidates\masks_grabcut\hole\00174_hole_v03_small_r1_hardcase_missed_hole_57_l4.png,datasets\msf_shape_mask_candidates\overlays\hole\00174_hole_v03_small_r1_hardcase_missed_hole_57_l4.jpg,pending,
00175_hole_v03_small_r1_hardcase_missed_hole_57_l5,train,1,hole,9.00,compact_small_defect;small_target;source_missed,C:\Users\yys\Desktop\风机\wind-fault-detection-platform\datasets\wind_blade_defect_v05_conservative\images\train\v03_small_r1_hardcase_missed_hole_57.jpg,C:\Users\yys\Desktop\风机\wind-fault-detection-platform\datasets\wind_blade_defect_v05_conservative\labels\train\v03_small_r1_hardcase_missed_hole_57.txt,5,512,512,148,104,178,189,115,74,211,219,0.00972754,2.8333,datasets\msf_shape_mask_candidates\crops\hole\00175_hole_v03_small_r1_hardcase_missed_hole_57_l5.jpg,datasets\msf_shape_mask_candidates\masks_rect\hole\00175_hole_v03_small_r1_hardcase_missed_hole_57_l5.png,datasets\msf_shape_mask_candidates\masks_grabcut\hole\00175_hole_v03_small_r1_hardcase_missed_hole_57_l5.png,datasets\msf_shape_mask_candidates\overlays\hole\00175_hole_v03_small_r1_hardcase_missed_hole_57_l5.jpg,pending,
00176_hole_v03_small_r1_hardcase_missed_hole_843_l1,train,1,hole,9.00,compact_small_defect;small_target;source_missed,C:\Users\yys\Desktop\风机\wind-fault-detection-platform\datasets\wind_blade_defect_v05_conservative\images\train\v03_small_r1_hardcase_missed_hole_843.jpg,C:\Users\yys\Desktop\风机\wind-fault-detection-platform\datasets\wind_blade_defect_v05_conservative\labels\train\v03_small_r1_hardcase_missed_hole_843.txt,1,512,512,268,508,278,511,225,462,321,512,0.00011443,3.3335,datasets\msf_shape_mask_candidates\crops\hole\00176_hole_v03_small_r1_hardcase_missed_hole_843_l1.jpg,datasets\msf_shape_mask_candidates\masks_rect\hole\00176_hole_v03_small_r1_hardcase_missed_hole_843_l1.png,datasets\msf_shape_mask_candidates\masks_grabcut\hole\00176_hole_v03_small_r1_hardcase_missed_hole_843_l1.png,datasets\msf_shape_mask_candidates\overlays\hole\00176_hole_v03_small_r1_hardcase_missed_hole_843_l1.jpg,pending,
00177_hole_v03_small_r1_hardcase_missed_hole_843_l2,train,1,hole,9.00,compact_small_defect;small_target;source_missed,C:\Users\yys\Desktop\风机\wind-fault-detection-platform\datasets\wind_blade_defect_v05_conservative\images\train\v03_small_r1_hardcase_missed_hole_843.jpg,C:\Users\yys\Desktop\风机\wind-fault-detection-platform\datasets\wind_blade_defect_v05_conservative\labels\train\v03_small_r1_hardcase_missed_hole_843.txt,2,512,512,260,235,282,264,223,202,319,297,0.00243381,1.3182,datasets\msf_shape_mask_candidates\crops\hole\00177_hole_v03_small_r1_hardcase_missed_hole_843_l2.jpg,datasets\msf_shape_mask_candidates\masks_rect\hole\00177_hole_v03_small_r1_hardcase_missed_hole_843_l2.png,datasets\msf_shape_mask_candidates\masks_grabcut\hole\00177_hole_v03_small_r1_hardcase_missed_hole_843_l2.png,datasets\msf_shape_mask_candidates\overlays\hole\00177_hole_v03_small_r1_hardcase_missed_hole_843_l2.jpg,pending,
00178_hole_v03_small_r1_hardcase_missed_hole_927_l1,train,1,hole,9.00,compact_small_defect;small_target;source_missed,C:\Users\yys\Desktop\风机\wind-fault-detection-platform\datasets\wind_blade_defect_v05_conservative\images\train\v03_small_r1_hardcase_missed_hole_927.jpg,C:\Users\yys\Desktop\风机\wind-fault-detection-platform\datasets\wind_blade_defect_v05_conservative\labels\train\v03_small_r1_hardcase_missed_hole_927.txt,1,512,512,95,126,131,167,65,99,161,194,0.00563044,1.1389,datasets\msf_shape_mask_candidates\crops\hole\00178_hole_v03_small_r1_hardcase_missed_hole_927_l1.jpg,datasets\msf_shape_mask_candidates\masks_rect\hole\00178_hole_v03_small_r1_hardcase_missed_hole_927_l1.png,datasets\msf_shape_mask_candidates\masks_grabcut\hole\00178_hole_v03_small_r1_hardcase_missed_hole_927_l1.png,datasets\msf_shape_mask_candidates\overlays\hole\00178_hole_v03_small_r1_hardcase_missed_hole_927_l1.jpg,pending,
00179_hole_v03_small_r1_hardcase_missed_spalling_22_l2,train,1,hole,9.00,compact_small_defect;small_target;source_missed,C:\Users\yys\Desktop\风机\wind-fault-detection-platform\datasets\wind_blade_defect_v05_conservative\images\train\v03_small_r1_hardcase_missed_spalling_22.jpg,C:\Users\yys\Desktop\风机\wind-fault-detection-platform\datasets\wind_blade_defect_v05_conservative\labels\train\v03_small_r1_hardcase_missed_spalling_22.txt,2,512,512,188,430,200,440,146,387,242,483,0.00045777,1.2000,datasets\msf_shape_mask_candidates\crops\hole\00179_hole_v03_small_r1_hardcase_missed_spalling_22_l2.jpg,datasets\msf_shape_mask_candidates\masks_rect\hole\00179_hole_v03_small_r1_hardcase_missed_spalling_22_l2.png,datasets\msf_shape_mask_candidates\masks_grabcut\hole\00179_hole_v03_small_r1_hardcase_missed_spalling_22_l2.png,datasets\msf_shape_mask_candidates\overlays\hole\00179_hole_v03_small_r1_hardcase_missed_spalling_22_l2.jpg,pending,
00180_hole_v03_small_r1_hardcase_missed_spalling_22_l3,train,1,hole,9.00,compact_small_defect;small_target;source_missed,C:\Users\yys\Desktop\风机\wind-fault-detection-platform\datasets\wind_blade_defect_v05_conservative\images\train\v03_small_r1_hardcase_missed_spalling_22.jpg,C:\Users\yys\Desktop\风机\wind-fault-detection-platform\datasets\wind_blade_defect_v05_conservative\labels\train\v03_small_r1_hardcase_missed_spalling_22.txt,3,512,512,0,322,11,331,0,279,53,374,0.00035984,1.1955,datasets\msf_shape_mask_candidates\crops\hole\00180_hole_v03_small_r1_hardcase_missed_spalling_22_l3.jpg,datasets\msf_shape_mask_candidates\masks_rect\hole\00180_hole_v03_small_r1_hardcase_missed_spalling_22_l3.png,datasets\msf_shape_mask_candidates\masks_grabcut\hole\00180_hole_v03_small_r1_hardcase_missed_spalling_22_l3.png,datasets\msf_shape_mask_candidates\overlays\hole\00180_hole_v03_small_r1_hardcase_missed_spalling_22_l3.jpg,pending,
00181_spalling_roboflow_wind_turbine_blades_test_125_jpg_rf_e350446b97cf50642d6f32bbdbadb5a6_l1,train,2,spalling,5.00,small_target,C:\Users\yys\Desktop\风机\wind-fault-detection-platform\datasets\wind_blade_defect_v05_conservative\images\train\roboflow_wind_turbine_blades_test_125_jpg_rf_e350446b97cf50642d6f32bbdbadb5a6.jpg,C:\Users\yys\Desktop\风机\wind-fault-detection-platform\datasets\wind_blade_defect_v05_conservative\labels\train\roboflow_wind_turbine_blades_test_125_jpg_rf_e350446b97cf50642d6f32bbdbadb5a6.txt,1,640,640,104,446,352,450,17,400,439,496,0.00241943,61.9374,datasets\msf_shape_mask_candidates\crops\spalling\00181_spalling_roboflow_wind_turbine_blades_test_125_jpg_rf_e350446b97cf50642d6f32bbdbadb5a6_l1.jpg,datasets\msf_shape_mask_candidates\masks_rect\spalling\00181_spalling_roboflow_wind_turbine_blades_test_125_jpg_rf_e350446b97cf50642d6f32bbdbadb5a6_l1.png,datasets\msf_shape_mask_candidates\masks_grabcut\spalling\00181_spalling_roboflow_wind_turbine_blades_test_125_jpg_rf_e350446b97cf50642d6f32bbdbadb5a6_l1.png,datasets\msf_shape_mask_candidates\overlays\spalling\00181_spalling_roboflow_wind_turbine_blades_test_125_jpg_rf_e350446b97cf50642d6f32bbdbadb5a6_l1.jpg,pending,
00182_spalling_roboflow_wind_turbine_blades_test_131_jpg_rf_9bbde10b8966d46c9db143b4c2d3879c_l1,train,2,spalling,5.00,small_target,C:\Users\yys\Desktop\风机\wind-fault-detection-platform\datasets\wind_blade_defect_v05_conservative\images\train\roboflow_wind_turbine_blades_test_131_jpg_rf_9bbde10b8966d46c9db143b4c2d3879c.jpg,C:\Users\yys\Desktop\风机\wind-fault-detection-platform\datasets\wind_blade_defect_v05_conservative\labels\train\roboflow_wind_turbine_blades_test_131_jpg_rf_9bbde10b8966d46c9db143b4c2d3879c.txt,1,640,640,106,433,365,441,15,389,456,485,0.00490035,33.4203,datasets\msf_shape_mask_candidates\crops\spalling\00182_spalling_roboflow_wind_turbine_blades_test_131_jpg_rf_9bbde10b8966d46c9db143b4c2d3879c_l1.jpg,datasets\msf_shape_mask_candidates\masks_rect\spalling\00182_spalling_roboflow_wind_turbine_blades_test_131_jpg_rf_9bbde10b8966d46c9db143b4c2d3879c_l1.png,datasets\msf_shape_mask_candidates\masks_grabcut\spalling\00182_spalling_roboflow_wind_turbine_blades_test_131_jpg_rf_9bbde10b8966d46c9db143b4c2d3879c_l1.png,datasets\msf_shape_mask_candidates\overlays\spalling\00182_spalling_roboflow_wind_turbine_blades_test_131_jpg_rf_9bbde10b8966d46c9db143b4c2d3879c_l1.jpg,pending,
00183_spalling_roboflow_wind_turbine_blades_test_148_jpg_rf_38a603df52839efbe6182f4ec05fe093_l2,train,2,spalling,5.00,small_target,C:\Users\yys\Desktop\风机\wind-fault-detection-platform\datasets\wind_blade_defect_v05_conservative\images\train\roboflow_wind_turbine_blades_test_148_jpg_rf_38a603df52839efbe6182f4ec05fe093.jpg,C:\Users\yys\Desktop\风机\wind-fault-detection-platform\datasets\wind_blade_defect_v05_conservative\labels\train\roboflow_wind_turbine_blades_test_148_jpg_rf_38a603df52839efbe6182f4ec05fe093.txt,2,640,640,182,69,546,74,55,24,640,119,0.00454716,71.1382,datasets\msf_shape_mask_candidates\crops\spalling\00183_spalling_roboflow_wind_turbine_blades_test_148_jpg_rf_38a603df52839efbe6182f4ec05fe093_l2.jpg,datasets\msf_shape_mask_candidates\masks_rect\spalling\00183_spalling_roboflow_wind_turbine_blades_test_148_jpg_rf_38a603df52839efbe6182f4ec05fe093_l2.png,datasets\msf_shape_mask_candidates\masks_grabcut\spalling\00183_spalling_roboflow_wind_turbine_blades_test_148_jpg_rf_38a603df52839efbe6182f4ec05fe093_l2.png,datasets\msf_shape_mask_candidates\overlays\spalling\00183_spalling_roboflow_wind_turbine_blades_test_148_jpg_rf_38a603df52839efbe6182f4ec05fe093_l2.jpg,pending,
00184_spalling_roboflow_wind_turbine_blades_test_16_jpg_rf_b0713f755fd09054880c3268a297a5be_l1,train,2,spalling,5.00,small_target,C:\Users\yys\Desktop\风机\wind-fault-detection-platform\datasets\wind_blade_defect_v05_conservative\images\train\roboflow_wind_turbine_blades_test_16_jpg_rf_b0713f755fd09054880c3268a297a5be.jpg,C:\Users\yys\Desktop\风机\wind-fault-detection-platform\datasets\wind_blade_defect_v05_conservative\labels\train\roboflow_wind_turbine_blades_test_16_jpg_rf_b0713f755fd09054880c3268a297a5be.txt,1,640,640,151,537,454,541,45,491,560,587,0.00295654,75.6875,datasets\msf_shape_mask_candidates\crops\spalling\00184_spalling_roboflow_wind_turbine_blades_test_16_jpg_rf_b0713f755fd09054880c3268a297a5be_l1.jpg,datasets\msf_shape_mask_candidates\masks_rect\spalling\00184_spalling_roboflow_wind_turbine_blades_test_16_jpg_rf_b0713f755fd09054880c3268a297a5be_l1.png,datasets\msf_shape_mask_candidates\masks_grabcut\spalling\00184_spalling_roboflow_wind_turbine_blades_test_16_jpg_rf_b0713f755fd09054880c3268a297a5be_l1.png,datasets\msf_shape_mask_candidates\overlays\spalling\00184_spalling_roboflow_wind_turbine_blades_test_16_jpg_rf_b0713f755fd09054880c3268a297a5be_l1.jpg,pending,
00185_spalling_roboflow_wind_turbine_blades_test_26_jpg_rf_64a68aef29fdb4938947461fc95210f9_l2,train,2,spalling,5.00,small_target,C:\Users\yys\Desktop\风机\wind-fault-detection-platform\datasets\wind_blade_defect_v05_conservative\images\train\roboflow_wind_turbine_blades_test_26_jpg_rf_64a68aef29fdb4938947461fc95210f9.jpg,C:\Users\yys\Desktop\风机\wind-fault-detection-platform\datasets\wind_blade_defect_v05_conservative\labels\train\roboflow_wind_turbine_blades_test_26_jpg_rf_64a68aef29fdb4938947461fc95210f9.txt,2,640,640,157,3,430,7,61,0,526,53,0.00330647,55.0505,datasets\msf_shape_mask_candidates\crops\spalling\00185_spalling_roboflow_wind_turbine_blades_test_26_jpg_rf_64a68aef29fdb4938947461fc95210f9_l2.jpg,datasets\msf_shape_mask_candidates\masks_rect\spalling\00185_spalling_roboflow_wind_turbine_blades_test_26_jpg_rf_64a68aef29fdb4938947461fc95210f9_l2.png,datasets\msf_shape_mask_candidates\masks_grabcut\spalling\00185_spalling_roboflow_wind_turbine_blades_test_26_jpg_rf_64a68aef29fdb4938947461fc95210f9_l2.png,datasets\msf_shape_mask_candidates\overlays\spalling\00185_spalling_roboflow_wind_turbine_blades_test_26_jpg_rf_64a68aef29fdb4938947461fc95210f9_l2.jpg,pending,
00186_spalling_roboflow_wind_turbine_blades_test_55_jpg_rf_b30f7deb6a3d6f656548ad276d3291a9_l1,train,2,spalling,5.00,small_target,C:\Users\yys\Desktop\风机\wind-fault-detection-platform\datasets\wind_blade_defect_v05_conservative\images\train\roboflow_wind_turbine_blades_test_55_jpg_rf_b30f7deb6a3d6f656548ad276d3291a9.jpg,C:\Users\yys\Desktop\风机\wind-fault-detection-platform\datasets\wind_blade_defect_v05_conservative\labels\train\roboflow_wind_turbine_blades_test_55_jpg_rf_b30f7deb6a3d6f656548ad276d3291a9.txt,1,640,640,198,540,640,547,43,496,640,591,0.00699801,68.4656,datasets\msf_shape_mask_candidates\crops\spalling\00186_spalling_roboflow_wind_turbine_blades_test_55_jpg_rf_b30f7deb6a3d6f656548ad276d3291a9_l1.jpg,datasets\msf_shape_mask_candidates\masks_rect\spalling\00186_spalling_roboflow_wind_turbine_blades_test_55_jpg_rf_b30f7deb6a3d6f656548ad276d3291a9_l1.png,datasets\msf_shape_mask_candidates\masks_grabcut\spalling\00186_spalling_roboflow_wind_turbine_blades_test_55_jpg_rf_b30f7deb6a3d6f656548ad276d3291a9_l1.png,datasets\msf_shape_mask_candidates\overlays\spalling\00186_spalling_roboflow_wind_turbine_blades_test_55_jpg_rf_b30f7deb6a3d6f656548ad276d3291a9_l1.jpg,pending,
00187_spalling_roboflow_wind_turbine_blades_test_66_jpg_rf_3a31b8ea90f2ae86ab059eb120d58b5c_l1,train,2,spalling,5.00,small_target,C:\Users\yys\Desktop\风机\wind-fault-detection-platform\datasets\wind_blade_defect_v05_conservative\images\train\roboflow_wind_turbine_blades_test_66_jpg_rf_3a31b8ea90f2ae86ab059eb120d58b5c.jpg,C:\Users\yys\Desktop\风机\wind-fault-detection-platform\datasets\wind_blade_defect_v05_conservative\labels\train\roboflow_wind_turbine_blades_test_66_jpg_rf_3a31b8ea90f2ae86ab059eb120d58b5c.txt,1,640,640,159,505,474,509,49,459,584,555,0.00307861,78.8125,datasets\msf_shape_mask_candidates\crops\spalling\00187_spalling_roboflow_wind_turbine_blades_test_66_jpg_rf_3a31b8ea90f2ae86ab059eb120d58b5c_l1.jpg,datasets\msf_shape_mask_candidates\masks_rect\spalling\00187_spalling_roboflow_wind_turbine_blades_test_66_jpg_rf_3a31b8ea90f2ae86ab059eb120d58b5c_l1.png,datasets\msf_shape_mask_candidates\masks_grabcut\spalling\00187_spalling_roboflow_wind_turbine_blades_test_66_jpg_rf_3a31b8ea90f2ae86ab059eb120d58b5c_l1.png,datasets\msf_shape_mask_candidates\overlays\spalling\00187_spalling_roboflow_wind_turbine_blades_test_66_jpg_rf_3a31b8ea90f2ae86ab059eb120d58b5c_l1.jpg,pending,
00188_spalling_roboflow_wind_turbine_blades_test_68_jpg_rf_56d3f16201885891c141461a2787909d_l1,train,2,spalling,5.00,small_target,C:\Users\yys\Desktop\风机\wind-fault-detection-platform\datasets\wind_blade_defect_v05_conservative\images\train\roboflow_wind_turbine_blades_test_68_jpg_rf_56d3f16201885891c141461a2787909d.jpg,C:\Users\yys\Desktop\风机\wind-fault-detection-platform\datasets\wind_blade_defect_v05_conservative\labels\train\roboflow_wind_turbine_blades_test_68_jpg_rf_56d3f16201885891c141461a2787909d.txt,1,640,640,158,563,481,565,45,516,594,612,0.00118207,215.1438,datasets\msf_shape_mask_candidates\crops\spalling\00188_spalling_roboflow_wind_turbine_blades_test_68_jpg_rf_56d3f16201885891c141461a2787909d_l1.jpg,datasets\msf_shape_mask_candidates\masks_rect\spalling\00188_spalling_roboflow_wind_turbine_blades_test_68_jpg_rf_56d3f16201885891c141461a2787909d_l1.png,datasets\msf_shape_mask_candidates\masks_grabcut\spalling\00188_spalling_roboflow_wind_turbine_blades_test_68_jpg_rf_56d3f16201885891c141461a2787909d_l1.png,datasets\msf_shape_mask_candidates\overlays\spalling\00188_spalling_roboflow_wind_turbine_blades_test_68_jpg_rf_56d3f16201885891c141461a2787909d_l1.jpg,pending,
00189_spalling_roboflow_wind_turbine_blades_test_97_jpg_rf_f7970e1f768bad89903c92affa3962b5_l1,train,2,spalling,5.00,small_target,C:\Users\yys\Desktop\风机\wind-fault-detection-platform\datasets\wind_blade_defect_v05_conservative\images\train\roboflow_wind_turbine_blades_test_97_jpg_rf_f7970e1f768bad89903c92affa3962b5.jpg,C:\Users\yys\Desktop\风机\wind-fault-detection-platform\datasets\wind_blade_defect_v05_conservative\labels\train\roboflow_wind_turbine_blades_test_97_jpg_rf_f7970e1f768bad89903c92affa3962b5.txt,1,640,640,222,4,569,8,101,0,640,54,0.00339599,86.9374,datasets\msf_shape_mask_candidates\crops\spalling\00189_spalling_roboflow_wind_turbine_blades_test_97_jpg_rf_f7970e1f768bad89903c92affa3962b5_l1.jpg,datasets\msf_shape_mask_candidates\masks_rect\spalling\00189_spalling_roboflow_wind_turbine_blades_test_97_jpg_rf_f7970e1f768bad89903c92affa3962b5_l1.png,datasets\msf_shape_mask_candidates\masks_grabcut\spalling\00189_spalling_roboflow_wind_turbine_blades_test_97_jpg_rf_f7970e1f768bad89903c92affa3962b5_l1.png,datasets\msf_shape_mask_candidates\overlays\spalling\00189_spalling_roboflow_wind_turbine_blades_test_97_jpg_rf_f7970e1f768bad89903c92affa3962b5_l1.jpg,pending,
00190_spalling_roboflow_wind_turbine_blades_train_10-Copy-2-_jpg_rf_30294fb4be17772dc194beb732b76f88_l1,train,2,spalling,5.00,small_target,C:\Users\yys\Desktop\风机\wind-fault-detection-platform\datasets\wind_blade_defect_v05_conservative\images\train\roboflow_wind_turbine_blades_train_10-Copy-2-_jpg_rf_30294fb4be17772dc194beb732b76f88.jpg,C:\Users\yys\Desktop\风机\wind-fault-detection-platform\datasets\wind_blade_defect_v05_conservative\labels\train\roboflow_wind_turbine_blades_train_10-Copy-2-_jpg_rf_30294fb4be17772dc194beb732b76f88.txt,1,640,640,100,38,105,253,55,0,150,328,0.00298107,37.8900,datasets\msf_shape_mask_candidates\crops\spalling\00190_spalling_roboflow_wind_turbine_blades_train_10-Copy-2-_jpg_rf_30294fb4be17772dc194beb732b76f88_l1.jpg,datasets\msf_shape_mask_candidates\masks_rect\spalling\00190_spalling_roboflow_wind_turbine_blades_train_10-Copy-2-_jpg_rf_30294fb4be17772dc194beb732b76f88_l1.png,datasets\msf_shape_mask_candidates\masks_grabcut\spalling\00190_spalling_roboflow_wind_turbine_blades_train_10-Copy-2-_jpg_rf_30294fb4be17772dc194beb732b76f88_l1.png,datasets\msf_shape_mask_candidates\overlays\spalling\00190_spalling_roboflow_wind_turbine_blades_train_10-Copy-2-_jpg_rf_30294fb4be17772dc194beb732b76f88_l1.jpg,pending,
00191_spalling_roboflow_wind_turbine_blades_train_10-Copy-2-_jpg_rf_79e07aa550f079c20cc3c1a0e7212141_l1,train,2,spalling,5.00,small_target,C:\Users\yys\Desktop\风机\wind-fault-detection-platform\datasets\wind_blade_defect_v05_conservative\images\train\roboflow_wind_turbine_blades_train_10-Copy-2-_jpg_rf_79e07aa550f079c20cc3c1a0e7212141.jpg,C:\Users\yys\Desktop\风机\wind-fault-detection-platform\datasets\wind_blade_defect_v05_conservative\labels\train\roboflow_wind_turbine_blades_train_10-Copy-2-_jpg_rf_79e07aa550f079c20cc3c1a0e7212141.txt,1,640,640,100,38,105,253,55,0,150,328,0.00278586,40.5859,datasets\msf_shape_mask_candidates\crops\spalling\00191_spalling_roboflow_wind_turbine_blades_train_10-Copy-2-_jpg_rf_79e07aa550f079c20cc3c1a0e7212141_l1.jpg,datasets\msf_shape_mask_candidates\masks_rect\spalling\00191_spalling_roboflow_wind_turbine_blades_train_10-Copy-2-_jpg_rf_79e07aa550f079c20cc3c1a0e7212141_l1.png,datasets\msf_shape_mask_candidates\masks_grabcut\spalling\00191_spalling_roboflow_wind_turbine_blades_train_10-Copy-2-_jpg_rf_79e07aa550f079c20cc3c1a0e7212141_l1.png,datasets\msf_shape_mask_candidates\overlays\spalling\00191_spalling_roboflow_wind_turbine_blades_train_10-Copy-2-_jpg_rf_79e07aa550f079c20cc3c1a0e7212141_l1.jpg,pending,
00192_spalling_roboflow_wind_turbine_blades_train_10-Copy-2-_jpg_rf_f538f75155f61e4c041cb54ad8b1140a_l1,train,2,spalling,5.00,small_target,C:\Users\yys\Desktop\风机\wind-fault-detection-platform\datasets\wind_blade_defect_v05_conservative\images\train\roboflow_wind_turbine_blades_train_10-Copy-2-_jpg_rf_f538f75155f61e4c041cb54ad8b1140a.jpg,C:\Users\yys\Desktop\风机\wind-fault-detection-platform\datasets\wind_blade_defect_v05_conservative\labels\train\roboflow_wind_turbine_blades_train_10-Copy-2-_jpg_rf_f538f75155f61e4c041cb54ad8b1140a.txt,1,640,640,100,38,105,253,55,0,150,328,0.00278586,40.5859,datasets\msf_shape_mask_candidates\crops\spalling\00192_spalling_roboflow_wind_turbine_blades_train_10-Copy-2-_jpg_rf_f538f75155f61e4c041cb54ad8b1140a_l1.jpg,datasets\msf_shape_mask_candidates\masks_rect\spalling\00192_spalling_roboflow_wind_turbine_blades_train_10-Copy-2-_jpg_rf_f538f75155f61e4c041cb54ad8b1140a_l1.png,datasets\msf_shape_mask_candidates\masks_grabcut\spalling\00192_spalling_roboflow_wind_turbine_blades_train_10-Copy-2-_jpg_rf_f538f75155f61e4c041cb54ad8b1140a_l1.png,datasets\msf_shape_mask_candidates\overlays\spalling\00192_spalling_roboflow_wind_turbine_blades_train_10-Copy-2-_jpg_rf_f538f75155f61e4c041cb54ad8b1140a_l1.jpg,pending,
00193_spalling_roboflow_wind_turbine_blades_train_10_jpg_rf_f3bb86e8b8164e6c01ccb37c173b1052_l2,train,2,spalling,5.00,small_target,C:\Users\yys\Desktop\风机\wind-fault-detection-platform\datasets\wind_blade_defect_v05_conservative\images\train\roboflow_wind_turbine_blades_train_10_jpg_rf_f3bb86e8b8164e6c01ccb37c173b1052.jpg,C:\Users\yys\Desktop\风机\wind-fault-detection-platform\datasets\wind_blade_defect_v05_conservative\labels\train\roboflow_wind_turbine_blades_train_10_jpg_rf_f3bb86e8b8164e6c01ccb37c173b1052.txt,2,640,640,429,0,640,2,355,0,640,49,0.00262016,141.9051,datasets\msf_shape_mask_candidates\crops\spalling\00193_spalling_roboflow_wind_turbine_blades_train_10_jpg_rf_f3bb86e8b8164e6c01ccb37c173b1052_l2.jpg,datasets\msf_shape_mask_candidates\masks_rect\spalling\00193_spalling_roboflow_wind_turbine_blades_train_10_jpg_rf_f3bb86e8b8164e6c01ccb37c173b1052_l2.png,datasets\msf_shape_mask_candidates\masks_grabcut\spalling\00193_spalling_roboflow_wind_turbine_blades_train_10_jpg_rf_f3bb86e8b8164e6c01ccb37c173b1052_l2.png,datasets\msf_shape_mask_candidates\overlays\spalling\00193_spalling_roboflow_wind_turbine_blades_train_10_jpg_rf_f3bb86e8b8164e6c01ccb37c173b1052_l2.jpg,pending,
00194_spalling_roboflow_wind_turbine_blades_train_113_jpg_rf_30fd1f7e07a3713dcad8d78e4550a80d_l1,train,2,spalling,5.00,small_target,C:\Users\yys\Desktop\风机\wind-fault-detection-platform\datasets\wind_blade_defect_v05_conservative\images\train\roboflow_wind_turbine_blades_train_113_jpg_rf_30fd1f7e07a3713dcad8d78e4550a80d.jpg,C:\Users\yys\Desktop\风机\wind-fault-detection-platform\datasets\wind_blade_defect_v05_conservative\labels\train\roboflow_wind_turbine_blades_train_113_jpg_rf_30fd1f7e07a3713dcad8d78e4550a80d.txt,1,640,640,173,571,517,575,53,525,637,621,0.00335937,86.0000,datasets\msf_shape_mask_candidates\crops\spalling\00194_spalling_roboflow_wind_turbine_blades_train_113_jpg_rf_30fd1f7e07a3713dcad8d78e4550a80d_l1.jpg,datasets\msf_shape_mask_candidates\masks_rect\spalling\00194_spalling_roboflow_wind_turbine_blades_train_113_jpg_rf_30fd1f7e07a3713dcad8d78e4550a80d_l1.png,datasets\msf_shape_mask_candidates\masks_grabcut\spalling\00194_spalling_roboflow_wind_turbine_blades_train_113_jpg_rf_30fd1f7e07a3713dcad8d78e4550a80d_l1.png,datasets\msf_shape_mask_candidates\overlays\spalling\00194_spalling_roboflow_wind_turbine_blades_train_113_jpg_rf_30fd1f7e07a3713dcad8d78e4550a80d_l1.jpg,pending,
00195_spalling_roboflow_wind_turbine_blades_train_119_jpg_rf_2847a7300dbfc5ea0e7b74a5152aa263_l1,train,2,spalling,5.00,small_target,C:\Users\yys\Desktop\风机\wind-fault-detection-platform\datasets\wind_blade_defect_v05_conservative\images\train\roboflow_wind_turbine_blades_train_119_jpg_rf_2847a7300dbfc5ea0e7b74a5152aa263.jpg,C:\Users\yys\Desktop\风机\wind-fault-detection-platform\datasets\wind_blade_defect_v05_conservative\labels\train\roboflow_wind_turbine_blades_train_119_jpg_rf_2847a7300dbfc5ea0e7b74a5152aa263.txt,1,640,640,120,425,383,434,28,382,475,477,0.00577352,29.1934,datasets\msf_shape_mask_candidates\crops\spalling\00195_spalling_roboflow_wind_turbine_blades_train_119_jpg_rf_2847a7300dbfc5ea0e7b74a5152aa263_l1.jpg,datasets\msf_shape_mask_candidates\masks_rect\spalling\00195_spalling_roboflow_wind_turbine_blades_train_119_jpg_rf_2847a7300dbfc5ea0e7b74a5152aa263_l1.png,datasets\msf_shape_mask_candidates\masks_grabcut\spalling\00195_spalling_roboflow_wind_turbine_blades_train_119_jpg_rf_2847a7300dbfc5ea0e7b74a5152aa263_l1.png,datasets\msf_shape_mask_candidates\overlays\spalling\00195_spalling_roboflow_wind_turbine_blades_train_119_jpg_rf_2847a7300dbfc5ea0e7b74a5152aa263_l1.jpg,pending,
00196_spalling_roboflow_wind_turbine_blades_train_120_jpg_rf_fb074e7e90f0e20d3504712e4660f043_l1,train,2,spalling,5.00,small_target,C:\Users\yys\Desktop\风机\wind-fault-detection-platform\datasets\wind_blade_defect_v05_conservative\images\train\roboflow_wind_turbine_blades_train_120_jpg_rf_fb074e7e90f0e20d3504712e4660f043.jpg,C:\Users\yys\Desktop\风机\wind-fault-detection-platform\datasets\wind_blade_defect_v05_conservative\labels\train\roboflow_wind_turbine_blades_train_120_jpg_rf_fb074e7e90f0e20d3504712e4660f043.txt,1,640,640,105,445,354,449,18,399,441,495,0.00243164,62.2499,datasets\msf_shape_mask_candidates\crops\spalling\00196_spalling_roboflow_wind_turbine_blades_train_120_jpg_rf_fb074e7e90f0e20d3504712e4660f043_l1.jpg,datasets\msf_shape_mask_candidates\masks_rect\spalling\00196_spalling_roboflow_wind_turbine_blades_train_120_jpg_rf_fb074e7e90f0e20d3504712e4660f043_l1.png,datasets\msf_shape_mask_candidates\masks_grabcut\spalling\00196_spalling_roboflow_wind_turbine_blades_train_120_jpg_rf_fb074e7e90f0e20d3504712e4660f043_l1.png,datasets\msf_shape_mask_candidates\overlays\spalling\00196_spalling_roboflow_wind_turbine_blades_train_120_jpg_rf_fb074e7e90f0e20d3504712e4660f043_l1.jpg,pending,
00197_spalling_roboflow_wind_turbine_blades_train_125_jpg_rf_048b95a65ff03101c72c030634c1b8b5_l1,train,2,spalling,5.00,small_target,C:\Users\yys\Desktop\风机\wind-fault-detection-platform\datasets\wind_blade_defect_v05_conservative\images\train\roboflow_wind_turbine_blades_train_125_jpg_rf_048b95a65ff03101c72c030634c1b8b5.jpg,C:\Users\yys\Desktop\风机\wind-fault-detection-platform\datasets\wind_blade_defect_v05_conservative\labels\train\roboflow_wind_turbine_blades_train_125_jpg_rf_048b95a65ff03101c72c030634c1b8b5.txt,1,640,640,104,441,351,455,18,400,437,496,0.00863766,17.2440,datasets\msf_shape_mask_candidates\crops\spalling\00197_spalling_roboflow_wind_turbine_blades_train_125_jpg_rf_048b95a65ff03101c72c030634c1b8b5_l1.jpg,datasets\msf_shape_mask_candidates\masks_rect\spalling\00197_spalling_roboflow_wind_turbine_blades_train_125_jpg_rf_048b95a65ff03101c72c030634c1b8b5_l1.png,datasets\msf_shape_mask_candidates\masks_grabcut\spalling\00197_spalling_roboflow_wind_turbine_blades_train_125_jpg_rf_048b95a65ff03101c72c030634c1b8b5_l1.png,datasets\msf_shape_mask_candidates\overlays\spalling\00197_spalling_roboflow_wind_turbine_blades_train_125_jpg_rf_048b95a65ff03101c72c030634c1b8b5_l1.jpg,pending,
00198_spalling_roboflow_wind_turbine_blades_train_12_jpg_rf_7729d7ee937651e9ef17fcc306bedb13_l1,train,2,spalling,5.00,small_target,C:\Users\yys\Desktop\风机\wind-fault-detection-platform\datasets\wind_blade_defect_v05_conservative\images\train\roboflow_wind_turbine_blades_train_12_jpg_rf_7729d7ee937651e9ef17fcc306bedb13.jpg,C:\Users\yys\Desktop\风机\wind-fault-detection-platform\datasets\wind_blade_defect_v05_conservative\labels\train\roboflow_wind_turbine_blades_train_12_jpg_rf_7729d7ee937651e9ef17fcc306bedb13.txt,1,640,640,251,571,640,575,115,525,640,621,0.00569150,140.8388,datasets\msf_shape_mask_candidates\crops\spalling\00198_spalling_roboflow_wind_turbine_blades_train_12_jpg_rf_7729d7ee937651e9ef17fcc306bedb13_l1.jpg,datasets\msf_shape_mask_candidates\masks_rect\spalling\00198_spalling_roboflow_wind_turbine_blades_train_12_jpg_rf_7729d7ee937651e9ef17fcc306bedb13_l1.png,datasets\msf_shape_mask_candidates\masks_grabcut\spalling\00198_spalling_roboflow_wind_turbine_blades_train_12_jpg_rf_7729d7ee937651e9ef17fcc306bedb13_l1.png,datasets\msf_shape_mask_candidates\overlays\spalling\00198_spalling_roboflow_wind_turbine_blades_train_12_jpg_rf_7729d7ee937651e9ef17fcc306bedb13_l1.jpg,pending,
00199_spalling_roboflow_wind_turbine_blades_train_12_jpg_rf_e3c19e902a045b60bca22715a50cd0a0_l1,train,2,spalling,5.00,small_target,C:\Users\yys\Desktop\风机\wind-fault-detection-platform\datasets\wind_blade_defect_v05_conservative\images\train\roboflow_wind_turbine_blades_train_12_jpg_rf_e3c19e902a045b60bca22715a50cd0a0.jpg,C:\Users\yys\Desktop\风机\wind-fault-detection-platform\datasets\wind_blade_defect_v05_conservative\labels\train\roboflow_wind_turbine_blades_train_12_jpg_rf_e3c19e902a045b60bca22715a50cd0a0.txt,1,640,640,251,571,640,575,115,525,640,621,0.00569150,140.8388,datasets\msf_shape_mask_candidates\crops\spalling\00199_spalling_roboflow_wind_turbine_blades_train_12_jpg_rf_e3c19e902a045b60bca22715a50cd0a0_l1.jpg,datasets\msf_shape_mask_candidates\masks_rect\spalling\00199_spalling_roboflow_wind_turbine_blades_train_12_jpg_rf_e3c19e902a045b60bca22715a50cd0a0_l1.png,datasets\msf_shape_mask_candidates\masks_grabcut\spalling\00199_spalling_roboflow_wind_turbine_blades_train_12_jpg_rf_e3c19e902a045b60bca22715a50cd0a0_l1.png,datasets\msf_shape_mask_candidates\overlays\spalling\00199_spalling_roboflow_wind_turbine_blades_train_12_jpg_rf_e3c19e902a045b60bca22715a50cd0a0_l1.jpg,pending,
00200_spalling_roboflow_wind_turbine_blades_train_13-Copy-2-_jpg_rf_07f1ec96ace53bf4bd1400feb9237fae_l1,train,2,spalling,5.00,small_target,C:\Users\yys\Desktop\风机\wind-fault-detection-platform\datasets\wind_blade_defect_v05_conservative\images\train\roboflow_wind_turbine_blades_train_13-Copy-2-_jpg_rf_07f1ec96ace53bf4bd1400feb9237fae.jpg,C:\Users\yys\Desktop\风机\wind-fault-detection-platform\datasets\wind_blade_defect_v05_conservative\labels\train\roboflow_wind_turbine_blades_train_13-Copy-2-_jpg_rf_07f1ec96ace53bf4bd1400feb9237fae.txt,1,640,640,5,62,9,607,0,0,55,640,0.00532471,136.3125,datasets\msf_shape_mask_candidates\crops\spalling\00200_spalling_roboflow_wind_turbine_blades_train_13-Copy-2-_jpg_rf_07f1ec96ace53bf4bd1400feb9237fae_l1.jpg,datasets\msf_shape_mask_candidates\masks_rect\spalling\00200_spalling_roboflow_wind_turbine_blades_train_13-Copy-2-_jpg_rf_07f1ec96ace53bf4bd1400feb9237fae_l1.png,datasets\msf_shape_mask_candidates\masks_grabcut\spalling\00200_spalling_roboflow_wind_turbine_blades_train_13-Copy-2-_jpg_rf_07f1ec96ace53bf4bd1400feb9237fae_l1.png,datasets\msf_shape_mask_candidates\overlays\spalling\00200_spalling_roboflow_wind_turbine_blades_train_13-Copy-2-_jpg_rf_07f1ec96ace53bf4bd1400feb9237fae_l1.jpg,pending,
00201_spalling_roboflow_wind_turbine_blades_train_13_jpg_rf_05ed3c2ef15a43ea82d069207613d6f9_l1,train,2,spalling,5.00,small_target,C:\Users\yys\Desktop\风机\wind-fault-detection-platform\datasets\wind_blade_defect_v05_conservative\images\train\roboflow_wind_turbine_blades_train_13_jpg_rf_05ed3c2ef15a43ea82d069207613d6f9.jpg,C:\Users\yys\Desktop\风机\wind-fault-detection-platform\datasets\wind_blade_defect_v05_conservative\labels\train\roboflow_wind_turbine_blades_train_13_jpg_rf_05ed3c2ef15a43ea82d069207613d6f9.txt,1,640,640,251,575,640,580,115,530,640,625,0.00764387,102.6817,datasets\msf_shape_mask_candidates\crops\spalling\00201_spalling_roboflow_wind_turbine_blades_train_13_jpg_rf_05ed3c2ef15a43ea82d069207613d6f9_l1.jpg,datasets\msf_shape_mask_candidates\masks_rect\spalling\00201_spalling_roboflow_wind_turbine_blades_train_13_jpg_rf_05ed3c2ef15a43ea82d069207613d6f9_l1.png,datasets\msf_shape_mask_candidates\masks_grabcut\spalling\00201_spalling_roboflow_wind_turbine_blades_train_13_jpg_rf_05ed3c2ef15a43ea82d069207613d6f9_l1.png,datasets\msf_shape_mask_candidates\overlays\spalling\00201_spalling_roboflow_wind_turbine_blades_train_13_jpg_rf_05ed3c2ef15a43ea82d069207613d6f9_l1.jpg,pending,
00202_spalling_roboflow_wind_turbine_blades_train_148_jpg_rf_737503087764b829881318e703e9defa_l2,train,2,spalling,5.00,small_target,C:\Users\yys\Desktop\风机\wind-fault-detection-platform\datasets\wind_blade_defect_v05_conservative\images\train\roboflow_wind_turbine_blades_train_148_jpg_rf_737503087764b829881318e703e9defa.jpg,C:\Users\yys\Desktop\风机\wind-fault-detection-platform\datasets\wind_blade_defect_v05_conservative\labels\train\roboflow_wind_turbine_blades_train_148_jpg_rf_737503087764b829881318e703e9defa.txt,2,640,640,182,69,546,74,55,24,640,119,0.00454716,71.1382,datasets\msf_shape_mask_candidates\crops\spalling\00202_spalling_roboflow_wind_turbine_blades_train_148_jpg_rf_737503087764b829881318e703e9defa_l2.jpg,datasets\msf_shape_mask_candidates\masks_rect\spalling\00202_spalling_roboflow_wind_turbine_blades_train_148_jpg_rf_737503087764b829881318e703e9defa_l2.png,datasets\msf_shape_mask_candidates\masks_grabcut\spalling\00202_spalling_roboflow_wind_turbine_blades_train_148_jpg_rf_737503087764b829881318e703e9defa_l2.png,datasets\msf_shape_mask_candidates\overlays\spalling\00202_spalling_roboflow_wind_turbine_blades_train_148_jpg_rf_737503087764b829881318e703e9defa_l2.jpg,pending,
00203_spalling_roboflow_wind_turbine_blades_train_155_jpg_rf_e10b3fae578b7a07018ed713705ecfb9_l2,train,2,spalling,5.00,small_target,C:\Users\yys\Desktop\风机\wind-fault-detection-platform\datasets\wind_blade_defect_v05_conservative\images\train\roboflow_wind_turbine_blades_train_155_jpg_rf_e10b3fae578b7a07018ed713705ecfb9.jpg,C:\Users\yys\Desktop\风机\wind-fault-detection-platform\datasets\wind_blade_defect_v05_conservative\labels\train\roboflow_wind_turbine_blades_train_155_jpg_rf_e10b3fae578b7a07018ed713705ecfb9.txt,2,640,640,204,5,322,9,163,0,363,55,0.00114990,29.4374,datasets\msf_shape_mask_candidates\crops\spalling\00203_spalling_roboflow_wind_turbine_blades_train_155_jpg_rf_e10b3fae578b7a07018ed713705ecfb9_l2.jpg,datasets\msf_shape_mask_candidates\masks_rect\spalling\00203_spalling_roboflow_wind_turbine_blades_train_155_jpg_rf_e10b3fae578b7a07018ed713705ecfb9_l2.png,datasets\msf_shape_mask_candidates\masks_grabcut\spalling\00203_spalling_roboflow_wind_turbine_blades_train_155_jpg_rf_e10b3fae578b7a07018ed713705ecfb9_l2.png,datasets\msf_shape_mask_candidates\overlays\spalling\00203_spalling_roboflow_wind_turbine_blades_train_155_jpg_rf_e10b3fae578b7a07018ed713705ecfb9_l2.jpg,pending,
00204_spalling_roboflow_wind_turbine_blades_train_156_jpg_rf_7e9c2b4a0f3a646ab07e29b3351582d5_l1,train,2,spalling,5.00,small_target,C:\Users\yys\Desktop\风机\wind-fault-detection-platform\datasets\wind_blade_defect_v05_conservative\images\train\roboflow_wind_turbine_blades_train_156_jpg_rf_7e9c2b4a0f3a646ab07e29b3351582d5.jpg,C:\Users\yys\Desktop\风机\wind-fault-detection-platform\datasets\wind_blade_defect_v05_conservative\labels\train\roboflow_wind_turbine_blades_train_156_jpg_rf_7e9c2b4a0f3a646ab07e29b3351582d5.txt,1,640,640,229,0,326,8,195,0,360,52,0.00212043,10.7218,datasets\msf_shape_mask_candidates\crops\spalling\00204_spalling_roboflow_wind_turbine_blades_train_156_jpg_rf_7e9c2b4a0f3a646ab07e29b3351582d5_l1.jpg,datasets\msf_shape_mask_candidates\masks_rect\spalling\00204_spalling_roboflow_wind_turbine_blades_train_156_jpg_rf_7e9c2b4a0f3a646ab07e29b3351582d5_l1.png,datasets\msf_shape_mask_candidates\masks_grabcut\spalling\00204_spalling_roboflow_wind_turbine_blades_train_156_jpg_rf_7e9c2b4a0f3a646ab07e29b3351582d5_l1.png,datasets\msf_shape_mask_candidates\overlays\spalling\00204_spalling_roboflow_wind_turbine_blades_train_156_jpg_rf_7e9c2b4a0f3a646ab07e29b3351582d5_l1.jpg,pending,
00205_spalling_roboflow_wind_turbine_blades_train_15_jpg_rf_8831744bd0fb799b031c28392060b4f0_l1,train,2,spalling,5.00,small_target,C:\Users\yys\Desktop\风机\wind-fault-detection-platform\datasets\wind_blade_defect_v05_conservative\images\train\roboflow_wind_turbine_blades_train_15_jpg_rf_8831744bd0fb799b031c28392060b4f0.jpg,C:\Users\yys\Desktop\风机\wind-fault-detection-platform\datasets\wind_blade_defect_v05_conservative\labels\train\roboflow_wind_turbine_blades_train_15_jpg_rf_8831744bd0fb799b031c28392060b4f0.txt,1,640,640,147,586,456,590,39,540,564,636,0.00301758,77.2499,datasets\msf_shape_mask_candidates\crops\spalling\00205_spalling_roboflow_wind_turbine_blades_train_15_jpg_rf_8831744bd0fb799b031c28392060b4f0_l1.jpg,datasets\msf_shape_mask_candidates\masks_rect\spalling\00205_spalling_roboflow_wind_turbine_blades_train_15_jpg_rf_8831744bd0fb799b031c28392060b4f0_l1.png,datasets\msf_shape_mask_candidates\masks_grabcut\spalling\00205_spalling_roboflow_wind_turbine_blades_train_15_jpg_rf_8831744bd0fb799b031c28392060b4f0_l1.png,datasets\msf_shape_mask_candidates\overlays\spalling\00205_spalling_roboflow_wind_turbine_blades_train_15_jpg_rf_8831744bd0fb799b031c28392060b4f0_l1.jpg,pending,
00206_spalling_roboflow_wind_turbine_blades_train_18_jpg_rf_0cc486b9f63b236a696795c682ddb2c9_l1,train,2,spalling,5.00,small_target,C:\Users\yys\Desktop\风机\wind-fault-detection-platform\datasets\wind_blade_defect_v05_conservative\images\train\roboflow_wind_turbine_blades_train_18_jpg_rf_0cc486b9f63b236a696795c682ddb2c9.jpg,C:\Users\yys\Desktop\风机\wind-fault-detection-platform\datasets\wind_blade_defect_v05_conservative\labels\train\roboflow_wind_turbine_blades_train_18_jpg_rf_0cc486b9f63b236a696795c682ddb2c9.txt,1,640,640,145,559,453,562,37,513,561,608,0.00206625,111.9057,datasets\msf_shape_mask_candidates\crops\spalling\00206_spalling_roboflow_wind_turbine_blades_train_18_jpg_rf_0cc486b9f63b236a696795c682ddb2c9_l1.jpg,datasets\msf_shape_mask_candidates\masks_rect\spalling\00206_spalling_roboflow_wind_turbine_blades_train_18_jpg_rf_0cc486b9f63b236a696795c682ddb2c9_l1.png,datasets\msf_shape_mask_candidates\masks_grabcut\spalling\00206_spalling_roboflow_wind_turbine_blades_train_18_jpg_rf_0cc486b9f63b236a696795c682ddb2c9_l1.png,datasets\msf_shape_mask_candidates\overlays\spalling\00206_spalling_roboflow_wind_turbine_blades_train_18_jpg_rf_0cc486b9f63b236a696795c682ddb2c9_l1.jpg,pending,
00207_spalling_roboflow_wind_turbine_blades_train_19_jpg_rf_11fa1752096a9383e90cb7305ed94784_l1,train,2,spalling,5.00,small_target,C:\Users\yys\Desktop\风机\wind-fault-detection-platform\datasets\wind_blade_defect_v05_conservative\images\train\roboflow_wind_turbine_blades_train_19_jpg_rf_11fa1752096a9383e90cb7305ed94784.jpg,C:\Users\yys\Desktop\风机\wind-fault-detection-platform\datasets\wind_blade_defect_v05_conservative\labels\train\roboflow_wind_turbine_blades_train_19_jpg_rf_11fa1752096a9383e90cb7305ed94784.txt,1,640,640,155,567,490,572,38,522,607,617,0.00429696,63.8581,datasets\msf_shape_mask_candidates\crops\spalling\00207_spalling_roboflow_wind_turbine_blades_train_19_jpg_rf_11fa1752096a9383e90cb7305ed94784_l1.jpg,datasets\msf_shape_mask_candidates\masks_rect\spalling\00207_spalling_roboflow_wind_turbine_blades_train_19_jpg_rf_11fa1752096a9383e90cb7305ed94784_l1.png,datasets\msf_shape_mask_candidates\masks_grabcut\spalling\00207_spalling_roboflow_wind_turbine_blades_train_19_jpg_rf_11fa1752096a9383e90cb7305ed94784_l1.png,datasets\msf_shape_mask_candidates\overlays\spalling\00207_spalling_roboflow_wind_turbine_blades_train_19_jpg_rf_11fa1752096a9383e90cb7305ed94784_l1.jpg,pending,
00208_spalling_roboflow_wind_turbine_blades_train_20_jpg_rf_794644f292b72012e874b2b42ff90386_l1,train,2,spalling,5.00,small_target,C:\Users\yys\Desktop\风机\wind-fault-detection-platform\datasets\wind_blade_defect_v05_conservative\images\train\roboflow_wind_turbine_blades_train_20_jpg_rf_794644f292b72012e874b2b42ff90386.jpg,C:\Users\yys\Desktop\风机\wind-fault-detection-platform\datasets\wind_blade_defect_v05_conservative\labels\train\roboflow_wind_turbine_blades_train_20_jpg_rf_794644f292b72012e874b2b42ff90386.txt,1,640,640,204,0,401,2,135,0,470,49,0.00191894,49.1250,datasets\msf_shape_mask_candidates\crops\spalling\00208_spalling_roboflow_wind_turbine_blades_train_20_jpg_rf_794644f292b72012e874b2b42ff90386_l1.jpg,datasets\msf_shape_mask_candidates\masks_rect\spalling\00208_spalling_roboflow_wind_turbine_blades_train_20_jpg_rf_794644f292b72012e874b2b42ff90386_l1.png,datasets\msf_shape_mask_candidates\masks_grabcut\spalling\00208_spalling_roboflow_wind_turbine_blades_train_20_jpg_rf_794644f292b72012e874b2b42ff90386_l1.png,datasets\msf_shape_mask_candidates\overlays\spalling\00208_spalling_roboflow_wind_turbine_blades_train_20_jpg_rf_794644f292b72012e874b2b42ff90386_l1.jpg,pending,
00209_spalling_roboflow_wind_turbine_blades_train_21_jpg_rf_1e363e39784a023f6446df265002e59e_l1,train,2,spalling,5.00,small_target,C:\Users\yys\Desktop\风机\wind-fault-detection-platform\datasets\wind_blade_defect_v05_conservative\images\train\roboflow_wind_turbine_blades_train_21_jpg_rf_1e363e39784a023f6446df265002e59e.jpg,C:\Users\yys\Desktop\风机\wind-fault-detection-platform\datasets\wind_blade_defect_v05_conservative\labels\train\roboflow_wind_turbine_blades_train_21_jpg_rf_1e363e39784a023f6446df265002e59e.txt,1,640,640,275,481,640,487,147,436,640,532,0.00908770,95.1087,datasets\msf_shape_mask_candidates\crops\spalling\00209_spalling_roboflow_wind_turbine_blades_train_21_jpg_rf_1e363e39784a023f6446df265002e59e_l1.jpg,datasets\msf_shape_mask_candidates\masks_rect\spalling\00209_spalling_roboflow_wind_turbine_blades_train_21_jpg_rf_1e363e39784a023f6446df265002e59e_l1.png,datasets\msf_shape_mask_candidates\masks_grabcut\spalling\00209_spalling_roboflow_wind_turbine_blades_train_21_jpg_rf_1e363e39784a023f6446df265002e59e_l1.png,datasets\msf_shape_mask_candidates\overlays\spalling\00209_spalling_roboflow_wind_turbine_blades_train_21_jpg_rf_1e363e39784a023f6446df265002e59e_l1.jpg,pending,
00210_spalling_roboflow_wind_turbine_blades_train_21_jpg_rf_dcb5e8aff3ab98b4dd7b4e0fe8fdcd7c_l1,train,2,spalling,5.00,small_target,C:\Users\yys\Desktop\风机\wind-fault-detection-platform\datasets\wind_blade_defect_v05_conservative\images\train\roboflow_wind_turbine_blades_train_21_jpg_rf_dcb5e8aff3ab98b4dd7b4e0fe8fdcd7c.jpg,C:\Users\yys\Desktop\风机\wind-fault-detection-platform\datasets\wind_blade_defect_v05_conservative\labels\train\roboflow_wind_turbine_blades_train_21_jpg_rf_dcb5e8aff3ab98b4dd7b4e0fe8fdcd7c.txt,1,640,640,275,481,640,487,147,436,640,532,0.00908770,95.1087,datasets\msf_shape_mask_candidates\crops\spalling\00210_spalling_roboflow_wind_turbine_blades_train_21_jpg_rf_dcb5e8aff3ab98b4dd7b4e0fe8fdcd7c_l1.jpg,datasets\msf_shape_mask_candidates\masks_rect\spalling\00210_spalling_roboflow_wind_turbine_blades_train_21_jpg_rf_dcb5e8aff3ab98b4dd7b4e0fe8fdcd7c_l1.png,datasets\msf_shape_mask_candidates\masks_grabcut\spalling\00210_spalling_roboflow_wind_turbine_blades_train_21_jpg_rf_dcb5e8aff3ab98b4dd7b4e0fe8fdcd7c_l1.png,datasets\msf_shape_mask_candidates\overlays\spalling\00210_spalling_roboflow_wind_turbine_blades_train_21_jpg_rf_dcb5e8aff3ab98b4dd7b4e0fe8fdcd7c_l1.jpg,pending,
00211_spalling_roboflow_wind_turbine_blades_train_22_jpg_rf_eb5249cdbb436b4aa91d86f8e43158df_l1,train,2,spalling,5.00,small_target,C:\Users\yys\Desktop\风机\wind-fault-detection-platform\datasets\wind_blade_defect_v05_conservative\images\train\roboflow_wind_turbine_blades_train_22_jpg_rf_eb5249cdbb436b4aa91d86f8e43158df.jpg,C:\Users\yys\Desktop\风机\wind-fault-detection-platform\datasets\wind_blade_defect_v05_conservative\labels\train\roboflow_wind_turbine_blades_train_22_jpg_rf_eb5249cdbb436b4aa91d86f8e43158df.txt,1,640,640,205,1,425,7,128,0,502,52,0.00282299,41.9531,datasets\msf_shape_mask_candidates\crops\spalling\00211_spalling_roboflow_wind_turbine_blades_train_22_jpg_rf_eb5249cdbb436b4aa91d86f8e43158df_l1.jpg,datasets\msf_shape_mask_candidates\masks_rect\spalling\00211_spalling_roboflow_wind_turbine_blades_train_22_jpg_rf_eb5249cdbb436b4aa91d86f8e43158df_l1.png,datasets\msf_shape_mask_candidates\masks_grabcut\spalling\00211_spalling_roboflow_wind_turbine_blades_train_22_jpg_rf_eb5249cdbb436b4aa91d86f8e43158df_l1.png,datasets\msf_shape_mask_candidates\overlays\spalling\00211_spalling_roboflow_wind_turbine_blades_train_22_jpg_rf_eb5249cdbb436b4aa91d86f8e43158df_l1.jpg,pending,
00212_spalling_roboflow_wind_turbine_blades_train_23_jpg_rf_a49810f60be87c729ba6305d1be91a5a_l1,train,2,spalling,5.00,small_target,C:\Users\yys\Desktop\风机\wind-fault-detection-platform\datasets\wind_blade_defect_v05_conservative\images\train\roboflow_wind_turbine_blades_train_23_jpg_rf_a49810f60be87c729ba6305d1be91a5a.jpg,C:\Users\yys\Desktop\风机\wind-fault-detection-platform\datasets\wind_blade_defect_v05_conservative\labels\train\roboflow_wind_turbine_blades_train_23_jpg_rf_a49810f60be87c729ba6305d1be91a5a.txt,1,640,640,157,579,467,583,49,533,575,629,0.00302979,77.5626,datasets\msf_shape_mask_candidates\crops\spalling\00212_spalling_roboflow_wind_turbine_blades_train_23_jpg_rf_a49810f60be87c729ba6305d1be91a5a_l1.jpg,datasets\msf_shape_mask_candidates\masks_rect\spalling\00212_spalling_roboflow_wind_turbine_blades_train_23_jpg_rf_a49810f60be87c729ba6305d1be91a5a_l1.png,datasets\msf_shape_mask_candidates\masks_grabcut\spalling\00212_spalling_roboflow_wind_turbine_blades_train_23_jpg_rf_a49810f60be87c729ba6305d1be91a5a_l1.png,datasets\msf_shape_mask_candidates\overlays\spalling\00212_spalling_roboflow_wind_turbine_blades_train_23_jpg_rf_a49810f60be87c729ba6305d1be91a5a_l1.jpg,pending,
00213_spalling_roboflow_wind_turbine_blades_train_24_jpg_rf_940e3e796cc4aa462979746d544a599e_l1,train,2,spalling,5.00,small_target,C:\Users\yys\Desktop\风机\wind-fault-detection-platform\datasets\wind_blade_defect_v05_conservative\images\train\roboflow_wind_turbine_blades_train_24_jpg_rf_940e3e796cc4aa462979746d544a599e.jpg,C:\Users\yys\Desktop\风机\wind-fault-detection-platform\datasets\wind_blade_defect_v05_conservative\labels\train\roboflow_wind_turbine_blades_train_24_jpg_rf_940e3e796cc4aa462979746d544a599e.txt,1,640,640,179,0,432,7,90,0,521,51,0.00478211,32.6139,datasets\msf_shape_mask_candidates\crops\spalling\00213_spalling_roboflow_wind_turbine_blades_train_24_jpg_rf_940e3e796cc4aa462979746d544a599e_l1.jpg,datasets\msf_shape_mask_candidates\masks_rect\spalling\00213_spalling_roboflow_wind_turbine_blades_train_24_jpg_rf_940e3e796cc4aa462979746d544a599e_l1.png,datasets\msf_shape_mask_candidates\masks_grabcut\spalling\00213_spalling_roboflow_wind_turbine_blades_train_24_jpg_rf_940e3e796cc4aa462979746d544a599e_l1.png,datasets\msf_shape_mask_candidates\overlays\spalling\00213_spalling_roboflow_wind_turbine_blades_train_24_jpg_rf_940e3e796cc4aa462979746d544a599e_l1.jpg,pending,
00214_spalling_roboflow_wind_turbine_blades_train_25_jpg_rf_4fa0b36a03a0981ce6fa15f70ae76ccf_l1,train,2,spalling,5.00,small_target,C:\Users\yys\Desktop\风机\wind-fault-detection-platform\datasets\wind_blade_defect_v05_conservative\images\train\roboflow_wind_turbine_blades_train_25_jpg_rf_4fa0b36a03a0981ce6fa15f70ae76ccf.jpg,C:\Users\yys\Desktop\风机\wind-fault-detection-platform\datasets\wind_blade_defect_v05_conservative\labels\train\roboflow_wind_turbine_blades_train_25_jpg_rf_4fa0b36a03a0981ce6fa15f70ae76ccf.txt,1,640,640,157,547,448,549,55,500,550,596,0.00106762,194.3127,datasets\msf_shape_mask_candidates\crops\spalling\00214_spalling_roboflow_wind_turbine_blades_train_25_jpg_rf_4fa0b36a03a0981ce6fa15f70ae76ccf_l1.jpg,datasets\msf_shape_mask_candidates\masks_rect\spalling\00214_spalling_roboflow_wind_turbine_blades_train_25_jpg_rf_4fa0b36a03a0981ce6fa15f70ae76ccf_l1.png,datasets\msf_shape_mask_candidates\masks_grabcut\spalling\00214_spalling_roboflow_wind_turbine_blades_train_25_jpg_rf_4fa0b36a03a0981ce6fa15f70ae76ccf_l1.png,datasets\msf_shape_mask_candidates\overlays\spalling\00214_spalling_roboflow_wind_turbine_blades_train_25_jpg_rf_4fa0b36a03a0981ce6fa15f70ae76ccf_l1.jpg,pending,
00215_spalling_roboflow_wind_turbine_blades_train_27_jpg_rf_47036024bda00f173fc2a731f964dcd7_l1,train,2,spalling,5.00,small_target,C:\Users\yys\Desktop\风机\wind-fault-detection-platform\datasets\wind_blade_defect_v05_conservative\images\train\roboflow_wind_turbine_blades_train_27_jpg_rf_47036024bda00f173fc2a731f964dcd7.jpg,C:\Users\yys\Desktop\风机\wind-fault-detection-platform\datasets\wind_blade_defect_v05_conservative\labels\train\roboflow_wind_turbine_blades_train_27_jpg_rf_47036024bda00f173fc2a731f964dcd7.txt,1,640,640,151,524,459,528,43,478,567,574,0.00300537,76.9374,datasets\msf_shape_mask_candidates\crops\spalling\00215_spalling_roboflow_wind_turbine_blades_train_27_jpg_rf_47036024bda00f173fc2a731f964dcd7_l1.jpg,datasets\msf_shape_mask_candidates\masks_rect\spalling\00215_spalling_roboflow_wind_turbine_blades_train_27_jpg_rf_47036024bda00f173fc2a731f964dcd7_l1.png,datasets\msf_shape_mask_candidates\masks_grabcut\spalling\00215_spalling_roboflow_wind_turbine_blades_train_27_jpg_rf_47036024bda00f173fc2a731f964dcd7_l1.png,datasets\msf_shape_mask_candidates\overlays\spalling\00215_spalling_roboflow_wind_turbine_blades_train_27_jpg_rf_47036024bda00f173fc2a731f964dcd7_l1.jpg,pending,
00216_spalling_roboflow_wind_turbine_blades_train_27_jpg_rf_922624ff2407bb5f63f410be0462fd7a_l1,train,2,spalling,5.00,small_target,C:\Users\yys\Desktop\风机\wind-fault-detection-platform\datasets\wind_blade_defect_v05_conservative\images\train\roboflow_wind_turbine_blades_train_27_jpg_rf_922624ff2407bb5f63f410be0462fd7a.jpg,C:\Users\yys\Desktop\风机\wind-fault-detection-platform\datasets\wind_blade_defect_v05_conservative\labels\train\roboflow_wind_turbine_blades_train_27_jpg_rf_922624ff2407bb5f63f410be0462fd7a.txt,1,640,640,153,76,460,80,46,30,567,126,0.00308775,74.5203,datasets\msf_shape_mask_candidates\crops\spalling\00216_spalling_roboflow_wind_turbine_blades_train_27_jpg_rf_922624ff2407bb5f63f410be0462fd7a_l1.jpg,datasets\msf_shape_mask_candidates\masks_rect\spalling\00216_spalling_roboflow_wind_turbine_blades_train_27_jpg_rf_922624ff2407bb5f63f410be0462fd7a_l1.png,datasets\msf_shape_mask_candidates\masks_grabcut\spalling\00216_spalling_roboflow_wind_turbine_blades_train_27_jpg_rf_922624ff2407bb5f63f410be0462fd7a_l1.png,datasets\msf_shape_mask_candidates\overlays\spalling\00216_spalling_roboflow_wind_turbine_blades_train_27_jpg_rf_922624ff2407bb5f63f410be0462fd7a_l1.jpg,pending,
00217_spalling_roboflow_wind_turbine_blades_train_3-Copy-2-_jpg_rf_e1e79c17bcbf174ae08f08aae35eee41_l1,train,2,spalling,5.00,small_target,C:\Users\yys\Desktop\风机\wind-fault-detection-platform\datasets\wind_blade_defect_v05_conservative\images\train\roboflow_wind_turbine_blades_train_3-Copy-2-_jpg_rf_e1e79c17bcbf174ae08f08aae35eee41.jpg,C:\Users\yys\Desktop\风机\wind-fault-detection-platform\datasets\wind_blade_defect_v05_conservative\labels\train\roboflow_wind_turbine_blades_train_3-Copy-2-_jpg_rf_e1e79c17bcbf174ae08f08aae35eee41.txt,1,640,640,623,78,632,322,580,0,640,407,0.00536114,27.1121,datasets\msf_shape_mask_candidates\crops\spalling\00217_spalling_roboflow_wind_turbine_blades_train_3-Copy-2-_jpg_rf_e1e79c17bcbf174ae08f08aae35eee41_l1.jpg,datasets\msf_shape_mask_candidates\masks_rect\spalling\00217_spalling_roboflow_wind_turbine_blades_train_3-Copy-2-_jpg_rf_e1e79c17bcbf174ae08f08aae35eee41_l1.png,datasets\msf_shape_mask_candidates\masks_grabcut\spalling\00217_spalling_roboflow_wind_turbine_blades_train_3-Copy-2-_jpg_rf_e1e79c17bcbf174ae08f08aae35eee41_l1.png,datasets\msf_shape_mask_candidates\overlays\spalling\00217_spalling_roboflow_wind_turbine_blades_train_3-Copy-2-_jpg_rf_e1e79c17bcbf174ae08f08aae35eee41_l1.jpg,pending,
00218_spalling_roboflow_wind_turbine_blades_train_35_jpg_rf_0b077c00b5ff5aeba1bb0451caeba027_l1,train,2,spalling,5.00,small_target,C:\Users\yys\Desktop\风机\wind-fault-detection-platform\datasets\wind_blade_defect_v05_conservative\images\train\roboflow_wind_turbine_blades_train_35_jpg_rf_0b077c00b5ff5aeba1bb0451caeba027.jpg,C:\Users\yys\Desktop\风机\wind-fault-detection-platform\datasets\wind_blade_defect_v05_conservative\labels\train\roboflow_wind_turbine_blades_train_35_jpg_rf_0b077c00b5ff5aeba1bb0451caeba027.txt,1,640,640,212,571,640,581,62,528,640,624,0.01130463,44.7103,datasets\msf_shape_mask_candidates\crops\spalling\00218_spalling_roboflow_wind_turbine_blades_train_35_jpg_rf_0b077c00b5ff5aeba1bb0451caeba027_l1.jpg,datasets\msf_shape_mask_candidates\masks_rect\spalling\00218_spalling_roboflow_wind_turbine_blades_train_35_jpg_rf_0b077c00b5ff5aeba1bb0451caeba027_l1.png,datasets\msf_shape_mask_candidates\masks_grabcut\spalling\00218_spalling_roboflow_wind_turbine_blades_train_35_jpg_rf_0b077c00b5ff5aeba1bb0451caeba027_l1.png,datasets\msf_shape_mask_candidates\overlays\spalling\00218_spalling_roboflow_wind_turbine_blades_train_35_jpg_rf_0b077c00b5ff5aeba1bb0451caeba027_l1.jpg,pending,
00219_spalling_roboflow_wind_turbine_blades_train_35_jpg_rf_d29e0e3ce5ea76b6b42d189498c3fe44_l1,train,2,spalling,5.00,small_target,C:\Users\yys\Desktop\风机\wind-fault-detection-platform\datasets\wind_blade_defect_v05_conservative\images\train\roboflow_wind_turbine_blades_train_35_jpg_rf_d29e0e3ce5ea76b6b42d189498c3fe44.jpg,C:\Users\yys\Desktop\风机\wind-fault-detection-platform\datasets\wind_blade_defect_v05_conservative\labels\train\roboflow_wind_turbine_blades_train_35_jpg_rf_d29e0e3ce5ea76b6b42d189498c3fe44.txt,1,640,640,212,571,640,581,62,528,640,624,0.01130463,44.7103,datasets\msf_shape_mask_candidates\crops\spalling\00219_spalling_roboflow_wind_turbine_blades_train_35_jpg_rf_d29e0e3ce5ea76b6b42d189498c3fe44_l1.jpg,datasets\msf_shape_mask_candidates\masks_rect\spalling\00219_spalling_roboflow_wind_turbine_blades_train_35_jpg_rf_d29e0e3ce5ea76b6b42d189498c3fe44_l1.png,datasets\msf_shape_mask_candidates\masks_grabcut\spalling\00219_spalling_roboflow_wind_turbine_blades_train_35_jpg_rf_d29e0e3ce5ea76b6b42d189498c3fe44_l1.png,datasets\msf_shape_mask_candidates\overlays\spalling\00219_spalling_roboflow_wind_turbine_blades_train_35_jpg_rf_d29e0e3ce5ea76b6b42d189498c3fe44_l1.jpg,pending,
00220_spalling_roboflow_wind_turbine_blades_train_51_jpg_rf_0195f4bbb4fb16c617b4dd524c42c77d_l1,train,2,spalling,5.00,small_target,C:\Users\yys\Desktop\风机\wind-fault-detection-platform\datasets\wind_blade_defect_v05_conservative\images\train\roboflow_wind_turbine_blades_train_51_jpg_rf_0195f4bbb4fb16c617b4dd524c42c77d.jpg,C:\Users\yys\Desktop\风机\wind-fault-detection-platform\datasets\wind_blade_defect_v05_conservative\labels\train\roboflow_wind_turbine_blades_train_51_jpg_rf_0195f4bbb4fb16c617b4dd524c42c77d.txt,1,640,640,305,0,628,2,192,0,640,49,0.00315186,80.6875,datasets\msf_shape_mask_candidates\crops\spalling\00220_spalling_roboflow_wind_turbine_blades_train_51_jpg_rf_0195f4bbb4fb16c617b4dd524c42c77d_l1.jpg,datasets\msf_shape_mask_candidates\masks_rect\spalling\00220_spalling_roboflow_wind_turbine_blades_train_51_jpg_rf_0195f4bbb4fb16c617b4dd524c42c77d_l1.png,datasets\msf_shape_mask_candidates\masks_grabcut\spalling\00220_spalling_roboflow_wind_turbine_blades_train_51_jpg_rf_0195f4bbb4fb16c617b4dd524c42c77d_l1.png,datasets\msf_shape_mask_candidates\overlays\spalling\00220_spalling_roboflow_wind_turbine_blades_train_51_jpg_rf_0195f4bbb4fb16c617b4dd524c42c77d_l1.jpg,pending,
00221_spalling_roboflow_wind_turbine_blades_train_53_jpg_rf_156d4147701a0576377cff7ab9241471_l1,train,2,spalling,5.00,small_target,C:\Users\yys\Desktop\风机\wind-fault-detection-platform\datasets\wind_blade_defect_v05_conservative\images\train\roboflow_wind_turbine_blades_train_53_jpg_rf_156d4147701a0576377cff7ab9241471.jpg,C:\Users\yys\Desktop\风机\wind-fault-detection-platform\datasets\wind_blade_defect_v05_conservative\labels\train\roboflow_wind_turbine_blades_train_53_jpg_rf_156d4147701a0576377cff7ab9241471.txt,1,640,640,196,584,640,588,41,538,640,634,0.00347978,143.7545,datasets\msf_shape_mask_candidates\crops\spalling\00221_spalling_roboflow_wind_turbine_blades_train_53_jpg_rf_156d4147701a0576377cff7ab9241471_l1.jpg,datasets\msf_shape_mask_candidates\masks_rect\spalling\00221_spalling_roboflow_wind_turbine_blades_train_53_jpg_rf_156d4147701a0576377cff7ab9241471_l1.png,datasets\msf_shape_mask_candidates\masks_grabcut\spalling\00221_spalling_roboflow_wind_turbine_blades_train_53_jpg_rf_156d4147701a0576377cff7ab9241471_l1.png,datasets\msf_shape_mask_candidates\overlays\spalling\00221_spalling_roboflow_wind_turbine_blades_train_53_jpg_rf_156d4147701a0576377cff7ab9241471_l1.jpg,pending,
00222_spalling_roboflow_wind_turbine_blades_train_53_jpg_rf_ab115a421c28cd304e10ee6508963106_l1,train,2,spalling,5.00,small_target,C:\Users\yys\Desktop\风机\wind-fault-detection-platform\datasets\wind_blade_defect_v05_conservative\images\train\roboflow_wind_turbine_blades_train_53_jpg_rf_ab115a421c28cd304e10ee6508963106.jpg,C:\Users\yys\Desktop\风机\wind-fault-detection-platform\datasets\wind_blade_defect_v05_conservative\labels\train\roboflow_wind_turbine_blades_train_53_jpg_rf_ab115a421c28cd304e10ee6508963106.txt,1,640,640,196,584,640,588,41,538,640,634,0.00347978,143.7545,datasets\msf_shape_mask_candidates\crops\spalling\00222_spalling_roboflow_wind_turbine_blades_train_53_jpg_rf_ab115a421c28cd304e10ee6508963106_l1.jpg,datasets\msf_shape_mask_candidates\masks_rect\spalling\00222_spalling_roboflow_wind_turbine_blades_train_53_jpg_rf_ab115a421c28cd304e10ee6508963106_l1.png,datasets\msf_shape_mask_candidates\masks_grabcut\spalling\00222_spalling_roboflow_wind_turbine_blades_train_53_jpg_rf_ab115a421c28cd304e10ee6508963106_l1.png,datasets\msf_shape_mask_candidates\overlays\spalling\00222_spalling_roboflow_wind_turbine_blades_train_53_jpg_rf_ab115a421c28cd304e10ee6508963106_l1.jpg,pending,
00223_spalling_roboflow_wind_turbine_blades_train_55_jpg_rf_7fa0fa31d8a9927b5dd19d05e05828ed_l1,train,2,spalling,5.00,small_target,C:\Users\yys\Desktop\风机\wind-fault-detection-platform\datasets\wind_blade_defect_v05_conservative\images\train\roboflow_wind_turbine_blades_train_55_jpg_rf_7fa0fa31d8a9927b5dd19d05e05828ed.jpg,C:\Users\yys\Desktop\风机\wind-fault-detection-platform\datasets\wind_blade_defect_v05_conservative\labels\train\roboflow_wind_turbine_blades_train_55_jpg_rf_7fa0fa31d8a9927b5dd19d05e05828ed.txt,1,640,640,198,540,640,547,43,496,640,591,0.00699801,68.4656,datasets\msf_shape_mask_candidates\crops\spalling\00223_spalling_roboflow_wind_turbine_blades_train_55_jpg_rf_7fa0fa31d8a9927b5dd19d05e05828ed_l1.jpg,datasets\msf_shape_mask_candidates\masks_rect\spalling\00223_spalling_roboflow_wind_turbine_blades_train_55_jpg_rf_7fa0fa31d8a9927b5dd19d05e05828ed_l1.png,datasets\msf_shape_mask_candidates\masks_grabcut\spalling\00223_spalling_roboflow_wind_turbine_blades_train_55_jpg_rf_7fa0fa31d8a9927b5dd19d05e05828ed_l1.png,datasets\msf_shape_mask_candidates\overlays\spalling\00223_spalling_roboflow_wind_turbine_blades_train_55_jpg_rf_7fa0fa31d8a9927b5dd19d05e05828ed_l1.jpg,pending,
00224_spalling_roboflow_wind_turbine_blades_train_56_jpg_rf_dea87540f6d7ea4cdb96d76a736eb5bb_l1,train,2,spalling,5.00,small_target,C:\Users\yys\Desktop\风机\wind-fault-detection-platform\datasets\wind_blade_defect_v05_conservative\images\train\roboflow_wind_turbine_blades_train_56_jpg_rf_dea87540f6d7ea4cdb96d76a736eb5bb.jpg,C:\Users\yys\Desktop\风机\wind-fault-detection-platform\datasets\wind_blade_defect_v05_conservative\labels\train\roboflow_wind_turbine_blades_train_56_jpg_rf_dea87540f6d7ea4cdb96d76a736eb5bb.txt,1,640,640,191,576,633,585,36,533,640,628,0.01003616,47.5244,datasets\msf_shape_mask_candidates\crops\spalling\00224_spalling_roboflow_wind_turbine_blades_train_56_jpg_rf_dea87540f6d7ea4cdb96d76a736eb5bb_l1.jpg,datasets\msf_shape_mask_candidates\masks_rect\spalling\00224_spalling_roboflow_wind_turbine_blades_train_56_jpg_rf_dea87540f6d7ea4cdb96d76a736eb5bb_l1.png,datasets\msf_shape_mask_candidates\masks_grabcut\spalling\00224_spalling_roboflow_wind_turbine_blades_train_56_jpg_rf_dea87540f6d7ea4cdb96d76a736eb5bb_l1.png,datasets\msf_shape_mask_candidates\overlays\spalling\00224_spalling_roboflow_wind_turbine_blades_train_56_jpg_rf_dea87540f6d7ea4cdb96d76a736eb5bb_l1.jpg,pending,
00225_spalling_roboflow_wind_turbine_blades_train_56_jpg_rf_e7d501813fa5a7380a4f0eec46c6a1b5_l1,train,2,spalling,5.00,small_target,C:\Users\yys\Desktop\风机\wind-fault-detection-platform\datasets\wind_blade_defect_v05_conservative\images\train\roboflow_wind_turbine_blades_train_56_jpg_rf_e7d501813fa5a7380a4f0eec46c6a1b5.jpg,C:\Users\yys\Desktop\风机\wind-fault-detection-platform\datasets\wind_blade_defect_v05_conservative\labels\train\roboflow_wind_turbine_blades_train_56_jpg_rf_e7d501813fa5a7380a4f0eec46c6a1b5.txt,1,640,640,191,576,633,585,36,533,640,628,0.01003616,47.5244,datasets\msf_shape_mask_candidates\crops\spalling\00225_spalling_roboflow_wind_turbine_blades_train_56_jpg_rf_e7d501813fa5a7380a4f0eec46c6a1b5_l1.jpg,datasets\msf_shape_mask_candidates\masks_rect\spalling\00225_spalling_roboflow_wind_turbine_blades_train_56_jpg_rf_e7d501813fa5a7380a4f0eec46c6a1b5_l1.png,datasets\msf_shape_mask_candidates\masks_grabcut\spalling\00225_spalling_roboflow_wind_turbine_blades_train_56_jpg_rf_e7d501813fa5a7380a4f0eec46c6a1b5_l1.png,datasets\msf_shape_mask_candidates\overlays\spalling\00225_spalling_roboflow_wind_turbine_blades_train_56_jpg_rf_e7d501813fa5a7380a4f0eec46c6a1b5_l1.jpg,pending,
00226_spalling_roboflow_wind_turbine_blades_train_58_jpg_rf_4ad4f2cf15febe2db4fa371c522d2d0f_l1,train,2,spalling,5.00,small_target,C:\Users\yys\Desktop\风机\wind-fault-detection-platform\datasets\wind_blade_defect_v05_conservative\images\train\roboflow_wind_turbine_blades_train_58_jpg_rf_4ad4f2cf15febe2db4fa371c522d2d0f.jpg,C:\Users\yys\Desktop\风机\wind-fault-detection-platform\datasets\wind_blade_defect_v05_conservative\labels\train\roboflow_wind_turbine_blades_train_58_jpg_rf_4ad4f2cf15febe2db4fa371c522d2d0f.txt,1,640,640,207,11,621,19,62,0,640,63,0.00824054,50.7791,datasets\msf_shape_mask_candidates\crops\spalling\00226_spalling_roboflow_wind_turbine_blades_train_58_jpg_rf_4ad4f2cf15febe2db4fa371c522d2d0f_l1.jpg,datasets\msf_shape_mask_candidates\masks_rect\spalling\00226_spalling_roboflow_wind_turbine_blades_train_58_jpg_rf_4ad4f2cf15febe2db4fa371c522d2d0f_l1.png,datasets\msf_shape_mask_candidates\masks_grabcut\spalling\00226_spalling_roboflow_wind_turbine_blades_train_58_jpg_rf_4ad4f2cf15febe2db4fa371c522d2d0f_l1.png,datasets\msf_shape_mask_candidates\overlays\spalling\00226_spalling_roboflow_wind_turbine_blades_train_58_jpg_rf_4ad4f2cf15febe2db4fa371c522d2d0f_l1.jpg,pending,
00227_spalling_roboflow_wind_turbine_blades_train_6-Copy-2-_jpg_rf_67d385982bcf8a6d03cd72582423b60e_l1,train,2,spalling,5.00,small_target,C:\Users\yys\Desktop\风机\wind-fault-detection-platform\datasets\wind_blade_defect_v05_conservative\images\train\roboflow_wind_turbine_blades_train_6-Copy-2-_jpg_rf_67d385982bcf8a6d03cd72582423b60e.jpg,C:\Users\yys\Desktop\风机\wind-fault-detection-platform\datasets\wind_blade_defect_v05_conservative\labels\train\roboflow_wind_turbine_blades_train_6-Copy-2-_jpg_rf_67d385982bcf8a6d03cd72582423b60e.txt,1,640,640,637,146,640,445,591,41,640,550,0.00493016,44.3204,datasets\msf_shape_mask_candidates\crops\spalling\00227_spalling_roboflow_wind_turbine_blades_train_6-Copy-2-_jpg_rf_67d385982bcf8a6d03cd72582423b60e_l1.jpg,datasets\msf_shape_mask_candidates\masks_rect\spalling\00227_spalling_roboflow_wind_turbine_blades_train_6-Copy-2-_jpg_rf_67d385982bcf8a6d03cd72582423b60e_l1.png,datasets\msf_shape_mask_candidates\masks_grabcut\spalling\00227_spalling_roboflow_wind_turbine_blades_train_6-Copy-2-_jpg_rf_67d385982bcf8a6d03cd72582423b60e_l1.png,datasets\msf_shape_mask_candidates\overlays\spalling\00227_spalling_roboflow_wind_turbine_blades_train_6-Copy-2-_jpg_rf_67d385982bcf8a6d03cd72582423b60e_l1.jpg,pending,
00228_spalling_roboflow_wind_turbine_blades_train_6-Copy-2-_jpg_rf_b1381df2109e8c2c3a3ed38d703ef3ec_l1,train,2,spalling,5.00,small_target,C:\Users\yys\Desktop\风机\wind-fault-detection-platform\datasets\wind_blade_defect_v05_conservative\images\train\roboflow_wind_turbine_blades_train_6-Copy-2-_jpg_rf_b1381df2109e8c2c3a3ed38d703ef3ec.jpg,C:\Users\yys\Desktop\风机\wind-fault-detection-platform\datasets\wind_blade_defect_v05_conservative\labels\train\roboflow_wind_turbine_blades_train_6-Copy-2-_jpg_rf_b1381df2109e8c2c3a3ed38d703ef3ec.txt,1,640,640,637,146,640,445,591,41,640,550,0.00493016,44.3204,datasets\msf_shape_mask_candidates\crops\spalling\00228_spalling_roboflow_wind_turbine_blades_train_6-Copy-2-_jpg_rf_b1381df2109e8c2c3a3ed38d703ef3ec_l1.jpg,datasets\msf_shape_mask_candidates\masks_rect\spalling\00228_spalling_roboflow_wind_turbine_blades_train_6-Copy-2-_jpg_rf_b1381df2109e8c2c3a3ed38d703ef3ec_l1.png,datasets\msf_shape_mask_candidates\masks_grabcut\spalling\00228_spalling_roboflow_wind_turbine_blades_train_6-Copy-2-_jpg_rf_b1381df2109e8c2c3a3ed38d703ef3ec_l1.png,datasets\msf_shape_mask_candidates\overlays\spalling\00228_spalling_roboflow_wind_turbine_blades_train_6-Copy-2-_jpg_rf_b1381df2109e8c2c3a3ed38d703ef3ec_l1.jpg,pending,
00229_spalling_roboflow_wind_turbine_blades_train_60_jpg_rf_19625f8ab9466cfa6c73e9eb5547f7e4_l1,train,2,spalling,5.00,small_target,C:\Users\yys\Desktop\风机\wind-fault-detection-platform\datasets\wind_blade_defect_v05_conservative\images\train\roboflow_wind_turbine_blades_train_60_jpg_rf_19625f8ab9466cfa6c73e9eb5547f7e4.jpg,C:\Users\yys\Desktop\风机\wind-fault-detection-platform\datasets\wind_blade_defect_v05_conservative\labels\train\roboflow_wind_turbine_blades_train_60_jpg_rf_19625f8ab9466cfa6c73e9eb5547f7e4.txt,1,640,640,172,585,553,595,39,542,640,638,0.00871717,40.6551,datasets\msf_shape_mask_candidates\crops\spalling\00229_spalling_roboflow_wind_turbine_blades_train_60_jpg_rf_19625f8ab9466cfa6c73e9eb5547f7e4_l1.jpg,datasets\msf_shape_mask_candidates\masks_rect\spalling\00229_spalling_roboflow_wind_turbine_blades_train_60_jpg_rf_19625f8ab9466cfa6c73e9eb5547f7e4_l1.png,datasets\msf_shape_mask_candidates\masks_grabcut\spalling\00229_spalling_roboflow_wind_turbine_blades_train_60_jpg_rf_19625f8ab9466cfa6c73e9eb5547f7e4_l1.png,datasets\msf_shape_mask_candidates\overlays\spalling\00229_spalling_roboflow_wind_turbine_blades_train_60_jpg_rf_19625f8ab9466cfa6c73e9eb5547f7e4_l1.jpg,pending,
00230_spalling_roboflow_wind_turbine_blades_train_60_jpg_rf_a9d1606c365ed76258f5c50d36c66c1b_l1,train,2,spalling,5.00,small_target,C:\Users\yys\Desktop\风机\wind-fault-detection-platform\datasets\wind_blade_defect_v05_conservative\images\train\roboflow_wind_turbine_blades_train_60_jpg_rf_a9d1606c365ed76258f5c50d36c66c1b.jpg,C:\Users\yys\Desktop\风机\wind-fault-detection-platform\datasets\wind_blade_defect_v05_conservative\labels\train\roboflow_wind_turbine_blades_train_60_jpg_rf_a9d1606c365ed76258f5c50d36c66c1b.txt,1,640,640,172,585,553,595,39,542,640,638,0.00871717,40.6551,datasets\msf_shape_mask_candidates\crops\spalling\00230_spalling_roboflow_wind_turbine_blades_train_60_jpg_rf_a9d1606c365ed76258f5c50d36c66c1b_l1.jpg,datasets\msf_shape_mask_candidates\masks_rect\spalling\00230_spalling_roboflow_wind_turbine_blades_train_60_jpg_rf_a9d1606c365ed76258f5c50d36c66c1b_l1.png,datasets\msf_shape_mask_candidates\masks_grabcut\spalling\00230_spalling_roboflow_wind_turbine_blades_train_60_jpg_rf_a9d1606c365ed76258f5c50d36c66c1b_l1.png,datasets\msf_shape_mask_candidates\overlays\spalling\00230_spalling_roboflow_wind_turbine_blades_train_60_jpg_rf_a9d1606c365ed76258f5c50d36c66c1b_l1.jpg,pending,
00231_spalling_roboflow_wind_turbine_blades_train_67_jpg_rf_a3ca1cb86a9e454f0b39b6714439718e_l1,train,2,spalling,5.00,small_target,C:\Users\yys\Desktop\风机\wind-fault-detection-platform\datasets\wind_blade_defect_v05_conservative\images\train\roboflow_wind_turbine_blades_train_67_jpg_rf_a3ca1cb86a9e454f0b39b6714439718e.jpg,C:\Users\yys\Desktop\风机\wind-fault-detection-platform\datasets\wind_blade_defect_v05_conservative\labels\train\roboflow_wind_turbine_blades_train_67_jpg_rf_a3ca1cb86a9e454f0b39b6714439718e.txt,1,640,640,155,544,469,553,45,501,579,596,0.00689966,34.8876,datasets\msf_shape_mask_candidates\crops\spalling\00231_spalling_roboflow_wind_turbine_blades_train_67_jpg_rf_a3ca1cb86a9e454f0b39b6714439718e_l1.jpg,datasets\msf_shape_mask_candidates\masks_rect\spalling\00231_spalling_roboflow_wind_turbine_blades_train_67_jpg_rf_a3ca1cb86a9e454f0b39b6714439718e_l1.png,datasets\msf_shape_mask_candidates\masks_grabcut\spalling\00231_spalling_roboflow_wind_turbine_blades_train_67_jpg_rf_a3ca1cb86a9e454f0b39b6714439718e_l1.png,datasets\msf_shape_mask_candidates\overlays\spalling\00231_spalling_roboflow_wind_turbine_blades_train_67_jpg_rf_a3ca1cb86a9e454f0b39b6714439718e_l1.jpg,pending,
00232_spalling_roboflow_wind_turbine_blades_train_70_jpg_rf_ded02013a6f9ecad4dcfee9eeea76a89_l1,train,2,spalling,5.00,small_target,C:\Users\yys\Desktop\风机\wind-fault-detection-platform\datasets\wind_blade_defect_v05_conservative\images\train\roboflow_wind_turbine_blades_train_70_jpg_rf_ded02013a6f9ecad4dcfee9eeea76a89.jpg,C:\Users\yys\Desktop\风机\wind-fault-detection-platform\datasets\wind_blade_defect_v05_conservative\labels\train\roboflow_wind_turbine_blades_train_70_jpg_rf_ded02013a6f9ecad4dcfee9eeea76a89.txt,1,640,640,195,3,468,5,99,0,564,52,0.00099895,181.8140,datasets\msf_shape_mask_candidates\crops\spalling\00232_spalling_roboflow_wind_turbine_blades_train_70_jpg_rf_ded02013a6f9ecad4dcfee9eeea76a89_l1.jpg,datasets\msf_shape_mask_candidates\masks_rect\spalling\00232_spalling_roboflow_wind_turbine_blades_train_70_jpg_rf_ded02013a6f9ecad4dcfee9eeea76a89_l1.png,datasets\msf_shape_mask_candidates\masks_grabcut\spalling\00232_spalling_roboflow_wind_turbine_blades_train_70_jpg_rf_ded02013a6f9ecad4dcfee9eeea76a89_l1.png,datasets\msf_shape_mask_candidates\overlays\spalling\00232_spalling_roboflow_wind_turbine_blades_train_70_jpg_rf_ded02013a6f9ecad4dcfee9eeea76a89_l1.jpg,pending,
00233_spalling_roboflow_wind_turbine_blades_train_71_jpg_rf_833e75bef1037ad22ef4761ae6cce38c_l1,train,2,spalling,5.00,small_target,C:\Users\yys\Desktop\风机\wind-fault-detection-platform\datasets\wind_blade_defect_v05_conservative\images\train\roboflow_wind_turbine_blades_train_71_jpg_rf_833e75bef1037ad22ef4761ae6cce38c.jpg,C:\Users\yys\Desktop\风机\wind-fault-detection-platform\datasets\wind_blade_defect_v05_conservative\labels\train\roboflow_wind_turbine_blades_train_71_jpg_rf_833e75bef1037ad22ef4761ae6cce38c.txt,1,640,640,206,0,455,4,119,0,542,50,0.00243164,62.2499,datasets\msf_shape_mask_candidates\crops\spalling\00233_spalling_roboflow_wind_turbine_blades_train_71_jpg_rf_833e75bef1037ad22ef4761ae6cce38c_l1.jpg,datasets\msf_shape_mask_candidates\masks_rect\spalling\00233_spalling_roboflow_wind_turbine_blades_train_71_jpg_rf_833e75bef1037ad22ef4761ae6cce38c_l1.png,datasets\msf_shape_mask_candidates\masks_grabcut\spalling\00233_spalling_roboflow_wind_turbine_blades_train_71_jpg_rf_833e75bef1037ad22ef4761ae6cce38c_l1.png,datasets\msf_shape_mask_candidates\overlays\spalling\00233_spalling_roboflow_wind_turbine_blades_train_71_jpg_rf_833e75bef1037ad22ef4761ae6cce38c_l1.jpg,pending,
00234_spalling_roboflow_wind_turbine_blades_train_72_jpg_rf_a9e9df09d4714a960bee4d743b20cc50_l1,train,2,spalling,5.00,small_target,C:\Users\yys\Desktop\风机\wind-fault-detection-platform\datasets\wind_blade_defect_v05_conservative\images\train\roboflow_wind_turbine_blades_train_72_jpg_rf_a9e9df09d4714a960bee4d743b20cc50.jpg,C:\Users\yys\Desktop\风机\wind-fault-detection-platform\datasets\wind_blade_defect_v05_conservative\labels\train\roboflow_wind_turbine_blades_train_72_jpg_rf_a9e9df09d4714a960bee4d743b20cc50.txt,1,640,640,149,537,462,541,39,491,572,587,0.00305420,78.1875,datasets\msf_shape_mask_candidates\crops\spalling\00234_spalling_roboflow_wind_turbine_blades_train_72_jpg_rf_a9e9df09d4714a960bee4d743b20cc50_l1.jpg,datasets\msf_shape_mask_candidates\masks_rect\spalling\00234_spalling_roboflow_wind_turbine_blades_train_72_jpg_rf_a9e9df09d4714a960bee4d743b20cc50_l1.png,datasets\msf_shape_mask_candidates\masks_grabcut\spalling\00234_spalling_roboflow_wind_turbine_blades_train_72_jpg_rf_a9e9df09d4714a960bee4d743b20cc50_l1.png,datasets\msf_shape_mask_candidates\overlays\spalling\00234_spalling_roboflow_wind_turbine_blades_train_72_jpg_rf_a9e9df09d4714a960bee4d743b20cc50_l1.jpg,pending,
00235_spalling_roboflow_wind_turbine_blades_train_73_jpg_rf_3f956519c4139ae8b839ce486f682e50_l1,train,2,spalling,5.00,small_target,C:\Users\yys\Desktop\风机\wind-fault-detection-platform\datasets\wind_blade_defect_v05_conservative\images\train\roboflow_wind_turbine_blades_train_73_jpg_rf_3f956519c4139ae8b839ce486f682e50.jpg,C:\Users\yys\Desktop\风机\wind-fault-detection-platform\datasets\wind_blade_defect_v05_conservative\labels\train\roboflow_wind_turbine_blades_train_73_jpg_rf_3f956519c4139ae8b839ce486f682e50.txt,1,640,640,149,525,470,531,37,480,582,576,0.00510181,49.4628,datasets\msf_shape_mask_candidates\crops\spalling\00235_spalling_roboflow_wind_turbine_blades_train_73_jpg_rf_3f956519c4139ae8b839ce486f682e50_l1.jpg,datasets\msf_shape_mask_candidates\masks_rect\spalling\00235_spalling_roboflow_wind_turbine_blades_train_73_jpg_rf_3f956519c4139ae8b839ce486f682e50_l1.png,datasets\msf_shape_mask_candidates\masks_grabcut\spalling\00235_spalling_roboflow_wind_turbine_blades_train_73_jpg_rf_3f956519c4139ae8b839ce486f682e50_l1.png,datasets\msf_shape_mask_candidates\overlays\spalling\00235_spalling_roboflow_wind_turbine_blades_train_73_jpg_rf_3f956519c4139ae8b839ce486f682e50_l1.jpg,pending,
00236_spalling_roboflow_wind_turbine_blades_train_85_jpg_rf_7222bd6971ad96129136afb8c9099f19_l1,train,2,spalling,5.00,small_target,C:\Users\yys\Desktop\风机\wind-fault-detection-platform\datasets\wind_blade_defect_v05_conservative\images\train\roboflow_wind_turbine_blades_train_85_jpg_rf_7222bd6971ad96129136afb8c9099f19.jpg,C:\Users\yys\Desktop\风机\wind-fault-detection-platform\datasets\wind_blade_defect_v05_conservative\labels\train\roboflow_wind_turbine_blades_train_85_jpg_rf_7222bd6971ad96129136afb8c9099f19.txt,1,640,640,175,606,588,612,30,561,640,640,0.00569810,73.0818,datasets\msf_shape_mask_candidates\crops\spalling\00236_spalling_roboflow_wind_turbine_blades_train_85_jpg_rf_7222bd6971ad96129136afb8c9099f19_l1.jpg,datasets\msf_shape_mask_candidates\masks_rect\spalling\00236_spalling_roboflow_wind_turbine_blades_train_85_jpg_rf_7222bd6971ad96129136afb8c9099f19_l1.png,datasets\msf_shape_mask_candidates\masks_grabcut\spalling\00236_spalling_roboflow_wind_turbine_blades_train_85_jpg_rf_7222bd6971ad96129136afb8c9099f19_l1.png,datasets\msf_shape_mask_candidates\overlays\spalling\00236_spalling_roboflow_wind_turbine_blades_train_85_jpg_rf_7222bd6971ad96129136afb8c9099f19_l1.jpg,pending,
00237_spalling_roboflow_wind_turbine_blades_train_98_jpg_rf_2703a49a0b66780d02fb8e67cc3138fd_l2,train,2,spalling,5.00,small_target,C:\Users\yys\Desktop\风机\wind-fault-detection-platform\datasets\wind_blade_defect_v05_conservative\images\train\roboflow_wind_turbine_blades_train_98_jpg_rf_2703a49a0b66780d02fb8e67cc3138fd.jpg,C:\Users\yys\Desktop\风机\wind-fault-detection-platform\datasets\wind_blade_defect_v05_conservative\labels\train\roboflow_wind_turbine_blades_train_98_jpg_rf_2703a49a0b66780d02fb8e67cc3138fd.txt,2,640,640,125,437,398,442,29,392,494,487,0.00349589,51.9532,datasets\msf_shape_mask_candidates\crops\spalling\00237_spalling_roboflow_wind_turbine_blades_train_98_jpg_rf_2703a49a0b66780d02fb8e67cc3138fd_l2.jpg,datasets\msf_shape_mask_candidates\masks_rect\spalling\00237_spalling_roboflow_wind_turbine_blades_train_98_jpg_rf_2703a49a0b66780d02fb8e67cc3138fd_l2.png,datasets\msf_shape_mask_candidates\masks_grabcut\spalling\00237_spalling_roboflow_wind_turbine_blades_train_98_jpg_rf_2703a49a0b66780d02fb8e67cc3138fd_l2.png,datasets\msf_shape_mask_candidates\overlays\spalling\00237_spalling_roboflow_wind_turbine_blades_train_98_jpg_rf_2703a49a0b66780d02fb8e67cc3138fd_l2.jpg,pending,
00238_spalling_roboflow_wind_turbine_blades_train_transformed10-Copy-2-_jpg_rf_758d914f1ee6b1f3c59dc14dcd9e440a_l1,train,2,spalling,5.00,small_target,C:\Users\yys\Desktop\风机\wind-fault-detection-platform\datasets\wind_blade_defect_v05_conservative\images\train\roboflow_wind_turbine_blades_train_transformed10-Copy-2-_jpg_rf_758d914f1ee6b1f3c59dc14dcd9e440a.jpg,C:\Users\yys\Desktop\风机\wind-fault-detection-platform\datasets\wind_blade_defect_v05_conservative\labels\train\roboflow_wind_turbine_blades_train_transformed10-Copy-2-_jpg_rf_758d914f1ee6b1f3c59dc14dcd9e440a.txt,1,640,640,195,0,196,138,148,0,243,186,0.00021360,327.1757,datasets\msf_shape_mask_candidates\crops\spalling\00238_spalling_roboflow_wind_turbine_blades_train_transformed10-Copy-2-_jpg_rf_758d914f1ee6b1f3c59dc14dcd9e440a_l1.jpg,datasets\msf_shape_mask_candidates\masks_rect\spalling\00238_spalling_roboflow_wind_turbine_blades_train_transformed10-Copy-2-_jpg_rf_758d914f1ee6b1f3c59dc14dcd9e440a_l1.png,datasets\msf_shape_mask_candidates\masks_grabcut\spalling\00238_spalling_roboflow_wind_turbine_blades_train_transformed10-Copy-2-_jpg_rf_758d914f1ee6b1f3c59dc14dcd9e440a_l1.png,datasets\msf_shape_mask_candidates\overlays\spalling\00238_spalling_roboflow_wind_turbine_blades_train_transformed10-Copy-2-_jpg_rf_758d914f1ee6b1f3c59dc14dcd9e440a_l1.jpg,pending,
00239_spalling_roboflow_wind_turbine_blades_train_transformed10-Copy-2-_jpg_rf_8ccaf79a4c19972ba4fe728e086e4dd8_l1,train,2,spalling,5.00,small_target,C:\Users\yys\Desktop\风机\wind-fault-detection-platform\datasets\wind_blade_defect_v05_conservative\images\train\roboflow_wind_turbine_blades_train_transformed10-Copy-2-_jpg_rf_8ccaf79a4c19972ba4fe728e086e4dd8.jpg,C:\Users\yys\Desktop\风机\wind-fault-detection-platform\datasets\wind_blade_defect_v05_conservative\labels\train\roboflow_wind_turbine_blades_train_transformed10-Copy-2-_jpg_rf_8ccaf79a4c19972ba4fe728e086e4dd8.txt,1,640,640,195,0,196,138,148,0,243,186,0.00021360,327.1757,datasets\msf_shape_mask_candidates\crops\spalling\00239_spalling_roboflow_wind_turbine_blades_train_transformed10-Copy-2-_jpg_rf_8ccaf79a4c19972ba4fe728e086e4dd8_l1.jpg,datasets\msf_shape_mask_candidates\masks_rect\spalling\00239_spalling_roboflow_wind_turbine_blades_train_transformed10-Copy-2-_jpg_rf_8ccaf79a4c19972ba4fe728e086e4dd8_l1.png,datasets\msf_shape_mask_candidates\masks_grabcut\spalling\00239_spalling_roboflow_wind_turbine_blades_train_transformed10-Copy-2-_jpg_rf_8ccaf79a4c19972ba4fe728e086e4dd8_l1.png,datasets\msf_shape_mask_candidates\overlays\spalling\00239_spalling_roboflow_wind_turbine_blades_train_transformed10-Copy-2-_jpg_rf_8ccaf79a4c19972ba4fe728e086e4dd8_l1.jpg,pending,
00240_spalling_roboflow_wind_turbine_blades_train_transformed3-Copy-2-_jpg_rf_53f6ebb82f7810805f9c693264e84319_l1,train,2,spalling,5.00,small_target,C:\Users\yys\Desktop\风机\wind-fault-detection-platform\datasets\wind_blade_defect_v05_conservative\images\train\roboflow_wind_turbine_blades_train_transformed3-Copy-2-_jpg_rf_53f6ebb82f7810805f9c693264e84319.jpg,C:\Users\yys\Desktop\风机\wind-fault-detection-platform\datasets\wind_blade_defect_v05_conservative\labels\train\roboflow_wind_turbine_blades_train_transformed3-Copy-2-_jpg_rf_53f6ebb82f7810805f9c693264e84319.txt,1,640,640,7,0,8,415,0,0,55,560,0.00031202,1388.7574,datasets\msf_shape_mask_candidates\crops\spalling\00240_spalling_roboflow_wind_turbine_blades_train_transformed3-Copy-2-_jpg_rf_53f6ebb82f7810805f9c693264e84319_l1.jpg,datasets\msf_shape_mask_candidates\masks_rect\spalling\00240_spalling_roboflow_wind_turbine_blades_train_transformed3-Copy-2-_jpg_rf_53f6ebb82f7810805f9c693264e84319_l1.png,datasets\msf_shape_mask_candidates\masks_grabcut\spalling\00240_spalling_roboflow_wind_turbine_blades_train_transformed3-Copy-2-_jpg_rf_53f6ebb82f7810805f9c693264e84319_l1.png,datasets\msf_shape_mask_candidates\overlays\spalling\00240_spalling_roboflow_wind_turbine_blades_train_transformed3-Copy-2-_jpg_rf_53f6ebb82f7810805f9c693264e84319_l1.jpg,pending,
