reason,source_image,source_label,target_image,target_label
missed_sample,C:\Users\yys\Desktop\风机\wind-fault-detection-platform\hard_cases\missed_samples\corrosion_160.jpg,C:\Users\yys\Desktop\风机\wind-fault-detection-platform\datasets\wind_blade_defect\labels\test\corrosion_160.txt,C:\Users\yys\Desktop\风机\wind-fault-detection-platform\datasets\wind_blade_defect_v03_recall\images\train\v03_missed_sample_corrosion_160.jpg,C:\Users\yys\Desktop\风机\wind-fault-detection-platform\datasets\wind_blade_defect_v03_recall\labels\train\v03_missed_sample_corrosion_160.txt
missed_sample,C:\Users\yys\Desktop\风机\wind-fault-detection-platform\hard_cases\missed_samples\corrosion_166.jpg,C:\Users\yys\Desktop\风机\wind-fault-detection-platform\datasets\wind_blade_defect\labels\test\corrosion_166.txt,C:\Users\yys\Desktop\风机\wind-fault-detection-platform\datasets\wind_blade_defect_v03_recall\images\train\v03_missed_sample_corrosion_166.jpg,C:\Users\yys\Desktop\风机\wind-fault-detection-platform\datasets\wind_blade_defect_v03_recall\labels\train\v03_missed_sample_corrosion_166.txt
missed_sample,C:\Users\yys\Desktop\风机\wind-fault-detection-platform\hard_cases\missed_samples\corrosion_176.jpg,C:\Users\yys\Desktop\风机\wind-fault-detection-platform\datasets\wind_blade_defect\labels\test\corrosion_176.txt,C:\Users\yys\Desktop\风机\wind-fault-detection-platform\datasets\wind_blade_defect_v03_recall\images\train\v03_missed_sample_corrosion_176.jpg,C:\Users\yys\Desktop\风机\wind-fault-detection-platform\datasets\wind_blade_defect_v03_recall\labels\train\v03_missed_sample_corrosion_176.txt
missed_sample,C:\Users\yys\Desktop\风机\wind-fault-detection-platform\hard_cases\missed_samples\corrosion_196.jpg,C:\Users\yys\Desktop\风机\wind-fault-detection-platform\datasets\wind_blade_defect\labels\test\corrosion_196.txt,C:\Users\yys\Desktop\风机\wind-fault-detection-platform\datasets\wind_blade_defect_v03_recall\images\train\v03_missed_sample_corrosion_196.jpg,C:\Users\yys\Desktop\风机\wind-fault-detection-platform\datasets\wind_blade_defect_v03_recall\labels\train\v03_missed_sample_corrosion_196.txt
missed_sample,C:\Users\yys\Desktop\风机\wind-fault-detection-platform\hard_cases\missed_samples\corrosion_197.jpg,C:\Users\yys\Desktop\风机\wind-fault-detection-platform\datasets\wind_blade_defect\labels\test\corrosion_197.txt,C:\Users\yys\Desktop\风机\wind-fault-detection-platform\datasets\wind_blade_defect_v03_recall\images\train\v03_missed_sample_corrosion_197.jpg,C:\Users\yys\Desktop\风机\wind-fault-detection-platform\datasets\wind_blade_defect_v03_recall\labels\train\v03_missed_sample_corrosion_197.txt
missed_sample,C:\Users\yys\Desktop\风机\wind-fault-detection-platform\hard_cases\missed_samples\corrosion_218.jpg,C:\Users\yys\Desktop\风机\wind-fault-detection-platform\datasets\wind_blade_defect\labels\test\corrosion_218.txt,C:\Users\yys\Desktop\风机\wind-fault-detection-platform\datasets\wind_blade_defect_v03_recall\images\train\v03_missed_sample_corrosion_218.jpg,C:\Users\yys\Desktop\风机\wind-fault-detection-platform\datasets\wind_blade_defect_v03_recall\labels\train\v03_missed_sample_corrosion_218.txt
missed_sample,C:\Users\yys\Desktop\风机\wind-fault-detection-platform\hard_cases\missed_samples\corrosion_237.jpg,C:\Users\yys\Desktop\风机\wind-fault-detection-platform\datasets\wind_blade_defect\labels\test\corrosion_237.txt,C:\Users\yys\Desktop\风机\wind-fault-detection-platform\datasets\wind_blade_defect_v03_recall\images\train\v03_missed_sample_corrosion_237.jpg,C:\Users\yys\Desktop\风机\wind-fault-detection-platform\datasets\wind_blade_defect_v03_recall\labels\train\v03_missed_sample_corrosion_237.txt
missed_sample,C:\Users\yys\Desktop\风机\wind-fault-detection-platform\hard_cases\missed_samples\corrosion_238.jpg,C:\Users\yys\Desktop\风机\wind-fault-detection-platform\datasets\wind_blade_defect\labels\test\corrosion_238.txt,C:\Users\yys\Desktop\风机\wind-fault-detection-platform\datasets\wind_blade_defect_v03_recall\images\train\v03_missed_sample_corrosion_238.jpg,C:\Users\yys\Desktop\风机\wind-fault-detection-platform\datasets\wind_blade_defect_v03_recall\labels\train\v03_missed_sample_corrosion_238.txt
missed_sample,C:\Users\yys\Desktop\风机\wind-fault-detection-platform\hard_cases\missed_samples\corrosion_66.jpg,C:\Users\yys\Desktop\风机\wind-fault-detection-platform\datasets\wind_blade_defect\labels\test\corrosion_66.txt,C:\Users\yys\Desktop\风机\wind-fault-detection-platform\datasets\wind_blade_defect_v03_recall\images\train\v03_missed_sample_corrosion_66.jpg,C:\Users\yys\Desktop\风机\wind-fault-detection-platform\datasets\wind_blade_defect_v03_recall\labels\train\v03_missed_sample_corrosion_66.txt
missed_sample,C:\Users\yys\Desktop\风机\wind-fault-detection-platform\hard_cases\missed_samples\crack_1296.jpg,C:\Users\yys\Desktop\风机\wind-fault-detection-platform\datasets\wind_blade_defect\labels\test\crack_1296.txt,C:\Users\yys\Desktop\风机\wind-fault-detection-platform\datasets\wind_blade_defect_v03_recall\images\train\v03_missed_sample_crack_1296.jpg,C:\Users\yys\Desktop\风机\wind-fault-detection-platform\datasets\wind_blade_defect_v03_recall\labels\train\v03_missed_sample_crack_1296.txt
missed_sample,C:\Users\yys\Desktop\风机\wind-fault-detection-platform\hard_cases\missed_samples\crack_235.jpg,C:\Users\yys\Desktop\风机\wind-fault-detection-platform\datasets\wind_blade_defect\labels\test\crack_235.txt,C:\Users\yys\Desktop\风机\wind-fault-detection-platform\datasets\wind_blade_defect_v03_recall\images\train\v03_missed_sample_crack_235.jpg,C:\Users\yys\Desktop\风机\wind-fault-detection-platform\datasets\wind_blade_defect_v03_recall\labels\train\v03_missed_sample_crack_235.txt
missed_sample,C:\Users\yys\Desktop\风机\wind-fault-detection-platform\hard_cases\missed_samples\crack_262.jpg,C:\Users\yys\Desktop\风机\wind-fault-detection-platform\datasets\wind_blade_defect\labels\test\crack_262.txt,C:\Users\yys\Desktop\风机\wind-fault-detection-platform\datasets\wind_blade_defect_v03_recall\images\train\v03_missed_sample_crack_262.jpg,C:\Users\yys\Desktop\风机\wind-fault-detection-platform\datasets\wind_blade_defect_v03_recall\labels\train\v03_missed_sample_crack_262.txt
missed_sample,C:\Users\yys\Desktop\风机\wind-fault-detection-platform\hard_cases\missed_samples\crack_352.jpg,C:\Users\yys\Desktop\风机\wind-fault-detection-platform\datasets\wind_blade_defect\labels\test\crack_352.txt,C:\Users\yys\Desktop\风机\wind-fault-detection-platform\datasets\wind_blade_defect_v03_recall\images\train\v03_missed_sample_crack_352.jpg,C:\Users\yys\Desktop\风机\wind-fault-detection-platform\datasets\wind_blade_defect_v03_recall\labels\train\v03_missed_sample_crack_352.txt
missed_sample,C:\Users\yys\Desktop\风机\wind-fault-detection-platform\hard_cases\missed_samples\crack_36.jpg,C:\Users\yys\Desktop\风机\wind-fault-detection-platform\datasets\wind_blade_defect\labels\test\crack_36.txt,C:\Users\yys\Desktop\风机\wind-fault-detection-platform\datasets\wind_blade_defect_v03_recall\images\train\v03_missed_sample_crack_36.jpg,C:\Users\yys\Desktop\风机\wind-fault-detection-platform\datasets\wind_blade_defect_v03_recall\labels\train\v03_missed_sample_crack_36.txt
missed_sample,C:\Users\yys\Desktop\风机\wind-fault-detection-platform\hard_cases\missed_samples\crack_397.jpg,C:\Users\yys\Desktop\风机\wind-fault-detection-platform\datasets\wind_blade_defect\labels\test\crack_397.txt,C:\Users\yys\Desktop\风机\wind-fault-detection-platform\datasets\wind_blade_defect_v03_recall\images\train\v03_missed_sample_crack_397.jpg,C:\Users\yys\Desktop\风机\wind-fault-detection-platform\datasets\wind_blade_defect_v03_recall\labels\train\v03_missed_sample_crack_397.txt
missed_sample,C:\Users\yys\Desktop\风机\wind-fault-detection-platform\hard_cases\missed_samples\crack_4.jpg,C:\Users\yys\Desktop\风机\wind-fault-detection-platform\datasets\wind_blade_defect\labels\test\crack_4.txt,C:\Users\yys\Desktop\风机\wind-fault-detection-platform\datasets\wind_blade_defect_v03_recall\images\train\v03_missed_sample_crack_4.jpg,C:\Users\yys\Desktop\风机\wind-fault-detection-platform\datasets\wind_blade_defect_v03_recall\labels\train\v03_missed_sample_crack_4.txt
missed_sample,C:\Users\yys\Desktop\风机\wind-fault-detection-platform\hard_cases\missed_samples\crack_411.jpg,C:\Users\yys\Desktop\风机\wind-fault-detection-platform\datasets\wind_blade_defect\labels\test\crack_411.txt,C:\Users\yys\Desktop\风机\wind-fault-detection-platform\datasets\wind_blade_defect_v03_recall\images\train\v03_missed_sample_crack_411.jpg,C:\Users\yys\Desktop\风机\wind-fault-detection-platform\datasets\wind_blade_defect_v03_recall\labels\train\v03_missed_sample_crack_411.txt
missed_sample,C:\Users\yys\Desktop\风机\wind-fault-detection-platform\hard_cases\missed_samples\crack_456.jpg,C:\Users\yys\Desktop\风机\wind-fault-detection-platform\datasets\wind_blade_defect\labels\test\crack_456.txt,C:\Users\yys\Desktop\风机\wind-fault-detection-platform\datasets\wind_blade_defect_v03_recall\images\train\v03_missed_sample_crack_456.jpg,C:\Users\yys\Desktop\风机\wind-fault-detection-platform\datasets\wind_blade_defect_v03_recall\labels\train\v03_missed_sample_crack_456.txt
missed_sample,C:\Users\yys\Desktop\风机\wind-fault-detection-platform\hard_cases\missed_samples\crack_512.jpg,C:\Users\yys\Desktop\风机\wind-fault-detection-platform\datasets\wind_blade_defect\labels\test\crack_512.txt,C:\Users\yys\Desktop\风机\wind-fault-detection-platform\datasets\wind_blade_defect_v03_recall\images\train\v03_missed_sample_crack_512.jpg,C:\Users\yys\Desktop\风机\wind-fault-detection-platform\datasets\wind_blade_defect_v03_recall\labels\train\v03_missed_sample_crack_512.txt
missed_sample,C:\Users\yys\Desktop\风机\wind-fault-detection-platform\hard_cases\missed_samples\crack_533.jpg,C:\Users\yys\Desktop\风机\wind-fault-detection-platform\datasets\wind_blade_defect\labels\test\crack_533.txt,C:\Users\yys\Desktop\风机\wind-fault-detection-platform\datasets\wind_blade_defect_v03_recall\images\train\v03_missed_sample_crack_533.jpg,C:\Users\yys\Desktop\风机\wind-fault-detection-platform\datasets\wind_blade_defect_v03_recall\labels\train\v03_missed_sample_crack_533.txt
missed_sample,C:\Users\yys\Desktop\风机\wind-fault-detection-platform\hard_cases\missed_samples\crack_68.jpg,C:\Users\yys\Desktop\风机\wind-fault-detection-platform\datasets\wind_blade_defect\labels\test\crack_68.txt,C:\Users\yys\Desktop\风机\wind-fault-detection-platform\datasets\wind_blade_defect_v03_recall\images\train\v03_missed_sample_crack_68.jpg,C:\Users\yys\Desktop\风机\wind-fault-detection-platform\datasets\wind_blade_defect_v03_recall\labels\train\v03_missed_sample_crack_68.txt
missed_sample,C:\Users\yys\Desktop\风机\wind-fault-detection-platform\hard_cases\missed_samples\crack_75.jpg,C:\Users\yys\Desktop\风机\wind-fault-detection-platform\datasets\wind_blade_defect\labels\test\crack_75.txt,C:\Users\yys\Desktop\风机\wind-fault-detection-platform\datasets\wind_blade_defect_v03_recall\images\train\v03_missed_sample_crack_75.jpg,C:\Users\yys\Desktop\风机\wind-fault-detection-platform\datasets\wind_blade_defect_v03_recall\labels\train\v03_missed_sample_crack_75.txt
missed_sample,C:\Users\yys\Desktop\风机\wind-fault-detection-platform\hard_cases\missed_samples\hole_3.jpg,C:\Users\yys\Desktop\风机\wind-fault-detection-platform\datasets\wind_blade_defect\labels\test\hole_3.txt,C:\Users\yys\Desktop\风机\wind-fault-detection-platform\datasets\wind_blade_defect_v03_recall\images\train\v03_missed_sample_hole_3.jpg,C:\Users\yys\Desktop\风机\wind-fault-detection-platform\datasets\wind_blade_defect_v03_recall\labels\train\v03_missed_sample_hole_3.txt
missed_sample,C:\Users\yys\Desktop\风机\wind-fault-detection-platform\hard_cases\missed_samples\hole_57.jpg,C:\Users\yys\Desktop\风机\wind-fault-detection-platform\datasets\wind_blade_defect\labels\test\hole_57.txt,C:\Users\yys\Desktop\风机\wind-fault-detection-platform\datasets\wind_blade_defect_v03_recall\images\train\v03_missed_sample_hole_57.jpg,C:\Users\yys\Desktop\风机\wind-fault-detection-platform\datasets\wind_blade_defect_v03_recall\labels\train\v03_missed_sample_hole_57.txt
missed_sample,C:\Users\yys\Desktop\风机\wind-fault-detection-platform\hard_cases\missed_samples\hole_843.jpg,C:\Users\yys\Desktop\风机\wind-fault-detection-platform\datasets\wind_blade_defect\labels\test\hole_843.txt,C:\Users\yys\Desktop\风机\wind-fault-detection-platform\datasets\wind_blade_defect_v03_recall\images\train\v03_missed_sample_hole_843.jpg,C:\Users\yys\Desktop\风机\wind-fault-detection-platform\datasets\wind_blade_defect_v03_recall\labels\train\v03_missed_sample_hole_843.txt
missed_sample,C:\Users\yys\Desktop\风机\wind-fault-detection-platform\hard_cases\missed_samples\hole_927.jpg,C:\Users\yys\Desktop\风机\wind-fault-detection-platform\datasets\wind_blade_defect\labels\test\hole_927.txt,C:\Users\yys\Desktop\风机\wind-fault-detection-platform\datasets\wind_blade_defect_v03_recall\images\train\v03_missed_sample_hole_927.jpg,C:\Users\yys\Desktop\风机\wind-fault-detection-platform\datasets\wind_blade_defect_v03_recall\labels\train\v03_missed_sample_hole_927.txt
missed_sample,C:\Users\yys\Desktop\风机\wind-fault-detection-platform\hard_cases\missed_samples\spalling_22.jpg,C:\Users\yys\Desktop\风机\wind-fault-detection-platform\datasets\wind_blade_defect\labels\test\spalling_22.txt,C:\Users\yys\Desktop\风机\wind-fault-detection-platform\datasets\wind_blade_defect_v03_recall\images\train\v03_missed_sample_spalling_22.jpg,C:\Users\yys\Desktop\风机\wind-fault-detection-platform\datasets\wind_blade_defect_v03_recall\labels\train\v03_missed_sample_spalling_22.txt
missed_sample,C:\Users\yys\Desktop\风机\wind-fault-detection-platform\hard_cases\missed_samples\spalling_648.jpg,C:\Users\yys\Desktop\风机\wind-fault-detection-platform\datasets\wind_blade_defect\labels\test\spalling_648.txt,C:\Users\yys\Desktop\风机\wind-fault-detection-platform\datasets\wind_blade_defect_v03_recall\images\train\v03_missed_sample_spalling_648.jpg,C:\Users\yys\Desktop\风机\wind-fault-detection-platform\datasets\wind_blade_defect_v03_recall\labels\train\v03_missed_sample_spalling_648.txt
missed_sample,C:\Users\yys\Desktop\风机\wind-fault-detection-platform\hard_cases\missed_samples\spalling_974.jpg,C:\Users\yys\Desktop\风机\wind-fault-detection-platform\datasets\wind_blade_defect\labels\test\spalling_974.txt,C:\Users\yys\Desktop\风机\wind-fault-detection-platform\datasets\wind_blade_defect_v03_recall\images\train\v03_missed_sample_spalling_974.jpg,C:\Users\yys\Desktop\风机\wind-fault-detection-platform\datasets\wind_blade_defect_v03_recall\labels\train\v03_missed_sample_spalling_974.txt
corrosion_recall_oversample,C:\Users\yys\Desktop\风机\wind-fault-detection-platform\datasets\wind_blade_defect_v02_improve\images\train\blade_24.jpg,C:\Users\yys\Desktop\风机\wind-fault-detection-platform\datasets\wind_blade_defect_v02_improve\labels\train\blade_24.txt,C:\Users\yys\Desktop\风机\wind-fault-detection-platform\datasets\wind_blade_defect_v03_recall\images\train\v03_corrosion_r1_blade_24.jpg,C:\Users\yys\Desktop\风机\wind-fault-detection-platform\datasets\wind_blade_defect_v03_recall\labels\train\v03_corrosion_r1_blade_24.txt
corrosion_recall_oversample,C:\Users\yys\Desktop\风机\wind-fault-detection-platform\datasets\wind_blade_defect_v02_improve\images\train\corrosion_101.jpg,C:\Users\yys\Desktop\风机\wind-fault-detection-platform\datasets\wind_blade_defect_v02_improve\labels\train\corrosion_101.txt,C:\Users\yys\Desktop\风机\wind-fault-detection-platform\datasets\wind_blade_defect_v03_recall\images\train\v03_corrosion_r1_corrosion_101.jpg,C:\Users\yys\Desktop\风机\wind-fault-detection-platform\datasets\wind_blade_defect_v03_recall\labels\train\v03_corrosion_r1_corrosion_101.txt
corrosion_recall_oversample,C:\Users\yys\Desktop\风机\wind-fault-detection-platform\datasets\wind_blade_defect_v02_improve\images\train\corrosion_103.jpg,C:\Users\yys\Desktop\风机\wind-fault-detection-platform\datasets\wind_blade_defect_v02_improve\labels\train\corrosion_103.txt,C:\Users\yys\Desktop\风机\wind-fault-detection-platform\datasets\wind_blade_defect_v03_recall\images\train\v03_corrosion_r1_corrosion_103.jpg,C:\Users\yys\Desktop\风机\wind-fault-detection-platform\datasets\wind_blade_defect_v03_recall\labels\train\v03_corrosion_r1_corrosion_103.txt
corrosion_recall_oversample,C:\Users\yys\Desktop\风机\wind-fault-detection-platform\datasets\wind_blade_defect_v02_improve\images\train\corrosion_104.jpg,C:\Users\yys\Desktop\风机\wind-fault-detection-platform\datasets\wind_blade_defect_v02_improve\labels\train\corrosion_104.txt,C:\Users\yys\Desktop\风机\wind-fault-detection-platform\datasets\wind_blade_defect_v03_recall\images\train\v03_corrosion_r1_corrosion_104.jpg,C:\Users\yys\Desktop\风机\wind-fault-detection-platform\datasets\wind_blade_defect_v03_recall\labels\train\v03_corrosion_r1_corrosion_104.txt
corrosion_recall_oversample,C:\Users\yys\Desktop\风机\wind-fault-detection-platform\datasets\wind_blade_defect_v02_improve\images\train\corrosion_105.jpg,C:\Users\yys\Desktop\风机\wind-fault-detection-platform\datasets\wind_blade_defect_v02_improve\labels\train\corrosion_105.txt,C:\Users\yys\Desktop\风机\wind-fault-detection-platform\datasets\wind_blade_defect_v03_recall\images\train\v03_corrosion_r1_corrosion_105.jpg,C:\Users\yys\Desktop\风机\wind-fault-detection-platform\datasets\wind_blade_defect_v03_recall\labels\train\v03_corrosion_r1_corrosion_105.txt
corrosion_recall_oversample,C:\Users\yys\Desktop\风机\wind-fault-detection-platform\datasets\wind_blade_defect_v02_improve\images\train\corrosion_108.jpg,C:\Users\yys\Desktop\风机\wind-fault-detection-platform\datasets\wind_blade_defect_v02_improve\labels\train\corrosion_108.txt,C:\Users\yys\Desktop\风机\wind-fault-detection-platform\datasets\wind_blade_defect_v03_recall\images\train\v03_corrosion_r1_corrosion_108.jpg,C:\Users\yys\Desktop\风机\wind-fault-detection-platform\datasets\wind_blade_defect_v03_recall\labels\train\v03_corrosion_r1_corrosion_108.txt
corrosion_recall_oversample,C:\Users\yys\Desktop\风机\wind-fault-detection-platform\datasets\wind_blade_defect_v02_improve\images\train\corrosion_109.jpg,C:\Users\yys\Desktop\风机\wind-fault-detection-platform\datasets\wind_blade_defect_v02_improve\labels\train\corrosion_109.txt,C:\Users\yys\Desktop\风机\wind-fault-detection-platform\datasets\wind_blade_defect_v03_recall\images\train\v03_corrosion_r1_corrosion_109.jpg,C:\Users\yys\Desktop\风机\wind-fault-detection-platform\datasets\wind_blade_defect_v03_recall\labels\train\v03_corrosion_r1_corrosion_109.txt
corrosion_recall_oversample,C:\Users\yys\Desktop\风机\wind-fault-detection-platform\datasets\wind_blade_defect_v02_improve\images\train\corrosion_110.jpg,C:\Users\yys\Desktop\风机\wind-fault-detection-platform\datasets\wind_blade_defect_v02_improve\labels\train\corrosion_110.txt,C:\Users\yys\Desktop\风机\wind-fault-detection-platform\datasets\wind_blade_defect_v03_recall\images\train\v03_corrosion_r1_corrosion_110.jpg,C:\Users\yys\Desktop\风机\wind-fault-detection-platform\datasets\wind_blade_defect_v03_recall\labels\train\v03_corrosion_r1_corrosion_110.txt
corrosion_recall_oversample,C:\Users\yys\Desktop\风机\wind-fault-detection-platform\datasets\wind_blade_defect_v02_improve\images\train\corrosion_112.jpg,C:\Users\yys\Desktop\风机\wind-fault-detection-platform\datasets\wind_blade_defect_v02_improve\labels\train\corrosion_112.txt,C:\Users\yys\Desktop\风机\wind-fault-detection-platform\datasets\wind_blade_defect_v03_recall\images\train\v03_corrosion_r1_corrosion_112.jpg,C:\Users\yys\Desktop\风机\wind-fault-detection-platform\datasets\wind_blade_defect_v03_recall\labels\train\v03_corrosion_r1_corrosion_112.txt
corrosion_recall_oversample,C:\Users\yys\Desktop\风机\wind-fault-detection-platform\datasets\wind_blade_defect_v02_improve\images\train\corrosion_113.jpg,C:\Users\yys\Desktop\风机\wind-fault-detection-platform\datasets\wind_blade_defect_v02_improve\labels\train\corrosion_113.txt,C:\Users\yys\Desktop\风机\wind-fault-detection-platform\datasets\wind_blade_defect_v03_recall\images\train\v03_corrosion_r1_corrosion_113.jpg,C:\Users\yys\Desktop\风机\wind-fault-detection-platform\datasets\wind_blade_defect_v03_recall\labels\train\v03_corrosion_r1_corrosion_113.txt
corrosion_recall_oversample,C:\Users\yys\Desktop\风机\wind-fault-detection-platform\datasets\wind_blade_defect_v02_improve\images\train\corrosion_114.jpg,C:\Users\yys\Desktop\风机\wind-fault-detection-platform\datasets\wind_blade_defect_v02_improve\labels\train\corrosion_114.txt,C:\Users\yys\Desktop\风机\wind-fault-detection-platform\datasets\wind_blade_defect_v03_recall\images\train\v03_corrosion_r1_corrosion_114.jpg,C:\Users\yys\Desktop\风机\wind-fault-detection-platform\datasets\wind_blade_defect_v03_recall\labels\train\v03_corrosion_r1_corrosion_114.txt
corrosion_recall_oversample,C:\Users\yys\Desktop\风机\wind-fault-detection-platform\datasets\wind_blade_defect_v02_improve\images\train\corrosion_115.jpg,C:\Users\yys\Desktop\风机\wind-fault-detection-platform\datasets\wind_blade_defect_v02_improve\labels\train\corrosion_115.txt,C:\Users\yys\Desktop\风机\wind-fault-detection-platform\datasets\wind_blade_defect_v03_recall\images\train\v03_corrosion_r1_corrosion_115.jpg,C:\Users\yys\Desktop\风机\wind-fault-detection-platform\datasets\wind_blade_defect_v03_recall\labels\train\v03_corrosion_r1_corrosion_115.txt
corrosion_recall_oversample,C:\Users\yys\Desktop\风机\wind-fault-detection-platform\datasets\wind_blade_defect_v02_improve\images\train\corrosion_118.jpg,C:\Users\yys\Desktop\风机\wind-fault-detection-platform\datasets\wind_blade_defect_v02_improve\labels\train\corrosion_118.txt,C:\Users\yys\Desktop\风机\wind-fault-detection-platform\datasets\wind_blade_defect_v03_recall\images\train\v03_corrosion_r1_corrosion_118.jpg,C:\Users\yys\Desktop\风机\wind-fault-detection-platform\datasets\wind_blade_defect_v03_recall\labels\train\v03_corrosion_r1_corrosion_118.txt
corrosion_recall_oversample,C:\Users\yys\Desktop\风机\wind-fault-detection-platform\datasets\wind_blade_defect_v02_improve\images\train\corrosion_121.jpg,C:\Users\yys\Desktop\风机\wind-fault-detection-platform\datasets\wind_blade_defect_v02_improve\labels\train\corrosion_121.txt,C:\Users\yys\Desktop\风机\wind-fault-detection-platform\datasets\wind_blade_defect_v03_recall\images\train\v03_corrosion_r1_corrosion_121.jpg,C:\Users\yys\Desktop\风机\wind-fault-detection-platform\datasets\wind_blade_defect_v03_recall\labels\train\v03_corrosion_r1_corrosion_121.txt
corrosion_recall_oversample,C:\Users\yys\Desktop\风机\wind-fault-detection-platform\datasets\wind_blade_defect_v02_improve\images\train\corrosion_123.jpg,C:\Users\yys\Desktop\风机\wind-fault-detection-platform\datasets\wind_blade_defect_v02_improve\labels\train\corrosion_123.txt,C:\Users\yys\Desktop\风机\wind-fault-detection-platform\datasets\wind_blade_defect_v03_recall\images\train\v03_corrosion_r1_corrosion_123.jpg,C:\Users\yys\Desktop\风机\wind-fault-detection-platform\datasets\wind_blade_defect_v03_recall\labels\train\v03_corrosion_r1_corrosion_123.txt
corrosion_recall_oversample,C:\Users\yys\Desktop\风机\wind-fault-detection-platform\datasets\wind_blade_defect_v02_improve\images\train\corrosion_124.jpg,C:\Users\yys\Desktop\风机\wind-fault-detection-platform\datasets\wind_blade_defect_v02_improve\labels\train\corrosion_124.txt,C:\Users\yys\Desktop\风机\wind-fault-detection-platform\datasets\wind_blade_defect_v03_recall\images\train\v03_corrosion_r1_corrosion_124.jpg,C:\Users\yys\Desktop\风机\wind-fault-detection-platform\datasets\wind_blade_defect_v03_recall\labels\train\v03_corrosion_r1_corrosion_124.txt
corrosion_recall_oversample,C:\Users\yys\Desktop\风机\wind-fault-detection-platform\datasets\wind_blade_defect_v02_improve\images\train\corrosion_125.jpg,C:\Users\yys\Desktop\风机\wind-fault-detection-platform\datasets\wind_blade_defect_v02_improve\labels\train\corrosion_125.txt,C:\Users\yys\Desktop\风机\wind-fault-detection-platform\datasets\wind_blade_defect_v03_recall\images\train\v03_corrosion_r1_corrosion_125.jpg,C:\Users\yys\Desktop\风机\wind-fault-detection-platform\datasets\wind_blade_defect_v03_recall\labels\train\v03_corrosion_r1_corrosion_125.txt
corrosion_recall_oversample,C:\Users\yys\Desktop\风机\wind-fault-detection-platform\datasets\wind_blade_defect_v02_improve\images\train\corrosion_126.jpg,C:\Users\yys\Desktop\风机\wind-fault-detection-platform\datasets\wind_blade_defect_v02_improve\labels\train\corrosion_126.txt,C:\Users\yys\Desktop\风机\wind-fault-detection-platform\datasets\wind_blade_defect_v03_recall\images\train\v03_corrosion_r1_corrosion_126.jpg,C:\Users\yys\Desktop\风机\wind-fault-detection-platform\datasets\wind_blade_defect_v03_recall\labels\train\v03_corrosion_r1_corrosion_126.txt
corrosion_recall_oversample,C:\Users\yys\Desktop\风机\wind-fault-detection-platform\datasets\wind_blade_defect_v02_improve\images\train\corrosion_127.jpg,C:\Users\yys\Desktop\风机\wind-fault-detection-platform\datasets\wind_blade_defect_v02_improve\labels\train\corrosion_127.txt,C:\Users\yys\Desktop\风机\wind-fault-detection-platform\datasets\wind_blade_defect_v03_recall\images\train\v03_corrosion_r1_corrosion_127.jpg,C:\Users\yys\Desktop\风机\wind-fault-detection-platform\datasets\wind_blade_defect_v03_recall\labels\train\v03_corrosion_r1_corrosion_127.txt
corrosion_recall_oversample,C:\Users\yys\Desktop\风机\wind-fault-detection-platform\datasets\wind_blade_defect_v02_improve\images\train\corrosion_128.jpg,C:\Users\yys\Desktop\风机\wind-fault-detection-platform\datasets\wind_blade_defect_v02_improve\labels\train\corrosion_128.txt,C:\Users\yys\Desktop\风机\wind-fault-detection-platform\datasets\wind_blade_defect_v03_recall\images\train\v03_corrosion_r1_corrosion_128.jpg,C:\Users\yys\Desktop\风机\wind-fault-detection-platform\datasets\wind_blade_defect_v03_recall\labels\train\v03_corrosion_r1_corrosion_128.txt
corrosion_recall_oversample,C:\Users\yys\Desktop\风机\wind-fault-detection-platform\datasets\wind_blade_defect_v02_improve\images\train\corrosion_129.jpg,C:\Users\yys\Desktop\风机\wind-fault-detection-platform\datasets\wind_blade_defect_v02_improve\labels\train\corrosion_129.txt,C:\Users\yys\Desktop\风机\wind-fault-detection-platform\datasets\wind_blade_defect_v03_recall\images\train\v03_corrosion_r1_corrosion_129.jpg,C:\Users\yys\Desktop\风机\wind-fault-detection-platform\datasets\wind_blade_defect_v03_recall\labels\train\v03_corrosion_r1_corrosion_129.txt
corrosion_recall_oversample,C:\Users\yys\Desktop\风机\wind-fault-detection-platform\datasets\wind_blade_defect_v02_improve\images\train\corrosion_130.jpg,C:\Users\yys\Desktop\风机\wind-fault-detection-platform\datasets\wind_blade_defect_v02_improve\labels\train\corrosion_130.txt,C:\Users\yys\Desktop\风机\wind-fault-detection-platform\datasets\wind_blade_defect_v03_recall\images\train\v03_corrosion_r1_corrosion_130.jpg,C:\Users\yys\Desktop\风机\wind-fault-detection-platform\datasets\wind_blade_defect_v03_recall\labels\train\v03_corrosion_r1_corrosion_130.txt
corrosion_recall_oversample,C:\Users\yys\Desktop\风机\wind-fault-detection-platform\datasets\wind_blade_defect_v02_improve\images\train\corrosion_131.jpg,C:\Users\yys\Desktop\风机\wind-fault-detection-platform\datasets\wind_blade_defect_v02_improve\labels\train\corrosion_131.txt,C:\Users\yys\Desktop\风机\wind-fault-detection-platform\datasets\wind_blade_defect_v03_recall\images\train\v03_corrosion_r1_corrosion_131.jpg,C:\Users\yys\Desktop\风机\wind-fault-detection-platform\datasets\wind_blade_defect_v03_recall\labels\train\v03_corrosion_r1_corrosion_131.txt
corrosion_recall_oversample,C:\Users\yys\Desktop\风机\wind-fault-detection-platform\datasets\wind_blade_defect_v02_improve\images\train\corrosion_132.jpg,C:\Users\yys\Desktop\风机\wind-fault-detection-platform\datasets\wind_blade_defect_v02_improve\labels\train\corrosion_132.txt,C:\Users\yys\Desktop\风机\wind-fault-detection-platform\datasets\wind_blade_defect_v03_recall\images\train\v03_corrosion_r1_corrosion_132.jpg,C:\Users\yys\Desktop\风机\wind-fault-detection-platform\datasets\wind_blade_defect_v03_recall\labels\train\v03_corrosion_r1_corrosion_132.txt
corrosion_recall_oversample,C:\Users\yys\Desktop\风机\wind-fault-detection-platform\datasets\wind_blade_defect_v02_improve\images\train\corrosion_133.jpg,C:\Users\yys\Desktop\风机\wind-fault-detection-platform\datasets\wind_blade_defect_v02_improve\labels\train\corrosion_133.txt,C:\Users\yys\Desktop\风机\wind-fault-detection-platform\datasets\wind_blade_defect_v03_recall\images\train\v03_corrosion_r1_corrosion_133.jpg,C:\Users\yys\Desktop\风机\wind-fault-detection-platform\datasets\wind_blade_defect_v03_recall\labels\train\v03_corrosion_r1_corrosion_133.txt
corrosion_recall_oversample,C:\Users\yys\Desktop\风机\wind-fault-detection-platform\datasets\wind_blade_defect_v02_improve\images\train\corrosion_134.jpg,C:\Users\yys\Desktop\风机\wind-fault-detection-platform\datasets\wind_blade_defect_v02_improve\labels\train\corrosion_134.txt,C:\Users\yys\Desktop\风机\wind-fault-detection-platform\datasets\wind_blade_defect_v03_recall\images\train\v03_corrosion_r1_corrosion_134.jpg,C:\Users\yys\Desktop\风机\wind-fault-detection-platform\datasets\wind_blade_defect_v03_recall\labels\train\v03_corrosion_r1_corrosion_134.txt
corrosion_recall_oversample,C:\Users\yys\Desktop\风机\wind-fault-detection-platform\datasets\wind_blade_defect_v02_improve\images\train\corrosion_135.jpg,C:\Users\yys\Desktop\风机\wind-fault-detection-platform\datasets\wind_blade_defect_v02_improve\labels\train\corrosion_135.txt,C:\Users\yys\Desktop\风机\wind-fault-detection-platform\datasets\wind_blade_defect_v03_recall\images\train\v03_corrosion_r1_corrosion_135.jpg,C:\Users\yys\Desktop\风机\wind-fault-detection-platform\datasets\wind_blade_defect_v03_recall\labels\train\v03_corrosion_r1_corrosion_135.txt
corrosion_recall_oversample,C:\Users\yys\Desktop\风机\wind-fault-detection-platform\datasets\wind_blade_defect_v02_improve\images\train\corrosion_137.jpg,C:\Users\yys\Desktop\风机\wind-fault-detection-platform\datasets\wind_blade_defect_v02_improve\labels\train\corrosion_137.txt,C:\Users\yys\Desktop\风机\wind-fault-detection-platform\datasets\wind_blade_defect_v03_recall\images\train\v03_corrosion_r1_corrosion_137.jpg,C:\Users\yys\Desktop\风机\wind-fault-detection-platform\datasets\wind_blade_defect_v03_recall\labels\train\v03_corrosion_r1_corrosion_137.txt
corrosion_recall_oversample,C:\Users\yys\Desktop\风机\wind-fault-detection-platform\datasets\wind_blade_defect_v02_improve\images\train\corrosion_138.jpg,C:\Users\yys\Desktop\风机\wind-fault-detection-platform\datasets\wind_blade_defect_v02_improve\labels\train\corrosion_138.txt,C:\Users\yys\Desktop\风机\wind-fault-detection-platform\datasets\wind_blade_defect_v03_recall\images\train\v03_corrosion_r1_corrosion_138.jpg,C:\Users\yys\Desktop\风机\wind-fault-detection-platform\datasets\wind_blade_defect_v03_recall\labels\train\v03_corrosion_r1_corrosion_138.txt
corrosion_recall_oversample,C:\Users\yys\Desktop\风机\wind-fault-detection-platform\datasets\wind_blade_defect_v02_improve\images\train\corrosion_139.jpg,C:\Users\yys\Desktop\风机\wind-fault-detection-platform\datasets\wind_blade_defect_v02_improve\labels\train\corrosion_139.txt,C:\Users\yys\Desktop\风机\wind-fault-detection-platform\datasets\wind_blade_defect_v03_recall\images\train\v03_corrosion_r1_corrosion_139.jpg,C:\Users\yys\Desktop\风机\wind-fault-detection-platform\datasets\wind_blade_defect_v03_recall\labels\train\v03_corrosion_r1_corrosion_139.txt
corrosion_recall_oversample,C:\Users\yys\Desktop\风机\wind-fault-detection-platform\datasets\wind_blade_defect_v02_improve\images\train\corrosion_140.jpg,C:\Users\yys\Desktop\风机\wind-fault-detection-platform\datasets\wind_blade_defect_v02_improve\labels\train\corrosion_140.txt,C:\Users\yys\Desktop\风机\wind-fault-detection-platform\datasets\wind_blade_defect_v03_recall\images\train\v03_corrosion_r1_corrosion_140.jpg,C:\Users\yys\Desktop\风机\wind-fault-detection-platform\datasets\wind_blade_defect_v03_recall\labels\train\v03_corrosion_r1_corrosion_140.txt
corrosion_recall_oversample,C:\Users\yys\Desktop\风机\wind-fault-detection-platform\datasets\wind_blade_defect_v02_improve\images\train\corrosion_141.jpg,C:\Users\yys\Desktop\风机\wind-fault-detection-platform\datasets\wind_blade_defect_v02_improve\labels\train\corrosion_141.txt,C:\Users\yys\Desktop\风机\wind-fault-detection-platform\datasets\wind_blade_defect_v03_recall\images\train\v03_corrosion_r1_corrosion_141.jpg,C:\Users\yys\Desktop\风机\wind-fault-detection-platform\datasets\wind_blade_defect_v03_recall\labels\train\v03_corrosion_r1_corrosion_141.txt
corrosion_recall_oversample,C:\Users\yys\Desktop\风机\wind-fault-detection-platform\datasets\wind_blade_defect_v02_improve\images\train\corrosion_142.jpg,C:\Users\yys\Desktop\风机\wind-fault-detection-platform\datasets\wind_blade_defect_v02_improve\labels\train\corrosion_142.txt,C:\Users\yys\Desktop\风机\wind-fault-detection-platform\datasets\wind_blade_defect_v03_recall\images\train\v03_corrosion_r1_corrosion_142.jpg,C:\Users\yys\Desktop\风机\wind-fault-detection-platform\datasets\wind_blade_defect_v03_recall\labels\train\v03_corrosion_r1_corrosion_142.txt
corrosion_recall_oversample,C:\Users\yys\Desktop\风机\wind-fault-detection-platform\datasets\wind_blade_defect_v02_improve\images\train\corrosion_143.jpg,C:\Users\yys\Desktop\风机\wind-fault-detection-platform\datasets\wind_blade_defect_v02_improve\labels\train\corrosion_143.txt,C:\Users\yys\Desktop\风机\wind-fault-detection-platform\datasets\wind_blade_defect_v03_recall\images\train\v03_corrosion_r1_corrosion_143.jpg,C:\Users\yys\Desktop\风机\wind-fault-detection-platform\datasets\wind_blade_defect_v03_recall\labels\train\v03_corrosion_r1_corrosion_143.txt
corrosion_recall_oversample,C:\Users\yys\Desktop\风机\wind-fault-detection-platform\datasets\wind_blade_defect_v02_improve\images\train\corrosion_144.jpg,C:\Users\yys\Desktop\风机\wind-fault-detection-platform\datasets\wind_blade_defect_v02_improve\labels\train\corrosion_144.txt,C:\Users\yys\Desktop\风机\wind-fault-detection-platform\datasets\wind_blade_defect_v03_recall\images\train\v03_corrosion_r1_corrosion_144.jpg,C:\Users\yys\Desktop\风机\wind-fault-detection-platform\datasets\wind_blade_defect_v03_recall\labels\train\v03_corrosion_r1_corrosion_144.txt
corrosion_recall_oversample,C:\Users\yys\Desktop\风机\wind-fault-detection-platform\datasets\wind_blade_defect_v02_improve\images\train\corrosion_146.jpg,C:\Users\yys\Desktop\风机\wind-fault-detection-platform\datasets\wind_blade_defect_v02_improve\labels\train\corrosion_146.txt,C:\Users\yys\Desktop\风机\wind-fault-detection-platform\datasets\wind_blade_defect_v03_recall\images\train\v03_corrosion_r1_corrosion_146.jpg,C:\Users\yys\Desktop\风机\wind-fault-detection-platform\datasets\wind_blade_defect_v03_recall\labels\train\v03_corrosion_r1_corrosion_146.txt
corrosion_recall_oversample,C:\Users\yys\Desktop\风机\wind-fault-detection-platform\datasets\wind_blade_defect_v02_improve\images\train\corrosion_148.jpg,C:\Users\yys\Desktop\风机\wind-fault-detection-platform\datasets\wind_blade_defect_v02_improve\labels\train\corrosion_148.txt,C:\Users\yys\Desktop\风机\wind-fault-detection-platform\datasets\wind_blade_defect_v03_recall\images\train\v03_corrosion_r1_corrosion_148.jpg,C:\Users\yys\Desktop\风机\wind-fault-detection-platform\datasets\wind_blade_defect_v03_recall\labels\train\v03_corrosion_r1_corrosion_148.txt
corrosion_recall_oversample,C:\Users\yys\Desktop\风机\wind-fault-detection-platform\datasets\wind_blade_defect_v02_improve\images\train\corrosion_149.jpg,C:\Users\yys\Desktop\风机\wind-fault-detection-platform\datasets\wind_blade_defect_v02_improve\labels\train\corrosion_149.txt,C:\Users\yys\Desktop\风机\wind-fault-detection-platform\datasets\wind_blade_defect_v03_recall\images\train\v03_corrosion_r1_corrosion_149.jpg,C:\Users\yys\Desktop\风机\wind-fault-detection-platform\datasets\wind_blade_defect_v03_recall\labels\train\v03_corrosion_r1_corrosion_149.txt
corrosion_recall_oversample,C:\Users\yys\Desktop\风机\wind-fault-detection-platform\datasets\wind_blade_defect_v02_improve\images\train\corrosion_150.jpg,C:\Users\yys\Desktop\风机\wind-fault-detection-platform\datasets\wind_blade_defect_v02_improve\labels\train\corrosion_150.txt,C:\Users\yys\Desktop\风机\wind-fault-detection-platform\datasets\wind_blade_defect_v03_recall\images\train\v03_corrosion_r1_corrosion_150.jpg,C:\Users\yys\Desktop\风机\wind-fault-detection-platform\datasets\wind_blade_defect_v03_recall\labels\train\v03_corrosion_r1_corrosion_150.txt
corrosion_recall_oversample,C:\Users\yys\Desktop\风机\wind-fault-detection-platform\datasets\wind_blade_defect_v02_improve\images\train\corrosion_154.jpg,C:\Users\yys\Desktop\风机\wind-fault-detection-platform\datasets\wind_blade_defect_v02_improve\labels\train\corrosion_154.txt,C:\Users\yys\Desktop\风机\wind-fault-detection-platform\datasets\wind_blade_defect_v03_recall\images\train\v03_corrosion_r1_corrosion_154.jpg,C:\Users\yys\Desktop\风机\wind-fault-detection-platform\datasets\wind_blade_defect_v03_recall\labels\train\v03_corrosion_r1_corrosion_154.txt
corrosion_recall_oversample,C:\Users\yys\Desktop\风机\wind-fault-detection-platform\datasets\wind_blade_defect_v02_improve\images\train\corrosion_155.jpg,C:\Users\yys\Desktop\风机\wind-fault-detection-platform\datasets\wind_blade_defect_v02_improve\labels\train\corrosion_155.txt,C:\Users\yys\Desktop\风机\wind-fault-detection-platform\datasets\wind_blade_defect_v03_recall\images\train\v03_corrosion_r1_corrosion_155.jpg,C:\Users\yys\Desktop\风机\wind-fault-detection-platform\datasets\wind_blade_defect_v03_recall\labels\train\v03_corrosion_r1_corrosion_155.txt
corrosion_recall_oversample,C:\Users\yys\Desktop\风机\wind-fault-detection-platform\datasets\wind_blade_defect_v02_improve\images\train\corrosion_156.jpg,C:\Users\yys\Desktop\风机\wind-fault-detection-platform\datasets\wind_blade_defect_v02_improve\labels\train\corrosion_156.txt,C:\Users\yys\Desktop\风机\wind-fault-detection-platform\datasets\wind_blade_defect_v03_recall\images\train\v03_corrosion_r1_corrosion_156.jpg,C:\Users\yys\Desktop\风机\wind-fault-detection-platform\datasets\wind_blade_defect_v03_recall\labels\train\v03_corrosion_r1_corrosion_156.txt
corrosion_recall_oversample,C:\Users\yys\Desktop\风机\wind-fault-detection-platform\datasets\wind_blade_defect_v02_improve\images\train\corrosion_158.jpg,C:\Users\yys\Desktop\风机\wind-fault-detection-platform\datasets\wind_blade_defect_v02_improve\labels\train\corrosion_158.txt,C:\Users\yys\Desktop\风机\wind-fault-detection-platform\datasets\wind_blade_defect_v03_recall\images\train\v03_corrosion_r1_corrosion_158.jpg,C:\Users\yys\Desktop\风机\wind-fault-detection-platform\datasets\wind_blade_defect_v03_recall\labels\train\v03_corrosion_r1_corrosion_158.txt
corrosion_recall_oversample,C:\Users\yys\Desktop\风机\wind-fault-detection-platform\datasets\wind_blade_defect_v02_improve\images\train\corrosion_159.jpg,C:\Users\yys\Desktop\风机\wind-fault-detection-platform\datasets\wind_blade_defect_v02_improve\labels\train\corrosion_159.txt,C:\Users\yys\Desktop\风机\wind-fault-detection-platform\datasets\wind_blade_defect_v03_recall\images\train\v03_corrosion_r1_corrosion_159.jpg,C:\Users\yys\Desktop\风机\wind-fault-detection-platform\datasets\wind_blade_defect_v03_recall\labels\train\v03_corrosion_r1_corrosion_159.txt
corrosion_recall_oversample,C:\Users\yys\Desktop\风机\wind-fault-detection-platform\datasets\wind_blade_defect_v02_improve\images\train\corrosion_161.jpg,C:\Users\yys\Desktop\风机\wind-fault-detection-platform\datasets\wind_blade_defect_v02_improve\labels\train\corrosion_161.txt,C:\Users\yys\Desktop\风机\wind-fault-detection-platform\datasets\wind_blade_defect_v03_recall\images\train\v03_corrosion_r1_corrosion_161.jpg,C:\Users\yys\Desktop\风机\wind-fault-detection-platform\datasets\wind_blade_defect_v03_recall\labels\train\v03_corrosion_r1_corrosion_161.txt
corrosion_recall_oversample,C:\Users\yys\Desktop\风机\wind-fault-detection-platform\datasets\wind_blade_defect_v02_improve\images\train\corrosion_162.jpg,C:\Users\yys\Desktop\风机\wind-fault-detection-platform\datasets\wind_blade_defect_v02_improve\labels\train\corrosion_162.txt,C:\Users\yys\Desktop\风机\wind-fault-detection-platform\datasets\wind_blade_defect_v03_recall\images\train\v03_corrosion_r1_corrosion_162.jpg,C:\Users\yys\Desktop\风机\wind-fault-detection-platform\datasets\wind_blade_defect_v03_recall\labels\train\v03_corrosion_r1_corrosion_162.txt
corrosion_recall_oversample,C:\Users\yys\Desktop\风机\wind-fault-detection-platform\datasets\wind_blade_defect_v02_improve\images\train\corrosion_163.jpg,C:\Users\yys\Desktop\风机\wind-fault-detection-platform\datasets\wind_blade_defect_v02_improve\labels\train\corrosion_163.txt,C:\Users\yys\Desktop\风机\wind-fault-detection-platform\datasets\wind_blade_defect_v03_recall\images\train\v03_corrosion_r1_corrosion_163.jpg,C:\Users\yys\Desktop\风机\wind-fault-detection-platform\datasets\wind_blade_defect_v03_recall\labels\train\v03_corrosion_r1_corrosion_163.txt
corrosion_recall_oversample,C:\Users\yys\Desktop\风机\wind-fault-detection-platform\datasets\wind_blade_defect_v02_improve\images\train\corrosion_164.jpg,C:\Users\yys\Desktop\风机\wind-fault-detection-platform\datasets\wind_blade_defect_v02_improve\labels\train\corrosion_164.txt,C:\Users\yys\Desktop\风机\wind-fault-detection-platform\datasets\wind_blade_defect_v03_recall\images\train\v03_corrosion_r1_corrosion_164.jpg,C:\Users\yys\Desktop\风机\wind-fault-detection-platform\datasets\wind_blade_defect_v03_recall\labels\train\v03_corrosion_r1_corrosion_164.txt
corrosion_recall_oversample,C:\Users\yys\Desktop\风机\wind-fault-detection-platform\datasets\wind_blade_defect_v02_improve\images\train\corrosion_165.jpg,C:\Users\yys\Desktop\风机\wind-fault-detection-platform\datasets\wind_blade_defect_v02_improve\labels\train\corrosion_165.txt,C:\Users\yys\Desktop\风机\wind-fault-detection-platform\datasets\wind_blade_defect_v03_recall\images\train\v03_corrosion_r1_corrosion_165.jpg,C:\Users\yys\Desktop\风机\wind-fault-detection-platform\datasets\wind_blade_defect_v03_recall\labels\train\v03_corrosion_r1_corrosion_165.txt
corrosion_recall_oversample,C:\Users\yys\Desktop\风机\wind-fault-detection-platform\datasets\wind_blade_defect_v02_improve\images\train\corrosion_167.jpg,C:\Users\yys\Desktop\风机\wind-fault-detection-platform\datasets\wind_blade_defect_v02_improve\labels\train\corrosion_167.txt,C:\Users\yys\Desktop\风机\wind-fault-detection-platform\datasets\wind_blade_defect_v03_recall\images\train\v03_corrosion_r1_corrosion_167.jpg,C:\Users\yys\Desktop\风机\wind-fault-detection-platform\datasets\wind_blade_defect_v03_recall\labels\train\v03_corrosion_r1_corrosion_167.txt
corrosion_recall_oversample,C:\Users\yys\Desktop\风机\wind-fault-detection-platform\datasets\wind_blade_defect_v02_improve\images\train\corrosion_171.jpg,C:\Users\yys\Desktop\风机\wind-fault-detection-platform\datasets\wind_blade_defect_v02_improve\labels\train\corrosion_171.txt,C:\Users\yys\Desktop\风机\wind-fault-detection-platform\datasets\wind_blade_defect_v03_recall\images\train\v03_corrosion_r1_corrosion_171.jpg,C:\Users\yys\Desktop\风机\wind-fault-detection-platform\datasets\wind_blade_defect_v03_recall\labels\train\v03_corrosion_r1_corrosion_171.txt
corrosion_recall_oversample,C:\Users\yys\Desktop\风机\wind-fault-detection-platform\datasets\wind_blade_defect_v02_improve\images\train\corrosion_172.jpg,C:\Users\yys\Desktop\风机\wind-fault-detection-platform\datasets\wind_blade_defect_v02_improve\labels\train\corrosion_172.txt,C:\Users\yys\Desktop\风机\wind-fault-detection-platform\datasets\wind_blade_defect_v03_recall\images\train\v03_corrosion_r1_corrosion_172.jpg,C:\Users\yys\Desktop\风机\wind-fault-detection-platform\datasets\wind_blade_defect_v03_recall\labels\train\v03_corrosion_r1_corrosion_172.txt
corrosion_recall_oversample,C:\Users\yys\Desktop\风机\wind-fault-detection-platform\datasets\wind_blade_defect_v02_improve\images\train\corrosion_173.jpg,C:\Users\yys\Desktop\风机\wind-fault-detection-platform\datasets\wind_blade_defect_v02_improve\labels\train\corrosion_173.txt,C:\Users\yys\Desktop\风机\wind-fault-detection-platform\datasets\wind_blade_defect_v03_recall\images\train\v03_corrosion_r1_corrosion_173.jpg,C:\Users\yys\Desktop\风机\wind-fault-detection-platform\datasets\wind_blade_defect_v03_recall\labels\train\v03_corrosion_r1_corrosion_173.txt
corrosion_recall_oversample,C:\Users\yys\Desktop\风机\wind-fault-detection-platform\datasets\wind_blade_defect_v02_improve\images\train\corrosion_174.jpg,C:\Users\yys\Desktop\风机\wind-fault-detection-platform\datasets\wind_blade_defect_v02_improve\labels\train\corrosion_174.txt,C:\Users\yys\Desktop\风机\wind-fault-detection-platform\datasets\wind_blade_defect_v03_recall\images\train\v03_corrosion_r1_corrosion_174.jpg,C:\Users\yys\Desktop\风机\wind-fault-detection-platform\datasets\wind_blade_defect_v03_recall\labels\train\v03_corrosion_r1_corrosion_174.txt
corrosion_recall_oversample,C:\Users\yys\Desktop\风机\wind-fault-detection-platform\datasets\wind_blade_defect_v02_improve\images\train\corrosion_177.jpg,C:\Users\yys\Desktop\风机\wind-fault-detection-platform\datasets\wind_blade_defect_v02_improve\labels\train\corrosion_177.txt,C:\Users\yys\Desktop\风机\wind-fault-detection-platform\datasets\wind_blade_defect_v03_recall\images\train\v03_corrosion_r1_corrosion_177.jpg,C:\Users\yys\Desktop\风机\wind-fault-detection-platform\datasets\wind_blade_defect_v03_recall\labels\train\v03_corrosion_r1_corrosion_177.txt
corrosion_recall_oversample,C:\Users\yys\Desktop\风机\wind-fault-detection-platform\datasets\wind_blade_defect_v02_improve\images\train\corrosion_179.jpg,C:\Users\yys\Desktop\风机\wind-fault-detection-platform\datasets\wind_blade_defect_v02_improve\labels\train\corrosion_179.txt,C:\Users\yys\Desktop\风机\wind-fault-detection-platform\datasets\wind_blade_defect_v03_recall\images\train\v03_corrosion_r1_corrosion_179.jpg,C:\Users\yys\Desktop\风机\wind-fault-detection-platform\datasets\wind_blade_defect_v03_recall\labels\train\v03_corrosion_r1_corrosion_179.txt
corrosion_recall_oversample,C:\Users\yys\Desktop\风机\wind-fault-detection-platform\datasets\wind_blade_defect_v02_improve\images\train\corrosion_180.jpg,C:\Users\yys\Desktop\风机\wind-fault-detection-platform\datasets\wind_blade_defect_v02_improve\labels\train\corrosion_180.txt,C:\Users\yys\Desktop\风机\wind-fault-detection-platform\datasets\wind_blade_defect_v03_recall\images\train\v03_corrosion_r1_corrosion_180.jpg,C:\Users\yys\Desktop\风机\wind-fault-detection-platform\datasets\wind_blade_defect_v03_recall\labels\train\v03_corrosion_r1_corrosion_180.txt
corrosion_recall_oversample,C:\Users\yys\Desktop\风机\wind-fault-detection-platform\datasets\wind_blade_defect_v02_improve\images\train\corrosion_182.jpg,C:\Users\yys\Desktop\风机\wind-fault-detection-platform\datasets\wind_blade_defect_v02_improve\labels\train\corrosion_182.txt,C:\Users\yys\Desktop\风机\wind-fault-detection-platform\datasets\wind_blade_defect_v03_recall\images\train\v03_corrosion_r1_corrosion_182.jpg,C:\Users\yys\Desktop\风机\wind-fault-detection-platform\datasets\wind_blade_defect_v03_recall\labels\train\v03_corrosion_r1_corrosion_182.txt
corrosion_recall_oversample,C:\Users\yys\Desktop\风机\wind-fault-detection-platform\datasets\wind_blade_defect_v02_improve\images\train\corrosion_183.jpg,C:\Users\yys\Desktop\风机\wind-fault-detection-platform\datasets\wind_blade_defect_v02_improve\labels\train\corrosion_183.txt,C:\Users\yys\Desktop\风机\wind-fault-detection-platform\datasets\wind_blade_defect_v03_recall\images\train\v03_corrosion_r1_corrosion_183.jpg,C:\Users\yys\Desktop\风机\wind-fault-detection-platform\datasets\wind_blade_defect_v03_recall\labels\train\v03_corrosion_r1_corrosion_183.txt
corrosion_recall_oversample,C:\Users\yys\Desktop\风机\wind-fault-detection-platform\datasets\wind_blade_defect_v02_improve\images\train\corrosion_184.jpg,C:\Users\yys\Desktop\风机\wind-fault-detection-platform\datasets\wind_blade_defect_v02_improve\labels\train\corrosion_184.txt,C:\Users\yys\Desktop\风机\wind-fault-detection-platform\datasets\wind_blade_defect_v03_recall\images\train\v03_corrosion_r1_corrosion_184.jpg,C:\Users\yys\Desktop\风机\wind-fault-detection-platform\datasets\wind_blade_defect_v03_recall\labels\train\v03_corrosion_r1_corrosion_184.txt
corrosion_recall_oversample,C:\Users\yys\Desktop\风机\wind-fault-detection-platform\datasets\wind_blade_defect_v02_improve\images\train\corrosion_185.jpg,C:\Users\yys\Desktop\风机\wind-fault-detection-platform\datasets\wind_blade_defect_v02_improve\labels\train\corrosion_185.txt,C:\Users\yys\Desktop\风机\wind-fault-detection-platform\datasets\wind_blade_defect_v03_recall\images\train\v03_corrosion_r1_corrosion_185.jpg,C:\Users\yys\Desktop\风机\wind-fault-detection-platform\datasets\wind_blade_defect_v03_recall\labels\train\v03_corrosion_r1_corrosion_185.txt
corrosion_recall_oversample,C:\Users\yys\Desktop\风机\wind-fault-detection-platform\datasets\wind_blade_defect_v02_improve\images\train\corrosion_186.jpg,C:\Users\yys\Desktop\风机\wind-fault-detection-platform\datasets\wind_blade_defect_v02_improve\labels\train\corrosion_186.txt,C:\Users\yys\Desktop\风机\wind-fault-detection-platform\datasets\wind_blade_defect_v03_recall\images\train\v03_corrosion_r1_corrosion_186.jpg,C:\Users\yys\Desktop\风机\wind-fault-detection-platform\datasets\wind_blade_defect_v03_recall\labels\train\v03_corrosion_r1_corrosion_186.txt
corrosion_recall_oversample,C:\Users\yys\Desktop\风机\wind-fault-detection-platform\datasets\wind_blade_defect_v02_improve\images\train\corrosion_187.jpg,C:\Users\yys\Desktop\风机\wind-fault-detection-platform\datasets\wind_blade_defect_v02_improve\labels\train\corrosion_187.txt,C:\Users\yys\Desktop\风机\wind-fault-detection-platform\datasets\wind_blade_defect_v03_recall\images\train\v03_corrosion_r1_corrosion_187.jpg,C:\Users\yys\Desktop\风机\wind-fault-detection-platform\datasets\wind_blade_defect_v03_recall\labels\train\v03_corrosion_r1_corrosion_187.txt
corrosion_recall_oversample,C:\Users\yys\Desktop\风机\wind-fault-detection-platform\datasets\wind_blade_defect_v02_improve\images\train\corrosion_188.jpg,C:\Users\yys\Desktop\风机\wind-fault-detection-platform\datasets\wind_blade_defect_v02_improve\labels\train\corrosion_188.txt,C:\Users\yys\Desktop\风机\wind-fault-detection-platform\datasets\wind_blade_defect_v03_recall\images\train\v03_corrosion_r1_corrosion_188.jpg,C:\Users\yys\Desktop\风机\wind-fault-detection-platform\datasets\wind_blade_defect_v03_recall\labels\train\v03_corrosion_r1_corrosion_188.txt
corrosion_recall_oversample,C:\Users\yys\Desktop\风机\wind-fault-detection-platform\datasets\wind_blade_defect_v02_improve\images\train\corrosion_189.jpg,C:\Users\yys\Desktop\风机\wind-fault-detection-platform\datasets\wind_blade_defect_v02_improve\labels\train\corrosion_189.txt,C:\Users\yys\Desktop\风机\wind-fault-detection-platform\datasets\wind_blade_defect_v03_recall\images\train\v03_corrosion_r1_corrosion_189.jpg,C:\Users\yys\Desktop\风机\wind-fault-detection-platform\datasets\wind_blade_defect_v03_recall\labels\train\v03_corrosion_r1_corrosion_189.txt
corrosion_recall_oversample,C:\Users\yys\Desktop\风机\wind-fault-detection-platform\datasets\wind_blade_defect_v02_improve\images\train\corrosion_191.jpg,C:\Users\yys\Desktop\风机\wind-fault-detection-platform\datasets\wind_blade_defect_v02_improve\labels\train\corrosion_191.txt,C:\Users\yys\Desktop\风机\wind-fault-detection-platform\datasets\wind_blade_defect_v03_recall\images\train\v03_corrosion_r1_corrosion_191.jpg,C:\Users\yys\Desktop\风机\wind-fault-detection-platform\datasets\wind_blade_defect_v03_recall\labels\train\v03_corrosion_r1_corrosion_191.txt
corrosion_recall_oversample,C:\Users\yys\Desktop\风机\wind-fault-detection-platform\datasets\wind_blade_defect_v02_improve\images\train\corrosion_192.jpg,C:\Users\yys\Desktop\风机\wind-fault-detection-platform\datasets\wind_blade_defect_v02_improve\labels\train\corrosion_192.txt,C:\Users\yys\Desktop\风机\wind-fault-detection-platform\datasets\wind_blade_defect_v03_recall\images\train\v03_corrosion_r1_corrosion_192.jpg,C:\Users\yys\Desktop\风机\wind-fault-detection-platform\datasets\wind_blade_defect_v03_recall\labels\train\v03_corrosion_r1_corrosion_192.txt
corrosion_recall_oversample,C:\Users\yys\Desktop\风机\wind-fault-detection-platform\datasets\wind_blade_defect_v02_improve\images\train\corrosion_193.jpg,C:\Users\yys\Desktop\风机\wind-fault-detection-platform\datasets\wind_blade_defect_v02_improve\labels\train\corrosion_193.txt,C:\Users\yys\Desktop\风机\wind-fault-detection-platform\datasets\wind_blade_defect_v03_recall\images\train\v03_corrosion_r1_corrosion_193.jpg,C:\Users\yys\Desktop\风机\wind-fault-detection-platform\datasets\wind_blade_defect_v03_recall\labels\train\v03_corrosion_r1_corrosion_193.txt
corrosion_recall_oversample,C:\Users\yys\Desktop\风机\wind-fault-detection-platform\datasets\wind_blade_defect_v02_improve\images\train\corrosion_195.jpg,C:\Users\yys\Desktop\风机\wind-fault-detection-platform\datasets\wind_blade_defect_v02_improve\labels\train\corrosion_195.txt,C:\Users\yys\Desktop\风机\wind-fault-detection-platform\datasets\wind_blade_defect_v03_recall\images\train\v03_corrosion_r1_corrosion_195.jpg,C:\Users\yys\Desktop\风机\wind-fault-detection-platform\datasets\wind_blade_defect_v03_recall\labels\train\v03_corrosion_r1_corrosion_195.txt
corrosion_recall_oversample,C:\Users\yys\Desktop\风机\wind-fault-detection-platform\datasets\wind_blade_defect_v02_improve\images\train\corrosion_198.jpg,C:\Users\yys\Desktop\风机\wind-fault-detection-platform\datasets\wind_blade_defect_v02_improve\labels\train\corrosion_198.txt,C:\Users\yys\Desktop\风机\wind-fault-detection-platform\datasets\wind_blade_defect_v03_recall\images\train\v03_corrosion_r1_corrosion_198.jpg,C:\Users\yys\Desktop\风机\wind-fault-detection-platform\datasets\wind_blade_defect_v03_recall\labels\train\v03_corrosion_r1_corrosion_198.txt
corrosion_recall_oversample,C:\Users\yys\Desktop\风机\wind-fault-detection-platform\datasets\wind_blade_defect_v02_improve\images\train\corrosion_200.jpg,C:\Users\yys\Desktop\风机\wind-fault-detection-platform\datasets\wind_blade_defect_v02_improve\labels\train\corrosion_200.txt,C:\Users\yys\Desktop\风机\wind-fault-detection-platform\datasets\wind_blade_defect_v03_recall\images\train\v03_corrosion_r1_corrosion_200.jpg,C:\Users\yys\Desktop\风机\wind-fault-detection-platform\datasets\wind_blade_defect_v03_recall\labels\train\v03_corrosion_r1_corrosion_200.txt
corrosion_recall_oversample,C:\Users\yys\Desktop\风机\wind-fault-detection-platform\datasets\wind_blade_defect_v02_improve\images\train\corrosion_201.jpg,C:\Users\yys\Desktop\风机\wind-fault-detection-platform\datasets\wind_blade_defect_v02_improve\labels\train\corrosion_201.txt,C:\Users\yys\Desktop\风机\wind-fault-detection-platform\datasets\wind_blade_defect_v03_recall\images\train\v03_corrosion_r1_corrosion_201.jpg,C:\Users\yys\Desktop\风机\wind-fault-detection-platform\datasets\wind_blade_defect_v03_recall\labels\train\v03_corrosion_r1_corrosion_201.txt
corrosion_recall_oversample,C:\Users\yys\Desktop\风机\wind-fault-detection-platform\datasets\wind_blade_defect_v02_improve\images\train\corrosion_203.jpg,C:\Users\yys\Desktop\风机\wind-fault-detection-platform\datasets\wind_blade_defect_v02_improve\labels\train\corrosion_203.txt,C:\Users\yys\Desktop\风机\wind-fault-detection-platform\datasets\wind_blade_defect_v03_recall\images\train\v03_corrosion_r1_corrosion_203.jpg,C:\Users\yys\Desktop\风机\wind-fault-detection-platform\datasets\wind_blade_defect_v03_recall\labels\train\v03_corrosion_r1_corrosion_203.txt
corrosion_recall_oversample,C:\Users\yys\Desktop\风机\wind-fault-detection-platform\datasets\wind_blade_defect_v02_improve\images\train\corrosion_204.jpg,C:\Users\yys\Desktop\风机\wind-fault-detection-platform\datasets\wind_blade_defect_v02_improve\labels\train\corrosion_204.txt,C:\Users\yys\Desktop\风机\wind-fault-detection-platform\datasets\wind_blade_defect_v03_recall\images\train\v03_corrosion_r1_corrosion_204.jpg,C:\Users\yys\Desktop\风机\wind-fault-detection-platform\datasets\wind_blade_defect_v03_recall\labels\train\v03_corrosion_r1_corrosion_204.txt
corrosion_recall_oversample,C:\Users\yys\Desktop\风机\wind-fault-detection-platform\datasets\wind_blade_defect_v02_improve\images\train\corrosion_205.jpg,C:\Users\yys\Desktop\风机\wind-fault-detection-platform\datasets\wind_blade_defect_v02_improve\labels\train\corrosion_205.txt,C:\Users\yys\Desktop\风机\wind-fault-detection-platform\datasets\wind_blade_defect_v03_recall\images\train\v03_corrosion_r1_corrosion_205.jpg,C:\Users\yys\Desktop\风机\wind-fault-detection-platform\datasets\wind_blade_defect_v03_recall\labels\train\v03_corrosion_r1_corrosion_205.txt
corrosion_recall_oversample,C:\Users\yys\Desktop\风机\wind-fault-detection-platform\datasets\wind_blade_defect_v02_improve\images\train\corrosion_206.jpg,C:\Users\yys\Desktop\风机\wind-fault-detection-platform\datasets\wind_blade_defect_v02_improve\labels\train\corrosion_206.txt,C:\Users\yys\Desktop\风机\wind-fault-detection-platform\datasets\wind_blade_defect_v03_recall\images\train\v03_corrosion_r1_corrosion_206.jpg,C:\Users\yys\Desktop\风机\wind-fault-detection-platform\datasets\wind_blade_defect_v03_recall\labels\train\v03_corrosion_r1_corrosion_206.txt
corrosion_recall_oversample,C:\Users\yys\Desktop\风机\wind-fault-detection-platform\datasets\wind_blade_defect_v02_improve\images\train\corrosion_209.jpg,C:\Users\yys\Desktop\风机\wind-fault-detection-platform\datasets\wind_blade_defect_v02_improve\labels\train\corrosion_209.txt,C:\Users\yys\Desktop\风机\wind-fault-detection-platform\datasets\wind_blade_defect_v03_recall\images\train\v03_corrosion_r1_corrosion_209.jpg,C:\Users\yys\Desktop\风机\wind-fault-detection-platform\datasets\wind_blade_defect_v03_recall\labels\train\v03_corrosion_r1_corrosion_209.txt
corrosion_recall_oversample,C:\Users\yys\Desktop\风机\wind-fault-detection-platform\datasets\wind_blade_defect_v02_improve\images\train\corrosion_211.jpg,C:\Users\yys\Desktop\风机\wind-fault-detection-platform\datasets\wind_blade_defect_v02_improve\labels\train\corrosion_211.txt,C:\Users\yys\Desktop\风机\wind-fault-detection-platform\datasets\wind_blade_defect_v03_recall\images\train\v03_corrosion_r1_corrosion_211.jpg,C:\Users\yys\Desktop\风机\wind-fault-detection-platform\datasets\wind_blade_defect_v03_recall\labels\train\v03_corrosion_r1_corrosion_211.txt
corrosion_recall_oversample,C:\Users\yys\Desktop\风机\wind-fault-detection-platform\datasets\wind_blade_defect_v02_improve\images\train\corrosion_213.jpg,C:\Users\yys\Desktop\风机\wind-fault-detection-platform\datasets\wind_blade_defect_v02_improve\labels\train\corrosion_213.txt,C:\Users\yys\Desktop\风机\wind-fault-detection-platform\datasets\wind_blade_defect_v03_recall\images\train\v03_corrosion_r1_corrosion_213.jpg,C:\Users\yys\Desktop\风机\wind-fault-detection-platform\datasets\wind_blade_defect_v03_recall\labels\train\v03_corrosion_r1_corrosion_213.txt
corrosion_recall_oversample,C:\Users\yys\Desktop\风机\wind-fault-detection-platform\datasets\wind_blade_defect_v02_improve\images\train\corrosion_214.jpg,C:\Users\yys\Desktop\风机\wind-fault-detection-platform\datasets\wind_blade_defect_v02_improve\labels\train\corrosion_214.txt,C:\Users\yys\Desktop\风机\wind-fault-detection-platform\datasets\wind_blade_defect_v03_recall\images\train\v03_corrosion_r1_corrosion_214.jpg,C:\Users\yys\Desktop\风机\wind-fault-detection-platform\datasets\wind_blade_defect_v03_recall\labels\train\v03_corrosion_r1_corrosion_214.txt
corrosion_recall_oversample,C:\Users\yys\Desktop\风机\wind-fault-detection-platform\datasets\wind_blade_defect_v02_improve\images\train\corrosion_215.jpg,C:\Users\yys\Desktop\风机\wind-fault-detection-platform\datasets\wind_blade_defect_v02_improve\labels\train\corrosion_215.txt,C:\Users\yys\Desktop\风机\wind-fault-detection-platform\datasets\wind_blade_defect_v03_recall\images\train\v03_corrosion_r1_corrosion_215.jpg,C:\Users\yys\Desktop\风机\wind-fault-detection-platform\datasets\wind_blade_defect_v03_recall\labels\train\v03_corrosion_r1_corrosion_215.txt
corrosion_recall_oversample,C:\Users\yys\Desktop\风机\wind-fault-detection-platform\datasets\wind_blade_defect_v02_improve\images\train\corrosion_216.jpg,C:\Users\yys\Desktop\风机\wind-fault-detection-platform\datasets\wind_blade_defect_v02_improve\labels\train\corrosion_216.txt,C:\Users\yys\Desktop\风机\wind-fault-detection-platform\datasets\wind_blade_defect_v03_recall\images\train\v03_corrosion_r1_corrosion_216.jpg,C:\Users\yys\Desktop\风机\wind-fault-detection-platform\datasets\wind_blade_defect_v03_recall\labels\train\v03_corrosion_r1_corrosion_216.txt
corrosion_recall_oversample,C:\Users\yys\Desktop\风机\wind-fault-detection-platform\datasets\wind_blade_defect_v02_improve\images\train\corrosion_217.jpg,C:\Users\yys\Desktop\风机\wind-fault-detection-platform\datasets\wind_blade_defect_v02_improve\labels\train\corrosion_217.txt,C:\Users\yys\Desktop\风机\wind-fault-detection-platform\datasets\wind_blade_defect_v03_recall\images\train\v03_corrosion_r1_corrosion_217.jpg,C:\Users\yys\Desktop\风机\wind-fault-detection-platform\datasets\wind_blade_defect_v03_recall\labels\train\v03_corrosion_r1_corrosion_217.txt
corrosion_recall_oversample,C:\Users\yys\Desktop\风机\wind-fault-detection-platform\datasets\wind_blade_defect_v02_improve\images\train\corrosion_219.jpg,C:\Users\yys\Desktop\风机\wind-fault-detection-platform\datasets\wind_blade_defect_v02_improve\labels\train\corrosion_219.txt,C:\Users\yys\Desktop\风机\wind-fault-detection-platform\datasets\wind_blade_defect_v03_recall\images\train\v03_corrosion_r1_corrosion_219.jpg,C:\Users\yys\Desktop\风机\wind-fault-detection-platform\datasets\wind_blade_defect_v03_recall\labels\train\v03_corrosion_r1_corrosion_219.txt
corrosion_recall_oversample,C:\Users\yys\Desktop\风机\wind-fault-detection-platform\datasets\wind_blade_defect_v02_improve\images\train\corrosion_220.jpg,C:\Users\yys\Desktop\风机\wind-fault-detection-platform\datasets\wind_blade_defect_v02_improve\labels\train\corrosion_220.txt,C:\Users\yys\Desktop\风机\wind-fault-detection-platform\datasets\wind_blade_defect_v03_recall\images\train\v03_corrosion_r1_corrosion_220.jpg,C:\Users\yys\Desktop\风机\wind-fault-detection-platform\datasets\wind_blade_defect_v03_recall\labels\train\v03_corrosion_r1_corrosion_220.txt
corrosion_recall_oversample,C:\Users\yys\Desktop\风机\wind-fault-detection-platform\datasets\wind_blade_defect_v02_improve\images\train\corrosion_222.jpg,C:\Users\yys\Desktop\风机\wind-fault-detection-platform\datasets\wind_blade_defect_v02_improve\labels\train\corrosion_222.txt,C:\Users\yys\Desktop\风机\wind-fault-detection-platform\datasets\wind_blade_defect_v03_recall\images\train\v03_corrosion_r1_corrosion_222.jpg,C:\Users\yys\Desktop\风机\wind-fault-detection-platform\datasets\wind_blade_defect_v03_recall\labels\train\v03_corrosion_r1_corrosion_222.txt
corrosion_recall_oversample,C:\Users\yys\Desktop\风机\wind-fault-detection-platform\datasets\wind_blade_defect_v02_improve\images\train\corrosion_224.jpg,C:\Users\yys\Desktop\风机\wind-fault-detection-platform\datasets\wind_blade_defect_v02_improve\labels\train\corrosion_224.txt,C:\Users\yys\Desktop\风机\wind-fault-detection-platform\datasets\wind_blade_defect_v03_recall\images\train\v03_corrosion_r1_corrosion_224.jpg,C:\Users\yys\Desktop\风机\wind-fault-detection-platform\datasets\wind_blade_defect_v03_recall\labels\train\v03_corrosion_r1_corrosion_224.txt
corrosion_recall_oversample,C:\Users\yys\Desktop\风机\wind-fault-detection-platform\datasets\wind_blade_defect_v02_improve\images\train\corrosion_225.jpg,C:\Users\yys\Desktop\风机\wind-fault-detection-platform\datasets\wind_blade_defect_v02_improve\labels\train\corrosion_225.txt,C:\Users\yys\Desktop\风机\wind-fault-detection-platform\datasets\wind_blade_defect_v03_recall\images\train\v03_corrosion_r1_corrosion_225.jpg,C:\Users\yys\Desktop\风机\wind-fault-detection-platform\datasets\wind_blade_defect_v03_recall\labels\train\v03_corrosion_r1_corrosion_225.txt
corrosion_recall_oversample,C:\Users\yys\Desktop\风机\wind-fault-detection-platform\datasets\wind_blade_defect_v02_improve\images\train\corrosion_227.jpg,C:\Users\yys\Desktop\风机\wind-fault-detection-platform\datasets\wind_blade_defect_v02_improve\labels\train\corrosion_227.txt,C:\Users\yys\Desktop\风机\wind-fault-detection-platform\datasets\wind_blade_defect_v03_recall\images\train\v03_corrosion_r1_corrosion_227.jpg,C:\Users\yys\Desktop\风机\wind-fault-detection-platform\datasets\wind_blade_defect_v03_recall\labels\train\v03_corrosion_r1_corrosion_227.txt
corrosion_recall_oversample,C:\Users\yys\Desktop\风机\wind-fault-detection-platform\datasets\wind_blade_defect_v02_improve\images\train\corrosion_231.jpg,C:\Users\yys\Desktop\风机\wind-fault-detection-platform\datasets\wind_blade_defect_v02_improve\labels\train\corrosion_231.txt,C:\Users\yys\Desktop\风机\wind-fault-detection-platform\datasets\wind_blade_defect_v03_recall\images\train\v03_corrosion_r1_corrosion_231.jpg,C:\Users\yys\Desktop\风机\wind-fault-detection-platform\datasets\wind_blade_defect_v03_recall\labels\train\v03_corrosion_r1_corrosion_231.txt
corrosion_recall_oversample,C:\Users\yys\Desktop\风机\wind-fault-detection-platform\datasets\wind_blade_defect_v02_improve\images\train\corrosion_232.jpg,C:\Users\yys\Desktop\风机\wind-fault-detection-platform\datasets\wind_blade_defect_v02_improve\labels\train\corrosion_232.txt,C:\Users\yys\Desktop\风机\wind-fault-detection-platform\datasets\wind_blade_defect_v03_recall\images\train\v03_corrosion_r1_corrosion_232.jpg,C:\Users\yys\Desktop\风机\wind-fault-detection-platform\datasets\wind_blade_defect_v03_recall\labels\train\v03_corrosion_r1_corrosion_232.txt
corrosion_recall_oversample,C:\Users\yys\Desktop\风机\wind-fault-detection-platform\datasets\wind_blade_defect_v02_improve\images\train\corrosion_234.jpg,C:\Users\yys\Desktop\风机\wind-fault-detection-platform\datasets\wind_blade_defect_v02_improve\labels\train\corrosion_234.txt,C:\Users\yys\Desktop\风机\wind-fault-detection-platform\datasets\wind_blade_defect_v03_recall\images\train\v03_corrosion_r1_corrosion_234.jpg,C:\Users\yys\Desktop\风机\wind-fault-detection-platform\datasets\wind_blade_defect_v03_recall\labels\train\v03_corrosion_r1_corrosion_234.txt
corrosion_recall_oversample,C:\Users\yys\Desktop\风机\wind-fault-detection-platform\datasets\wind_blade_defect_v02_improve\images\train\corrosion_236.jpg,C:\Users\yys\Desktop\风机\wind-fault-detection-platform\datasets\wind_blade_defect_v02_improve\labels\train\corrosion_236.txt,C:\Users\yys\Desktop\风机\wind-fault-detection-platform\datasets\wind_blade_defect_v03_recall\images\train\v03_corrosion_r1_corrosion_236.jpg,C:\Users\yys\Desktop\风机\wind-fault-detection-platform\datasets\wind_blade_defect_v03_recall\labels\train\v03_corrosion_r1_corrosion_236.txt
corrosion_recall_oversample,C:\Users\yys\Desktop\风机\wind-fault-detection-platform\datasets\wind_blade_defect_v02_improve\images\train\corrosion_239.jpg,C:\Users\yys\Desktop\风机\wind-fault-detection-platform\datasets\wind_blade_defect_v02_improve\labels\train\corrosion_239.txt,C:\Users\yys\Desktop\风机\wind-fault-detection-platform\datasets\wind_blade_defect_v03_recall\images\train\v03_corrosion_r1_corrosion_239.jpg,C:\Users\yys\Desktop\风机\wind-fault-detection-platform\datasets\wind_blade_defect_v03_recall\labels\train\v03_corrosion_r1_corrosion_239.txt
corrosion_recall_oversample,C:\Users\yys\Desktop\风机\wind-fault-detection-platform\datasets\wind_blade_defect_v02_improve\images\train\corrosion_240.jpg,C:\Users\yys\Desktop\风机\wind-fault-detection-platform\datasets\wind_blade_defect_v02_improve\labels\train\corrosion_240.txt,C:\Users\yys\Desktop\风机\wind-fault-detection-platform\datasets\wind_blade_defect_v03_recall\images\train\v03_corrosion_r1_corrosion_240.jpg,C:\Users\yys\Desktop\风机\wind-fault-detection-platform\datasets\wind_blade_defect_v03_recall\labels\train\v03_corrosion_r1_corrosion_240.txt
corrosion_recall_oversample,C:\Users\yys\Desktop\风机\wind-fault-detection-platform\datasets\wind_blade_defect_v02_improve\images\train\corrosion_241.jpg,C:\Users\yys\Desktop\风机\wind-fault-detection-platform\datasets\wind_blade_defect_v02_improve\labels\train\corrosion_241.txt,C:\Users\yys\Desktop\风机\wind-fault-detection-platform\datasets\wind_blade_defect_v03_recall\images\train\v03_corrosion_r1_corrosion_241.jpg,C:\Users\yys\Desktop\风机\wind-fault-detection-platform\datasets\wind_blade_defect_v03_recall\labels\train\v03_corrosion_r1_corrosion_241.txt
corrosion_recall_oversample,C:\Users\yys\Desktop\风机\wind-fault-detection-platform\datasets\wind_blade_defect_v02_improve\images\train\corrosion_242.jpg,C:\Users\yys\Desktop\风机\wind-fault-detection-platform\datasets\wind_blade_defect_v02_improve\labels\train\corrosion_242.txt,C:\Users\yys\Desktop\风机\wind-fault-detection-platform\datasets\wind_blade_defect_v03_recall\images\train\v03_corrosion_r1_corrosion_242.jpg,C:\Users\yys\Desktop\风机\wind-fault-detection-platform\datasets\wind_blade_defect_v03_recall\labels\train\v03_corrosion_r1_corrosion_242.txt
corrosion_recall_oversample,C:\Users\yys\Desktop\风机\wind-fault-detection-platform\datasets\wind_blade_defect_v02_improve\images\train\corrosion_243.jpg,C:\Users\yys\Desktop\风机\wind-fault-detection-platform\datasets\wind_blade_defect_v02_improve\labels\train\corrosion_243.txt,C:\Users\yys\Desktop\风机\wind-fault-detection-platform\datasets\wind_blade_defect_v03_recall\images\train\v03_corrosion_r1_corrosion_243.jpg,C:\Users\yys\Desktop\风机\wind-fault-detection-platform\datasets\wind_blade_defect_v03_recall\labels\train\v03_corrosion_r1_corrosion_243.txt
corrosion_recall_oversample,C:\Users\yys\Desktop\风机\wind-fault-detection-platform\datasets\wind_blade_defect_v02_improve\images\train\corrosion_245.jpg,C:\Users\yys\Desktop\风机\wind-fault-detection-platform\datasets\wind_blade_defect_v02_improve\labels\train\corrosion_245.txt,C:\Users\yys\Desktop\风机\wind-fault-detection-platform\datasets\wind_blade_defect_v03_recall\images\train\v03_corrosion_r1_corrosion_245.jpg,C:\Users\yys\Desktop\风机\wind-fault-detection-platform\datasets\wind_blade_defect_v03_recall\labels\train\v03_corrosion_r1_corrosion_245.txt
corrosion_recall_oversample,C:\Users\yys\Desktop\风机\wind-fault-detection-platform\datasets\wind_blade_defect_v02_improve\images\train\corrosion_246.jpg,C:\Users\yys\Desktop\风机\wind-fault-detection-platform\datasets\wind_blade_defect_v02_improve\labels\train\corrosion_246.txt,C:\Users\yys\Desktop\风机\wind-fault-detection-platform\datasets\wind_blade_defect_v03_recall\images\train\v03_corrosion_r1_corrosion_246.jpg,C:\Users\yys\Desktop\风机\wind-fault-detection-platform\datasets\wind_blade_defect_v03_recall\labels\train\v03_corrosion_r1_corrosion_246.txt
corrosion_recall_oversample,C:\Users\yys\Desktop\风机\wind-fault-detection-platform\datasets\wind_blade_defect_v02_improve\images\train\corrosion_247.jpg,C:\Users\yys\Desktop\风机\wind-fault-detection-platform\datasets\wind_blade_defect_v02_improve\labels\train\corrosion_247.txt,C:\Users\yys\Desktop\风机\wind-fault-detection-platform\datasets\wind_blade_defect_v03_recall\images\train\v03_corrosion_r1_corrosion_247.jpg,C:\Users\yys\Desktop\风机\wind-fault-detection-platform\datasets\wind_blade_defect_v03_recall\labels\train\v03_corrosion_r1_corrosion_247.txt
corrosion_recall_oversample,C:\Users\yys\Desktop\风机\wind-fault-detection-platform\datasets\wind_blade_defect_v02_improve\images\train\corrosion_248.jpg,C:\Users\yys\Desktop\风机\wind-fault-detection-platform\datasets\wind_blade_defect_v02_improve\labels\train\corrosion_248.txt,C:\Users\yys\Desktop\风机\wind-fault-detection-platform\datasets\wind_blade_defect_v03_recall\images\train\v03_corrosion_r1_corrosion_248.jpg,C:\Users\yys\Desktop\风机\wind-fault-detection-platform\datasets\wind_blade_defect_v03_recall\labels\train\v03_corrosion_r1_corrosion_248.txt
corrosion_recall_oversample,C:\Users\yys\Desktop\风机\wind-fault-detection-platform\datasets\wind_blade_defect_v02_improve\images\train\corrosion_250.jpg,C:\Users\yys\Desktop\风机\wind-fault-detection-platform\datasets\wind_blade_defect_v02_improve\labels\train\corrosion_250.txt,C:\Users\yys\Desktop\风机\wind-fault-detection-platform\datasets\wind_blade_defect_v03_recall\images\train\v03_corrosion_r1_corrosion_250.jpg,C:\Users\yys\Desktop\风机\wind-fault-detection-platform\datasets\wind_blade_defect_v03_recall\labels\train\v03_corrosion_r1_corrosion_250.txt
corrosion_recall_oversample,C:\Users\yys\Desktop\风机\wind-fault-detection-platform\datasets\wind_blade_defect_v02_improve\images\train\corrosion_253.jpg,C:\Users\yys\Desktop\风机\wind-fault-detection-platform\datasets\wind_blade_defect_v02_improve\labels\train\corrosion_253.txt,C:\Users\yys\Desktop\风机\wind-fault-detection-platform\datasets\wind_blade_defect_v03_recall\images\train\v03_corrosion_r1_corrosion_253.jpg,C:\Users\yys\Desktop\风机\wind-fault-detection-platform\datasets\wind_blade_defect_v03_recall\labels\train\v03_corrosion_r1_corrosion_253.txt
corrosion_recall_oversample,C:\Users\yys\Desktop\风机\wind-fault-detection-platform\datasets\wind_blade_defect_v02_improve\images\train\corrosion_254.jpg,C:\Users\yys\Desktop\风机\wind-fault-detection-platform\datasets\wind_blade_defect_v02_improve\labels\train\corrosion_254.txt,C:\Users\yys\Desktop\风机\wind-fault-detection-platform\datasets\wind_blade_defect_v03_recall\images\train\v03_corrosion_r1_corrosion_254.jpg,C:\Users\yys\Desktop\风机\wind-fault-detection-platform\datasets\wind_blade_defect_v03_recall\labels\train\v03_corrosion_r1_corrosion_254.txt
corrosion_recall_oversample,C:\Users\yys\Desktop\风机\wind-fault-detection-platform\datasets\wind_blade_defect_v02_improve\images\train\corrosion_255.jpg,C:\Users\yys\Desktop\风机\wind-fault-detection-platform\datasets\wind_blade_defect_v02_improve\labels\train\corrosion_255.txt,C:\Users\yys\Desktop\风机\wind-fault-detection-platform\datasets\wind_blade_defect_v03_recall\images\train\v03_corrosion_r1_corrosion_255.jpg,C:\Users\yys\Desktop\风机\wind-fault-detection-platform\datasets\wind_blade_defect_v03_recall\labels\train\v03_corrosion_r1_corrosion_255.txt
corrosion_recall_oversample,C:\Users\yys\Desktop\风机\wind-fault-detection-platform\datasets\wind_blade_defect_v02_improve\images\train\corrosion_42.jpg,C:\Users\yys\Desktop\风机\wind-fault-detection-platform\datasets\wind_blade_defect_v02_improve\labels\train\corrosion_42.txt,C:\Users\yys\Desktop\风机\wind-fault-detection-platform\datasets\wind_blade_defect_v03_recall\images\train\v03_corrosion_r1_corrosion_42.jpg,C:\Users\yys\Desktop\风机\wind-fault-detection-platform\datasets\wind_blade_defect_v03_recall\labels\train\v03_corrosion_r1_corrosion_42.txt
corrosion_recall_oversample,C:\Users\yys\Desktop\风机\wind-fault-detection-platform\datasets\wind_blade_defect_v02_improve\images\train\corrosion_43.jpg,C:\Users\yys\Desktop\风机\wind-fault-detection-platform\datasets\wind_blade_defect_v02_improve\labels\train\corrosion_43.txt,C:\Users\yys\Desktop\风机\wind-fault-detection-platform\datasets\wind_blade_defect_v03_recall\images\train\v03_corrosion_r1_corrosion_43.jpg,C:\Users\yys\Desktop\风机\wind-fault-detection-platform\datasets\wind_blade_defect_v03_recall\labels\train\v03_corrosion_r1_corrosion_43.txt
corrosion_recall_oversample,C:\Users\yys\Desktop\风机\wind-fault-detection-platform\datasets\wind_blade_defect_v02_improve\images\train\corrosion_44.jpg,C:\Users\yys\Desktop\风机\wind-fault-detection-platform\datasets\wind_blade_defect_v02_improve\labels\train\corrosion_44.txt,C:\Users\yys\Desktop\风机\wind-fault-detection-platform\datasets\wind_blade_defect_v03_recall\images\train\v03_corrosion_r1_corrosion_44.jpg,C:\Users\yys\Desktop\风机\wind-fault-detection-platform\datasets\wind_blade_defect_v03_recall\labels\train\v03_corrosion_r1_corrosion_44.txt
corrosion_recall_oversample,C:\Users\yys\Desktop\风机\wind-fault-detection-platform\datasets\wind_blade_defect_v02_improve\images\train\corrosion_46.jpg,C:\Users\yys\Desktop\风机\wind-fault-detection-platform\datasets\wind_blade_defect_v02_improve\labels\train\corrosion_46.txt,C:\Users\yys\Desktop\风机\wind-fault-detection-platform\datasets\wind_blade_defect_v03_recall\images\train\v03_corrosion_r1_corrosion_46.jpg,C:\Users\yys\Desktop\风机\wind-fault-detection-platform\datasets\wind_blade_defect_v03_recall\labels\train\v03_corrosion_r1_corrosion_46.txt
corrosion_recall_oversample,C:\Users\yys\Desktop\风机\wind-fault-detection-platform\datasets\wind_blade_defect_v02_improve\images\train\corrosion_47.jpg,C:\Users\yys\Desktop\风机\wind-fault-detection-platform\datasets\wind_blade_defect_v02_improve\labels\train\corrosion_47.txt,C:\Users\yys\Desktop\风机\wind-fault-detection-platform\datasets\wind_blade_defect_v03_recall\images\train\v03_corrosion_r1_corrosion_47.jpg,C:\Users\yys\Desktop\风机\wind-fault-detection-platform\datasets\wind_blade_defect_v03_recall\labels\train\v03_corrosion_r1_corrosion_47.txt
corrosion_recall_oversample,C:\Users\yys\Desktop\风机\wind-fault-detection-platform\datasets\wind_blade_defect_v02_improve\images\train\corrosion_48.jpg,C:\Users\yys\Desktop\风机\wind-fault-detection-platform\datasets\wind_blade_defect_v02_improve\labels\train\corrosion_48.txt,C:\Users\yys\Desktop\风机\wind-fault-detection-platform\datasets\wind_blade_defect_v03_recall\images\train\v03_corrosion_r1_corrosion_48.jpg,C:\Users\yys\Desktop\风机\wind-fault-detection-platform\datasets\wind_blade_defect_v03_recall\labels\train\v03_corrosion_r1_corrosion_48.txt
corrosion_recall_oversample,C:\Users\yys\Desktop\风机\wind-fault-detection-platform\datasets\wind_blade_defect_v02_improve\images\train\corrosion_49.jpg,C:\Users\yys\Desktop\风机\wind-fault-detection-platform\datasets\wind_blade_defect_v02_improve\labels\train\corrosion_49.txt,C:\Users\yys\Desktop\风机\wind-fault-detection-platform\datasets\wind_blade_defect_v03_recall\images\train\v03_corrosion_r1_corrosion_49.jpg,C:\Users\yys\Desktop\风机\wind-fault-detection-platform\datasets\wind_blade_defect_v03_recall\labels\train\v03_corrosion_r1_corrosion_49.txt
corrosion_recall_oversample,C:\Users\yys\Desktop\风机\wind-fault-detection-platform\datasets\wind_blade_defect_v02_improve\images\train\corrosion_51.jpg,C:\Users\yys\Desktop\风机\wind-fault-detection-platform\datasets\wind_blade_defect_v02_improve\labels\train\corrosion_51.txt,C:\Users\yys\Desktop\风机\wind-fault-detection-platform\datasets\wind_blade_defect_v03_recall\images\train\v03_corrosion_r1_corrosion_51.jpg,C:\Users\yys\Desktop\风机\wind-fault-detection-platform\datasets\wind_blade_defect_v03_recall\labels\train\v03_corrosion_r1_corrosion_51.txt
corrosion_recall_oversample,C:\Users\yys\Desktop\风机\wind-fault-detection-platform\datasets\wind_blade_defect_v02_improve\images\train\corrosion_53.jpg,C:\Users\yys\Desktop\风机\wind-fault-detection-platform\datasets\wind_blade_defect_v02_improve\labels\train\corrosion_53.txt,C:\Users\yys\Desktop\风机\wind-fault-detection-platform\datasets\wind_blade_defect_v03_recall\images\train\v03_corrosion_r1_corrosion_53.jpg,C:\Users\yys\Desktop\风机\wind-fault-detection-platform\datasets\wind_blade_defect_v03_recall\labels\train\v03_corrosion_r1_corrosion_53.txt
corrosion_recall_oversample,C:\Users\yys\Desktop\风机\wind-fault-detection-platform\datasets\wind_blade_defect_v02_improve\images\train\corrosion_59.jpg,C:\Users\yys\Desktop\风机\wind-fault-detection-platform\datasets\wind_blade_defect_v02_improve\labels\train\corrosion_59.txt,C:\Users\yys\Desktop\风机\wind-fault-detection-platform\datasets\wind_blade_defect_v03_recall\images\train\v03_corrosion_r1_corrosion_59.jpg,C:\Users\yys\Desktop\风机\wind-fault-detection-platform\datasets\wind_blade_defect_v03_recall\labels\train\v03_corrosion_r1_corrosion_59.txt
corrosion_recall_oversample,C:\Users\yys\Desktop\风机\wind-fault-detection-platform\datasets\wind_blade_defect_v02_improve\images\train\corrosion_61.jpg,C:\Users\yys\Desktop\风机\wind-fault-detection-platform\datasets\wind_blade_defect_v02_improve\labels\train\corrosion_61.txt,C:\Users\yys\Desktop\风机\wind-fault-detection-platform\datasets\wind_blade_defect_v03_recall\images\train\v03_corrosion_r1_corrosion_61.jpg,C:\Users\yys\Desktop\风机\wind-fault-detection-platform\datasets\wind_blade_defect_v03_recall\labels\train\v03_corrosion_r1_corrosion_61.txt
corrosion_recall_oversample,C:\Users\yys\Desktop\风机\wind-fault-detection-platform\datasets\wind_blade_defect_v02_improve\images\train\corrosion_62.jpg,C:\Users\yys\Desktop\风机\wind-fault-detection-platform\datasets\wind_blade_defect_v02_improve\labels\train\corrosion_62.txt,C:\Users\yys\Desktop\风机\wind-fault-detection-platform\datasets\wind_blade_defect_v03_recall\images\train\v03_corrosion_r1_corrosion_62.jpg,C:\Users\yys\Desktop\风机\wind-fault-detection-platform\datasets\wind_blade_defect_v03_recall\labels\train\v03_corrosion_r1_corrosion_62.txt
corrosion_recall_oversample,C:\Users\yys\Desktop\风机\wind-fault-detection-platform\datasets\wind_blade_defect_v02_improve\images\train\corrosion_63.jpg,C:\Users\yys\Desktop\风机\wind-fault-detection-platform\datasets\wind_blade_defect_v02_improve\labels\train\corrosion_63.txt,C:\Users\yys\Desktop\风机\wind-fault-detection-platform\datasets\wind_blade_defect_v03_recall\images\train\v03_corrosion_r1_corrosion_63.jpg,C:\Users\yys\Desktop\风机\wind-fault-detection-platform\datasets\wind_blade_defect_v03_recall\labels\train\v03_corrosion_r1_corrosion_63.txt
corrosion_recall_oversample,C:\Users\yys\Desktop\风机\wind-fault-detection-platform\datasets\wind_blade_defect_v02_improve\images\train\corrosion_67.jpg,C:\Users\yys\Desktop\风机\wind-fault-detection-platform\datasets\wind_blade_defect_v02_improve\labels\train\corrosion_67.txt,C:\Users\yys\Desktop\风机\wind-fault-detection-platform\datasets\wind_blade_defect_v03_recall\images\train\v03_corrosion_r1_corrosion_67.jpg,C:\Users\yys\Desktop\风机\wind-fault-detection-platform\datasets\wind_blade_defect_v03_recall\labels\train\v03_corrosion_r1_corrosion_67.txt
corrosion_recall_oversample,C:\Users\yys\Desktop\风机\wind-fault-detection-platform\datasets\wind_blade_defect_v02_improve\images\train\corrosion_68.jpg,C:\Users\yys\Desktop\风机\wind-fault-detection-platform\datasets\wind_blade_defect_v02_improve\labels\train\corrosion_68.txt,C:\Users\yys\Desktop\风机\wind-fault-detection-platform\datasets\wind_blade_defect_v03_recall\images\train\v03_corrosion_r1_corrosion_68.jpg,C:\Users\yys\Desktop\风机\wind-fault-detection-platform\datasets\wind_blade_defect_v03_recall\labels\train\v03_corrosion_r1_corrosion_68.txt
corrosion_recall_oversample,C:\Users\yys\Desktop\风机\wind-fault-detection-platform\datasets\wind_blade_defect_v02_improve\images\train\corrosion_69.jpg,C:\Users\yys\Desktop\风机\wind-fault-detection-platform\datasets\wind_blade_defect_v02_improve\labels\train\corrosion_69.txt,C:\Users\yys\Desktop\风机\wind-fault-detection-platform\datasets\wind_blade_defect_v03_recall\images\train\v03_corrosion_r1_corrosion_69.jpg,C:\Users\yys\Desktop\风机\wind-fault-detection-platform\datasets\wind_blade_defect_v03_recall\labels\train\v03_corrosion_r1_corrosion_69.txt
corrosion_recall_oversample,C:\Users\yys\Desktop\风机\wind-fault-detection-platform\datasets\wind_blade_defect_v02_improve\images\train\corrosion_70.jpg,C:\Users\yys\Desktop\风机\wind-fault-detection-platform\datasets\wind_blade_defect_v02_improve\labels\train\corrosion_70.txt,C:\Users\yys\Desktop\风机\wind-fault-detection-platform\datasets\wind_blade_defect_v03_recall\images\train\v03_corrosion_r1_corrosion_70.jpg,C:\Users\yys\Desktop\风机\wind-fault-detection-platform\datasets\wind_blade_defect_v03_recall\labels\train\v03_corrosion_r1_corrosion_70.txt
corrosion_recall_oversample,C:\Users\yys\Desktop\风机\wind-fault-detection-platform\datasets\wind_blade_defect_v02_improve\images\train\corrosion_73.jpg,C:\Users\yys\Desktop\风机\wind-fault-detection-platform\datasets\wind_blade_defect_v02_improve\labels\train\corrosion_73.txt,C:\Users\yys\Desktop\风机\wind-fault-detection-platform\datasets\wind_blade_defect_v03_recall\images\train\v03_corrosion_r1_corrosion_73.jpg,C:\Users\yys\Desktop\风机\wind-fault-detection-platform\datasets\wind_blade_defect_v03_recall\labels\train\v03_corrosion_r1_corrosion_73.txt
corrosion_recall_oversample,C:\Users\yys\Desktop\风机\wind-fault-detection-platform\datasets\wind_blade_defect_v02_improve\images\train\corrosion_75.jpg,C:\Users\yys\Desktop\风机\wind-fault-detection-platform\datasets\wind_blade_defect_v02_improve\labels\train\corrosion_75.txt,C:\Users\yys\Desktop\风机\wind-fault-detection-platform\datasets\wind_blade_defect_v03_recall\images\train\v03_corrosion_r1_corrosion_75.jpg,C:\Users\yys\Desktop\风机\wind-fault-detection-platform\datasets\wind_blade_defect_v03_recall\labels\train\v03_corrosion_r1_corrosion_75.txt
corrosion_recall_oversample,C:\Users\yys\Desktop\风机\wind-fault-detection-platform\datasets\wind_blade_defect_v02_improve\images\train\corrosion_76.jpg,C:\Users\yys\Desktop\风机\wind-fault-detection-platform\datasets\wind_blade_defect_v02_improve\labels\train\corrosion_76.txt,C:\Users\yys\Desktop\风机\wind-fault-detection-platform\datasets\wind_blade_defect_v03_recall\images\train\v03_corrosion_r1_corrosion_76.jpg,C:\Users\yys\Desktop\风机\wind-fault-detection-platform\datasets\wind_blade_defect_v03_recall\labels\train\v03_corrosion_r1_corrosion_76.txt
corrosion_recall_oversample,C:\Users\yys\Desktop\风机\wind-fault-detection-platform\datasets\wind_blade_defect_v02_improve\images\train\corrosion_78.jpg,C:\Users\yys\Desktop\风机\wind-fault-detection-platform\datasets\wind_blade_defect_v02_improve\labels\train\corrosion_78.txt,C:\Users\yys\Desktop\风机\wind-fault-detection-platform\datasets\wind_blade_defect_v03_recall\images\train\v03_corrosion_r1_corrosion_78.jpg,C:\Users\yys\Desktop\风机\wind-fault-detection-platform\datasets\wind_blade_defect_v03_recall\labels\train\v03_corrosion_r1_corrosion_78.txt
corrosion_recall_oversample,C:\Users\yys\Desktop\风机\wind-fault-detection-platform\datasets\wind_blade_defect_v02_improve\images\train\corrosion_79.jpg,C:\Users\yys\Desktop\风机\wind-fault-detection-platform\datasets\wind_blade_defect_v02_improve\labels\train\corrosion_79.txt,C:\Users\yys\Desktop\风机\wind-fault-detection-platform\datasets\wind_blade_defect_v03_recall\images\train\v03_corrosion_r1_corrosion_79.jpg,C:\Users\yys\Desktop\风机\wind-fault-detection-platform\datasets\wind_blade_defect_v03_recall\labels\train\v03_corrosion_r1_corrosion_79.txt
corrosion_recall_oversample,C:\Users\yys\Desktop\风机\wind-fault-detection-platform\datasets\wind_blade_defect_v02_improve\images\train\corrosion_80.jpg,C:\Users\yys\Desktop\风机\wind-fault-detection-platform\datasets\wind_blade_defect_v02_improve\labels\train\corrosion_80.txt,C:\Users\yys\Desktop\风机\wind-fault-detection-platform\datasets\wind_blade_defect_v03_recall\images\train\v03_corrosion_r1_corrosion_80.jpg,C:\Users\yys\Desktop\风机\wind-fault-detection-platform\datasets\wind_blade_defect_v03_recall\labels\train\v03_corrosion_r1_corrosion_80.txt
corrosion_recall_oversample,C:\Users\yys\Desktop\风机\wind-fault-detection-platform\datasets\wind_blade_defect_v02_improve\images\train\corrosion_83.jpg,C:\Users\yys\Desktop\风机\wind-fault-detection-platform\datasets\wind_blade_defect_v02_improve\labels\train\corrosion_83.txt,C:\Users\yys\Desktop\风机\wind-fault-detection-platform\datasets\wind_blade_defect_v03_recall\images\train\v03_corrosion_r1_corrosion_83.jpg,C:\Users\yys\Desktop\风机\wind-fault-detection-platform\datasets\wind_blade_defect_v03_recall\labels\train\v03_corrosion_r1_corrosion_83.txt
corrosion_recall_oversample,C:\Users\yys\Desktop\风机\wind-fault-detection-platform\datasets\wind_blade_defect_v02_improve\images\train\corrosion_84.jpg,C:\Users\yys\Desktop\风机\wind-fault-detection-platform\datasets\wind_blade_defect_v02_improve\labels\train\corrosion_84.txt,C:\Users\yys\Desktop\风机\wind-fault-detection-platform\datasets\wind_blade_defect_v03_recall\images\train\v03_corrosion_r1_corrosion_84.jpg,C:\Users\yys\Desktop\风机\wind-fault-detection-platform\datasets\wind_blade_defect_v03_recall\labels\train\v03_corrosion_r1_corrosion_84.txt
corrosion_recall_oversample,C:\Users\yys\Desktop\风机\wind-fault-detection-platform\datasets\wind_blade_defect_v02_improve\images\train\corrosion_86.jpg,C:\Users\yys\Desktop\风机\wind-fault-detection-platform\datasets\wind_blade_defect_v02_improve\labels\train\corrosion_86.txt,C:\Users\yys\Desktop\风机\wind-fault-detection-platform\datasets\wind_blade_defect_v03_recall\images\train\v03_corrosion_r1_corrosion_86.jpg,C:\Users\yys\Desktop\风机\wind-fault-detection-platform\datasets\wind_blade_defect_v03_recall\labels\train\v03_corrosion_r1_corrosion_86.txt
corrosion_recall_oversample,C:\Users\yys\Desktop\风机\wind-fault-detection-platform\datasets\wind_blade_defect_v02_improve\images\train\corrosion_87.jpg,C:\Users\yys\Desktop\风机\wind-fault-detection-platform\datasets\wind_blade_defect_v02_improve\labels\train\corrosion_87.txt,C:\Users\yys\Desktop\风机\wind-fault-detection-platform\datasets\wind_blade_defect_v03_recall\images\train\v03_corrosion_r1_corrosion_87.jpg,C:\Users\yys\Desktop\风机\wind-fault-detection-platform\datasets\wind_blade_defect_v03_recall\labels\train\v03_corrosion_r1_corrosion_87.txt
corrosion_recall_oversample,C:\Users\yys\Desktop\风机\wind-fault-detection-platform\datasets\wind_blade_defect_v02_improve\images\train\corrosion_88.jpg,C:\Users\yys\Desktop\风机\wind-fault-detection-platform\datasets\wind_blade_defect_v02_improve\labels\train\corrosion_88.txt,C:\Users\yys\Desktop\风机\wind-fault-detection-platform\datasets\wind_blade_defect_v03_recall\images\train\v03_corrosion_r1_corrosion_88.jpg,C:\Users\yys\Desktop\风机\wind-fault-detection-platform\datasets\wind_blade_defect_v03_recall\labels\train\v03_corrosion_r1_corrosion_88.txt
corrosion_recall_oversample,C:\Users\yys\Desktop\风机\wind-fault-detection-platform\datasets\wind_blade_defect_v02_improve\images\train\corrosion_89.jpg,C:\Users\yys\Desktop\风机\wind-fault-detection-platform\datasets\wind_blade_defect_v02_improve\labels\train\corrosion_89.txt,C:\Users\yys\Desktop\风机\wind-fault-detection-platform\datasets\wind_blade_defect_v03_recall\images\train\v03_corrosion_r1_corrosion_89.jpg,C:\Users\yys\Desktop\风机\wind-fault-detection-platform\datasets\wind_blade_defect_v03_recall\labels\train\v03_corrosion_r1_corrosion_89.txt
corrosion_recall_oversample,C:\Users\yys\Desktop\风机\wind-fault-detection-platform\datasets\wind_blade_defect_v02_improve\images\train\corrosion_90.jpg,C:\Users\yys\Desktop\风机\wind-fault-detection-platform\datasets\wind_blade_defect_v02_improve\labels\train\corrosion_90.txt,C:\Users\yys\Desktop\风机\wind-fault-detection-platform\datasets\wind_blade_defect_v03_recall\images\train\v03_corrosion_r1_corrosion_90.jpg,C:\Users\yys\Desktop\风机\wind-fault-detection-platform\datasets\wind_blade_defect_v03_recall\labels\train\v03_corrosion_r1_corrosion_90.txt
corrosion_recall_oversample,C:\Users\yys\Desktop\风机\wind-fault-detection-platform\datasets\wind_blade_defect_v02_improve\images\train\corrosion_92.jpg,C:\Users\yys\Desktop\风机\wind-fault-detection-platform\datasets\wind_blade_defect_v02_improve\labels\train\corrosion_92.txt,C:\Users\yys\Desktop\风机\wind-fault-detection-platform\datasets\wind_blade_defect_v03_recall\images\train\v03_corrosion_r1_corrosion_92.jpg,C:\Users\yys\Desktop\风机\wind-fault-detection-platform\datasets\wind_blade_defect_v03_recall\labels\train\v03_corrosion_r1_corrosion_92.txt
corrosion_recall_oversample,C:\Users\yys\Desktop\风机\wind-fault-detection-platform\datasets\wind_blade_defect_v02_improve\images\train\corrosion_93.jpg,C:\Users\yys\Desktop\风机\wind-fault-detection-platform\datasets\wind_blade_defect_v02_improve\labels\train\corrosion_93.txt,C:\Users\yys\Desktop\风机\wind-fault-detection-platform\datasets\wind_blade_defect_v03_recall\images\train\v03_corrosion_r1_corrosion_93.jpg,C:\Users\yys\Desktop\风机\wind-fault-detection-platform\datasets\wind_blade_defect_v03_recall\labels\train\v03_corrosion_r1_corrosion_93.txt
corrosion_recall_oversample,C:\Users\yys\Desktop\风机\wind-fault-detection-platform\datasets\wind_blade_defect_v02_improve\images\train\corrosion_94.jpg,C:\Users\yys\Desktop\风机\wind-fault-detection-platform\datasets\wind_blade_defect_v02_improve\labels\train\corrosion_94.txt,C:\Users\yys\Desktop\风机\wind-fault-detection-platform\datasets\wind_blade_defect_v03_recall\images\train\v03_corrosion_r1_corrosion_94.jpg,C:\Users\yys\Desktop\风机\wind-fault-detection-platform\datasets\wind_blade_defect_v03_recall\labels\train\v03_corrosion_r1_corrosion_94.txt
corrosion_recall_oversample,C:\Users\yys\Desktop\风机\wind-fault-detection-platform\datasets\wind_blade_defect_v02_improve\images\train\corrosion_95.jpg,C:\Users\yys\Desktop\风机\wind-fault-detection-platform\datasets\wind_blade_defect_v02_improve\labels\train\corrosion_95.txt,C:\Users\yys\Desktop\风机\wind-fault-detection-platform\datasets\wind_blade_defect_v03_recall\images\train\v03_corrosion_r1_corrosion_95.jpg,C:\Users\yys\Desktop\风机\wind-fault-detection-platform\datasets\wind_blade_defect_v03_recall\labels\train\v03_corrosion_r1_corrosion_95.txt
corrosion_recall_oversample,C:\Users\yys\Desktop\风机\wind-fault-detection-platform\datasets\wind_blade_defect_v02_improve\images\train\corrosion_97.jpg,C:\Users\yys\Desktop\风机\wind-fault-detection-platform\datasets\wind_blade_defect_v02_improve\labels\train\corrosion_97.txt,C:\Users\yys\Desktop\风机\wind-fault-detection-platform\datasets\wind_blade_defect_v03_recall\images\train\v03_corrosion_r1_corrosion_97.jpg,C:\Users\yys\Desktop\风机\wind-fault-detection-platform\datasets\wind_blade_defect_v03_recall\labels\train\v03_corrosion_r1_corrosion_97.txt
corrosion_recall_oversample,C:\Users\yys\Desktop\风机\wind-fault-detection-platform\datasets\wind_blade_defect_v02_improve\images\train\corrosion_98.jpg,C:\Users\yys\Desktop\风机\wind-fault-detection-platform\datasets\wind_blade_defect_v02_improve\labels\train\corrosion_98.txt,C:\Users\yys\Desktop\风机\wind-fault-detection-platform\datasets\wind_blade_defect_v03_recall\images\train\v03_corrosion_r1_corrosion_98.jpg,C:\Users\yys\Desktop\风机\wind-fault-detection-platform\datasets\wind_blade_defect_v03_recall\labels\train\v03_corrosion_r1_corrosion_98.txt
corrosion_recall_oversample,C:\Users\yys\Desktop\风机\wind-fault-detection-platform\datasets\wind_blade_defect_v02_improve\images\train\corrosion_99.jpg,C:\Users\yys\Desktop\风机\wind-fault-detection-platform\datasets\wind_blade_defect_v02_improve\labels\train\corrosion_99.txt,C:\Users\yys\Desktop\风机\wind-fault-detection-platform\datasets\wind_blade_defect_v03_recall\images\train\v03_corrosion_r1_corrosion_99.jpg,C:\Users\yys\Desktop\风机\wind-fault-detection-platform\datasets\wind_blade_defect_v03_recall\labels\train\v03_corrosion_r1_corrosion_99.txt
corrosion_recall_oversample,C:\Users\yys\Desktop\风机\wind-fault-detection-platform\datasets\wind_blade_defect_v02_improve\images\train\focus_v02_1_corrosion_166.jpg,C:\Users\yys\Desktop\风机\wind-fault-detection-platform\datasets\wind_blade_defect_v02_improve\labels\train\focus_v02_1_corrosion_166.txt,C:\Users\yys\Desktop\风机\wind-fault-detection-platform\datasets\wind_blade_defect_v03_recall\images\train\v03_corrosion_r1_focus_v02_1_corrosion_166.jpg,C:\Users\yys\Desktop\风机\wind-fault-detection-platform\datasets\wind_blade_defect_v03_recall\labels\train\v03_corrosion_r1_focus_v02_1_corrosion_166.txt
corrosion_recall_oversample,C:\Users\yys\Desktop\风机\wind-fault-detection-platform\datasets\wind_blade_defect_v02_improve\images\train\focus_v02_1_corrosion_66.jpg,C:\Users\yys\Desktop\风机\wind-fault-detection-platform\datasets\wind_blade_defect_v02_improve\labels\train\focus_v02_1_corrosion_66.txt,C:\Users\yys\Desktop\风机\wind-fault-detection-platform\datasets\wind_blade_defect_v03_recall\images\train\v03_corrosion_r1_focus_v02_1_corrosion_66.jpg,C:\Users\yys\Desktop\风机\wind-fault-detection-platform\datasets\wind_blade_defect_v03_recall\labels\train\v03_corrosion_r1_focus_v02_1_corrosion_66.txt
corrosion_recall_oversample,C:\Users\yys\Desktop\风机\wind-fault-detection-platform\datasets\wind_blade_defect_v02_improve\images\train\focus_v02_2_corrosion_166.jpg,C:\Users\yys\Desktop\风机\wind-fault-detection-platform\datasets\wind_blade_defect_v02_improve\labels\train\focus_v02_2_corrosion_166.txt,C:\Users\yys\Desktop\风机\wind-fault-detection-platform\datasets\wind_blade_defect_v03_recall\images\train\v03_corrosion_r1_focus_v02_2_corrosion_166.jpg,C:\Users\yys\Desktop\风机\wind-fault-detection-platform\datasets\wind_blade_defect_v03_recall\labels\train\v03_corrosion_r1_focus_v02_2_corrosion_166.txt
corrosion_recall_oversample,C:\Users\yys\Desktop\风机\wind-fault-detection-platform\datasets\wind_blade_defect_v02_improve\images\train\focus_v02_2_corrosion_66.jpg,C:\Users\yys\Desktop\风机\wind-fault-detection-platform\datasets\wind_blade_defect_v02_improve\labels\train\focus_v02_2_corrosion_66.txt,C:\Users\yys\Desktop\风机\wind-fault-detection-platform\datasets\wind_blade_defect_v03_recall\images\train\v03_corrosion_r1_focus_v02_2_corrosion_66.jpg,C:\Users\yys\Desktop\风机\wind-fault-detection-platform\datasets\wind_blade_defect_v03_recall\labels\train\v03_corrosion_r1_focus_v02_2_corrosion_66.txt
corrosion_recall_oversample,C:\Users\yys\Desktop\风机\wind-fault-detection-platform\datasets\wind_blade_defect_v02_improve\images\train\focus_v02_3_corrosion_166.jpg,C:\Users\yys\Desktop\风机\wind-fault-detection-platform\datasets\wind_blade_defect_v02_improve\labels\train\focus_v02_3_corrosion_166.txt,C:\Users\yys\Desktop\风机\wind-fault-detection-platform\datasets\wind_blade_defect_v03_recall\images\train\v03_corrosion_r1_focus_v02_3_corrosion_166.jpg,C:\Users\yys\Desktop\风机\wind-fault-detection-platform\datasets\wind_blade_defect_v03_recall\labels\train\v03_corrosion_r1_focus_v02_3_corrosion_166.txt
corrosion_recall_oversample,C:\Users\yys\Desktop\风机\wind-fault-detection-platform\datasets\wind_blade_defect_v02_improve\images\train\focus_v02_3_corrosion_66.jpg,C:\Users\yys\Desktop\风机\wind-fault-detection-platform\datasets\wind_blade_defect_v02_improve\labels\train\focus_v02_3_corrosion_66.txt,C:\Users\yys\Desktop\风机\wind-fault-detection-platform\datasets\wind_blade_defect_v03_recall\images\train\v03_corrosion_r1_focus_v02_3_corrosion_66.jpg,C:\Users\yys\Desktop\风机\wind-fault-detection-platform\datasets\wind_blade_defect_v03_recall\labels\train\v03_corrosion_r1_focus_v02_3_corrosion_66.txt
corrosion_recall_oversample,C:\Users\yys\Desktop\风机\wind-fault-detection-platform\datasets\wind_blade_defect_v02_improve\images\train\hardcase_missed_corrosion_160.jpg,C:\Users\yys\Desktop\风机\wind-fault-detection-platform\datasets\wind_blade_defect_v02_improve\labels\train\hardcase_missed_corrosion_160.txt,C:\Users\yys\Desktop\风机\wind-fault-detection-platform\datasets\wind_blade_defect_v03_recall\images\train\v03_corrosion_r1_hardcase_missed_corrosion_160.jpg,C:\Users\yys\Desktop\风机\wind-fault-detection-platform\datasets\wind_blade_defect_v03_recall\labels\train\v03_corrosion_r1_hardcase_missed_corrosion_160.txt
corrosion_recall_oversample,C:\Users\yys\Desktop\风机\wind-fault-detection-platform\datasets\wind_blade_defect_v02_improve\images\train\hardcase_missed_corrosion_166.jpg,C:\Users\yys\Desktop\风机\wind-fault-detection-platform\datasets\wind_blade_defect_v02_improve\labels\train\hardcase_missed_corrosion_166.txt,C:\Users\yys\Desktop\风机\wind-fault-detection-platform\datasets\wind_blade_defect_v03_recall\images\train\v03_corrosion_r1_hardcase_missed_corrosion_166.jpg,C:\Users\yys\Desktop\风机\wind-fault-detection-platform\datasets\wind_blade_defect_v03_recall\labels\train\v03_corrosion_r1_hardcase_missed_corrosion_166.txt
corrosion_recall_oversample,C:\Users\yys\Desktop\风机\wind-fault-detection-platform\datasets\wind_blade_defect_v02_improve\images\train\hardcase_missed_corrosion_176.jpg,C:\Users\yys\Desktop\风机\wind-fault-detection-platform\datasets\wind_blade_defect_v02_improve\labels\train\hardcase_missed_corrosion_176.txt,C:\Users\yys\Desktop\风机\wind-fault-detection-platform\datasets\wind_blade_defect_v03_recall\images\train\v03_corrosion_r1_hardcase_missed_corrosion_176.jpg,C:\Users\yys\Desktop\风机\wind-fault-detection-platform\datasets\wind_blade_defect_v03_recall\labels\train\v03_corrosion_r1_hardcase_missed_corrosion_176.txt
corrosion_recall_oversample,C:\Users\yys\Desktop\风机\wind-fault-detection-platform\datasets\wind_blade_defect_v02_improve\images\train\hardcase_missed_corrosion_196.jpg,C:\Users\yys\Desktop\风机\wind-fault-detection-platform\datasets\wind_blade_defect_v02_improve\labels\train\hardcase_missed_corrosion_196.txt,C:\Users\yys\Desktop\风机\wind-fault-detection-platform\datasets\wind_blade_defect_v03_recall\images\train\v03_corrosion_r1_hardcase_missed_corrosion_196.jpg,C:\Users\yys\Desktop\风机\wind-fault-detection-platform\datasets\wind_blade_defect_v03_recall\labels\train\v03_corrosion_r1_hardcase_missed_corrosion_196.txt
corrosion_recall_oversample,C:\Users\yys\Desktop\风机\wind-fault-detection-platform\datasets\wind_blade_defect_v02_improve\images\train\hardcase_missed_corrosion_197.jpg,C:\Users\yys\Desktop\风机\wind-fault-detection-platform\datasets\wind_blade_defect_v02_improve\labels\train\hardcase_missed_corrosion_197.txt,C:\Users\yys\Desktop\风机\wind-fault-detection-platform\datasets\wind_blade_defect_v03_recall\images\train\v03_corrosion_r1_hardcase_missed_corrosion_197.jpg,C:\Users\yys\Desktop\风机\wind-fault-detection-platform\datasets\wind_blade_defect_v03_recall\labels\train\v03_corrosion_r1_hardcase_missed_corrosion_197.txt
corrosion_recall_oversample,C:\Users\yys\Desktop\风机\wind-fault-detection-platform\datasets\wind_blade_defect_v02_improve\images\train\hardcase_missed_corrosion_218.jpg,C:\Users\yys\Desktop\风机\wind-fault-detection-platform\datasets\wind_blade_defect_v02_improve\labels\train\hardcase_missed_corrosion_218.txt,C:\Users\yys\Desktop\风机\wind-fault-detection-platform\datasets\wind_blade_defect_v03_recall\images\train\v03_corrosion_r1_hardcase_missed_corrosion_218.jpg,C:\Users\yys\Desktop\风机\wind-fault-detection-platform\datasets\wind_blade_defect_v03_recall\labels\train\v03_corrosion_r1_hardcase_missed_corrosion_218.txt
corrosion_recall_oversample,C:\Users\yys\Desktop\风机\wind-fault-detection-platform\datasets\wind_blade_defect_v02_improve\images\train\hardcase_missed_corrosion_237.jpg,C:\Users\yys\Desktop\风机\wind-fault-detection-platform\datasets\wind_blade_defect_v02_improve\labels\train\hardcase_missed_corrosion_237.txt,C:\Users\yys\Desktop\风机\wind-fault-detection-platform\datasets\wind_blade_defect_v03_recall\images\train\v03_corrosion_r1_hardcase_missed_corrosion_237.jpg,C:\Users\yys\Desktop\风机\wind-fault-detection-platform\datasets\wind_blade_defect_v03_recall\labels\train\v03_corrosion_r1_hardcase_missed_corrosion_237.txt
corrosion_recall_oversample,C:\Users\yys\Desktop\风机\wind-fault-detection-platform\datasets\wind_blade_defect_v02_improve\images\train\hardcase_missed_corrosion_238.jpg,C:\Users\yys\Desktop\风机\wind-fault-detection-platform\datasets\wind_blade_defect_v02_improve\labels\train\hardcase_missed_corrosion_238.txt,C:\Users\yys\Desktop\风机\wind-fault-detection-platform\datasets\wind_blade_defect_v03_recall\images\train\v03_corrosion_r1_hardcase_missed_corrosion_238.jpg,C:\Users\yys\Desktop\风机\wind-fault-detection-platform\datasets\wind_blade_defect_v03_recall\labels\train\v03_corrosion_r1_hardcase_missed_corrosion_238.txt
corrosion_recall_oversample,C:\Users\yys\Desktop\风机\wind-fault-detection-platform\datasets\wind_blade_defect_v02_improve\images\train\hardcase_missed_corrosion_66.jpg,C:\Users\yys\Desktop\风机\wind-fault-detection-platform\datasets\wind_blade_defect_v02_improve\labels\train\hardcase_missed_corrosion_66.txt,C:\Users\yys\Desktop\风机\wind-fault-detection-platform\datasets\wind_blade_defect_v03_recall\images\train\v03_corrosion_r1_hardcase_missed_corrosion_66.jpg,C:\Users\yys\Desktop\风机\wind-fault-detection-platform\datasets\wind_blade_defect_v03_recall\labels\train\v03_corrosion_r1_hardcase_missed_corrosion_66.txt
corrosion_recall_oversample,C:\Users\yys\Desktop\风机\wind-fault-detection-platform\datasets\wind_blade_defect_v02_improve\images\train\hardcase_missed_crack_235.jpg,C:\Users\yys\Desktop\风机\wind-fault-detection-platform\datasets\wind_blade_defect_v02_improve\labels\train\hardcase_missed_crack_235.txt,C:\Users\yys\Desktop\风机\wind-fault-detection-platform\datasets\wind_blade_defect_v03_recall\images\train\v03_corrosion_r1_hardcase_missed_crack_235.jpg,C:\Users\yys\Desktop\风机\wind-fault-detection-platform\datasets\wind_blade_defect_v03_recall\labels\train\v03_corrosion_r1_hardcase_missed_crack_235.txt
corrosion_recall_oversample,C:\Users\yys\Desktop\风机\wind-fault-detection-platform\datasets\wind_blade_defect_v02_improve\images\train\hardcase_missed_hole_57.jpg,C:\Users\yys\Desktop\风机\wind-fault-detection-platform\datasets\wind_blade_defect_v02_improve\labels\train\hardcase_missed_hole_57.txt,C:\Users\yys\Desktop\风机\wind-fault-detection-platform\datasets\wind_blade_defect_v03_recall\images\train\v03_corrosion_r1_hardcase_missed_hole_57.jpg,C:\Users\yys\Desktop\风机\wind-fault-detection-platform\datasets\wind_blade_defect_v03_recall\labels\train\v03_corrosion_r1_hardcase_missed_hole_57.txt
corrosion_recall_oversample,C:\Users\yys\Desktop\风机\wind-fault-detection-platform\datasets\wind_blade_defect_v02_improve\images\train\hardcase_missed_hole_927.jpg,C:\Users\yys\Desktop\风机\wind-fault-detection-platform\datasets\wind_blade_defect_v02_improve\labels\train\hardcase_missed_hole_927.txt,C:\Users\yys\Desktop\风机\wind-fault-detection-platform\datasets\wind_blade_defect_v03_recall\images\train\v03_corrosion_r1_hardcase_missed_hole_927.jpg,C:\Users\yys\Desktop\风机\wind-fault-detection-platform\datasets\wind_blade_defect_v03_recall\labels\train\v03_corrosion_r1_hardcase_missed_hole_927.txt
corrosion_recall_oversample,C:\Users\yys\Desktop\风机\wind-fault-detection-platform\datasets\wind_blade_defect_v02_improve\images\train\hole_1024.jpg,C:\Users\yys\Desktop\风机\wind-fault-detection-platform\datasets\wind_blade_defect_v02_improve\labels\train\hole_1024.txt,C:\Users\yys\Desktop\风机\wind-fault-detection-platform\datasets\wind_blade_defect_v03_recall\images\train\v03_corrosion_r1_hole_1024.jpg,C:\Users\yys\Desktop\风机\wind-fault-detection-platform\datasets\wind_blade_defect_v03_recall\labels\train\v03_corrosion_r1_hole_1024.txt
corrosion_recall_oversample,C:\Users\yys\Desktop\风机\wind-fault-detection-platform\datasets\wind_blade_defect_v02_improve\images\train\hole_154.jpg,C:\Users\yys\Desktop\风机\wind-fault-detection-platform\datasets\wind_blade_defect_v02_improve\labels\train\hole_154.txt,C:\Users\yys\Desktop\风机\wind-fault-detection-platform\datasets\wind_blade_defect_v03_recall\images\train\v03_corrosion_r1_hole_154.jpg,C:\Users\yys\Desktop\风机\wind-fault-detection-platform\datasets\wind_blade_defect_v03_recall\labels\train\v03_corrosion_r1_hole_154.txt
corrosion_recall_oversample,C:\Users\yys\Desktop\风机\wind-fault-detection-platform\datasets\wind_blade_defect_v02_improve\images\train\hole_195.jpg,C:\Users\yys\Desktop\风机\wind-fault-detection-platform\datasets\wind_blade_defect_v02_improve\labels\train\hole_195.txt,C:\Users\yys\Desktop\风机\wind-fault-detection-platform\datasets\wind_blade_defect_v03_recall\images\train\v03_corrosion_r1_hole_195.jpg,C:\Users\yys\Desktop\风机\wind-fault-detection-platform\datasets\wind_blade_defect_v03_recall\labels\train\v03_corrosion_r1_hole_195.txt
corrosion_recall_oversample,C:\Users\yys\Desktop\风机\wind-fault-detection-platform\datasets\wind_blade_defect_v02_improve\images\train\hole_482.jpg,C:\Users\yys\Desktop\风机\wind-fault-detection-platform\datasets\wind_blade_defect_v02_improve\labels\train\hole_482.txt,C:\Users\yys\Desktop\风机\wind-fault-detection-platform\datasets\wind_blade_defect_v03_recall\images\train\v03_corrosion_r1_hole_482.jpg,C:\Users\yys\Desktop\风机\wind-fault-detection-platform\datasets\wind_blade_defect_v03_recall\labels\train\v03_corrosion_r1_hole_482.txt
corrosion_recall_oversample,C:\Users\yys\Desktop\风机\wind-fault-detection-platform\datasets\wind_blade_defect_v02_improve\images\train\hole_510.jpg,C:\Users\yys\Desktop\风机\wind-fault-detection-platform\datasets\wind_blade_defect_v02_improve\labels\train\hole_510.txt,C:\Users\yys\Desktop\风机\wind-fault-detection-platform\datasets\wind_blade_defect_v03_recall\images\train\v03_corrosion_r1_hole_510.jpg,C:\Users\yys\Desktop\风机\wind-fault-detection-platform\datasets\wind_blade_defect_v03_recall\labels\train\v03_corrosion_r1_hole_510.txt
corrosion_recall_oversample,C:\Users\yys\Desktop\风机\wind-fault-detection-platform\datasets\wind_blade_defect_v02_improve\images\train\hole_697.jpg,C:\Users\yys\Desktop\风机\wind-fault-detection-platform\datasets\wind_blade_defect_v02_improve\labels\train\hole_697.txt,C:\Users\yys\Desktop\风机\wind-fault-detection-platform\datasets\wind_blade_defect_v03_recall\images\train\v03_corrosion_r1_hole_697.jpg,C:\Users\yys\Desktop\风机\wind-fault-detection-platform\datasets\wind_blade_defect_v03_recall\labels\train\v03_corrosion_r1_hole_697.txt
corrosion_recall_oversample,C:\Users\yys\Desktop\风机\wind-fault-detection-platform\datasets\wind_blade_defect_v02_improve\images\train\oversample_corrosion_blade_24.jpg,C:\Users\yys\Desktop\风机\wind-fault-detection-platform\datasets\wind_blade_defect_v02_improve\labels\train\oversample_corrosion_blade_24.txt,C:\Users\yys\Desktop\风机\wind-fault-detection-platform\datasets\wind_blade_defect_v03_recall\images\train\v03_corrosion_r1_oversample_corrosion_blade_24.jpg,C:\Users\yys\Desktop\风机\wind-fault-detection-platform\datasets\wind_blade_defect_v03_recall\labels\train\v03_corrosion_r1_oversample_corrosion_blade_24.txt
corrosion_recall_oversample,C:\Users\yys\Desktop\风机\wind-fault-detection-platform\datasets\wind_blade_defect_v02_improve\images\train\oversample_corrosion_corrosion_101.jpg,C:\Users\yys\Desktop\风机\wind-fault-detection-platform\datasets\wind_blade_defect_v02_improve\labels\train\oversample_corrosion_corrosion_101.txt,C:\Users\yys\Desktop\风机\wind-fault-detection-platform\datasets\wind_blade_defect_v03_recall\images\train\v03_corrosion_r1_oversample_corrosion_corrosion_101.jpg,C:\Users\yys\Desktop\风机\wind-fault-detection-platform\datasets\wind_blade_defect_v03_recall\labels\train\v03_corrosion_r1_oversample_corrosion_corrosion_101.txt
corrosion_recall_oversample,C:\Users\yys\Desktop\风机\wind-fault-detection-platform\datasets\wind_blade_defect_v02_improve\images\train\oversample_corrosion_corrosion_103.jpg,C:\Users\yys\Desktop\风机\wind-fault-detection-platform\datasets\wind_blade_defect_v02_improve\labels\train\oversample_corrosion_corrosion_103.txt,C:\Users\yys\Desktop\风机\wind-fault-detection-platform\datasets\wind_blade_defect_v03_recall\images\train\v03_corrosion_r1_oversample_corrosion_corrosion_103.jpg,C:\Users\yys\Desktop\风机\wind-fault-detection-platform\datasets\wind_blade_defect_v03_recall\labels\train\v03_corrosion_r1_oversample_corrosion_corrosion_103.txt
corrosion_recall_oversample,C:\Users\yys\Desktop\风机\wind-fault-detection-platform\datasets\wind_blade_defect_v02_improve\images\train\oversample_corrosion_corrosion_104.jpg,C:\Users\yys\Desktop\风机\wind-fault-detection-platform\datasets\wind_blade_defect_v02_improve\labels\train\oversample_corrosion_corrosion_104.txt,C:\Users\yys\Desktop\风机\wind-fault-detection-platform\datasets\wind_blade_defect_v03_recall\images\train\v03_corrosion_r1_oversample_corrosion_corrosion_104.jpg,C:\Users\yys\Desktop\风机\wind-fault-detection-platform\datasets\wind_blade_defect_v03_recall\labels\train\v03_corrosion_r1_oversample_corrosion_corrosion_104.txt
corrosion_recall_oversample,C:\Users\yys\Desktop\风机\wind-fault-detection-platform\datasets\wind_blade_defect_v02_improve\images\train\oversample_corrosion_corrosion_105.jpg,C:\Users\yys\Desktop\风机\wind-fault-detection-platform\datasets\wind_blade_defect_v02_improve\labels\train\oversample_corrosion_corrosion_105.txt,C:\Users\yys\Desktop\风机\wind-fault-detection-platform\datasets\wind_blade_defect_v03_recall\images\train\v03_corrosion_r1_oversample_corrosion_corrosion_105.jpg,C:\Users\yys\Desktop\风机\wind-fault-detection-platform\datasets\wind_blade_defect_v03_recall\labels\train\v03_corrosion_r1_oversample_corrosion_corrosion_105.txt
corrosion_recall_oversample,C:\Users\yys\Desktop\风机\wind-fault-detection-platform\datasets\wind_blade_defect_v02_improve\images\train\oversample_corrosion_corrosion_108.jpg,C:\Users\yys\Desktop\风机\wind-fault-detection-platform\datasets\wind_blade_defect_v02_improve\labels\train\oversample_corrosion_corrosion_108.txt,C:\Users\yys\Desktop\风机\wind-fault-detection-platform\datasets\wind_blade_defect_v03_recall\images\train\v03_corrosion_r1_oversample_corrosion_corrosion_108.jpg,C:\Users\yys\Desktop\风机\wind-fault-detection-platform\datasets\wind_blade_defect_v03_recall\labels\train\v03_corrosion_r1_oversample_corrosion_corrosion_108.txt
corrosion_recall_oversample,C:\Users\yys\Desktop\风机\wind-fault-detection-platform\datasets\wind_blade_defect_v02_improve\images\train\oversample_corrosion_corrosion_109.jpg,C:\Users\yys\Desktop\风机\wind-fault-detection-platform\datasets\wind_blade_defect_v02_improve\labels\train\oversample_corrosion_corrosion_109.txt,C:\Users\yys\Desktop\风机\wind-fault-detection-platform\datasets\wind_blade_defect_v03_recall\images\train\v03_corrosion_r1_oversample_corrosion_corrosion_109.jpg,C:\Users\yys\Desktop\风机\wind-fault-detection-platform\datasets\wind_blade_defect_v03_recall\labels\train\v03_corrosion_r1_oversample_corrosion_corrosion_109.txt
corrosion_recall_oversample,C:\Users\yys\Desktop\风机\wind-fault-detection-platform\datasets\wind_blade_defect_v02_improve\images\train\oversample_corrosion_corrosion_110.jpg,C:\Users\yys\Desktop\风机\wind-fault-detection-platform\datasets\wind_blade_defect_v02_improve\labels\train\oversample_corrosion_corrosion_110.txt,C:\Users\yys\Desktop\风机\wind-fault-detection-platform\datasets\wind_blade_defect_v03_recall\images\train\v03_corrosion_r1_oversample_corrosion_corrosion_110.jpg,C:\Users\yys\Desktop\风机\wind-fault-detection-platform\datasets\wind_blade_defect_v03_recall\labels\train\v03_corrosion_r1_oversample_corrosion_corrosion_110.txt
corrosion_recall_oversample,C:\Users\yys\Desktop\风机\wind-fault-detection-platform\datasets\wind_blade_defect_v02_improve\images\train\oversample_corrosion_corrosion_112.jpg,C:\Users\yys\Desktop\风机\wind-fault-detection-platform\datasets\wind_blade_defect_v02_improve\labels\train\oversample_corrosion_corrosion_112.txt,C:\Users\yys\Desktop\风机\wind-fault-detection-platform\datasets\wind_blade_defect_v03_recall\images\train\v03_corrosion_r1_oversample_corrosion_corrosion_112.jpg,C:\Users\yys\Desktop\风机\wind-fault-detection-platform\datasets\wind_blade_defect_v03_recall\labels\train\v03_corrosion_r1_oversample_corrosion_corrosion_112.txt
corrosion_recall_oversample,C:\Users\yys\Desktop\风机\wind-fault-detection-platform\datasets\wind_blade_defect_v02_improve\images\train\oversample_corrosion_corrosion_113.jpg,C:\Users\yys\Desktop\风机\wind-fault-detection-platform\datasets\wind_blade_defect_v02_improve\labels\train\oversample_corrosion_corrosion_113.txt,C:\Users\yys\Desktop\风机\wind-fault-detection-platform\datasets\wind_blade_defect_v03_recall\images\train\v03_corrosion_r1_oversample_corrosion_corrosion_113.jpg,C:\Users\yys\Desktop\风机\wind-fault-detection-platform\datasets\wind_blade_defect_v03_recall\labels\train\v03_corrosion_r1_oversample_corrosion_corrosion_113.txt
corrosion_recall_oversample,C:\Users\yys\Desktop\风机\wind-fault-detection-platform\datasets\wind_blade_defect_v02_improve\images\train\oversample_corrosion_corrosion_114.jpg,C:\Users\yys\Desktop\风机\wind-fault-detection-platform\datasets\wind_blade_defect_v02_improve\labels\train\oversample_corrosion_corrosion_114.txt,C:\Users\yys\Desktop\风机\wind-fault-detection-platform\datasets\wind_blade_defect_v03_recall\images\train\v03_corrosion_r1_oversample_corrosion_corrosion_114.jpg,C:\Users\yys\Desktop\风机\wind-fault-detection-platform\datasets\wind_blade_defect_v03_recall\labels\train\v03_corrosion_r1_oversample_corrosion_corrosion_114.txt
corrosion_recall_oversample,C:\Users\yys\Desktop\风机\wind-fault-detection-platform\datasets\wind_blade_defect_v02_improve\images\train\oversample_corrosion_corrosion_115.jpg,C:\Users\yys\Desktop\风机\wind-fault-detection-platform\datasets\wind_blade_defect_v02_improve\labels\train\oversample_corrosion_corrosion_115.txt,C:\Users\yys\Desktop\风机\wind-fault-detection-platform\datasets\wind_blade_defect_v03_recall\images\train\v03_corrosion_r1_oversample_corrosion_corrosion_115.jpg,C:\Users\yys\Desktop\风机\wind-fault-detection-platform\datasets\wind_blade_defect_v03_recall\labels\train\v03_corrosion_r1_oversample_corrosion_corrosion_115.txt
corrosion_recall_oversample,C:\Users\yys\Desktop\风机\wind-fault-detection-platform\datasets\wind_blade_defect_v02_improve\images\train\oversample_corrosion_corrosion_118.jpg,C:\Users\yys\Desktop\风机\wind-fault-detection-platform\datasets\wind_blade_defect_v02_improve\labels\train\oversample_corrosion_corrosion_118.txt,C:\Users\yys\Desktop\风机\wind-fault-detection-platform\datasets\wind_blade_defect_v03_recall\images\train\v03_corrosion_r1_oversample_corrosion_corrosion_118.jpg,C:\Users\yys\Desktop\风机\wind-fault-detection-platform\datasets\wind_blade_defect_v03_recall\labels\train\v03_corrosion_r1_oversample_corrosion_corrosion_118.txt
corrosion_recall_oversample,C:\Users\yys\Desktop\风机\wind-fault-detection-platform\datasets\wind_blade_defect_v02_improve\images\train\oversample_corrosion_corrosion_121.jpg,C:\Users\yys\Desktop\风机\wind-fault-detection-platform\datasets\wind_blade_defect_v02_improve\labels\train\oversample_corrosion_corrosion_121.txt,C:\Users\yys\Desktop\风机\wind-fault-detection-platform\datasets\wind_blade_defect_v03_recall\images\train\v03_corrosion_r1_oversample_corrosion_corrosion_121.jpg,C:\Users\yys\Desktop\风机\wind-fault-detection-platform\datasets\wind_blade_defect_v03_recall\labels\train\v03_corrosion_r1_oversample_corrosion_corrosion_121.txt
corrosion_recall_oversample,C:\Users\yys\Desktop\风机\wind-fault-detection-platform\datasets\wind_blade_defect_v02_improve\images\train\oversample_corrosion_corrosion_123.jpg,C:\Users\yys\Desktop\风机\wind-fault-detection-platform\datasets\wind_blade_defect_v02_improve\labels\train\oversample_corrosion_corrosion_123.txt,C:\Users\yys\Desktop\风机\wind-fault-detection-platform\datasets\wind_blade_defect_v03_recall\images\train\v03_corrosion_r1_oversample_corrosion_corrosion_123.jpg,C:\Users\yys\Desktop\风机\wind-fault-detection-platform\datasets\wind_blade_defect_v03_recall\labels\train\v03_corrosion_r1_oversample_corrosion_corrosion_123.txt
corrosion_recall_oversample,C:\Users\yys\Desktop\风机\wind-fault-detection-platform\datasets\wind_blade_defect_v02_improve\images\train\oversample_corrosion_corrosion_124.jpg,C:\Users\yys\Desktop\风机\wind-fault-detection-platform\datasets\wind_blade_defect_v02_improve\labels\train\oversample_corrosion_corrosion_124.txt,C:\Users\yys\Desktop\风机\wind-fault-detection-platform\datasets\wind_blade_defect_v03_recall\images\train\v03_corrosion_r1_oversample_corrosion_corrosion_124.jpg,C:\Users\yys\Desktop\风机\wind-fault-detection-platform\datasets\wind_blade_defect_v03_recall\labels\train\v03_corrosion_r1_oversample_corrosion_corrosion_124.txt
corrosion_recall_oversample,C:\Users\yys\Desktop\风机\wind-fault-detection-platform\datasets\wind_blade_defect_v02_improve\images\train\oversample_corrosion_corrosion_125.jpg,C:\Users\yys\Desktop\风机\wind-fault-detection-platform\datasets\wind_blade_defect_v02_improve\labels\train\oversample_corrosion_corrosion_125.txt,C:\Users\yys\Desktop\风机\wind-fault-detection-platform\datasets\wind_blade_defect_v03_recall\images\train\v03_corrosion_r1_oversample_corrosion_corrosion_125.jpg,C:\Users\yys\Desktop\风机\wind-fault-detection-platform\datasets\wind_blade_defect_v03_recall\labels\train\v03_corrosion_r1_oversample_corrosion_corrosion_125.txt
corrosion_recall_oversample,C:\Users\yys\Desktop\风机\wind-fault-detection-platform\datasets\wind_blade_defect_v02_improve\images\train\oversample_corrosion_corrosion_126.jpg,C:\Users\yys\Desktop\风机\wind-fault-detection-platform\datasets\wind_blade_defect_v02_improve\labels\train\oversample_corrosion_corrosion_126.txt,C:\Users\yys\Desktop\风机\wind-fault-detection-platform\datasets\wind_blade_defect_v03_recall\images\train\v03_corrosion_r1_oversample_corrosion_corrosion_126.jpg,C:\Users\yys\Desktop\风机\wind-fault-detection-platform\datasets\wind_blade_defect_v03_recall\labels\train\v03_corrosion_r1_oversample_corrosion_corrosion_126.txt
corrosion_recall_oversample,C:\Users\yys\Desktop\风机\wind-fault-detection-platform\datasets\wind_blade_defect_v02_improve\images\train\oversample_corrosion_corrosion_127.jpg,C:\Users\yys\Desktop\风机\wind-fault-detection-platform\datasets\wind_blade_defect_v02_improve\labels\train\oversample_corrosion_corrosion_127.txt,C:\Users\yys\Desktop\风机\wind-fault-detection-platform\datasets\wind_blade_defect_v03_recall\images\train\v03_corrosion_r1_oversample_corrosion_corrosion_127.jpg,C:\Users\yys\Desktop\风机\wind-fault-detection-platform\datasets\wind_blade_defect_v03_recall\labels\train\v03_corrosion_r1_oversample_corrosion_corrosion_127.txt
corrosion_recall_oversample,C:\Users\yys\Desktop\风机\wind-fault-detection-platform\datasets\wind_blade_defect_v02_improve\images\train\oversample_corrosion_corrosion_128.jpg,C:\Users\yys\Desktop\风机\wind-fault-detection-platform\datasets\wind_blade_defect_v02_improve\labels\train\oversample_corrosion_corrosion_128.txt,C:\Users\yys\Desktop\风机\wind-fault-detection-platform\datasets\wind_blade_defect_v03_recall\images\train\v03_corrosion_r1_oversample_corrosion_corrosion_128.jpg,C:\Users\yys\Desktop\风机\wind-fault-detection-platform\datasets\wind_blade_defect_v03_recall\labels\train\v03_corrosion_r1_oversample_corrosion_corrosion_128.txt
corrosion_recall_oversample,C:\Users\yys\Desktop\风机\wind-fault-detection-platform\datasets\wind_blade_defect_v02_improve\images\train\oversample_corrosion_corrosion_129.jpg,C:\Users\yys\Desktop\风机\wind-fault-detection-platform\datasets\wind_blade_defect_v02_improve\labels\train\oversample_corrosion_corrosion_129.txt,C:\Users\yys\Desktop\风机\wind-fault-detection-platform\datasets\wind_blade_defect_v03_recall\images\train\v03_corrosion_r1_oversample_corrosion_corrosion_129.jpg,C:\Users\yys\Desktop\风机\wind-fault-detection-platform\datasets\wind_blade_defect_v03_recall\labels\train\v03_corrosion_r1_oversample_corrosion_corrosion_129.txt
corrosion_recall_oversample,C:\Users\yys\Desktop\风机\wind-fault-detection-platform\datasets\wind_blade_defect_v02_improve\images\train\oversample_corrosion_corrosion_130.jpg,C:\Users\yys\Desktop\风机\wind-fault-detection-platform\datasets\wind_blade_defect_v02_improve\labels\train\oversample_corrosion_corrosion_130.txt,C:\Users\yys\Desktop\风机\wind-fault-detection-platform\datasets\wind_blade_defect_v03_recall\images\train\v03_corrosion_r1_oversample_corrosion_corrosion_130.jpg,C:\Users\yys\Desktop\风机\wind-fault-detection-platform\datasets\wind_blade_defect_v03_recall\labels\train\v03_corrosion_r1_oversample_corrosion_corrosion_130.txt
corrosion_recall_oversample,C:\Users\yys\Desktop\风机\wind-fault-detection-platform\datasets\wind_blade_defect_v02_improve\images\train\oversample_corrosion_corrosion_131.jpg,C:\Users\yys\Desktop\风机\wind-fault-detection-platform\datasets\wind_blade_defect_v02_improve\labels\train\oversample_corrosion_corrosion_131.txt,C:\Users\yys\Desktop\风机\wind-fault-detection-platform\datasets\wind_blade_defect_v03_recall\images\train\v03_corrosion_r1_oversample_corrosion_corrosion_131.jpg,C:\Users\yys\Desktop\风机\wind-fault-detection-platform\datasets\wind_blade_defect_v03_recall\labels\train\v03_corrosion_r1_oversample_corrosion_corrosion_131.txt
corrosion_recall_oversample,C:\Users\yys\Desktop\风机\wind-fault-detection-platform\datasets\wind_blade_defect_v02_improve\images\train\oversample_corrosion_corrosion_132.jpg,C:\Users\yys\Desktop\风机\wind-fault-detection-platform\datasets\wind_blade_defect_v02_improve\labels\train\oversample_corrosion_corrosion_132.txt,C:\Users\yys\Desktop\风机\wind-fault-detection-platform\datasets\wind_blade_defect_v03_recall\images\train\v03_corrosion_r1_oversample_corrosion_corrosion_132.jpg,C:\Users\yys\Desktop\风机\wind-fault-detection-platform\datasets\wind_blade_defect_v03_recall\labels\train\v03_corrosion_r1_oversample_corrosion_corrosion_132.txt
corrosion_recall_oversample,C:\Users\yys\Desktop\风机\wind-fault-detection-platform\datasets\wind_blade_defect_v02_improve\images\train\oversample_corrosion_corrosion_133.jpg,C:\Users\yys\Desktop\风机\wind-fault-detection-platform\datasets\wind_blade_defect_v02_improve\labels\train\oversample_corrosion_corrosion_133.txt,C:\Users\yys\Desktop\风机\wind-fault-detection-platform\datasets\wind_blade_defect_v03_recall\images\train\v03_corrosion_r1_oversample_corrosion_corrosion_133.jpg,C:\Users\yys\Desktop\风机\wind-fault-detection-platform\datasets\wind_blade_defect_v03_recall\labels\train\v03_corrosion_r1_oversample_corrosion_corrosion_133.txt
corrosion_recall_oversample,C:\Users\yys\Desktop\风机\wind-fault-detection-platform\datasets\wind_blade_defect_v02_improve\images\train\oversample_corrosion_corrosion_134.jpg,C:\Users\yys\Desktop\风机\wind-fault-detection-platform\datasets\wind_blade_defect_v02_improve\labels\train\oversample_corrosion_corrosion_134.txt,C:\Users\yys\Desktop\风机\wind-fault-detection-platform\datasets\wind_blade_defect_v03_recall\images\train\v03_corrosion_r1_oversample_corrosion_corrosion_134.jpg,C:\Users\yys\Desktop\风机\wind-fault-detection-platform\datasets\wind_blade_defect_v03_recall\labels\train\v03_corrosion_r1_oversample_corrosion_corrosion_134.txt
corrosion_recall_oversample,C:\Users\yys\Desktop\风机\wind-fault-detection-platform\datasets\wind_blade_defect_v02_improve\images\train\oversample_corrosion_corrosion_135.jpg,C:\Users\yys\Desktop\风机\wind-fault-detection-platform\datasets\wind_blade_defect_v02_improve\labels\train\oversample_corrosion_corrosion_135.txt,C:\Users\yys\Desktop\风机\wind-fault-detection-platform\datasets\wind_blade_defect_v03_recall\images\train\v03_corrosion_r1_oversample_corrosion_corrosion_135.jpg,C:\Users\yys\Desktop\风机\wind-fault-detection-platform\datasets\wind_blade_defect_v03_recall\labels\train\v03_corrosion_r1_oversample_corrosion_corrosion_135.txt
corrosion_recall_oversample,C:\Users\yys\Desktop\风机\wind-fault-detection-platform\datasets\wind_blade_defect_v02_improve\images\train\oversample_corrosion_corrosion_137.jpg,C:\Users\yys\Desktop\风机\wind-fault-detection-platform\datasets\wind_blade_defect_v02_improve\labels\train\oversample_corrosion_corrosion_137.txt,C:\Users\yys\Desktop\风机\wind-fault-detection-platform\datasets\wind_blade_defect_v03_recall\images\train\v03_corrosion_r1_oversample_corrosion_corrosion_137.jpg,C:\Users\yys\Desktop\风机\wind-fault-detection-platform\datasets\wind_blade_defect_v03_recall\labels\train\v03_corrosion_r1_oversample_corrosion_corrosion_137.txt
corrosion_recall_oversample,C:\Users\yys\Desktop\风机\wind-fault-detection-platform\datasets\wind_blade_defect_v02_improve\images\train\oversample_corrosion_corrosion_138.jpg,C:\Users\yys\Desktop\风机\wind-fault-detection-platform\datasets\wind_blade_defect_v02_improve\labels\train\oversample_corrosion_corrosion_138.txt,C:\Users\yys\Desktop\风机\wind-fault-detection-platform\datasets\wind_blade_defect_v03_recall\images\train\v03_corrosion_r1_oversample_corrosion_corrosion_138.jpg,C:\Users\yys\Desktop\风机\wind-fault-detection-platform\datasets\wind_blade_defect_v03_recall\labels\train\v03_corrosion_r1_oversample_corrosion_corrosion_138.txt
corrosion_recall_oversample,C:\Users\yys\Desktop\风机\wind-fault-detection-platform\datasets\wind_blade_defect_v02_improve\images\train\oversample_corrosion_corrosion_139.jpg,C:\Users\yys\Desktop\风机\wind-fault-detection-platform\datasets\wind_blade_defect_v02_improve\labels\train\oversample_corrosion_corrosion_139.txt,C:\Users\yys\Desktop\风机\wind-fault-detection-platform\datasets\wind_blade_defect_v03_recall\images\train\v03_corrosion_r1_oversample_corrosion_corrosion_139.jpg,C:\Users\yys\Desktop\风机\wind-fault-detection-platform\datasets\wind_blade_defect_v03_recall\labels\train\v03_corrosion_r1_oversample_corrosion_corrosion_139.txt
corrosion_recall_oversample,C:\Users\yys\Desktop\风机\wind-fault-detection-platform\datasets\wind_blade_defect_v02_improve\images\train\oversample_corrosion_corrosion_140.jpg,C:\Users\yys\Desktop\风机\wind-fault-detection-platform\datasets\wind_blade_defect_v02_improve\labels\train\oversample_corrosion_corrosion_140.txt,C:\Users\yys\Desktop\风机\wind-fault-detection-platform\datasets\wind_blade_defect_v03_recall\images\train\v03_corrosion_r1_oversample_corrosion_corrosion_140.jpg,C:\Users\yys\Desktop\风机\wind-fault-detection-platform\datasets\wind_blade_defect_v03_recall\labels\train\v03_corrosion_r1_oversample_corrosion_corrosion_140.txt
corrosion_recall_oversample,C:\Users\yys\Desktop\风机\wind-fault-detection-platform\datasets\wind_blade_defect_v02_improve\images\train\oversample_corrosion_corrosion_141.jpg,C:\Users\yys\Desktop\风机\wind-fault-detection-platform\datasets\wind_blade_defect_v02_improve\labels\train\oversample_corrosion_corrosion_141.txt,C:\Users\yys\Desktop\风机\wind-fault-detection-platform\datasets\wind_blade_defect_v03_recall\images\train\v03_corrosion_r1_oversample_corrosion_corrosion_141.jpg,C:\Users\yys\Desktop\风机\wind-fault-detection-platform\datasets\wind_blade_defect_v03_recall\labels\train\v03_corrosion_r1_oversample_corrosion_corrosion_141.txt
corrosion_recall_oversample,C:\Users\yys\Desktop\风机\wind-fault-detection-platform\datasets\wind_blade_defect_v02_improve\images\train\oversample_corrosion_corrosion_142.jpg,C:\Users\yys\Desktop\风机\wind-fault-detection-platform\datasets\wind_blade_defect_v02_improve\labels\train\oversample_corrosion_corrosion_142.txt,C:\Users\yys\Desktop\风机\wind-fault-detection-platform\datasets\wind_blade_defect_v03_recall\images\train\v03_corrosion_r1_oversample_corrosion_corrosion_142.jpg,C:\Users\yys\Desktop\风机\wind-fault-detection-platform\datasets\wind_blade_defect_v03_recall\labels\train\v03_corrosion_r1_oversample_corrosion_corrosion_142.txt
corrosion_recall_oversample,C:\Users\yys\Desktop\风机\wind-fault-detection-platform\datasets\wind_blade_defect_v02_improve\images\train\oversample_corrosion_corrosion_143.jpg,C:\Users\yys\Desktop\风机\wind-fault-detection-platform\datasets\wind_blade_defect_v02_improve\labels\train\oversample_corrosion_corrosion_143.txt,C:\Users\yys\Desktop\风机\wind-fault-detection-platform\datasets\wind_blade_defect_v03_recall\images\train\v03_corrosion_r1_oversample_corrosion_corrosion_143.jpg,C:\Users\yys\Desktop\风机\wind-fault-detection-platform\datasets\wind_blade_defect_v03_recall\labels\train\v03_corrosion_r1_oversample_corrosion_corrosion_143.txt
corrosion_recall_oversample,C:\Users\yys\Desktop\风机\wind-fault-detection-platform\datasets\wind_blade_defect_v02_improve\images\train\oversample_corrosion_corrosion_144.jpg,C:\Users\yys\Desktop\风机\wind-fault-detection-platform\datasets\wind_blade_defect_v02_improve\labels\train\oversample_corrosion_corrosion_144.txt,C:\Users\yys\Desktop\风机\wind-fault-detection-platform\datasets\wind_blade_defect_v03_recall\images\train\v03_corrosion_r1_oversample_corrosion_corrosion_144.jpg,C:\Users\yys\Desktop\风机\wind-fault-detection-platform\datasets\wind_blade_defect_v03_recall\labels\train\v03_corrosion_r1_oversample_corrosion_corrosion_144.txt
corrosion_recall_oversample,C:\Users\yys\Desktop\风机\wind-fault-detection-platform\datasets\wind_blade_defect_v02_improve\images\train\oversample_corrosion_corrosion_146.jpg,C:\Users\yys\Desktop\风机\wind-fault-detection-platform\datasets\wind_blade_defect_v02_improve\labels\train\oversample_corrosion_corrosion_146.txt,C:\Users\yys\Desktop\风机\wind-fault-detection-platform\datasets\wind_blade_defect_v03_recall\images\train\v03_corrosion_r1_oversample_corrosion_corrosion_146.jpg,C:\Users\yys\Desktop\风机\wind-fault-detection-platform\datasets\wind_blade_defect_v03_recall\labels\train\v03_corrosion_r1_oversample_corrosion_corrosion_146.txt
corrosion_recall_oversample,C:\Users\yys\Desktop\风机\wind-fault-detection-platform\datasets\wind_blade_defect_v02_improve\images\train\oversample_corrosion_corrosion_148.jpg,C:\Users\yys\Desktop\风机\wind-fault-detection-platform\datasets\wind_blade_defect_v02_improve\labels\train\oversample_corrosion_corrosion_148.txt,C:\Users\yys\Desktop\风机\wind-fault-detection-platform\datasets\wind_blade_defect_v03_recall\images\train\v03_corrosion_r1_oversample_corrosion_corrosion_148.jpg,C:\Users\yys\Desktop\风机\wind-fault-detection-platform\datasets\wind_blade_defect_v03_recall\labels\train\v03_corrosion_r1_oversample_corrosion_corrosion_148.txt
corrosion_recall_oversample,C:\Users\yys\Desktop\风机\wind-fault-detection-platform\datasets\wind_blade_defect_v02_improve\images\train\oversample_corrosion_corrosion_149.jpg,C:\Users\yys\Desktop\风机\wind-fault-detection-platform\datasets\wind_blade_defect_v02_improve\labels\train\oversample_corrosion_corrosion_149.txt,C:\Users\yys\Desktop\风机\wind-fault-detection-platform\datasets\wind_blade_defect_v03_recall\images\train\v03_corrosion_r1_oversample_corrosion_corrosion_149.jpg,C:\Users\yys\Desktop\风机\wind-fault-detection-platform\datasets\wind_blade_defect_v03_recall\labels\train\v03_corrosion_r1_oversample_corrosion_corrosion_149.txt
corrosion_recall_oversample,C:\Users\yys\Desktop\风机\wind-fault-detection-platform\datasets\wind_blade_defect_v02_improve\images\train\oversample_corrosion_corrosion_150.jpg,C:\Users\yys\Desktop\风机\wind-fault-detection-platform\datasets\wind_blade_defect_v02_improve\labels\train\oversample_corrosion_corrosion_150.txt,C:\Users\yys\Desktop\风机\wind-fault-detection-platform\datasets\wind_blade_defect_v03_recall\images\train\v03_corrosion_r1_oversample_corrosion_corrosion_150.jpg,C:\Users\yys\Desktop\风机\wind-fault-detection-platform\datasets\wind_blade_defect_v03_recall\labels\train\v03_corrosion_r1_oversample_corrosion_corrosion_150.txt
corrosion_recall_oversample,C:\Users\yys\Desktop\风机\wind-fault-detection-platform\datasets\wind_blade_defect_v02_improve\images\train\oversample_corrosion_corrosion_154.jpg,C:\Users\yys\Desktop\风机\wind-fault-detection-platform\datasets\wind_blade_defect_v02_improve\labels\train\oversample_corrosion_corrosion_154.txt,C:\Users\yys\Desktop\风机\wind-fault-detection-platform\datasets\wind_blade_defect_v03_recall\images\train\v03_corrosion_r1_oversample_corrosion_corrosion_154.jpg,C:\Users\yys\Desktop\风机\wind-fault-detection-platform\datasets\wind_blade_defect_v03_recall\labels\train\v03_corrosion_r1_oversample_corrosion_corrosion_154.txt
corrosion_recall_oversample,C:\Users\yys\Desktop\风机\wind-fault-detection-platform\datasets\wind_blade_defect_v02_improve\images\train\oversample_corrosion_corrosion_155.jpg,C:\Users\yys\Desktop\风机\wind-fault-detection-platform\datasets\wind_blade_defect_v02_improve\labels\train\oversample_corrosion_corrosion_155.txt,C:\Users\yys\Desktop\风机\wind-fault-detection-platform\datasets\wind_blade_defect_v03_recall\images\train\v03_corrosion_r1_oversample_corrosion_corrosion_155.jpg,C:\Users\yys\Desktop\风机\wind-fault-detection-platform\datasets\wind_blade_defect_v03_recall\labels\train\v03_corrosion_r1_oversample_corrosion_corrosion_155.txt
corrosion_recall_oversample,C:\Users\yys\Desktop\风机\wind-fault-detection-platform\datasets\wind_blade_defect_v02_improve\images\train\oversample_corrosion_corrosion_156.jpg,C:\Users\yys\Desktop\风机\wind-fault-detection-platform\datasets\wind_blade_defect_v02_improve\labels\train\oversample_corrosion_corrosion_156.txt,C:\Users\yys\Desktop\风机\wind-fault-detection-platform\datasets\wind_blade_defect_v03_recall\images\train\v03_corrosion_r1_oversample_corrosion_corrosion_156.jpg,C:\Users\yys\Desktop\风机\wind-fault-detection-platform\datasets\wind_blade_defect_v03_recall\labels\train\v03_corrosion_r1_oversample_corrosion_corrosion_156.txt
corrosion_recall_oversample,C:\Users\yys\Desktop\风机\wind-fault-detection-platform\datasets\wind_blade_defect_v02_improve\images\train\oversample_corrosion_corrosion_158.jpg,C:\Users\yys\Desktop\风机\wind-fault-detection-platform\datasets\wind_blade_defect_v02_improve\labels\train\oversample_corrosion_corrosion_158.txt,C:\Users\yys\Desktop\风机\wind-fault-detection-platform\datasets\wind_blade_defect_v03_recall\images\train\v03_corrosion_r1_oversample_corrosion_corrosion_158.jpg,C:\Users\yys\Desktop\风机\wind-fault-detection-platform\datasets\wind_blade_defect_v03_recall\labels\train\v03_corrosion_r1_oversample_corrosion_corrosion_158.txt
corrosion_recall_oversample,C:\Users\yys\Desktop\风机\wind-fault-detection-platform\datasets\wind_blade_defect_v02_improve\images\train\oversample_corrosion_corrosion_159.jpg,C:\Users\yys\Desktop\风机\wind-fault-detection-platform\datasets\wind_blade_defect_v02_improve\labels\train\oversample_corrosion_corrosion_159.txt,C:\Users\yys\Desktop\风机\wind-fault-detection-platform\datasets\wind_blade_defect_v03_recall\images\train\v03_corrosion_r1_oversample_corrosion_corrosion_159.jpg,C:\Users\yys\Desktop\风机\wind-fault-detection-platform\datasets\wind_blade_defect_v03_recall\labels\train\v03_corrosion_r1_oversample_corrosion_corrosion_159.txt
corrosion_recall_oversample,C:\Users\yys\Desktop\风机\wind-fault-detection-platform\datasets\wind_blade_defect_v02_improve\images\train\oversample_corrosion_corrosion_161.jpg,C:\Users\yys\Desktop\风机\wind-fault-detection-platform\datasets\wind_blade_defect_v02_improve\labels\train\oversample_corrosion_corrosion_161.txt,C:\Users\yys\Desktop\风机\wind-fault-detection-platform\datasets\wind_blade_defect_v03_recall\images\train\v03_corrosion_r1_oversample_corrosion_corrosion_161.jpg,C:\Users\yys\Desktop\风机\wind-fault-detection-platform\datasets\wind_blade_defect_v03_recall\labels\train\v03_corrosion_r1_oversample_corrosion_corrosion_161.txt
corrosion_recall_oversample,C:\Users\yys\Desktop\风机\wind-fault-detection-platform\datasets\wind_blade_defect_v02_improve\images\train\oversample_corrosion_corrosion_162.jpg,C:\Users\yys\Desktop\风机\wind-fault-detection-platform\datasets\wind_blade_defect_v02_improve\labels\train\oversample_corrosion_corrosion_162.txt,C:\Users\yys\Desktop\风机\wind-fault-detection-platform\datasets\wind_blade_defect_v03_recall\images\train\v03_corrosion_r1_oversample_corrosion_corrosion_162.jpg,C:\Users\yys\Desktop\风机\wind-fault-detection-platform\datasets\wind_blade_defect_v03_recall\labels\train\v03_corrosion_r1_oversample_corrosion_corrosion_162.txt
corrosion_recall_oversample,C:\Users\yys\Desktop\风机\wind-fault-detection-platform\datasets\wind_blade_defect_v02_improve\images\train\oversample_corrosion_corrosion_163.jpg,C:\Users\yys\Desktop\风机\wind-fault-detection-platform\datasets\wind_blade_defect_v02_improve\labels\train\oversample_corrosion_corrosion_163.txt,C:\Users\yys\Desktop\风机\wind-fault-detection-platform\datasets\wind_blade_defect_v03_recall\images\train\v03_corrosion_r1_oversample_corrosion_corrosion_163.jpg,C:\Users\yys\Desktop\风机\wind-fault-detection-platform\datasets\wind_blade_defect_v03_recall\labels\train\v03_corrosion_r1_oversample_corrosion_corrosion_163.txt
corrosion_recall_oversample,C:\Users\yys\Desktop\风机\wind-fault-detection-platform\datasets\wind_blade_defect_v02_improve\images\train\oversample_corrosion_corrosion_164.jpg,C:\Users\yys\Desktop\风机\wind-fault-detection-platform\datasets\wind_blade_defect_v02_improve\labels\train\oversample_corrosion_corrosion_164.txt,C:\Users\yys\Desktop\风机\wind-fault-detection-platform\datasets\wind_blade_defect_v03_recall\images\train\v03_corrosion_r1_oversample_corrosion_corrosion_164.jpg,C:\Users\yys\Desktop\风机\wind-fault-detection-platform\datasets\wind_blade_defect_v03_recall\labels\train\v03_corrosion_r1_oversample_corrosion_corrosion_164.txt
corrosion_recall_oversample,C:\Users\yys\Desktop\风机\wind-fault-detection-platform\datasets\wind_blade_defect_v02_improve\images\train\oversample_corrosion_corrosion_165.jpg,C:\Users\yys\Desktop\风机\wind-fault-detection-platform\datasets\wind_blade_defect_v02_improve\labels\train\oversample_corrosion_corrosion_165.txt,C:\Users\yys\Desktop\风机\wind-fault-detection-platform\datasets\wind_blade_defect_v03_recall\images\train\v03_corrosion_r1_oversample_corrosion_corrosion_165.jpg,C:\Users\yys\Desktop\风机\wind-fault-detection-platform\datasets\wind_blade_defect_v03_recall\labels\train\v03_corrosion_r1_oversample_corrosion_corrosion_165.txt
corrosion_recall_oversample,C:\Users\yys\Desktop\风机\wind-fault-detection-platform\datasets\wind_blade_defect_v02_improve\images\train\oversample_corrosion_corrosion_167.jpg,C:\Users\yys\Desktop\风机\wind-fault-detection-platform\datasets\wind_blade_defect_v02_improve\labels\train\oversample_corrosion_corrosion_167.txt,C:\Users\yys\Desktop\风机\wind-fault-detection-platform\datasets\wind_blade_defect_v03_recall\images\train\v03_corrosion_r1_oversample_corrosion_corrosion_167.jpg,C:\Users\yys\Desktop\风机\wind-fault-detection-platform\datasets\wind_blade_defect_v03_recall\labels\train\v03_corrosion_r1_oversample_corrosion_corrosion_167.txt
corrosion_recall_oversample,C:\Users\yys\Desktop\风机\wind-fault-detection-platform\datasets\wind_blade_defect_v02_improve\images\train\oversample_corrosion_corrosion_171.jpg,C:\Users\yys\Desktop\风机\wind-fault-detection-platform\datasets\wind_blade_defect_v02_improve\labels\train\oversample_corrosion_corrosion_171.txt,C:\Users\yys\Desktop\风机\wind-fault-detection-platform\datasets\wind_blade_defect_v03_recall\images\train\v03_corrosion_r1_oversample_corrosion_corrosion_171.jpg,C:\Users\yys\Desktop\风机\wind-fault-detection-platform\datasets\wind_blade_defect_v03_recall\labels\train\v03_corrosion_r1_oversample_corrosion_corrosion_171.txt
corrosion_recall_oversample,C:\Users\yys\Desktop\风机\wind-fault-detection-platform\datasets\wind_blade_defect_v02_improve\images\train\oversample_corrosion_corrosion_172.jpg,C:\Users\yys\Desktop\风机\wind-fault-detection-platform\datasets\wind_blade_defect_v02_improve\labels\train\oversample_corrosion_corrosion_172.txt,C:\Users\yys\Desktop\风机\wind-fault-detection-platform\datasets\wind_blade_defect_v03_recall\images\train\v03_corrosion_r1_oversample_corrosion_corrosion_172.jpg,C:\Users\yys\Desktop\风机\wind-fault-detection-platform\datasets\wind_blade_defect_v03_recall\labels\train\v03_corrosion_r1_oversample_corrosion_corrosion_172.txt
corrosion_recall_oversample,C:\Users\yys\Desktop\风机\wind-fault-detection-platform\datasets\wind_blade_defect_v02_improve\images\train\oversample_corrosion_corrosion_173.jpg,C:\Users\yys\Desktop\风机\wind-fault-detection-platform\datasets\wind_blade_defect_v02_improve\labels\train\oversample_corrosion_corrosion_173.txt,C:\Users\yys\Desktop\风机\wind-fault-detection-platform\datasets\wind_blade_defect_v03_recall\images\train\v03_corrosion_r1_oversample_corrosion_corrosion_173.jpg,C:\Users\yys\Desktop\风机\wind-fault-detection-platform\datasets\wind_blade_defect_v03_recall\labels\train\v03_corrosion_r1_oversample_corrosion_corrosion_173.txt
corrosion_recall_oversample,C:\Users\yys\Desktop\风机\wind-fault-detection-platform\datasets\wind_blade_defect_v02_improve\images\train\oversample_corrosion_corrosion_174.jpg,C:\Users\yys\Desktop\风机\wind-fault-detection-platform\datasets\wind_blade_defect_v02_improve\labels\train\oversample_corrosion_corrosion_174.txt,C:\Users\yys\Desktop\风机\wind-fault-detection-platform\datasets\wind_blade_defect_v03_recall\images\train\v03_corrosion_r1_oversample_corrosion_corrosion_174.jpg,C:\Users\yys\Desktop\风机\wind-fault-detection-platform\datasets\wind_blade_defect_v03_recall\labels\train\v03_corrosion_r1_oversample_corrosion_corrosion_174.txt
corrosion_recall_oversample,C:\Users\yys\Desktop\风机\wind-fault-detection-platform\datasets\wind_blade_defect_v02_improve\images\train\oversample_corrosion_corrosion_177.jpg,C:\Users\yys\Desktop\风机\wind-fault-detection-platform\datasets\wind_blade_defect_v02_improve\labels\train\oversample_corrosion_corrosion_177.txt,C:\Users\yys\Desktop\风机\wind-fault-detection-platform\datasets\wind_blade_defect_v03_recall\images\train\v03_corrosion_r1_oversample_corrosion_corrosion_177.jpg,C:\Users\yys\Desktop\风机\wind-fault-detection-platform\datasets\wind_blade_defect_v03_recall\labels\train\v03_corrosion_r1_oversample_corrosion_corrosion_177.txt
corrosion_recall_oversample,C:\Users\yys\Desktop\风机\wind-fault-detection-platform\datasets\wind_blade_defect_v02_improve\images\train\oversample_corrosion_corrosion_179.jpg,C:\Users\yys\Desktop\风机\wind-fault-detection-platform\datasets\wind_blade_defect_v02_improve\labels\train\oversample_corrosion_corrosion_179.txt,C:\Users\yys\Desktop\风机\wind-fault-detection-platform\datasets\wind_blade_defect_v03_recall\images\train\v03_corrosion_r1_oversample_corrosion_corrosion_179.jpg,C:\Users\yys\Desktop\风机\wind-fault-detection-platform\datasets\wind_blade_defect_v03_recall\labels\train\v03_corrosion_r1_oversample_corrosion_corrosion_179.txt
corrosion_recall_oversample,C:\Users\yys\Desktop\风机\wind-fault-detection-platform\datasets\wind_blade_defect_v02_improve\images\train\oversample_corrosion_corrosion_180.jpg,C:\Users\yys\Desktop\风机\wind-fault-detection-platform\datasets\wind_blade_defect_v02_improve\labels\train\oversample_corrosion_corrosion_180.txt,C:\Users\yys\Desktop\风机\wind-fault-detection-platform\datasets\wind_blade_defect_v03_recall\images\train\v03_corrosion_r1_oversample_corrosion_corrosion_180.jpg,C:\Users\yys\Desktop\风机\wind-fault-detection-platform\datasets\wind_blade_defect_v03_recall\labels\train\v03_corrosion_r1_oversample_corrosion_corrosion_180.txt
corrosion_recall_oversample,C:\Users\yys\Desktop\风机\wind-fault-detection-platform\datasets\wind_blade_defect_v02_improve\images\train\oversample_corrosion_corrosion_182.jpg,C:\Users\yys\Desktop\风机\wind-fault-detection-platform\datasets\wind_blade_defect_v02_improve\labels\train\oversample_corrosion_corrosion_182.txt,C:\Users\yys\Desktop\风机\wind-fault-detection-platform\datasets\wind_blade_defect_v03_recall\images\train\v03_corrosion_r1_oversample_corrosion_corrosion_182.jpg,C:\Users\yys\Desktop\风机\wind-fault-detection-platform\datasets\wind_blade_defect_v03_recall\labels\train\v03_corrosion_r1_oversample_corrosion_corrosion_182.txt
corrosion_recall_oversample,C:\Users\yys\Desktop\风机\wind-fault-detection-platform\datasets\wind_blade_defect_v02_improve\images\train\oversample_corrosion_corrosion_183.jpg,C:\Users\yys\Desktop\风机\wind-fault-detection-platform\datasets\wind_blade_defect_v02_improve\labels\train\oversample_corrosion_corrosion_183.txt,C:\Users\yys\Desktop\风机\wind-fault-detection-platform\datasets\wind_blade_defect_v03_recall\images\train\v03_corrosion_r1_oversample_corrosion_corrosion_183.jpg,C:\Users\yys\Desktop\风机\wind-fault-detection-platform\datasets\wind_blade_defect_v03_recall\labels\train\v03_corrosion_r1_oversample_corrosion_corrosion_183.txt
corrosion_recall_oversample,C:\Users\yys\Desktop\风机\wind-fault-detection-platform\datasets\wind_blade_defect_v02_improve\images\train\oversample_corrosion_corrosion_184.jpg,C:\Users\yys\Desktop\风机\wind-fault-detection-platform\datasets\wind_blade_defect_v02_improve\labels\train\oversample_corrosion_corrosion_184.txt,C:\Users\yys\Desktop\风机\wind-fault-detection-platform\datasets\wind_blade_defect_v03_recall\images\train\v03_corrosion_r1_oversample_corrosion_corrosion_184.jpg,C:\Users\yys\Desktop\风机\wind-fault-detection-platform\datasets\wind_blade_defect_v03_recall\labels\train\v03_corrosion_r1_oversample_corrosion_corrosion_184.txt
corrosion_recall_oversample,C:\Users\yys\Desktop\风机\wind-fault-detection-platform\datasets\wind_blade_defect_v02_improve\images\train\oversample_corrosion_corrosion_185.jpg,C:\Users\yys\Desktop\风机\wind-fault-detection-platform\datasets\wind_blade_defect_v02_improve\labels\train\oversample_corrosion_corrosion_185.txt,C:\Users\yys\Desktop\风机\wind-fault-detection-platform\datasets\wind_blade_defect_v03_recall\images\train\v03_corrosion_r1_oversample_corrosion_corrosion_185.jpg,C:\Users\yys\Desktop\风机\wind-fault-detection-platform\datasets\wind_blade_defect_v03_recall\labels\train\v03_corrosion_r1_oversample_corrosion_corrosion_185.txt
corrosion_recall_oversample,C:\Users\yys\Desktop\风机\wind-fault-detection-platform\datasets\wind_blade_defect_v02_improve\images\train\oversample_corrosion_corrosion_186.jpg,C:\Users\yys\Desktop\风机\wind-fault-detection-platform\datasets\wind_blade_defect_v02_improve\labels\train\oversample_corrosion_corrosion_186.txt,C:\Users\yys\Desktop\风机\wind-fault-detection-platform\datasets\wind_blade_defect_v03_recall\images\train\v03_corrosion_r1_oversample_corrosion_corrosion_186.jpg,C:\Users\yys\Desktop\风机\wind-fault-detection-platform\datasets\wind_blade_defect_v03_recall\labels\train\v03_corrosion_r1_oversample_corrosion_corrosion_186.txt
corrosion_recall_oversample,C:\Users\yys\Desktop\风机\wind-fault-detection-platform\datasets\wind_blade_defect_v02_improve\images\train\oversample_corrosion_corrosion_187.jpg,C:\Users\yys\Desktop\风机\wind-fault-detection-platform\datasets\wind_blade_defect_v02_improve\labels\train\oversample_corrosion_corrosion_187.txt,C:\Users\yys\Desktop\风机\wind-fault-detection-platform\datasets\wind_blade_defect_v03_recall\images\train\v03_corrosion_r1_oversample_corrosion_corrosion_187.jpg,C:\Users\yys\Desktop\风机\wind-fault-detection-platform\datasets\wind_blade_defect_v03_recall\labels\train\v03_corrosion_r1_oversample_corrosion_corrosion_187.txt
corrosion_recall_oversample,C:\Users\yys\Desktop\风机\wind-fault-detection-platform\datasets\wind_blade_defect_v02_improve\images\train\oversample_corrosion_corrosion_188.jpg,C:\Users\yys\Desktop\风机\wind-fault-detection-platform\datasets\wind_blade_defect_v02_improve\labels\train\oversample_corrosion_corrosion_188.txt,C:\Users\yys\Desktop\风机\wind-fault-detection-platform\datasets\wind_blade_defect_v03_recall\images\train\v03_corrosion_r1_oversample_corrosion_corrosion_188.jpg,C:\Users\yys\Desktop\风机\wind-fault-detection-platform\datasets\wind_blade_defect_v03_recall\labels\train\v03_corrosion_r1_oversample_corrosion_corrosion_188.txt
corrosion_recall_oversample,C:\Users\yys\Desktop\风机\wind-fault-detection-platform\datasets\wind_blade_defect_v02_improve\images\train\oversample_corrosion_corrosion_189.jpg,C:\Users\yys\Desktop\风机\wind-fault-detection-platform\datasets\wind_blade_defect_v02_improve\labels\train\oversample_corrosion_corrosion_189.txt,C:\Users\yys\Desktop\风机\wind-fault-detection-platform\datasets\wind_blade_defect_v03_recall\images\train\v03_corrosion_r1_oversample_corrosion_corrosion_189.jpg,C:\Users\yys\Desktop\风机\wind-fault-detection-platform\datasets\wind_blade_defect_v03_recall\labels\train\v03_corrosion_r1_oversample_corrosion_corrosion_189.txt
corrosion_recall_oversample,C:\Users\yys\Desktop\风机\wind-fault-detection-platform\datasets\wind_blade_defect_v02_improve\images\train\oversample_corrosion_corrosion_191.jpg,C:\Users\yys\Desktop\风机\wind-fault-detection-platform\datasets\wind_blade_defect_v02_improve\labels\train\oversample_corrosion_corrosion_191.txt,C:\Users\yys\Desktop\风机\wind-fault-detection-platform\datasets\wind_blade_defect_v03_recall\images\train\v03_corrosion_r1_oversample_corrosion_corrosion_191.jpg,C:\Users\yys\Desktop\风机\wind-fault-detection-platform\datasets\wind_blade_defect_v03_recall\labels\train\v03_corrosion_r1_oversample_corrosion_corrosion_191.txt
corrosion_recall_oversample,C:\Users\yys\Desktop\风机\wind-fault-detection-platform\datasets\wind_blade_defect_v02_improve\images\train\oversample_corrosion_corrosion_192.jpg,C:\Users\yys\Desktop\风机\wind-fault-detection-platform\datasets\wind_blade_defect_v02_improve\labels\train\oversample_corrosion_corrosion_192.txt,C:\Users\yys\Desktop\风机\wind-fault-detection-platform\datasets\wind_blade_defect_v03_recall\images\train\v03_corrosion_r1_oversample_corrosion_corrosion_192.jpg,C:\Users\yys\Desktop\风机\wind-fault-detection-platform\datasets\wind_blade_defect_v03_recall\labels\train\v03_corrosion_r1_oversample_corrosion_corrosion_192.txt
corrosion_recall_oversample,C:\Users\yys\Desktop\风机\wind-fault-detection-platform\datasets\wind_blade_defect_v02_improve\images\train\oversample_corrosion_corrosion_193.jpg,C:\Users\yys\Desktop\风机\wind-fault-detection-platform\datasets\wind_blade_defect_v02_improve\labels\train\oversample_corrosion_corrosion_193.txt,C:\Users\yys\Desktop\风机\wind-fault-detection-platform\datasets\wind_blade_defect_v03_recall\images\train\v03_corrosion_r1_oversample_corrosion_corrosion_193.jpg,C:\Users\yys\Desktop\风机\wind-fault-detection-platform\datasets\wind_blade_defect_v03_recall\labels\train\v03_corrosion_r1_oversample_corrosion_corrosion_193.txt
corrosion_recall_oversample,C:\Users\yys\Desktop\风机\wind-fault-detection-platform\datasets\wind_blade_defect_v02_improve\images\train\oversample_corrosion_corrosion_195.jpg,C:\Users\yys\Desktop\风机\wind-fault-detection-platform\datasets\wind_blade_defect_v02_improve\labels\train\oversample_corrosion_corrosion_195.txt,C:\Users\yys\Desktop\风机\wind-fault-detection-platform\datasets\wind_blade_defect_v03_recall\images\train\v03_corrosion_r1_oversample_corrosion_corrosion_195.jpg,C:\Users\yys\Desktop\风机\wind-fault-detection-platform\datasets\wind_blade_defect_v03_recall\labels\train\v03_corrosion_r1_oversample_corrosion_corrosion_195.txt
corrosion_recall_oversample,C:\Users\yys\Desktop\风机\wind-fault-detection-platform\datasets\wind_blade_defect_v02_improve\images\train\oversample_corrosion_corrosion_198.jpg,C:\Users\yys\Desktop\风机\wind-fault-detection-platform\datasets\wind_blade_defect_v02_improve\labels\train\oversample_corrosion_corrosion_198.txt,C:\Users\yys\Desktop\风机\wind-fault-detection-platform\datasets\wind_blade_defect_v03_recall\images\train\v03_corrosion_r1_oversample_corrosion_corrosion_198.jpg,C:\Users\yys\Desktop\风机\wind-fault-detection-platform\datasets\wind_blade_defect_v03_recall\labels\train\v03_corrosion_r1_oversample_corrosion_corrosion_198.txt
corrosion_recall_oversample,C:\Users\yys\Desktop\风机\wind-fault-detection-platform\datasets\wind_blade_defect_v02_improve\images\train\oversample_corrosion_corrosion_200.jpg,C:\Users\yys\Desktop\风机\wind-fault-detection-platform\datasets\wind_blade_defect_v02_improve\labels\train\oversample_corrosion_corrosion_200.txt,C:\Users\yys\Desktop\风机\wind-fault-detection-platform\datasets\wind_blade_defect_v03_recall\images\train\v03_corrosion_r1_oversample_corrosion_corrosion_200.jpg,C:\Users\yys\Desktop\风机\wind-fault-detection-platform\datasets\wind_blade_defect_v03_recall\labels\train\v03_corrosion_r1_oversample_corrosion_corrosion_200.txt
corrosion_recall_oversample,C:\Users\yys\Desktop\风机\wind-fault-detection-platform\datasets\wind_blade_defect_v02_improve\images\train\oversample_corrosion_corrosion_201.jpg,C:\Users\yys\Desktop\风机\wind-fault-detection-platform\datasets\wind_blade_defect_v02_improve\labels\train\oversample_corrosion_corrosion_201.txt,C:\Users\yys\Desktop\风机\wind-fault-detection-platform\datasets\wind_blade_defect_v03_recall\images\train\v03_corrosion_r1_oversample_corrosion_corrosion_201.jpg,C:\Users\yys\Desktop\风机\wind-fault-detection-platform\datasets\wind_blade_defect_v03_recall\labels\train\v03_corrosion_r1_oversample_corrosion_corrosion_201.txt
corrosion_recall_oversample,C:\Users\yys\Desktop\风机\wind-fault-detection-platform\datasets\wind_blade_defect_v02_improve\images\train\oversample_corrosion_corrosion_203.jpg,C:\Users\yys\Desktop\风机\wind-fault-detection-platform\datasets\wind_blade_defect_v02_improve\labels\train\oversample_corrosion_corrosion_203.txt,C:\Users\yys\Desktop\风机\wind-fault-detection-platform\datasets\wind_blade_defect_v03_recall\images\train\v03_corrosion_r1_oversample_corrosion_corrosion_203.jpg,C:\Users\yys\Desktop\风机\wind-fault-detection-platform\datasets\wind_blade_defect_v03_recall\labels\train\v03_corrosion_r1_oversample_corrosion_corrosion_203.txt
corrosion_recall_oversample,C:\Users\yys\Desktop\风机\wind-fault-detection-platform\datasets\wind_blade_defect_v02_improve\images\train\oversample_corrosion_corrosion_204.jpg,C:\Users\yys\Desktop\风机\wind-fault-detection-platform\datasets\wind_blade_defect_v02_improve\labels\train\oversample_corrosion_corrosion_204.txt,C:\Users\yys\Desktop\风机\wind-fault-detection-platform\datasets\wind_blade_defect_v03_recall\images\train\v03_corrosion_r1_oversample_corrosion_corrosion_204.jpg,C:\Users\yys\Desktop\风机\wind-fault-detection-platform\datasets\wind_blade_defect_v03_recall\labels\train\v03_corrosion_r1_oversample_corrosion_corrosion_204.txt
corrosion_recall_oversample,C:\Users\yys\Desktop\风机\wind-fault-detection-platform\datasets\wind_blade_defect_v02_improve\images\train\oversample_corrosion_corrosion_205.jpg,C:\Users\yys\Desktop\风机\wind-fault-detection-platform\datasets\wind_blade_defect_v02_improve\labels\train\oversample_corrosion_corrosion_205.txt,C:\Users\yys\Desktop\风机\wind-fault-detection-platform\datasets\wind_blade_defect_v03_recall\images\train\v03_corrosion_r1_oversample_corrosion_corrosion_205.jpg,C:\Users\yys\Desktop\风机\wind-fault-detection-platform\datasets\wind_blade_defect_v03_recall\labels\train\v03_corrosion_r1_oversample_corrosion_corrosion_205.txt
corrosion_recall_oversample,C:\Users\yys\Desktop\风机\wind-fault-detection-platform\datasets\wind_blade_defect_v02_improve\images\train\oversample_corrosion_corrosion_206.jpg,C:\Users\yys\Desktop\风机\wind-fault-detection-platform\datasets\wind_blade_defect_v02_improve\labels\train\oversample_corrosion_corrosion_206.txt,C:\Users\yys\Desktop\风机\wind-fault-detection-platform\datasets\wind_blade_defect_v03_recall\images\train\v03_corrosion_r1_oversample_corrosion_corrosion_206.jpg,C:\Users\yys\Desktop\风机\wind-fault-detection-platform\datasets\wind_blade_defect_v03_recall\labels\train\v03_corrosion_r1_oversample_corrosion_corrosion_206.txt
corrosion_recall_oversample,C:\Users\yys\Desktop\风机\wind-fault-detection-platform\datasets\wind_blade_defect_v02_improve\images\train\oversample_corrosion_corrosion_209.jpg,C:\Users\yys\Desktop\风机\wind-fault-detection-platform\datasets\wind_blade_defect_v02_improve\labels\train\oversample_corrosion_corrosion_209.txt,C:\Users\yys\Desktop\风机\wind-fault-detection-platform\datasets\wind_blade_defect_v03_recall\images\train\v03_corrosion_r1_oversample_corrosion_corrosion_209.jpg,C:\Users\yys\Desktop\风机\wind-fault-detection-platform\datasets\wind_blade_defect_v03_recall\labels\train\v03_corrosion_r1_oversample_corrosion_corrosion_209.txt
corrosion_recall_oversample,C:\Users\yys\Desktop\风机\wind-fault-detection-platform\datasets\wind_blade_defect_v02_improve\images\train\oversample_corrosion_corrosion_211.jpg,C:\Users\yys\Desktop\风机\wind-fault-detection-platform\datasets\wind_blade_defect_v02_improve\labels\train\oversample_corrosion_corrosion_211.txt,C:\Users\yys\Desktop\风机\wind-fault-detection-platform\datasets\wind_blade_defect_v03_recall\images\train\v03_corrosion_r1_oversample_corrosion_corrosion_211.jpg,C:\Users\yys\Desktop\风机\wind-fault-detection-platform\datasets\wind_blade_defect_v03_recall\labels\train\v03_corrosion_r1_oversample_corrosion_corrosion_211.txt
corrosion_recall_oversample,C:\Users\yys\Desktop\风机\wind-fault-detection-platform\datasets\wind_blade_defect_v02_improve\images\train\oversample_corrosion_corrosion_213.jpg,C:\Users\yys\Desktop\风机\wind-fault-detection-platform\datasets\wind_blade_defect_v02_improve\labels\train\oversample_corrosion_corrosion_213.txt,C:\Users\yys\Desktop\风机\wind-fault-detection-platform\datasets\wind_blade_defect_v03_recall\images\train\v03_corrosion_r1_oversample_corrosion_corrosion_213.jpg,C:\Users\yys\Desktop\风机\wind-fault-detection-platform\datasets\wind_blade_defect_v03_recall\labels\train\v03_corrosion_r1_oversample_corrosion_corrosion_213.txt
corrosion_recall_oversample,C:\Users\yys\Desktop\风机\wind-fault-detection-platform\datasets\wind_blade_defect_v02_improve\images\train\oversample_corrosion_corrosion_214.jpg,C:\Users\yys\Desktop\风机\wind-fault-detection-platform\datasets\wind_blade_defect_v02_improve\labels\train\oversample_corrosion_corrosion_214.txt,C:\Users\yys\Desktop\风机\wind-fault-detection-platform\datasets\wind_blade_defect_v03_recall\images\train\v03_corrosion_r1_oversample_corrosion_corrosion_214.jpg,C:\Users\yys\Desktop\风机\wind-fault-detection-platform\datasets\wind_blade_defect_v03_recall\labels\train\v03_corrosion_r1_oversample_corrosion_corrosion_214.txt
corrosion_recall_oversample,C:\Users\yys\Desktop\风机\wind-fault-detection-platform\datasets\wind_blade_defect_v02_improve\images\train\oversample_corrosion_corrosion_215.jpg,C:\Users\yys\Desktop\风机\wind-fault-detection-platform\datasets\wind_blade_defect_v02_improve\labels\train\oversample_corrosion_corrosion_215.txt,C:\Users\yys\Desktop\风机\wind-fault-detection-platform\datasets\wind_blade_defect_v03_recall\images\train\v03_corrosion_r1_oversample_corrosion_corrosion_215.jpg,C:\Users\yys\Desktop\风机\wind-fault-detection-platform\datasets\wind_blade_defect_v03_recall\labels\train\v03_corrosion_r1_oversample_corrosion_corrosion_215.txt
corrosion_recall_oversample,C:\Users\yys\Desktop\风机\wind-fault-detection-platform\datasets\wind_blade_defect_v02_improve\images\train\oversample_corrosion_corrosion_216.jpg,C:\Users\yys\Desktop\风机\wind-fault-detection-platform\datasets\wind_blade_defect_v02_improve\labels\train\oversample_corrosion_corrosion_216.txt,C:\Users\yys\Desktop\风机\wind-fault-detection-platform\datasets\wind_blade_defect_v03_recall\images\train\v03_corrosion_r1_oversample_corrosion_corrosion_216.jpg,C:\Users\yys\Desktop\风机\wind-fault-detection-platform\datasets\wind_blade_defect_v03_recall\labels\train\v03_corrosion_r1_oversample_corrosion_corrosion_216.txt
corrosion_recall_oversample,C:\Users\yys\Desktop\风机\wind-fault-detection-platform\datasets\wind_blade_defect_v02_improve\images\train\oversample_corrosion_corrosion_217.jpg,C:\Users\yys\Desktop\风机\wind-fault-detection-platform\datasets\wind_blade_defect_v02_improve\labels\train\oversample_corrosion_corrosion_217.txt,C:\Users\yys\Desktop\风机\wind-fault-detection-platform\datasets\wind_blade_defect_v03_recall\images\train\v03_corrosion_r1_oversample_corrosion_corrosion_217.jpg,C:\Users\yys\Desktop\风机\wind-fault-detection-platform\datasets\wind_blade_defect_v03_recall\labels\train\v03_corrosion_r1_oversample_corrosion_corrosion_217.txt
corrosion_recall_oversample,C:\Users\yys\Desktop\风机\wind-fault-detection-platform\datasets\wind_blade_defect_v02_improve\images\train\oversample_corrosion_corrosion_219.jpg,C:\Users\yys\Desktop\风机\wind-fault-detection-platform\datasets\wind_blade_defect_v02_improve\labels\train\oversample_corrosion_corrosion_219.txt,C:\Users\yys\Desktop\风机\wind-fault-detection-platform\datasets\wind_blade_defect_v03_recall\images\train\v03_corrosion_r1_oversample_corrosion_corrosion_219.jpg,C:\Users\yys\Desktop\风机\wind-fault-detection-platform\datasets\wind_blade_defect_v03_recall\labels\train\v03_corrosion_r1_oversample_corrosion_corrosion_219.txt
corrosion_recall_oversample,C:\Users\yys\Desktop\风机\wind-fault-detection-platform\datasets\wind_blade_defect_v02_improve\images\train\oversample_corrosion_corrosion_220.jpg,C:\Users\yys\Desktop\风机\wind-fault-detection-platform\datasets\wind_blade_defect_v02_improve\labels\train\oversample_corrosion_corrosion_220.txt,C:\Users\yys\Desktop\风机\wind-fault-detection-platform\datasets\wind_blade_defect_v03_recall\images\train\v03_corrosion_r1_oversample_corrosion_corrosion_220.jpg,C:\Users\yys\Desktop\风机\wind-fault-detection-platform\datasets\wind_blade_defect_v03_recall\labels\train\v03_corrosion_r1_oversample_corrosion_corrosion_220.txt
corrosion_recall_oversample,C:\Users\yys\Desktop\风机\wind-fault-detection-platform\datasets\wind_blade_defect_v02_improve\images\train\oversample_corrosion_corrosion_222.jpg,C:\Users\yys\Desktop\风机\wind-fault-detection-platform\datasets\wind_blade_defect_v02_improve\labels\train\oversample_corrosion_corrosion_222.txt,C:\Users\yys\Desktop\风机\wind-fault-detection-platform\datasets\wind_blade_defect_v03_recall\images\train\v03_corrosion_r1_oversample_corrosion_corrosion_222.jpg,C:\Users\yys\Desktop\风机\wind-fault-detection-platform\datasets\wind_blade_defect_v03_recall\labels\train\v03_corrosion_r1_oversample_corrosion_corrosion_222.txt
corrosion_recall_oversample,C:\Users\yys\Desktop\风机\wind-fault-detection-platform\datasets\wind_blade_defect_v02_improve\images\train\oversample_corrosion_corrosion_224.jpg,C:\Users\yys\Desktop\风机\wind-fault-detection-platform\datasets\wind_blade_defect_v02_improve\labels\train\oversample_corrosion_corrosion_224.txt,C:\Users\yys\Desktop\风机\wind-fault-detection-platform\datasets\wind_blade_defect_v03_recall\images\train\v03_corrosion_r1_oversample_corrosion_corrosion_224.jpg,C:\Users\yys\Desktop\风机\wind-fault-detection-platform\datasets\wind_blade_defect_v03_recall\labels\train\v03_corrosion_r1_oversample_corrosion_corrosion_224.txt
corrosion_recall_oversample,C:\Users\yys\Desktop\风机\wind-fault-detection-platform\datasets\wind_blade_defect_v02_improve\images\train\oversample_corrosion_corrosion_225.jpg,C:\Users\yys\Desktop\风机\wind-fault-detection-platform\datasets\wind_blade_defect_v02_improve\labels\train\oversample_corrosion_corrosion_225.txt,C:\Users\yys\Desktop\风机\wind-fault-detection-platform\datasets\wind_blade_defect_v03_recall\images\train\v03_corrosion_r1_oversample_corrosion_corrosion_225.jpg,C:\Users\yys\Desktop\风机\wind-fault-detection-platform\datasets\wind_blade_defect_v03_recall\labels\train\v03_corrosion_r1_oversample_corrosion_corrosion_225.txt
corrosion_recall_oversample,C:\Users\yys\Desktop\风机\wind-fault-detection-platform\datasets\wind_blade_defect_v02_improve\images\train\oversample_corrosion_corrosion_227.jpg,C:\Users\yys\Desktop\风机\wind-fault-detection-platform\datasets\wind_blade_defect_v02_improve\labels\train\oversample_corrosion_corrosion_227.txt,C:\Users\yys\Desktop\风机\wind-fault-detection-platform\datasets\wind_blade_defect_v03_recall\images\train\v03_corrosion_r1_oversample_corrosion_corrosion_227.jpg,C:\Users\yys\Desktop\风机\wind-fault-detection-platform\datasets\wind_blade_defect_v03_recall\labels\train\v03_corrosion_r1_oversample_corrosion_corrosion_227.txt
corrosion_recall_oversample,C:\Users\yys\Desktop\风机\wind-fault-detection-platform\datasets\wind_blade_defect_v02_improve\images\train\oversample_corrosion_corrosion_231.jpg,C:\Users\yys\Desktop\风机\wind-fault-detection-platform\datasets\wind_blade_defect_v02_improve\labels\train\oversample_corrosion_corrosion_231.txt,C:\Users\yys\Desktop\风机\wind-fault-detection-platform\datasets\wind_blade_defect_v03_recall\images\train\v03_corrosion_r1_oversample_corrosion_corrosion_231.jpg,C:\Users\yys\Desktop\风机\wind-fault-detection-platform\datasets\wind_blade_defect_v03_recall\labels\train\v03_corrosion_r1_oversample_corrosion_corrosion_231.txt
corrosion_recall_oversample,C:\Users\yys\Desktop\风机\wind-fault-detection-platform\datasets\wind_blade_defect_v02_improve\images\train\oversample_corrosion_corrosion_232.jpg,C:\Users\yys\Desktop\风机\wind-fault-detection-platform\datasets\wind_blade_defect_v02_improve\labels\train\oversample_corrosion_corrosion_232.txt,C:\Users\yys\Desktop\风机\wind-fault-detection-platform\datasets\wind_blade_defect_v03_recall\images\train\v03_corrosion_r1_oversample_corrosion_corrosion_232.jpg,C:\Users\yys\Desktop\风机\wind-fault-detection-platform\datasets\wind_blade_defect_v03_recall\labels\train\v03_corrosion_r1_oversample_corrosion_corrosion_232.txt
corrosion_recall_oversample,C:\Users\yys\Desktop\风机\wind-fault-detection-platform\datasets\wind_blade_defect_v02_improve\images\train\oversample_corrosion_corrosion_234.jpg,C:\Users\yys\Desktop\风机\wind-fault-detection-platform\datasets\wind_blade_defect_v02_improve\labels\train\oversample_corrosion_corrosion_234.txt,C:\Users\yys\Desktop\风机\wind-fault-detection-platform\datasets\wind_blade_defect_v03_recall\images\train\v03_corrosion_r1_oversample_corrosion_corrosion_234.jpg,C:\Users\yys\Desktop\风机\wind-fault-detection-platform\datasets\wind_blade_defect_v03_recall\labels\train\v03_corrosion_r1_oversample_corrosion_corrosion_234.txt
corrosion_recall_oversample,C:\Users\yys\Desktop\风机\wind-fault-detection-platform\datasets\wind_blade_defect_v02_improve\images\train\oversample_corrosion_corrosion_236.jpg,C:\Users\yys\Desktop\风机\wind-fault-detection-platform\datasets\wind_blade_defect_v02_improve\labels\train\oversample_corrosion_corrosion_236.txt,C:\Users\yys\Desktop\风机\wind-fault-detection-platform\datasets\wind_blade_defect_v03_recall\images\train\v03_corrosion_r1_oversample_corrosion_corrosion_236.jpg,C:\Users\yys\Desktop\风机\wind-fault-detection-platform\datasets\wind_blade_defect_v03_recall\labels\train\v03_corrosion_r1_oversample_corrosion_corrosion_236.txt
corrosion_recall_oversample,C:\Users\yys\Desktop\风机\wind-fault-detection-platform\datasets\wind_blade_defect_v02_improve\images\train\oversample_corrosion_corrosion_239.jpg,C:\Users\yys\Desktop\风机\wind-fault-detection-platform\datasets\wind_blade_defect_v02_improve\labels\train\oversample_corrosion_corrosion_239.txt,C:\Users\yys\Desktop\风机\wind-fault-detection-platform\datasets\wind_blade_defect_v03_recall\images\train\v03_corrosion_r1_oversample_corrosion_corrosion_239.jpg,C:\Users\yys\Desktop\风机\wind-fault-detection-platform\datasets\wind_blade_defect_v03_recall\labels\train\v03_corrosion_r1_oversample_corrosion_corrosion_239.txt
corrosion_recall_oversample,C:\Users\yys\Desktop\风机\wind-fault-detection-platform\datasets\wind_blade_defect_v02_improve\images\train\oversample_corrosion_corrosion_240.jpg,C:\Users\yys\Desktop\风机\wind-fault-detection-platform\datasets\wind_blade_defect_v02_improve\labels\train\oversample_corrosion_corrosion_240.txt,C:\Users\yys\Desktop\风机\wind-fault-detection-platform\datasets\wind_blade_defect_v03_recall\images\train\v03_corrosion_r1_oversample_corrosion_corrosion_240.jpg,C:\Users\yys\Desktop\风机\wind-fault-detection-platform\datasets\wind_blade_defect_v03_recall\labels\train\v03_corrosion_r1_oversample_corrosion_corrosion_240.txt
corrosion_recall_oversample,C:\Users\yys\Desktop\风机\wind-fault-detection-platform\datasets\wind_blade_defect_v02_improve\images\train\oversample_corrosion_corrosion_241.jpg,C:\Users\yys\Desktop\风机\wind-fault-detection-platform\datasets\wind_blade_defect_v02_improve\labels\train\oversample_corrosion_corrosion_241.txt,C:\Users\yys\Desktop\风机\wind-fault-detection-platform\datasets\wind_blade_defect_v03_recall\images\train\v03_corrosion_r1_oversample_corrosion_corrosion_241.jpg,C:\Users\yys\Desktop\风机\wind-fault-detection-platform\datasets\wind_blade_defect_v03_recall\labels\train\v03_corrosion_r1_oversample_corrosion_corrosion_241.txt
corrosion_recall_oversample,C:\Users\yys\Desktop\风机\wind-fault-detection-platform\datasets\wind_blade_defect_v02_improve\images\train\oversample_corrosion_corrosion_242.jpg,C:\Users\yys\Desktop\风机\wind-fault-detection-platform\datasets\wind_blade_defect_v02_improve\labels\train\oversample_corrosion_corrosion_242.txt,C:\Users\yys\Desktop\风机\wind-fault-detection-platform\datasets\wind_blade_defect_v03_recall\images\train\v03_corrosion_r1_oversample_corrosion_corrosion_242.jpg,C:\Users\yys\Desktop\风机\wind-fault-detection-platform\datasets\wind_blade_defect_v03_recall\labels\train\v03_corrosion_r1_oversample_corrosion_corrosion_242.txt
corrosion_recall_oversample,C:\Users\yys\Desktop\风机\wind-fault-detection-platform\datasets\wind_blade_defect_v02_improve\images\train\oversample_corrosion_corrosion_243.jpg,C:\Users\yys\Desktop\风机\wind-fault-detection-platform\datasets\wind_blade_defect_v02_improve\labels\train\oversample_corrosion_corrosion_243.txt,C:\Users\yys\Desktop\风机\wind-fault-detection-platform\datasets\wind_blade_defect_v03_recall\images\train\v03_corrosion_r1_oversample_corrosion_corrosion_243.jpg,C:\Users\yys\Desktop\风机\wind-fault-detection-platform\datasets\wind_blade_defect_v03_recall\labels\train\v03_corrosion_r1_oversample_corrosion_corrosion_243.txt
corrosion_recall_oversample,C:\Users\yys\Desktop\风机\wind-fault-detection-platform\datasets\wind_blade_defect_v02_improve\images\train\oversample_corrosion_corrosion_245.jpg,C:\Users\yys\Desktop\风机\wind-fault-detection-platform\datasets\wind_blade_defect_v02_improve\labels\train\oversample_corrosion_corrosion_245.txt,C:\Users\yys\Desktop\风机\wind-fault-detection-platform\datasets\wind_blade_defect_v03_recall\images\train\v03_corrosion_r1_oversample_corrosion_corrosion_245.jpg,C:\Users\yys\Desktop\风机\wind-fault-detection-platform\datasets\wind_blade_defect_v03_recall\labels\train\v03_corrosion_r1_oversample_corrosion_corrosion_245.txt
corrosion_recall_oversample,C:\Users\yys\Desktop\风机\wind-fault-detection-platform\datasets\wind_blade_defect_v02_improve\images\train\oversample_corrosion_corrosion_246.jpg,C:\Users\yys\Desktop\风机\wind-fault-detection-platform\datasets\wind_blade_defect_v02_improve\labels\train\oversample_corrosion_corrosion_246.txt,C:\Users\yys\Desktop\风机\wind-fault-detection-platform\datasets\wind_blade_defect_v03_recall\images\train\v03_corrosion_r1_oversample_corrosion_corrosion_246.jpg,C:\Users\yys\Desktop\风机\wind-fault-detection-platform\datasets\wind_blade_defect_v03_recall\labels\train\v03_corrosion_r1_oversample_corrosion_corrosion_246.txt
corrosion_recall_oversample,C:\Users\yys\Desktop\风机\wind-fault-detection-platform\datasets\wind_blade_defect_v02_improve\images\train\oversample_corrosion_corrosion_247.jpg,C:\Users\yys\Desktop\风机\wind-fault-detection-platform\datasets\wind_blade_defect_v02_improve\labels\train\oversample_corrosion_corrosion_247.txt,C:\Users\yys\Desktop\风机\wind-fault-detection-platform\datasets\wind_blade_defect_v03_recall\images\train\v03_corrosion_r1_oversample_corrosion_corrosion_247.jpg,C:\Users\yys\Desktop\风机\wind-fault-detection-platform\datasets\wind_blade_defect_v03_recall\labels\train\v03_corrosion_r1_oversample_corrosion_corrosion_247.txt
corrosion_recall_oversample,C:\Users\yys\Desktop\风机\wind-fault-detection-platform\datasets\wind_blade_defect_v02_improve\images\train\oversample_corrosion_corrosion_248.jpg,C:\Users\yys\Desktop\风机\wind-fault-detection-platform\datasets\wind_blade_defect_v02_improve\labels\train\oversample_corrosion_corrosion_248.txt,C:\Users\yys\Desktop\风机\wind-fault-detection-platform\datasets\wind_blade_defect_v03_recall\images\train\v03_corrosion_r1_oversample_corrosion_corrosion_248.jpg,C:\Users\yys\Desktop\风机\wind-fault-detection-platform\datasets\wind_blade_defect_v03_recall\labels\train\v03_corrosion_r1_oversample_corrosion_corrosion_248.txt
corrosion_recall_oversample,C:\Users\yys\Desktop\风机\wind-fault-detection-platform\datasets\wind_blade_defect_v02_improve\images\train\oversample_corrosion_corrosion_250.jpg,C:\Users\yys\Desktop\风机\wind-fault-detection-platform\datasets\wind_blade_defect_v02_improve\labels\train\oversample_corrosion_corrosion_250.txt,C:\Users\yys\Desktop\风机\wind-fault-detection-platform\datasets\wind_blade_defect_v03_recall\images\train\v03_corrosion_r1_oversample_corrosion_corrosion_250.jpg,C:\Users\yys\Desktop\风机\wind-fault-detection-platform\datasets\wind_blade_defect_v03_recall\labels\train\v03_corrosion_r1_oversample_corrosion_corrosion_250.txt
corrosion_recall_oversample,C:\Users\yys\Desktop\风机\wind-fault-detection-platform\datasets\wind_blade_defect_v02_improve\images\train\oversample_corrosion_corrosion_253.jpg,C:\Users\yys\Desktop\风机\wind-fault-detection-platform\datasets\wind_blade_defect_v02_improve\labels\train\oversample_corrosion_corrosion_253.txt,C:\Users\yys\Desktop\风机\wind-fault-detection-platform\datasets\wind_blade_defect_v03_recall\images\train\v03_corrosion_r1_oversample_corrosion_corrosion_253.jpg,C:\Users\yys\Desktop\风机\wind-fault-detection-platform\datasets\wind_blade_defect_v03_recall\labels\train\v03_corrosion_r1_oversample_corrosion_corrosion_253.txt
corrosion_recall_oversample,C:\Users\yys\Desktop\风机\wind-fault-detection-platform\datasets\wind_blade_defect_v02_improve\images\train\oversample_corrosion_corrosion_254.jpg,C:\Users\yys\Desktop\风机\wind-fault-detection-platform\datasets\wind_blade_defect_v02_improve\labels\train\oversample_corrosion_corrosion_254.txt,C:\Users\yys\Desktop\风机\wind-fault-detection-platform\datasets\wind_blade_defect_v03_recall\images\train\v03_corrosion_r1_oversample_corrosion_corrosion_254.jpg,C:\Users\yys\Desktop\风机\wind-fault-detection-platform\datasets\wind_blade_defect_v03_recall\labels\train\v03_corrosion_r1_oversample_corrosion_corrosion_254.txt
corrosion_recall_oversample,C:\Users\yys\Desktop\风机\wind-fault-detection-platform\datasets\wind_blade_defect_v02_improve\images\train\oversample_corrosion_corrosion_255.jpg,C:\Users\yys\Desktop\风机\wind-fault-detection-platform\datasets\wind_blade_defect_v02_improve\labels\train\oversample_corrosion_corrosion_255.txt,C:\Users\yys\Desktop\风机\wind-fault-detection-platform\datasets\wind_blade_defect_v03_recall\images\train\v03_corrosion_r1_oversample_corrosion_corrosion_255.jpg,C:\Users\yys\Desktop\风机\wind-fault-detection-platform\datasets\wind_blade_defect_v03_recall\labels\train\v03_corrosion_r1_oversample_corrosion_corrosion_255.txt
corrosion_recall_oversample,C:\Users\yys\Desktop\风机\wind-fault-detection-platform\datasets\wind_blade_defect_v02_improve\images\train\oversample_corrosion_corrosion_42.jpg,C:\Users\yys\Desktop\风机\wind-fault-detection-platform\datasets\wind_blade_defect_v02_improve\labels\train\oversample_corrosion_corrosion_42.txt,C:\Users\yys\Desktop\风机\wind-fault-detection-platform\datasets\wind_blade_defect_v03_recall\images\train\v03_corrosion_r1_oversample_corrosion_corrosion_42.jpg,C:\Users\yys\Desktop\风机\wind-fault-detection-platform\datasets\wind_blade_defect_v03_recall\labels\train\v03_corrosion_r1_oversample_corrosion_corrosion_42.txt
corrosion_recall_oversample,C:\Users\yys\Desktop\风机\wind-fault-detection-platform\datasets\wind_blade_defect_v02_improve\images\train\oversample_corrosion_corrosion_43.jpg,C:\Users\yys\Desktop\风机\wind-fault-detection-platform\datasets\wind_blade_defect_v02_improve\labels\train\oversample_corrosion_corrosion_43.txt,C:\Users\yys\Desktop\风机\wind-fault-detection-platform\datasets\wind_blade_defect_v03_recall\images\train\v03_corrosion_r1_oversample_corrosion_corrosion_43.jpg,C:\Users\yys\Desktop\风机\wind-fault-detection-platform\datasets\wind_blade_defect_v03_recall\labels\train\v03_corrosion_r1_oversample_corrosion_corrosion_43.txt
corrosion_recall_oversample,C:\Users\yys\Desktop\风机\wind-fault-detection-platform\datasets\wind_blade_defect_v02_improve\images\train\oversample_corrosion_corrosion_44.jpg,C:\Users\yys\Desktop\风机\wind-fault-detection-platform\datasets\wind_blade_defect_v02_improve\labels\train\oversample_corrosion_corrosion_44.txt,C:\Users\yys\Desktop\风机\wind-fault-detection-platform\datasets\wind_blade_defect_v03_recall\images\train\v03_corrosion_r1_oversample_corrosion_corrosion_44.jpg,C:\Users\yys\Desktop\风机\wind-fault-detection-platform\datasets\wind_blade_defect_v03_recall\labels\train\v03_corrosion_r1_oversample_corrosion_corrosion_44.txt
corrosion_recall_oversample,C:\Users\yys\Desktop\风机\wind-fault-detection-platform\datasets\wind_blade_defect_v02_improve\images\train\oversample_corrosion_corrosion_46.jpg,C:\Users\yys\Desktop\风机\wind-fault-detection-platform\datasets\wind_blade_defect_v02_improve\labels\train\oversample_corrosion_corrosion_46.txt,C:\Users\yys\Desktop\风机\wind-fault-detection-platform\datasets\wind_blade_defect_v03_recall\images\train\v03_corrosion_r1_oversample_corrosion_corrosion_46.jpg,C:\Users\yys\Desktop\风机\wind-fault-detection-platform\datasets\wind_blade_defect_v03_recall\labels\train\v03_corrosion_r1_oversample_corrosion_corrosion_46.txt
corrosion_recall_oversample,C:\Users\yys\Desktop\风机\wind-fault-detection-platform\datasets\wind_blade_defect_v02_improve\images\train\oversample_corrosion_corrosion_47.jpg,C:\Users\yys\Desktop\风机\wind-fault-detection-platform\datasets\wind_blade_defect_v02_improve\labels\train\oversample_corrosion_corrosion_47.txt,C:\Users\yys\Desktop\风机\wind-fault-detection-platform\datasets\wind_blade_defect_v03_recall\images\train\v03_corrosion_r1_oversample_corrosion_corrosion_47.jpg,C:\Users\yys\Desktop\风机\wind-fault-detection-platform\datasets\wind_blade_defect_v03_recall\labels\train\v03_corrosion_r1_oversample_corrosion_corrosion_47.txt
corrosion_recall_oversample,C:\Users\yys\Desktop\风机\wind-fault-detection-platform\datasets\wind_blade_defect_v02_improve\images\train\oversample_corrosion_corrosion_48.jpg,C:\Users\yys\Desktop\风机\wind-fault-detection-platform\datasets\wind_blade_defect_v02_improve\labels\train\oversample_corrosion_corrosion_48.txt,C:\Users\yys\Desktop\风机\wind-fault-detection-platform\datasets\wind_blade_defect_v03_recall\images\train\v03_corrosion_r1_oversample_corrosion_corrosion_48.jpg,C:\Users\yys\Desktop\风机\wind-fault-detection-platform\datasets\wind_blade_defect_v03_recall\labels\train\v03_corrosion_r1_oversample_corrosion_corrosion_48.txt
corrosion_recall_oversample,C:\Users\yys\Desktop\风机\wind-fault-detection-platform\datasets\wind_blade_defect_v02_improve\images\train\oversample_corrosion_corrosion_49.jpg,C:\Users\yys\Desktop\风机\wind-fault-detection-platform\datasets\wind_blade_defect_v02_improve\labels\train\oversample_corrosion_corrosion_49.txt,C:\Users\yys\Desktop\风机\wind-fault-detection-platform\datasets\wind_blade_defect_v03_recall\images\train\v03_corrosion_r1_oversample_corrosion_corrosion_49.jpg,C:\Users\yys\Desktop\风机\wind-fault-detection-platform\datasets\wind_blade_defect_v03_recall\labels\train\v03_corrosion_r1_oversample_corrosion_corrosion_49.txt
corrosion_recall_oversample,C:\Users\yys\Desktop\风机\wind-fault-detection-platform\datasets\wind_blade_defect_v02_improve\images\train\oversample_corrosion_corrosion_51.jpg,C:\Users\yys\Desktop\风机\wind-fault-detection-platform\datasets\wind_blade_defect_v02_improve\labels\train\oversample_corrosion_corrosion_51.txt,C:\Users\yys\Desktop\风机\wind-fault-detection-platform\datasets\wind_blade_defect_v03_recall\images\train\v03_corrosion_r1_oversample_corrosion_corrosion_51.jpg,C:\Users\yys\Desktop\风机\wind-fault-detection-platform\datasets\wind_blade_defect_v03_recall\labels\train\v03_corrosion_r1_oversample_corrosion_corrosion_51.txt
corrosion_recall_oversample,C:\Users\yys\Desktop\风机\wind-fault-detection-platform\datasets\wind_blade_defect_v02_improve\images\train\oversample_corrosion_corrosion_53.jpg,C:\Users\yys\Desktop\风机\wind-fault-detection-platform\datasets\wind_blade_defect_v02_improve\labels\train\oversample_corrosion_corrosion_53.txt,C:\Users\yys\Desktop\风机\wind-fault-detection-platform\datasets\wind_blade_defect_v03_recall\images\train\v03_corrosion_r1_oversample_corrosion_corrosion_53.jpg,C:\Users\yys\Desktop\风机\wind-fault-detection-platform\datasets\wind_blade_defect_v03_recall\labels\train\v03_corrosion_r1_oversample_corrosion_corrosion_53.txt
corrosion_recall_oversample,C:\Users\yys\Desktop\风机\wind-fault-detection-platform\datasets\wind_blade_defect_v02_improve\images\train\oversample_corrosion_corrosion_59.jpg,C:\Users\yys\Desktop\风机\wind-fault-detection-platform\datasets\wind_blade_defect_v02_improve\labels\train\oversample_corrosion_corrosion_59.txt,C:\Users\yys\Desktop\风机\wind-fault-detection-platform\datasets\wind_blade_defect_v03_recall\images\train\v03_corrosion_r1_oversample_corrosion_corrosion_59.jpg,C:\Users\yys\Desktop\风机\wind-fault-detection-platform\datasets\wind_blade_defect_v03_recall\labels\train\v03_corrosion_r1_oversample_corrosion_corrosion_59.txt
corrosion_recall_oversample,C:\Users\yys\Desktop\风机\wind-fault-detection-platform\datasets\wind_blade_defect_v02_improve\images\train\oversample_corrosion_corrosion_61.jpg,C:\Users\yys\Desktop\风机\wind-fault-detection-platform\datasets\wind_blade_defect_v02_improve\labels\train\oversample_corrosion_corrosion_61.txt,C:\Users\yys\Desktop\风机\wind-fault-detection-platform\datasets\wind_blade_defect_v03_recall\images\train\v03_corrosion_r1_oversample_corrosion_corrosion_61.jpg,C:\Users\yys\Desktop\风机\wind-fault-detection-platform\datasets\wind_blade_defect_v03_recall\labels\train\v03_corrosion_r1_oversample_corrosion_corrosion_61.txt
corrosion_recall_oversample,C:\Users\yys\Desktop\风机\wind-fault-detection-platform\datasets\wind_blade_defect_v02_improve\images\train\oversample_corrosion_corrosion_62.jpg,C:\Users\yys\Desktop\风机\wind-fault-detection-platform\datasets\wind_blade_defect_v02_improve\labels\train\oversample_corrosion_corrosion_62.txt,C:\Users\yys\Desktop\风机\wind-fault-detection-platform\datasets\wind_blade_defect_v03_recall\images\train\v03_corrosion_r1_oversample_corrosion_corrosion_62.jpg,C:\Users\yys\Desktop\风机\wind-fault-detection-platform\datasets\wind_blade_defect_v03_recall\labels\train\v03_corrosion_r1_oversample_corrosion_corrosion_62.txt
corrosion_recall_oversample,C:\Users\yys\Desktop\风机\wind-fault-detection-platform\datasets\wind_blade_defect_v02_improve\images\train\oversample_corrosion_corrosion_63.jpg,C:\Users\yys\Desktop\风机\wind-fault-detection-platform\datasets\wind_blade_defect_v02_improve\labels\train\oversample_corrosion_corrosion_63.txt,C:\Users\yys\Desktop\风机\wind-fault-detection-platform\datasets\wind_blade_defect_v03_recall\images\train\v03_corrosion_r1_oversample_corrosion_corrosion_63.jpg,C:\Users\yys\Desktop\风机\wind-fault-detection-platform\datasets\wind_blade_defect_v03_recall\labels\train\v03_corrosion_r1_oversample_corrosion_corrosion_63.txt
corrosion_recall_oversample,C:\Users\yys\Desktop\风机\wind-fault-detection-platform\datasets\wind_blade_defect_v02_improve\images\train\oversample_corrosion_corrosion_67.jpg,C:\Users\yys\Desktop\风机\wind-fault-detection-platform\datasets\wind_blade_defect_v02_improve\labels\train\oversample_corrosion_corrosion_67.txt,C:\Users\yys\Desktop\风机\wind-fault-detection-platform\datasets\wind_blade_defect_v03_recall\images\train\v03_corrosion_r1_oversample_corrosion_corrosion_67.jpg,C:\Users\yys\Desktop\风机\wind-fault-detection-platform\datasets\wind_blade_defect_v03_recall\labels\train\v03_corrosion_r1_oversample_corrosion_corrosion_67.txt
corrosion_recall_oversample,C:\Users\yys\Desktop\风机\wind-fault-detection-platform\datasets\wind_blade_defect_v02_improve\images\train\oversample_corrosion_corrosion_68.jpg,C:\Users\yys\Desktop\风机\wind-fault-detection-platform\datasets\wind_blade_defect_v02_improve\labels\train\oversample_corrosion_corrosion_68.txt,C:\Users\yys\Desktop\风机\wind-fault-detection-platform\datasets\wind_blade_defect_v03_recall\images\train\v03_corrosion_r1_oversample_corrosion_corrosion_68.jpg,C:\Users\yys\Desktop\风机\wind-fault-detection-platform\datasets\wind_blade_defect_v03_recall\labels\train\v03_corrosion_r1_oversample_corrosion_corrosion_68.txt
corrosion_recall_oversample,C:\Users\yys\Desktop\风机\wind-fault-detection-platform\datasets\wind_blade_defect_v02_improve\images\train\oversample_corrosion_corrosion_69.jpg,C:\Users\yys\Desktop\风机\wind-fault-detection-platform\datasets\wind_blade_defect_v02_improve\labels\train\oversample_corrosion_corrosion_69.txt,C:\Users\yys\Desktop\风机\wind-fault-detection-platform\datasets\wind_blade_defect_v03_recall\images\train\v03_corrosion_r1_oversample_corrosion_corrosion_69.jpg,C:\Users\yys\Desktop\风机\wind-fault-detection-platform\datasets\wind_blade_defect_v03_recall\labels\train\v03_corrosion_r1_oversample_corrosion_corrosion_69.txt
corrosion_recall_oversample,C:\Users\yys\Desktop\风机\wind-fault-detection-platform\datasets\wind_blade_defect_v02_improve\images\train\oversample_corrosion_corrosion_70.jpg,C:\Users\yys\Desktop\风机\wind-fault-detection-platform\datasets\wind_blade_defect_v02_improve\labels\train\oversample_corrosion_corrosion_70.txt,C:\Users\yys\Desktop\风机\wind-fault-detection-platform\datasets\wind_blade_defect_v03_recall\images\train\v03_corrosion_r1_oversample_corrosion_corrosion_70.jpg,C:\Users\yys\Desktop\风机\wind-fault-detection-platform\datasets\wind_blade_defect_v03_recall\labels\train\v03_corrosion_r1_oversample_corrosion_corrosion_70.txt
corrosion_recall_oversample,C:\Users\yys\Desktop\风机\wind-fault-detection-platform\datasets\wind_blade_defect_v02_improve\images\train\oversample_corrosion_corrosion_73.jpg,C:\Users\yys\Desktop\风机\wind-fault-detection-platform\datasets\wind_blade_defect_v02_improve\labels\train\oversample_corrosion_corrosion_73.txt,C:\Users\yys\Desktop\风机\wind-fault-detection-platform\datasets\wind_blade_defect_v03_recall\images\train\v03_corrosion_r1_oversample_corrosion_corrosion_73.jpg,C:\Users\yys\Desktop\风机\wind-fault-detection-platform\datasets\wind_blade_defect_v03_recall\labels\train\v03_corrosion_r1_oversample_corrosion_corrosion_73.txt
corrosion_recall_oversample,C:\Users\yys\Desktop\风机\wind-fault-detection-platform\datasets\wind_blade_defect_v02_improve\images\train\oversample_corrosion_corrosion_75.jpg,C:\Users\yys\Desktop\风机\wind-fault-detection-platform\datasets\wind_blade_defect_v02_improve\labels\train\oversample_corrosion_corrosion_75.txt,C:\Users\yys\Desktop\风机\wind-fault-detection-platform\datasets\wind_blade_defect_v03_recall\images\train\v03_corrosion_r1_oversample_corrosion_corrosion_75.jpg,C:\Users\yys\Desktop\风机\wind-fault-detection-platform\datasets\wind_blade_defect_v03_recall\labels\train\v03_corrosion_r1_oversample_corrosion_corrosion_75.txt
corrosion_recall_oversample,C:\Users\yys\Desktop\风机\wind-fault-detection-platform\datasets\wind_blade_defect_v02_improve\images\train\oversample_corrosion_corrosion_76.jpg,C:\Users\yys\Desktop\风机\wind-fault-detection-platform\datasets\wind_blade_defect_v02_improve\labels\train\oversample_corrosion_corrosion_76.txt,C:\Users\yys\Desktop\风机\wind-fault-detection-platform\datasets\wind_blade_defect_v03_recall\images\train\v03_corrosion_r1_oversample_corrosion_corrosion_76.jpg,C:\Users\yys\Desktop\风机\wind-fault-detection-platform\datasets\wind_blade_defect_v03_recall\labels\train\v03_corrosion_r1_oversample_corrosion_corrosion_76.txt
corrosion_recall_oversample,C:\Users\yys\Desktop\风机\wind-fault-detection-platform\datasets\wind_blade_defect_v02_improve\images\train\oversample_corrosion_corrosion_78.jpg,C:\Users\yys\Desktop\风机\wind-fault-detection-platform\datasets\wind_blade_defect_v02_improve\labels\train\oversample_corrosion_corrosion_78.txt,C:\Users\yys\Desktop\风机\wind-fault-detection-platform\datasets\wind_blade_defect_v03_recall\images\train\v03_corrosion_r1_oversample_corrosion_corrosion_78.jpg,C:\Users\yys\Desktop\风机\wind-fault-detection-platform\datasets\wind_blade_defect_v03_recall\labels\train\v03_corrosion_r1_oversample_corrosion_corrosion_78.txt
corrosion_recall_oversample,C:\Users\yys\Desktop\风机\wind-fault-detection-platform\datasets\wind_blade_defect_v02_improve\images\train\oversample_corrosion_corrosion_79.jpg,C:\Users\yys\Desktop\风机\wind-fault-detection-platform\datasets\wind_blade_defect_v02_improve\labels\train\oversample_corrosion_corrosion_79.txt,C:\Users\yys\Desktop\风机\wind-fault-detection-platform\datasets\wind_blade_defect_v03_recall\images\train\v03_corrosion_r1_oversample_corrosion_corrosion_79.jpg,C:\Users\yys\Desktop\风机\wind-fault-detection-platform\datasets\wind_blade_defect_v03_recall\labels\train\v03_corrosion_r1_oversample_corrosion_corrosion_79.txt
corrosion_recall_oversample,C:\Users\yys\Desktop\风机\wind-fault-detection-platform\datasets\wind_blade_defect_v02_improve\images\train\oversample_corrosion_corrosion_80.jpg,C:\Users\yys\Desktop\风机\wind-fault-detection-platform\datasets\wind_blade_defect_v02_improve\labels\train\oversample_corrosion_corrosion_80.txt,C:\Users\yys\Desktop\风机\wind-fault-detection-platform\datasets\wind_blade_defect_v03_recall\images\train\v03_corrosion_r1_oversample_corrosion_corrosion_80.jpg,C:\Users\yys\Desktop\风机\wind-fault-detection-platform\datasets\wind_blade_defect_v03_recall\labels\train\v03_corrosion_r1_oversample_corrosion_corrosion_80.txt
corrosion_recall_oversample,C:\Users\yys\Desktop\风机\wind-fault-detection-platform\datasets\wind_blade_defect_v02_improve\images\train\oversample_corrosion_corrosion_83.jpg,C:\Users\yys\Desktop\风机\wind-fault-detection-platform\datasets\wind_blade_defect_v02_improve\labels\train\oversample_corrosion_corrosion_83.txt,C:\Users\yys\Desktop\风机\wind-fault-detection-platform\datasets\wind_blade_defect_v03_recall\images\train\v03_corrosion_r1_oversample_corrosion_corrosion_83.jpg,C:\Users\yys\Desktop\风机\wind-fault-detection-platform\datasets\wind_blade_defect_v03_recall\labels\train\v03_corrosion_r1_oversample_corrosion_corrosion_83.txt
corrosion_recall_oversample,C:\Users\yys\Desktop\风机\wind-fault-detection-platform\datasets\wind_blade_defect_v02_improve\images\train\oversample_corrosion_corrosion_84.jpg,C:\Users\yys\Desktop\风机\wind-fault-detection-platform\datasets\wind_blade_defect_v02_improve\labels\train\oversample_corrosion_corrosion_84.txt,C:\Users\yys\Desktop\风机\wind-fault-detection-platform\datasets\wind_blade_defect_v03_recall\images\train\v03_corrosion_r1_oversample_corrosion_corrosion_84.jpg,C:\Users\yys\Desktop\风机\wind-fault-detection-platform\datasets\wind_blade_defect_v03_recall\labels\train\v03_corrosion_r1_oversample_corrosion_corrosion_84.txt
corrosion_recall_oversample,C:\Users\yys\Desktop\风机\wind-fault-detection-platform\datasets\wind_blade_defect_v02_improve\images\train\oversample_corrosion_corrosion_86.jpg,C:\Users\yys\Desktop\风机\wind-fault-detection-platform\datasets\wind_blade_defect_v02_improve\labels\train\oversample_corrosion_corrosion_86.txt,C:\Users\yys\Desktop\风机\wind-fault-detection-platform\datasets\wind_blade_defect_v03_recall\images\train\v03_corrosion_r1_oversample_corrosion_corrosion_86.jpg,C:\Users\yys\Desktop\风机\wind-fault-detection-platform\datasets\wind_blade_defect_v03_recall\labels\train\v03_corrosion_r1_oversample_corrosion_corrosion_86.txt
corrosion_recall_oversample,C:\Users\yys\Desktop\风机\wind-fault-detection-platform\datasets\wind_blade_defect_v02_improve\images\train\oversample_corrosion_corrosion_87.jpg,C:\Users\yys\Desktop\风机\wind-fault-detection-platform\datasets\wind_blade_defect_v02_improve\labels\train\oversample_corrosion_corrosion_87.txt,C:\Users\yys\Desktop\风机\wind-fault-detection-platform\datasets\wind_blade_defect_v03_recall\images\train\v03_corrosion_r1_oversample_corrosion_corrosion_87.jpg,C:\Users\yys\Desktop\风机\wind-fault-detection-platform\datasets\wind_blade_defect_v03_recall\labels\train\v03_corrosion_r1_oversample_corrosion_corrosion_87.txt
corrosion_recall_oversample,C:\Users\yys\Desktop\风机\wind-fault-detection-platform\datasets\wind_blade_defect_v02_improve\images\train\oversample_corrosion_corrosion_88.jpg,C:\Users\yys\Desktop\风机\wind-fault-detection-platform\datasets\wind_blade_defect_v02_improve\labels\train\oversample_corrosion_corrosion_88.txt,C:\Users\yys\Desktop\风机\wind-fault-detection-platform\datasets\wind_blade_defect_v03_recall\images\train\v03_corrosion_r1_oversample_corrosion_corrosion_88.jpg,C:\Users\yys\Desktop\风机\wind-fault-detection-platform\datasets\wind_blade_defect_v03_recall\labels\train\v03_corrosion_r1_oversample_corrosion_corrosion_88.txt
corrosion_recall_oversample,C:\Users\yys\Desktop\风机\wind-fault-detection-platform\datasets\wind_blade_defect_v02_improve\images\train\oversample_corrosion_corrosion_89.jpg,C:\Users\yys\Desktop\风机\wind-fault-detection-platform\datasets\wind_blade_defect_v02_improve\labels\train\oversample_corrosion_corrosion_89.txt,C:\Users\yys\Desktop\风机\wind-fault-detection-platform\datasets\wind_blade_defect_v03_recall\images\train\v03_corrosion_r1_oversample_corrosion_corrosion_89.jpg,C:\Users\yys\Desktop\风机\wind-fault-detection-platform\datasets\wind_blade_defect_v03_recall\labels\train\v03_corrosion_r1_oversample_corrosion_corrosion_89.txt
corrosion_recall_oversample,C:\Users\yys\Desktop\风机\wind-fault-detection-platform\datasets\wind_blade_defect_v02_improve\images\train\oversample_corrosion_corrosion_90.jpg,C:\Users\yys\Desktop\风机\wind-fault-detection-platform\datasets\wind_blade_defect_v02_improve\labels\train\oversample_corrosion_corrosion_90.txt,C:\Users\yys\Desktop\风机\wind-fault-detection-platform\datasets\wind_blade_defect_v03_recall\images\train\v03_corrosion_r1_oversample_corrosion_corrosion_90.jpg,C:\Users\yys\Desktop\风机\wind-fault-detection-platform\datasets\wind_blade_defect_v03_recall\labels\train\v03_corrosion_r1_oversample_corrosion_corrosion_90.txt
corrosion_recall_oversample,C:\Users\yys\Desktop\风机\wind-fault-detection-platform\datasets\wind_blade_defect_v02_improve\images\train\oversample_corrosion_corrosion_92.jpg,C:\Users\yys\Desktop\风机\wind-fault-detection-platform\datasets\wind_blade_defect_v02_improve\labels\train\oversample_corrosion_corrosion_92.txt,C:\Users\yys\Desktop\风机\wind-fault-detection-platform\datasets\wind_blade_defect_v03_recall\images\train\v03_corrosion_r1_oversample_corrosion_corrosion_92.jpg,C:\Users\yys\Desktop\风机\wind-fault-detection-platform\datasets\wind_blade_defect_v03_recall\labels\train\v03_corrosion_r1_oversample_corrosion_corrosion_92.txt
corrosion_recall_oversample,C:\Users\yys\Desktop\风机\wind-fault-detection-platform\datasets\wind_blade_defect_v02_improve\images\train\oversample_corrosion_corrosion_93.jpg,C:\Users\yys\Desktop\风机\wind-fault-detection-platform\datasets\wind_blade_defect_v02_improve\labels\train\oversample_corrosion_corrosion_93.txt,C:\Users\yys\Desktop\风机\wind-fault-detection-platform\datasets\wind_blade_defect_v03_recall\images\train\v03_corrosion_r1_oversample_corrosion_corrosion_93.jpg,C:\Users\yys\Desktop\风机\wind-fault-detection-platform\datasets\wind_blade_defect_v03_recall\labels\train\v03_corrosion_r1_oversample_corrosion_corrosion_93.txt
corrosion_recall_oversample,C:\Users\yys\Desktop\风机\wind-fault-detection-platform\datasets\wind_blade_defect_v02_improve\images\train\oversample_corrosion_corrosion_94.jpg,C:\Users\yys\Desktop\风机\wind-fault-detection-platform\datasets\wind_blade_defect_v02_improve\labels\train\oversample_corrosion_corrosion_94.txt,C:\Users\yys\Desktop\风机\wind-fault-detection-platform\datasets\wind_blade_defect_v03_recall\images\train\v03_corrosion_r1_oversample_corrosion_corrosion_94.jpg,C:\Users\yys\Desktop\风机\wind-fault-detection-platform\datasets\wind_blade_defect_v03_recall\labels\train\v03_corrosion_r1_oversample_corrosion_corrosion_94.txt
corrosion_recall_oversample,C:\Users\yys\Desktop\风机\wind-fault-detection-platform\datasets\wind_blade_defect_v02_improve\images\train\oversample_corrosion_corrosion_95.jpg,C:\Users\yys\Desktop\风机\wind-fault-detection-platform\datasets\wind_blade_defect_v02_improve\labels\train\oversample_corrosion_corrosion_95.txt,C:\Users\yys\Desktop\风机\wind-fault-detection-platform\datasets\wind_blade_defect_v03_recall\images\train\v03_corrosion_r1_oversample_corrosion_corrosion_95.jpg,C:\Users\yys\Desktop\风机\wind-fault-detection-platform\datasets\wind_blade_defect_v03_recall\labels\train\v03_corrosion_r1_oversample_corrosion_corrosion_95.txt
corrosion_recall_oversample,C:\Users\yys\Desktop\风机\wind-fault-detection-platform\datasets\wind_blade_defect_v02_improve\images\train\oversample_corrosion_corrosion_97.jpg,C:\Users\yys\Desktop\风机\wind-fault-detection-platform\datasets\wind_blade_defect_v02_improve\labels\train\oversample_corrosion_corrosion_97.txt,C:\Users\yys\Desktop\风机\wind-fault-detection-platform\datasets\wind_blade_defect_v03_recall\images\train\v03_corrosion_r1_oversample_corrosion_corrosion_97.jpg,C:\Users\yys\Desktop\风机\wind-fault-detection-platform\datasets\wind_blade_defect_v03_recall\labels\train\v03_corrosion_r1_oversample_corrosion_corrosion_97.txt
corrosion_recall_oversample,C:\Users\yys\Desktop\风机\wind-fault-detection-platform\datasets\wind_blade_defect_v02_improve\images\train\oversample_corrosion_corrosion_98.jpg,C:\Users\yys\Desktop\风机\wind-fault-detection-platform\datasets\wind_blade_defect_v02_improve\labels\train\oversample_corrosion_corrosion_98.txt,C:\Users\yys\Desktop\风机\wind-fault-detection-platform\datasets\wind_blade_defect_v03_recall\images\train\v03_corrosion_r1_oversample_corrosion_corrosion_98.jpg,C:\Users\yys\Desktop\风机\wind-fault-detection-platform\datasets\wind_blade_defect_v03_recall\labels\train\v03_corrosion_r1_oversample_corrosion_corrosion_98.txt
corrosion_recall_oversample,C:\Users\yys\Desktop\风机\wind-fault-detection-platform\datasets\wind_blade_defect_v02_improve\images\train\oversample_corrosion_corrosion_99.jpg,C:\Users\yys\Desktop\风机\wind-fault-detection-platform\datasets\wind_blade_defect_v02_improve\labels\train\oversample_corrosion_corrosion_99.txt,C:\Users\yys\Desktop\风机\wind-fault-detection-platform\datasets\wind_blade_defect_v03_recall\images\train\v03_corrosion_r1_oversample_corrosion_corrosion_99.jpg,C:\Users\yys\Desktop\风机\wind-fault-detection-platform\datasets\wind_blade_defect_v03_recall\labels\train\v03_corrosion_r1_oversample_corrosion_corrosion_99.txt
corrosion_recall_oversample,C:\Users\yys\Desktop\风机\wind-fault-detection-platform\datasets\wind_blade_defect_v02_improve\images\train\oversample_corrosion_hole_1024.jpg,C:\Users\yys\Desktop\风机\wind-fault-detection-platform\datasets\wind_blade_defect_v02_improve\labels\train\oversample_corrosion_hole_1024.txt,C:\Users\yys\Desktop\风机\wind-fault-detection-platform\datasets\wind_blade_defect_v03_recall\images\train\v03_corrosion_r1_oversample_corrosion_hole_1024.jpg,C:\Users\yys\Desktop\风机\wind-fault-detection-platform\datasets\wind_blade_defect_v03_recall\labels\train\v03_corrosion_r1_oversample_corrosion_hole_1024.txt
corrosion_recall_oversample,C:\Users\yys\Desktop\风机\wind-fault-detection-platform\datasets\wind_blade_defect_v02_improve\images\train\oversample_corrosion_hole_154.jpg,C:\Users\yys\Desktop\风机\wind-fault-detection-platform\datasets\wind_blade_defect_v02_improve\labels\train\oversample_corrosion_hole_154.txt,C:\Users\yys\Desktop\风机\wind-fault-detection-platform\datasets\wind_blade_defect_v03_recall\images\train\v03_corrosion_r1_oversample_corrosion_hole_154.jpg,C:\Users\yys\Desktop\风机\wind-fault-detection-platform\datasets\wind_blade_defect_v03_recall\labels\train\v03_corrosion_r1_oversample_corrosion_hole_154.txt
corrosion_recall_oversample,C:\Users\yys\Desktop\风机\wind-fault-detection-platform\datasets\wind_blade_defect_v02_improve\images\train\oversample_corrosion_hole_195.jpg,C:\Users\yys\Desktop\风机\wind-fault-detection-platform\datasets\wind_blade_defect_v02_improve\labels\train\oversample_corrosion_hole_195.txt,C:\Users\yys\Desktop\风机\wind-fault-detection-platform\datasets\wind_blade_defect_v03_recall\images\train\v03_corrosion_r1_oversample_corrosion_hole_195.jpg,C:\Users\yys\Desktop\风机\wind-fault-detection-platform\datasets\wind_blade_defect_v03_recall\labels\train\v03_corrosion_r1_oversample_corrosion_hole_195.txt
corrosion_recall_oversample,C:\Users\yys\Desktop\风机\wind-fault-detection-platform\datasets\wind_blade_defect_v02_improve\images\train\oversample_corrosion_hole_482.jpg,C:\Users\yys\Desktop\风机\wind-fault-detection-platform\datasets\wind_blade_defect_v02_improve\labels\train\oversample_corrosion_hole_482.txt,C:\Users\yys\Desktop\风机\wind-fault-detection-platform\datasets\wind_blade_defect_v03_recall\images\train\v03_corrosion_r1_oversample_corrosion_hole_482.jpg,C:\Users\yys\Desktop\风机\wind-fault-detection-platform\datasets\wind_blade_defect_v03_recall\labels\train\v03_corrosion_r1_oversample_corrosion_hole_482.txt
corrosion_recall_oversample,C:\Users\yys\Desktop\风机\wind-fault-detection-platform\datasets\wind_blade_defect_v02_improve\images\train\oversample_corrosion_hole_510.jpg,C:\Users\yys\Desktop\风机\wind-fault-detection-platform\datasets\wind_blade_defect_v02_improve\labels\train\oversample_corrosion_hole_510.txt,C:\Users\yys\Desktop\风机\wind-fault-detection-platform\datasets\wind_blade_defect_v03_recall\images\train\v03_corrosion_r1_oversample_corrosion_hole_510.jpg,C:\Users\yys\Desktop\风机\wind-fault-detection-platform\datasets\wind_blade_defect_v03_recall\labels\train\v03_corrosion_r1_oversample_corrosion_hole_510.txt
corrosion_recall_oversample,C:\Users\yys\Desktop\风机\wind-fault-detection-platform\datasets\wind_blade_defect_v02_improve\images\train\oversample_corrosion_hole_697.jpg,C:\Users\yys\Desktop\风机\wind-fault-detection-platform\datasets\wind_blade_defect_v02_improve\labels\train\oversample_corrosion_hole_697.txt,C:\Users\yys\Desktop\风机\wind-fault-detection-platform\datasets\wind_blade_defect_v03_recall\images\train\v03_corrosion_r1_oversample_corrosion_hole_697.jpg,C:\Users\yys\Desktop\风机\wind-fault-detection-platform\datasets\wind_blade_defect_v03_recall\labels\train\v03_corrosion_r1_oversample_corrosion_hole_697.txt
corrosion_recall_oversample,C:\Users\yys\Desktop\风机\wind-fault-detection-platform\datasets\wind_blade_defect_v02_improve\images\train\oversample_corrosion_spalling_1037.jpg,C:\Users\yys\Desktop\风机\wind-fault-detection-platform\datasets\wind_blade_defect_v02_improve\labels\train\oversample_corrosion_spalling_1037.txt,C:\Users\yys\Desktop\风机\wind-fault-detection-platform\datasets\wind_blade_defect_v03_recall\images\train\v03_corrosion_r1_oversample_corrosion_spalling_1037.jpg,C:\Users\yys\Desktop\风机\wind-fault-detection-platform\datasets\wind_blade_defect_v03_recall\labels\train\v03_corrosion_r1_oversample_corrosion_spalling_1037.txt
corrosion_recall_oversample,C:\Users\yys\Desktop\风机\wind-fault-detection-platform\datasets\wind_blade_defect_v02_improve\images\train\oversample_corrosion_spalling_19.jpg,C:\Users\yys\Desktop\风机\wind-fault-detection-platform\datasets\wind_blade_defect_v02_improve\labels\train\oversample_corrosion_spalling_19.txt,C:\Users\yys\Desktop\风机\wind-fault-detection-platform\datasets\wind_blade_defect_v03_recall\images\train\v03_corrosion_r1_oversample_corrosion_spalling_19.jpg,C:\Users\yys\Desktop\风机\wind-fault-detection-platform\datasets\wind_blade_defect_v03_recall\labels\train\v03_corrosion_r1_oversample_corrosion_spalling_19.txt
corrosion_recall_oversample,C:\Users\yys\Desktop\风机\wind-fault-detection-platform\datasets\wind_blade_defect_v02_improve\images\train\oversample_corrosion_spalling_23.jpg,C:\Users\yys\Desktop\风机\wind-fault-detection-platform\datasets\wind_blade_defect_v02_improve\labels\train\oversample_corrosion_spalling_23.txt,C:\Users\yys\Desktop\风机\wind-fault-detection-platform\datasets\wind_blade_defect_v03_recall\images\train\v03_corrosion_r1_oversample_corrosion_spalling_23.jpg,C:\Users\yys\Desktop\风机\wind-fault-detection-platform\datasets\wind_blade_defect_v03_recall\labels\train\v03_corrosion_r1_oversample_corrosion_spalling_23.txt
corrosion_recall_oversample,C:\Users\yys\Desktop\风机\wind-fault-detection-platform\datasets\wind_blade_defect_v02_improve\images\train\oversample_corrosion_spalling_30.jpg,C:\Users\yys\Desktop\风机\wind-fault-detection-platform\datasets\wind_blade_defect_v02_improve\labels\train\oversample_corrosion_spalling_30.txt,C:\Users\yys\Desktop\风机\wind-fault-detection-platform\datasets\wind_blade_defect_v03_recall\images\train\v03_corrosion_r1_oversample_corrosion_spalling_30.jpg,C:\Users\yys\Desktop\风机\wind-fault-detection-platform\datasets\wind_blade_defect_v03_recall\labels\train\v03_corrosion_r1_oversample_corrosion_spalling_30.txt
corrosion_recall_oversample,C:\Users\yys\Desktop\风机\wind-fault-detection-platform\datasets\wind_blade_defect_v02_improve\images\train\oversample_corrosion_spalling_368.jpg,C:\Users\yys\Desktop\风机\wind-fault-detection-platform\datasets\wind_blade_defect_v02_improve\labels\train\oversample_corrosion_spalling_368.txt,C:\Users\yys\Desktop\风机\wind-fault-detection-platform\datasets\wind_blade_defect_v03_recall\images\train\v03_corrosion_r1_oversample_corrosion_spalling_368.jpg,C:\Users\yys\Desktop\风机\wind-fault-detection-platform\datasets\wind_blade_defect_v03_recall\labels\train\v03_corrosion_r1_oversample_corrosion_spalling_368.txt
corrosion_recall_oversample,C:\Users\yys\Desktop\风机\wind-fault-detection-platform\datasets\wind_blade_defect_v02_improve\images\train\oversample_corrosion_spalling_436.jpg,C:\Users\yys\Desktop\风机\wind-fault-detection-platform\datasets\wind_blade_defect_v02_improve\labels\train\oversample_corrosion_spalling_436.txt,C:\Users\yys\Desktop\风机\wind-fault-detection-platform\datasets\wind_blade_defect_v03_recall\images\train\v03_corrosion_r1_oversample_corrosion_spalling_436.jpg,C:\Users\yys\Desktop\风机\wind-fault-detection-platform\datasets\wind_blade_defect_v03_recall\labels\train\v03_corrosion_r1_oversample_corrosion_spalling_436.txt
corrosion_recall_oversample,C:\Users\yys\Desktop\风机\wind-fault-detection-platform\datasets\wind_blade_defect_v02_improve\images\train\oversample_corrosion_spalling_61.jpg,C:\Users\yys\Desktop\风机\wind-fault-detection-platform\datasets\wind_blade_defect_v02_improve\labels\train\oversample_corrosion_spalling_61.txt,C:\Users\yys\Desktop\风机\wind-fault-detection-platform\datasets\wind_blade_defect_v03_recall\images\train\v03_corrosion_r1_oversample_corrosion_spalling_61.jpg,C:\Users\yys\Desktop\风机\wind-fault-detection-platform\datasets\wind_blade_defect_v03_recall\labels\train\v03_corrosion_r1_oversample_corrosion_spalling_61.txt
corrosion_recall_oversample,C:\Users\yys\Desktop\风机\wind-fault-detection-platform\datasets\wind_blade_defect_v02_improve\images\train\oversample_corrosion_spalling_69.jpg,C:\Users\yys\Desktop\风机\wind-fault-detection-platform\datasets\wind_blade_defect_v02_improve\labels\train\oversample_corrosion_spalling_69.txt,C:\Users\yys\Desktop\风机\wind-fault-detection-platform\datasets\wind_blade_defect_v03_recall\images\train\v03_corrosion_r1_oversample_corrosion_spalling_69.jpg,C:\Users\yys\Desktop\风机\wind-fault-detection-platform\datasets\wind_blade_defect_v03_recall\labels\train\v03_corrosion_r1_oversample_corrosion_spalling_69.txt
corrosion_recall_oversample,C:\Users\yys\Desktop\风机\wind-fault-detection-platform\datasets\wind_blade_defect_v02_improve\images\train\oversample_corrosion_spalling_706.jpg,C:\Users\yys\Desktop\风机\wind-fault-detection-platform\datasets\wind_blade_defect_v02_improve\labels\train\oversample_corrosion_spalling_706.txt,C:\Users\yys\Desktop\风机\wind-fault-detection-platform\datasets\wind_blade_defect_v03_recall\images\train\v03_corrosion_r1_oversample_corrosion_spalling_706.jpg,C:\Users\yys\Desktop\风机\wind-fault-detection-platform\datasets\wind_blade_defect_v03_recall\labels\train\v03_corrosion_r1_oversample_corrosion_spalling_706.txt
corrosion_recall_oversample,C:\Users\yys\Desktop\风机\wind-fault-detection-platform\datasets\wind_blade_defect_v02_improve\images\train\oversample_corrosion_spalling_711.jpg,C:\Users\yys\Desktop\风机\wind-fault-detection-platform\datasets\wind_blade_defect_v02_improve\labels\train\oversample_corrosion_spalling_711.txt,C:\Users\yys\Desktop\风机\wind-fault-detection-platform\datasets\wind_blade_defect_v03_recall\images\train\v03_corrosion_r1_oversample_corrosion_spalling_711.jpg,C:\Users\yys\Desktop\风机\wind-fault-detection-platform\datasets\wind_blade_defect_v03_recall\labels\train\v03_corrosion_r1_oversample_corrosion_spalling_711.txt
corrosion_recall_oversample,C:\Users\yys\Desktop\风机\wind-fault-detection-platform\datasets\wind_blade_defect_v02_improve\images\train\oversample_corrosion_spalling_8.jpg,C:\Users\yys\Desktop\风机\wind-fault-detection-platform\datasets\wind_blade_defect_v02_improve\labels\train\oversample_corrosion_spalling_8.txt,C:\Users\yys\Desktop\风机\wind-fault-detection-platform\datasets\wind_blade_defect_v03_recall\images\train\v03_corrosion_r1_oversample_corrosion_spalling_8.jpg,C:\Users\yys\Desktop\风机\wind-fault-detection-platform\datasets\wind_blade_defect_v03_recall\labels\train\v03_corrosion_r1_oversample_corrosion_spalling_8.txt
corrosion_recall_oversample,C:\Users\yys\Desktop\风机\wind-fault-detection-platform\datasets\wind_blade_defect_v02_improve\images\train\oversample_corrosion_spalling_883.jpg,C:\Users\yys\Desktop\风机\wind-fault-detection-platform\datasets\wind_blade_defect_v02_improve\labels\train\oversample_corrosion_spalling_883.txt,C:\Users\yys\Desktop\风机\wind-fault-detection-platform\datasets\wind_blade_defect_v03_recall\images\train\v03_corrosion_r1_oversample_corrosion_spalling_883.jpg,C:\Users\yys\Desktop\风机\wind-fault-detection-platform\datasets\wind_blade_defect_v03_recall\labels\train\v03_corrosion_r1_oversample_corrosion_spalling_883.txt
corrosion_recall_oversample,C:\Users\yys\Desktop\风机\wind-fault-detection-platform\datasets\wind_blade_defect_v02_improve\images\train\oversample_corrosion_spalling_905.jpg,C:\Users\yys\Desktop\风机\wind-fault-detection-platform\datasets\wind_blade_defect_v02_improve\labels\train\oversample_corrosion_spalling_905.txt,C:\Users\yys\Desktop\风机\wind-fault-detection-platform\datasets\wind_blade_defect_v03_recall\images\train\v03_corrosion_r1_oversample_corrosion_spalling_905.jpg,C:\Users\yys\Desktop\风机\wind-fault-detection-platform\datasets\wind_blade_defect_v03_recall\labels\train\v03_corrosion_r1_oversample_corrosion_spalling_905.txt
corrosion_recall_oversample,C:\Users\yys\Desktop\风机\wind-fault-detection-platform\datasets\wind_blade_defect_v02_improve\images\train\oversample_corrosion_spalling_976.jpg,C:\Users\yys\Desktop\风机\wind-fault-detection-platform\datasets\wind_blade_defect_v02_improve\labels\train\oversample_corrosion_spalling_976.txt,C:\Users\yys\Desktop\风机\wind-fault-detection-platform\datasets\wind_blade_defect_v03_recall\images\train\v03_corrosion_r1_oversample_corrosion_spalling_976.jpg,C:\Users\yys\Desktop\风机\wind-fault-detection-platform\datasets\wind_blade_defect_v03_recall\labels\train\v03_corrosion_r1_oversample_corrosion_spalling_976.txt
corrosion_recall_oversample,C:\Users\yys\Desktop\风机\wind-fault-detection-platform\datasets\wind_blade_defect_v02_improve\images\train\spalling_1037.jpg,C:\Users\yys\Desktop\风机\wind-fault-detection-platform\datasets\wind_blade_defect_v02_improve\labels\train\spalling_1037.txt,C:\Users\yys\Desktop\风机\wind-fault-detection-platform\datasets\wind_blade_defect_v03_recall\images\train\v03_corrosion_r1_spalling_1037.jpg,C:\Users\yys\Desktop\风机\wind-fault-detection-platform\datasets\wind_blade_defect_v03_recall\labels\train\v03_corrosion_r1_spalling_1037.txt
corrosion_recall_oversample,C:\Users\yys\Desktop\风机\wind-fault-detection-platform\datasets\wind_blade_defect_v02_improve\images\train\spalling_19.jpg,C:\Users\yys\Desktop\风机\wind-fault-detection-platform\datasets\wind_blade_defect_v02_improve\labels\train\spalling_19.txt,C:\Users\yys\Desktop\风机\wind-fault-detection-platform\datasets\wind_blade_defect_v03_recall\images\train\v03_corrosion_r1_spalling_19.jpg,C:\Users\yys\Desktop\风机\wind-fault-detection-platform\datasets\wind_blade_defect_v03_recall\labels\train\v03_corrosion_r1_spalling_19.txt
corrosion_recall_oversample,C:\Users\yys\Desktop\风机\wind-fault-detection-platform\datasets\wind_blade_defect_v02_improve\images\train\spalling_23.jpg,C:\Users\yys\Desktop\风机\wind-fault-detection-platform\datasets\wind_blade_defect_v02_improve\labels\train\spalling_23.txt,C:\Users\yys\Desktop\风机\wind-fault-detection-platform\datasets\wind_blade_defect_v03_recall\images\train\v03_corrosion_r1_spalling_23.jpg,C:\Users\yys\Desktop\风机\wind-fault-detection-platform\datasets\wind_blade_defect_v03_recall\labels\train\v03_corrosion_r1_spalling_23.txt
corrosion_recall_oversample,C:\Users\yys\Desktop\风机\wind-fault-detection-platform\datasets\wind_blade_defect_v02_improve\images\train\spalling_30.jpg,C:\Users\yys\Desktop\风机\wind-fault-detection-platform\datasets\wind_blade_defect_v02_improve\labels\train\spalling_30.txt,C:\Users\yys\Desktop\风机\wind-fault-detection-platform\datasets\wind_blade_defect_v03_recall\images\train\v03_corrosion_r1_spalling_30.jpg,C:\Users\yys\Desktop\风机\wind-fault-detection-platform\datasets\wind_blade_defect_v03_recall\labels\train\v03_corrosion_r1_spalling_30.txt
corrosion_recall_oversample,C:\Users\yys\Desktop\风机\wind-fault-detection-platform\datasets\wind_blade_defect_v02_improve\images\train\spalling_368.jpg,C:\Users\yys\Desktop\风机\wind-fault-detection-platform\datasets\wind_blade_defect_v02_improve\labels\train\spalling_368.txt,C:\Users\yys\Desktop\风机\wind-fault-detection-platform\datasets\wind_blade_defect_v03_recall\images\train\v03_corrosion_r1_spalling_368.jpg,C:\Users\yys\Desktop\风机\wind-fault-detection-platform\datasets\wind_blade_defect_v03_recall\labels\train\v03_corrosion_r1_spalling_368.txt
corrosion_recall_oversample,C:\Users\yys\Desktop\风机\wind-fault-detection-platform\datasets\wind_blade_defect_v02_improve\images\train\spalling_436.jpg,C:\Users\yys\Desktop\风机\wind-fault-detection-platform\datasets\wind_blade_defect_v02_improve\labels\train\spalling_436.txt,C:\Users\yys\Desktop\风机\wind-fault-detection-platform\datasets\wind_blade_defect_v03_recall\images\train\v03_corrosion_r1_spalling_436.jpg,C:\Users\yys\Desktop\风机\wind-fault-detection-platform\datasets\wind_blade_defect_v03_recall\labels\train\v03_corrosion_r1_spalling_436.txt
corrosion_recall_oversample,C:\Users\yys\Desktop\风机\wind-fault-detection-platform\datasets\wind_blade_defect_v02_improve\images\train\spalling_61.jpg,C:\Users\yys\Desktop\风机\wind-fault-detection-platform\datasets\wind_blade_defect_v02_improve\labels\train\spalling_61.txt,C:\Users\yys\Desktop\风机\wind-fault-detection-platform\datasets\wind_blade_defect_v03_recall\images\train\v03_corrosion_r1_spalling_61.jpg,C:\Users\yys\Desktop\风机\wind-fault-detection-platform\datasets\wind_blade_defect_v03_recall\labels\train\v03_corrosion_r1_spalling_61.txt
corrosion_recall_oversample,C:\Users\yys\Desktop\风机\wind-fault-detection-platform\datasets\wind_blade_defect_v02_improve\images\train\spalling_69.jpg,C:\Users\yys\Desktop\风机\wind-fault-detection-platform\datasets\wind_blade_defect_v02_improve\labels\train\spalling_69.txt,C:\Users\yys\Desktop\风机\wind-fault-detection-platform\datasets\wind_blade_defect_v03_recall\images\train\v03_corrosion_r1_spalling_69.jpg,C:\Users\yys\Desktop\风机\wind-fault-detection-platform\datasets\wind_blade_defect_v03_recall\labels\train\v03_corrosion_r1_spalling_69.txt
corrosion_recall_oversample,C:\Users\yys\Desktop\风机\wind-fault-detection-platform\datasets\wind_blade_defect_v02_improve\images\train\spalling_706.jpg,C:\Users\yys\Desktop\风机\wind-fault-detection-platform\datasets\wind_blade_defect_v02_improve\labels\train\spalling_706.txt,C:\Users\yys\Desktop\风机\wind-fault-detection-platform\datasets\wind_blade_defect_v03_recall\images\train\v03_corrosion_r1_spalling_706.jpg,C:\Users\yys\Desktop\风机\wind-fault-detection-platform\datasets\wind_blade_defect_v03_recall\labels\train\v03_corrosion_r1_spalling_706.txt
corrosion_recall_oversample,C:\Users\yys\Desktop\风机\wind-fault-detection-platform\datasets\wind_blade_defect_v02_improve\images\train\spalling_711.jpg,C:\Users\yys\Desktop\风机\wind-fault-detection-platform\datasets\wind_blade_defect_v02_improve\labels\train\spalling_711.txt,C:\Users\yys\Desktop\风机\wind-fault-detection-platform\datasets\wind_blade_defect_v03_recall\images\train\v03_corrosion_r1_spalling_711.jpg,C:\Users\yys\Desktop\风机\wind-fault-detection-platform\datasets\wind_blade_defect_v03_recall\labels\train\v03_corrosion_r1_spalling_711.txt
corrosion_recall_oversample,C:\Users\yys\Desktop\风机\wind-fault-detection-platform\datasets\wind_blade_defect_v02_improve\images\train\spalling_8.jpg,C:\Users\yys\Desktop\风机\wind-fault-detection-platform\datasets\wind_blade_defect_v02_improve\labels\train\spalling_8.txt,C:\Users\yys\Desktop\风机\wind-fault-detection-platform\datasets\wind_blade_defect_v03_recall\images\train\v03_corrosion_r1_spalling_8.jpg,C:\Users\yys\Desktop\风机\wind-fault-detection-platform\datasets\wind_blade_defect_v03_recall\labels\train\v03_corrosion_r1_spalling_8.txt
corrosion_recall_oversample,C:\Users\yys\Desktop\风机\wind-fault-detection-platform\datasets\wind_blade_defect_v02_improve\images\train\spalling_883.jpg,C:\Users\yys\Desktop\风机\wind-fault-detection-platform\datasets\wind_blade_defect_v02_improve\labels\train\spalling_883.txt,C:\Users\yys\Desktop\风机\wind-fault-detection-platform\datasets\wind_blade_defect_v03_recall\images\train\v03_corrosion_r1_spalling_883.jpg,C:\Users\yys\Desktop\风机\wind-fault-detection-platform\datasets\wind_blade_defect_v03_recall\labels\train\v03_corrosion_r1_spalling_883.txt
corrosion_recall_oversample,C:\Users\yys\Desktop\风机\wind-fault-detection-platform\datasets\wind_blade_defect_v02_improve\images\train\spalling_905.jpg,C:\Users\yys\Desktop\风机\wind-fault-detection-platform\datasets\wind_blade_defect_v02_improve\labels\train\spalling_905.txt,C:\Users\yys\Desktop\风机\wind-fault-detection-platform\datasets\wind_blade_defect_v03_recall\images\train\v03_corrosion_r1_spalling_905.jpg,C:\Users\yys\Desktop\风机\wind-fault-detection-platform\datasets\wind_blade_defect_v03_recall\labels\train\v03_corrosion_r1_spalling_905.txt
corrosion_recall_oversample,C:\Users\yys\Desktop\风机\wind-fault-detection-platform\datasets\wind_blade_defect_v02_improve\images\train\spalling_976.jpg,C:\Users\yys\Desktop\风机\wind-fault-detection-platform\datasets\wind_blade_defect_v02_improve\labels\train\spalling_976.txt,C:\Users\yys\Desktop\风机\wind-fault-detection-platform\datasets\wind_blade_defect_v03_recall\images\train\v03_corrosion_r1_spalling_976.jpg,C:\Users\yys\Desktop\风机\wind-fault-detection-platform\datasets\wind_blade_defect_v03_recall\labels\train\v03_corrosion_r1_spalling_976.txt
small_target_recall_oversample,C:\Users\yys\Desktop\风机\wind-fault-detection-platform\datasets\wind_blade_defect_v02_improve\images\train\crack_1047.jpg,C:\Users\yys\Desktop\风机\wind-fault-detection-platform\datasets\wind_blade_defect_v02_improve\labels\train\crack_1047.txt,C:\Users\yys\Desktop\风机\wind-fault-detection-platform\datasets\wind_blade_defect_v03_recall\images\train\v03_small_r1_crack_1047.jpg,C:\Users\yys\Desktop\风机\wind-fault-detection-platform\datasets\wind_blade_defect_v03_recall\labels\train\v03_small_r1_crack_1047.txt
small_target_recall_oversample,C:\Users\yys\Desktop\风机\wind-fault-detection-platform\datasets\wind_blade_defect_v02_improve\images\train\crack_1066.jpg,C:\Users\yys\Desktop\风机\wind-fault-detection-platform\datasets\wind_blade_defect_v02_improve\labels\train\crack_1066.txt,C:\Users\yys\Desktop\风机\wind-fault-detection-platform\datasets\wind_blade_defect_v03_recall\images\train\v03_small_r1_crack_1066.jpg,C:\Users\yys\Desktop\风机\wind-fault-detection-platform\datasets\wind_blade_defect_v03_recall\labels\train\v03_small_r1_crack_1066.txt
small_target_recall_oversample,C:\Users\yys\Desktop\风机\wind-fault-detection-platform\datasets\wind_blade_defect_v02_improve\images\train\crack_1082.jpg,C:\Users\yys\Desktop\风机\wind-fault-detection-platform\datasets\wind_blade_defect_v02_improve\labels\train\crack_1082.txt,C:\Users\yys\Desktop\风机\wind-fault-detection-platform\datasets\wind_blade_defect_v03_recall\images\train\v03_small_r1_crack_1082.jpg,C:\Users\yys\Desktop\风机\wind-fault-detection-platform\datasets\wind_blade_defect_v03_recall\labels\train\v03_small_r1_crack_1082.txt
small_target_recall_oversample,C:\Users\yys\Desktop\风机\wind-fault-detection-platform\datasets\wind_blade_defect_v02_improve\images\train\crack_1093.jpg,C:\Users\yys\Desktop\风机\wind-fault-detection-platform\datasets\wind_blade_defect_v02_improve\labels\train\crack_1093.txt,C:\Users\yys\Desktop\风机\wind-fault-detection-platform\datasets\wind_blade_defect_v03_recall\images\train\v03_small_r1_crack_1093.jpg,C:\Users\yys\Desktop\风机\wind-fault-detection-platform\datasets\wind_blade_defect_v03_recall\labels\train\v03_small_r1_crack_1093.txt
small_target_recall_oversample,C:\Users\yys\Desktop\风机\wind-fault-detection-platform\datasets\wind_blade_defect_v02_improve\images\train\crack_11.jpg,C:\Users\yys\Desktop\风机\wind-fault-detection-platform\datasets\wind_blade_defect_v02_improve\labels\train\crack_11.txt,C:\Users\yys\Desktop\风机\wind-fault-detection-platform\datasets\wind_blade_defect_v03_recall\images\train\v03_small_r1_crack_11.jpg,C:\Users\yys\Desktop\风机\wind-fault-detection-platform\datasets\wind_blade_defect_v03_recall\labels\train\v03_small_r1_crack_11.txt
small_target_recall_oversample,C:\Users\yys\Desktop\风机\wind-fault-detection-platform\datasets\wind_blade_defect_v02_improve\images\train\crack_1159.jpg,C:\Users\yys\Desktop\风机\wind-fault-detection-platform\datasets\wind_blade_defect_v02_improve\labels\train\crack_1159.txt,C:\Users\yys\Desktop\风机\wind-fault-detection-platform\datasets\wind_blade_defect_v03_recall\images\train\v03_small_r1_crack_1159.jpg,C:\Users\yys\Desktop\风机\wind-fault-detection-platform\datasets\wind_blade_defect_v03_recall\labels\train\v03_small_r1_crack_1159.txt
small_target_recall_oversample,C:\Users\yys\Desktop\风机\wind-fault-detection-platform\datasets\wind_blade_defect_v02_improve\images\train\crack_1199.jpg,C:\Users\yys\Desktop\风机\wind-fault-detection-platform\datasets\wind_blade_defect_v02_improve\labels\train\crack_1199.txt,C:\Users\yys\Desktop\风机\wind-fault-detection-platform\datasets\wind_blade_defect_v03_recall\images\train\v03_small_r1_crack_1199.jpg,C:\Users\yys\Desktop\风机\wind-fault-detection-platform\datasets\wind_blade_defect_v03_recall\labels\train\v03_small_r1_crack_1199.txt
small_target_recall_oversample,C:\Users\yys\Desktop\风机\wind-fault-detection-platform\datasets\wind_blade_defect_v02_improve\images\train\crack_1215.jpg,C:\Users\yys\Desktop\风机\wind-fault-detection-platform\datasets\wind_blade_defect_v02_improve\labels\train\crack_1215.txt,C:\Users\yys\Desktop\风机\wind-fault-detection-platform\datasets\wind_blade_defect_v03_recall\images\train\v03_small_r1_crack_1215.jpg,C:\Users\yys\Desktop\风机\wind-fault-detection-platform\datasets\wind_blade_defect_v03_recall\labels\train\v03_small_r1_crack_1215.txt
small_target_recall_oversample,C:\Users\yys\Desktop\风机\wind-fault-detection-platform\datasets\wind_blade_defect_v02_improve\images\train\crack_1219.jpg,C:\Users\yys\Desktop\风机\wind-fault-detection-platform\datasets\wind_blade_defect_v02_improve\labels\train\crack_1219.txt,C:\Users\yys\Desktop\风机\wind-fault-detection-platform\datasets\wind_blade_defect_v03_recall\images\train\v03_small_r1_crack_1219.jpg,C:\Users\yys\Desktop\风机\wind-fault-detection-platform\datasets\wind_blade_defect_v03_recall\labels\train\v03_small_r1_crack_1219.txt
small_target_recall_oversample,C:\Users\yys\Desktop\风机\wind-fault-detection-platform\datasets\wind_blade_defect_v02_improve\images\train\crack_1230.jpg,C:\Users\yys\Desktop\风机\wind-fault-detection-platform\datasets\wind_blade_defect_v02_improve\labels\train\crack_1230.txt,C:\Users\yys\Desktop\风机\wind-fault-detection-platform\datasets\wind_blade_defect_v03_recall\images\train\v03_small_r1_crack_1230.jpg,C:\Users\yys\Desktop\风机\wind-fault-detection-platform\datasets\wind_blade_defect_v03_recall\labels\train\v03_small_r1_crack_1230.txt
small_target_recall_oversample,C:\Users\yys\Desktop\风机\wind-fault-detection-platform\datasets\wind_blade_defect_v02_improve\images\train\crack_1232.jpg,C:\Users\yys\Desktop\风机\wind-fault-detection-platform\datasets\wind_blade_defect_v02_improve\labels\train\crack_1232.txt,C:\Users\yys\Desktop\风机\wind-fault-detection-platform\datasets\wind_blade_defect_v03_recall\images\train\v03_small_r1_crack_1232.jpg,C:\Users\yys\Desktop\风机\wind-fault-detection-platform\datasets\wind_blade_defect_v03_recall\labels\train\v03_small_r1_crack_1232.txt
small_target_recall_oversample,C:\Users\yys\Desktop\风机\wind-fault-detection-platform\datasets\wind_blade_defect_v02_improve\images\train\crack_1244.jpg,C:\Users\yys\Desktop\风机\wind-fault-detection-platform\datasets\wind_blade_defect_v02_improve\labels\train\crack_1244.txt,C:\Users\yys\Desktop\风机\wind-fault-detection-platform\datasets\wind_blade_defect_v03_recall\images\train\v03_small_r1_crack_1244.jpg,C:\Users\yys\Desktop\风机\wind-fault-detection-platform\datasets\wind_blade_defect_v03_recall\labels\train\v03_small_r1_crack_1244.txt
small_target_recall_oversample,C:\Users\yys\Desktop\风机\wind-fault-detection-platform\datasets\wind_blade_defect_v02_improve\images\train\crack_1255.jpg,C:\Users\yys\Desktop\风机\wind-fault-detection-platform\datasets\wind_blade_defect_v02_improve\labels\train\crack_1255.txt,C:\Users\yys\Desktop\风机\wind-fault-detection-platform\datasets\wind_blade_defect_v03_recall\images\train\v03_small_r1_crack_1255.jpg,C:\Users\yys\Desktop\风机\wind-fault-detection-platform\datasets\wind_blade_defect_v03_recall\labels\train\v03_small_r1_crack_1255.txt
small_target_recall_oversample,C:\Users\yys\Desktop\风机\wind-fault-detection-platform\datasets\wind_blade_defect_v02_improve\images\train\crack_1289.jpg,C:\Users\yys\Desktop\风机\wind-fault-detection-platform\datasets\wind_blade_defect_v02_improve\labels\train\crack_1289.txt,C:\Users\yys\Desktop\风机\wind-fault-detection-platform\datasets\wind_blade_defect_v03_recall\images\train\v03_small_r1_crack_1289.jpg,C:\Users\yys\Desktop\风机\wind-fault-detection-platform\datasets\wind_blade_defect_v03_recall\labels\train\v03_small_r1_crack_1289.txt
small_target_recall_oversample,C:\Users\yys\Desktop\风机\wind-fault-detection-platform\datasets\wind_blade_defect_v02_improve\images\train\crack_227.jpg,C:\Users\yys\Desktop\风机\wind-fault-detection-platform\datasets\wind_blade_defect_v02_improve\labels\train\crack_227.txt,C:\Users\yys\Desktop\风机\wind-fault-detection-platform\datasets\wind_blade_defect_v03_recall\images\train\v03_small_r1_crack_227.jpg,C:\Users\yys\Desktop\风机\wind-fault-detection-platform\datasets\wind_blade_defect_v03_recall\labels\train\v03_small_r1_crack_227.txt
small_target_recall_oversample,C:\Users\yys\Desktop\风机\wind-fault-detection-platform\datasets\wind_blade_defect_v02_improve\images\train\crack_243.jpg,C:\Users\yys\Desktop\风机\wind-fault-detection-platform\datasets\wind_blade_defect_v02_improve\labels\train\crack_243.txt,C:\Users\yys\Desktop\风机\wind-fault-detection-platform\datasets\wind_blade_defect_v03_recall\images\train\v03_small_r1_crack_243.jpg,C:\Users\yys\Desktop\风机\wind-fault-detection-platform\datasets\wind_blade_defect_v03_recall\labels\train\v03_small_r1_crack_243.txt
small_target_recall_oversample,C:\Users\yys\Desktop\风机\wind-fault-detection-platform\datasets\wind_blade_defect_v02_improve\images\train\crack_26.jpg,C:\Users\yys\Desktop\风机\wind-fault-detection-platform\datasets\wind_blade_defect_v02_improve\labels\train\crack_26.txt,C:\Users\yys\Desktop\风机\wind-fault-detection-platform\datasets\wind_blade_defect_v03_recall\images\train\v03_small_r1_crack_26.jpg,C:\Users\yys\Desktop\风机\wind-fault-detection-platform\datasets\wind_blade_defect_v03_recall\labels\train\v03_small_r1_crack_26.txt
small_target_recall_oversample,C:\Users\yys\Desktop\风机\wind-fault-detection-platform\datasets\wind_blade_defect_v02_improve\images\train\crack_273.jpg,C:\Users\yys\Desktop\风机\wind-fault-detection-platform\datasets\wind_blade_defect_v02_improve\labels\train\crack_273.txt,C:\Users\yys\Desktop\风机\wind-fault-detection-platform\datasets\wind_blade_defect_v03_recall\images\train\v03_small_r1_crack_273.jpg,C:\Users\yys\Desktop\风机\wind-fault-detection-platform\datasets\wind_blade_defect_v03_recall\labels\train\v03_small_r1_crack_273.txt
small_target_recall_oversample,C:\Users\yys\Desktop\风机\wind-fault-detection-platform\datasets\wind_blade_defect_v02_improve\images\train\crack_298.jpg,C:\Users\yys\Desktop\风机\wind-fault-detection-platform\datasets\wind_blade_defect_v02_improve\labels\train\crack_298.txt,C:\Users\yys\Desktop\风机\wind-fault-detection-platform\datasets\wind_blade_defect_v03_recall\images\train\v03_small_r1_crack_298.jpg,C:\Users\yys\Desktop\风机\wind-fault-detection-platform\datasets\wind_blade_defect_v03_recall\labels\train\v03_small_r1_crack_298.txt
small_target_recall_oversample,C:\Users\yys\Desktop\风机\wind-fault-detection-platform\datasets\wind_blade_defect_v02_improve\images\train\crack_340.jpg,C:\Users\yys\Desktop\风机\wind-fault-detection-platform\datasets\wind_blade_defect_v02_improve\labels\train\crack_340.txt,C:\Users\yys\Desktop\风机\wind-fault-detection-platform\datasets\wind_blade_defect_v03_recall\images\train\v03_small_r1_crack_340.jpg,C:\Users\yys\Desktop\风机\wind-fault-detection-platform\datasets\wind_blade_defect_v03_recall\labels\train\v03_small_r1_crack_340.txt
small_target_recall_oversample,C:\Users\yys\Desktop\风机\wind-fault-detection-platform\datasets\wind_blade_defect_v02_improve\images\train\crack_35.jpg,C:\Users\yys\Desktop\风机\wind-fault-detection-platform\datasets\wind_blade_defect_v02_improve\labels\train\crack_35.txt,C:\Users\yys\Desktop\风机\wind-fault-detection-platform\datasets\wind_blade_defect_v03_recall\images\train\v03_small_r1_crack_35.jpg,C:\Users\yys\Desktop\风机\wind-fault-detection-platform\datasets\wind_blade_defect_v03_recall\labels\train\v03_small_r1_crack_35.txt
small_target_recall_oversample,C:\Users\yys\Desktop\风机\wind-fault-detection-platform\datasets\wind_blade_defect_v02_improve\images\train\crack_416.jpg,C:\Users\yys\Desktop\风机\wind-fault-detection-platform\datasets\wind_blade_defect_v02_improve\labels\train\crack_416.txt,C:\Users\yys\Desktop\风机\wind-fault-detection-platform\datasets\wind_blade_defect_v03_recall\images\train\v03_small_r1_crack_416.jpg,C:\Users\yys\Desktop\风机\wind-fault-detection-platform\datasets\wind_blade_defect_v03_recall\labels\train\v03_small_r1_crack_416.txt
small_target_recall_oversample,C:\Users\yys\Desktop\风机\wind-fault-detection-platform\datasets\wind_blade_defect_v02_improve\images\train\crack_438.jpg,C:\Users\yys\Desktop\风机\wind-fault-detection-platform\datasets\wind_blade_defect_v02_improve\labels\train\crack_438.txt,C:\Users\yys\Desktop\风机\wind-fault-detection-platform\datasets\wind_blade_defect_v03_recall\images\train\v03_small_r1_crack_438.jpg,C:\Users\yys\Desktop\风机\wind-fault-detection-platform\datasets\wind_blade_defect_v03_recall\labels\train\v03_small_r1_crack_438.txt
small_target_recall_oversample,C:\Users\yys\Desktop\风机\wind-fault-detection-platform\datasets\wind_blade_defect_v02_improve\images\train\crack_467.jpg,C:\Users\yys\Desktop\风机\wind-fault-detection-platform\datasets\wind_blade_defect_v02_improve\labels\train\crack_467.txt,C:\Users\yys\Desktop\风机\wind-fault-detection-platform\datasets\wind_blade_defect_v03_recall\images\train\v03_small_r1_crack_467.jpg,C:\Users\yys\Desktop\风机\wind-fault-detection-platform\datasets\wind_blade_defect_v03_recall\labels\train\v03_small_r1_crack_467.txt
small_target_recall_oversample,C:\Users\yys\Desktop\风机\wind-fault-detection-platform\datasets\wind_blade_defect_v02_improve\images\train\crack_487.jpg,C:\Users\yys\Desktop\风机\wind-fault-detection-platform\datasets\wind_blade_defect_v02_improve\labels\train\crack_487.txt,C:\Users\yys\Desktop\风机\wind-fault-detection-platform\datasets\wind_blade_defect_v03_recall\images\train\v03_small_r1_crack_487.jpg,C:\Users\yys\Desktop\风机\wind-fault-detection-platform\datasets\wind_blade_defect_v03_recall\labels\train\v03_small_r1_crack_487.txt
small_target_recall_oversample,C:\Users\yys\Desktop\风机\wind-fault-detection-platform\datasets\wind_blade_defect_v02_improve\images\train\crack_553.jpg,C:\Users\yys\Desktop\风机\wind-fault-detection-platform\datasets\wind_blade_defect_v02_improve\labels\train\crack_553.txt,C:\Users\yys\Desktop\风机\wind-fault-detection-platform\datasets\wind_blade_defect_v03_recall\images\train\v03_small_r1_crack_553.jpg,C:\Users\yys\Desktop\风机\wind-fault-detection-platform\datasets\wind_blade_defect_v03_recall\labels\train\v03_small_r1_crack_553.txt
small_target_recall_oversample,C:\Users\yys\Desktop\风机\wind-fault-detection-platform\datasets\wind_blade_defect_v02_improve\images\train\crack_561.jpg,C:\Users\yys\Desktop\风机\wind-fault-detection-platform\datasets\wind_blade_defect_v02_improve\labels\train\crack_561.txt,C:\Users\yys\Desktop\风机\wind-fault-detection-platform\datasets\wind_blade_defect_v03_recall\images\train\v03_small_r1_crack_561.jpg,C:\Users\yys\Desktop\风机\wind-fault-detection-platform\datasets\wind_blade_defect_v03_recall\labels\train\v03_small_r1_crack_561.txt
small_target_recall_oversample,C:\Users\yys\Desktop\风机\wind-fault-detection-platform\datasets\wind_blade_defect_v02_improve\images\train\crack_570.jpg,C:\Users\yys\Desktop\风机\wind-fault-detection-platform\datasets\wind_blade_defect_v02_improve\labels\train\crack_570.txt,C:\Users\yys\Desktop\风机\wind-fault-detection-platform\datasets\wind_blade_defect_v03_recall\images\train\v03_small_r1_crack_570.jpg,C:\Users\yys\Desktop\风机\wind-fault-detection-platform\datasets\wind_blade_defect_v03_recall\labels\train\v03_small_r1_crack_570.txt
small_target_recall_oversample,C:\Users\yys\Desktop\风机\wind-fault-detection-platform\datasets\wind_blade_defect_v02_improve\images\train\crack_665.jpg,C:\Users\yys\Desktop\风机\wind-fault-detection-platform\datasets\wind_blade_defect_v02_improve\labels\train\crack_665.txt,C:\Users\yys\Desktop\风机\wind-fault-detection-platform\datasets\wind_blade_defect_v03_recall\images\train\v03_small_r1_crack_665.jpg,C:\Users\yys\Desktop\风机\wind-fault-detection-platform\datasets\wind_blade_defect_v03_recall\labels\train\v03_small_r1_crack_665.txt
small_target_recall_oversample,C:\Users\yys\Desktop\风机\wind-fault-detection-platform\datasets\wind_blade_defect_v02_improve\images\train\crack_72.jpg,C:\Users\yys\Desktop\风机\wind-fault-detection-platform\datasets\wind_blade_defect_v02_improve\labels\train\crack_72.txt,C:\Users\yys\Desktop\风机\wind-fault-detection-platform\datasets\wind_blade_defect_v03_recall\images\train\v03_small_r1_crack_72.jpg,C:\Users\yys\Desktop\风机\wind-fault-detection-platform\datasets\wind_blade_defect_v03_recall\labels\train\v03_small_r1_crack_72.txt
small_target_recall_oversample,C:\Users\yys\Desktop\风机\wind-fault-detection-platform\datasets\wind_blade_defect_v02_improve\images\train\crack_766.jpg,C:\Users\yys\Desktop\风机\wind-fault-detection-platform\datasets\wind_blade_defect_v02_improve\labels\train\crack_766.txt,C:\Users\yys\Desktop\风机\wind-fault-detection-platform\datasets\wind_blade_defect_v03_recall\images\train\v03_small_r1_crack_766.jpg,C:\Users\yys\Desktop\风机\wind-fault-detection-platform\datasets\wind_blade_defect_v03_recall\labels\train\v03_small_r1_crack_766.txt
small_target_recall_oversample,C:\Users\yys\Desktop\风机\wind-fault-detection-platform\datasets\wind_blade_defect_v02_improve\images\train\crack_78.jpg,C:\Users\yys\Desktop\风机\wind-fault-detection-platform\datasets\wind_blade_defect_v02_improve\labels\train\crack_78.txt,C:\Users\yys\Desktop\风机\wind-fault-detection-platform\datasets\wind_blade_defect_v03_recall\images\train\v03_small_r1_crack_78.jpg,C:\Users\yys\Desktop\风机\wind-fault-detection-platform\datasets\wind_blade_defect_v03_recall\labels\train\v03_small_r1_crack_78.txt
small_target_recall_oversample,C:\Users\yys\Desktop\风机\wind-fault-detection-platform\datasets\wind_blade_defect_v02_improve\images\train\crack_783.jpg,C:\Users\yys\Desktop\风机\wind-fault-detection-platform\datasets\wind_blade_defect_v02_improve\labels\train\crack_783.txt,C:\Users\yys\Desktop\风机\wind-fault-detection-platform\datasets\wind_blade_defect_v03_recall\images\train\v03_small_r1_crack_783.jpg,C:\Users\yys\Desktop\风机\wind-fault-detection-platform\datasets\wind_blade_defect_v03_recall\labels\train\v03_small_r1_crack_783.txt
small_target_recall_oversample,C:\Users\yys\Desktop\风机\wind-fault-detection-platform\datasets\wind_blade_defect_v02_improve\images\train\crack_795.jpg,C:\Users\yys\Desktop\风机\wind-fault-detection-platform\datasets\wind_blade_defect_v02_improve\labels\train\crack_795.txt,C:\Users\yys\Desktop\风机\wind-fault-detection-platform\datasets\wind_blade_defect_v03_recall\images\train\v03_small_r1_crack_795.jpg,C:\Users\yys\Desktop\风机\wind-fault-detection-platform\datasets\wind_blade_defect_v03_recall\labels\train\v03_small_r1_crack_795.txt
small_target_recall_oversample,C:\Users\yys\Desktop\风机\wind-fault-detection-platform\datasets\wind_blade_defect_v02_improve\images\train\crack_82.jpg,C:\Users\yys\Desktop\风机\wind-fault-detection-platform\datasets\wind_blade_defect_v02_improve\labels\train\crack_82.txt,C:\Users\yys\Desktop\风机\wind-fault-detection-platform\datasets\wind_blade_defect_v03_recall\images\train\v03_small_r1_crack_82.jpg,C:\Users\yys\Desktop\风机\wind-fault-detection-platform\datasets\wind_blade_defect_v03_recall\labels\train\v03_small_r1_crack_82.txt
small_target_recall_oversample,C:\Users\yys\Desktop\风机\wind-fault-detection-platform\datasets\wind_blade_defect_v02_improve\images\train\crack_839.jpg,C:\Users\yys\Desktop\风机\wind-fault-detection-platform\datasets\wind_blade_defect_v02_improve\labels\train\crack_839.txt,C:\Users\yys\Desktop\风机\wind-fault-detection-platform\datasets\wind_blade_defect_v03_recall\images\train\v03_small_r1_crack_839.jpg,C:\Users\yys\Desktop\风机\wind-fault-detection-platform\datasets\wind_blade_defect_v03_recall\labels\train\v03_small_r1_crack_839.txt
small_target_recall_oversample,C:\Users\yys\Desktop\风机\wind-fault-detection-platform\datasets\wind_blade_defect_v02_improve\images\train\crack_887.jpg,C:\Users\yys\Desktop\风机\wind-fault-detection-platform\datasets\wind_blade_defect_v02_improve\labels\train\crack_887.txt,C:\Users\yys\Desktop\风机\wind-fault-detection-platform\datasets\wind_blade_defect_v03_recall\images\train\v03_small_r1_crack_887.jpg,C:\Users\yys\Desktop\风机\wind-fault-detection-platform\datasets\wind_blade_defect_v03_recall\labels\train\v03_small_r1_crack_887.txt
small_target_recall_oversample,C:\Users\yys\Desktop\风机\wind-fault-detection-platform\datasets\wind_blade_defect_v02_improve\images\train\crack_893.jpg,C:\Users\yys\Desktop\风机\wind-fault-detection-platform\datasets\wind_blade_defect_v02_improve\labels\train\crack_893.txt,C:\Users\yys\Desktop\风机\wind-fault-detection-platform\datasets\wind_blade_defect_v03_recall\images\train\v03_small_r1_crack_893.jpg,C:\Users\yys\Desktop\风机\wind-fault-detection-platform\datasets\wind_blade_defect_v03_recall\labels\train\v03_small_r1_crack_893.txt
small_target_recall_oversample,C:\Users\yys\Desktop\风机\wind-fault-detection-platform\datasets\wind_blade_defect_v02_improve\images\train\crack_897.jpg,C:\Users\yys\Desktop\风机\wind-fault-detection-platform\datasets\wind_blade_defect_v02_improve\labels\train\crack_897.txt,C:\Users\yys\Desktop\风机\wind-fault-detection-platform\datasets\wind_blade_defect_v03_recall\images\train\v03_small_r1_crack_897.jpg,C:\Users\yys\Desktop\风机\wind-fault-detection-platform\datasets\wind_blade_defect_v03_recall\labels\train\v03_small_r1_crack_897.txt
small_target_recall_oversample,C:\Users\yys\Desktop\风机\wind-fault-detection-platform\datasets\wind_blade_defect_v02_improve\images\train\crack_931.jpg,C:\Users\yys\Desktop\风机\wind-fault-detection-platform\datasets\wind_blade_defect_v02_improve\labels\train\crack_931.txt,C:\Users\yys\Desktop\风机\wind-fault-detection-platform\datasets\wind_blade_defect_v03_recall\images\train\v03_small_r1_crack_931.jpg,C:\Users\yys\Desktop\风机\wind-fault-detection-platform\datasets\wind_blade_defect_v03_recall\labels\train\v03_small_r1_crack_931.txt
small_target_recall_oversample,C:\Users\yys\Desktop\风机\wind-fault-detection-platform\datasets\wind_blade_defect_v02_improve\images\train\crack_953.jpg,C:\Users\yys\Desktop\风机\wind-fault-detection-platform\datasets\wind_blade_defect_v02_improve\labels\train\crack_953.txt,C:\Users\yys\Desktop\风机\wind-fault-detection-platform\datasets\wind_blade_defect_v03_recall\images\train\v03_small_r1_crack_953.jpg,C:\Users\yys\Desktop\风机\wind-fault-detection-platform\datasets\wind_blade_defect_v03_recall\labels\train\v03_small_r1_crack_953.txt
small_target_recall_oversample,C:\Users\yys\Desktop\风机\wind-fault-detection-platform\datasets\wind_blade_defect_v02_improve\images\train\crack_981.jpg,C:\Users\yys\Desktop\风机\wind-fault-detection-platform\datasets\wind_blade_defect_v02_improve\labels\train\crack_981.txt,C:\Users\yys\Desktop\风机\wind-fault-detection-platform\datasets\wind_blade_defect_v03_recall\images\train\v03_small_r1_crack_981.jpg,C:\Users\yys\Desktop\风机\wind-fault-detection-platform\datasets\wind_blade_defect_v03_recall\labels\train\v03_small_r1_crack_981.txt
small_target_recall_oversample,C:\Users\yys\Desktop\风机\wind-fault-detection-platform\datasets\wind_blade_defect_v02_improve\images\train\crack_995.jpg,C:\Users\yys\Desktop\风机\wind-fault-detection-platform\datasets\wind_blade_defect_v02_improve\labels\train\crack_995.txt,C:\Users\yys\Desktop\风机\wind-fault-detection-platform\datasets\wind_blade_defect_v03_recall\images\train\v03_small_r1_crack_995.jpg,C:\Users\yys\Desktop\风机\wind-fault-detection-platform\datasets\wind_blade_defect_v03_recall\labels\train\v03_small_r1_crack_995.txt
small_target_recall_oversample,C:\Users\yys\Desktop\风机\wind-fault-detection-platform\datasets\wind_blade_defect_v02_improve\images\train\focus_v02_1_crack_68.jpg,C:\Users\yys\Desktop\风机\wind-fault-detection-platform\datasets\wind_blade_defect_v02_improve\labels\train\focus_v02_1_crack_68.txt,C:\Users\yys\Desktop\风机\wind-fault-detection-platform\datasets\wind_blade_defect_v03_recall\images\train\v03_small_r1_focus_v02_1_crack_68.jpg,C:\Users\yys\Desktop\风机\wind-fault-detection-platform\datasets\wind_blade_defect_v03_recall\labels\train\v03_small_r1_focus_v02_1_crack_68.txt
small_target_recall_oversample,C:\Users\yys\Desktop\风机\wind-fault-detection-platform\datasets\wind_blade_defect_v02_improve\images\train\focus_v02_2_crack_68.jpg,C:\Users\yys\Desktop\风机\wind-fault-detection-platform\datasets\wind_blade_defect_v02_improve\labels\train\focus_v02_2_crack_68.txt,C:\Users\yys\Desktop\风机\wind-fault-detection-platform\datasets\wind_blade_defect_v03_recall\images\train\v03_small_r1_focus_v02_2_crack_68.jpg,C:\Users\yys\Desktop\风机\wind-fault-detection-platform\datasets\wind_blade_defect_v03_recall\labels\train\v03_small_r1_focus_v02_2_crack_68.txt
small_target_recall_oversample,C:\Users\yys\Desktop\风机\wind-fault-detection-platform\datasets\wind_blade_defect_v02_improve\images\train\focus_v02_3_crack_68.jpg,C:\Users\yys\Desktop\风机\wind-fault-detection-platform\datasets\wind_blade_defect_v02_improve\labels\train\focus_v02_3_crack_68.txt,C:\Users\yys\Desktop\风机\wind-fault-detection-platform\datasets\wind_blade_defect_v03_recall\images\train\v03_small_r1_focus_v02_3_crack_68.jpg,C:\Users\yys\Desktop\风机\wind-fault-detection-platform\datasets\wind_blade_defect_v03_recall\labels\train\v03_small_r1_focus_v02_3_crack_68.txt
small_target_recall_oversample,C:\Users\yys\Desktop\风机\wind-fault-detection-platform\datasets\wind_blade_defect_v02_improve\images\train\hardcase_missed_crack_36.jpg,C:\Users\yys\Desktop\风机\wind-fault-detection-platform\datasets\wind_blade_defect_v02_improve\labels\train\hardcase_missed_crack_36.txt,C:\Users\yys\Desktop\风机\wind-fault-detection-platform\datasets\wind_blade_defect_v03_recall\images\train\v03_small_r1_hardcase_missed_crack_36.jpg,C:\Users\yys\Desktop\风机\wind-fault-detection-platform\datasets\wind_blade_defect_v03_recall\labels\train\v03_small_r1_hardcase_missed_crack_36.txt
small_target_recall_oversample,C:\Users\yys\Desktop\风机\wind-fault-detection-platform\datasets\wind_blade_defect_v02_improve\images\train\hardcase_missed_crack_397.jpg,C:\Users\yys\Desktop\风机\wind-fault-detection-platform\datasets\wind_blade_defect_v02_improve\labels\train\hardcase_missed_crack_397.txt,C:\Users\yys\Desktop\风机\wind-fault-detection-platform\datasets\wind_blade_defect_v03_recall\images\train\v03_small_r1_hardcase_missed_crack_397.jpg,C:\Users\yys\Desktop\风机\wind-fault-detection-platform\datasets\wind_blade_defect_v03_recall\labels\train\v03_small_r1_hardcase_missed_crack_397.txt
small_target_recall_oversample,C:\Users\yys\Desktop\风机\wind-fault-detection-platform\datasets\wind_blade_defect_v02_improve\images\train\hardcase_missed_crack_4.jpg,C:\Users\yys\Desktop\风机\wind-fault-detection-platform\datasets\wind_blade_defect_v02_improve\labels\train\hardcase_missed_crack_4.txt,C:\Users\yys\Desktop\风机\wind-fault-detection-platform\datasets\wind_blade_defect_v03_recall\images\train\v03_small_r1_hardcase_missed_crack_4.jpg,C:\Users\yys\Desktop\风机\wind-fault-detection-platform\datasets\wind_blade_defect_v03_recall\labels\train\v03_small_r1_hardcase_missed_crack_4.txt
small_target_recall_oversample,C:\Users\yys\Desktop\风机\wind-fault-detection-platform\datasets\wind_blade_defect_v02_improve\images\train\hardcase_missed_crack_533.jpg,C:\Users\yys\Desktop\风机\wind-fault-detection-platform\datasets\wind_blade_defect_v02_improve\labels\train\hardcase_missed_crack_533.txt,C:\Users\yys\Desktop\风机\wind-fault-detection-platform\datasets\wind_blade_defect_v03_recall\images\train\v03_small_r1_hardcase_missed_crack_533.jpg,C:\Users\yys\Desktop\风机\wind-fault-detection-platform\datasets\wind_blade_defect_v03_recall\labels\train\v03_small_r1_hardcase_missed_crack_533.txt
small_target_recall_oversample,C:\Users\yys\Desktop\风机\wind-fault-detection-platform\datasets\wind_blade_defect_v02_improve\images\train\hardcase_missed_crack_68.jpg,C:\Users\yys\Desktop\风机\wind-fault-detection-platform\datasets\wind_blade_defect_v02_improve\labels\train\hardcase_missed_crack_68.txt,C:\Users\yys\Desktop\风机\wind-fault-detection-platform\datasets\wind_blade_defect_v03_recall\images\train\v03_small_r1_hardcase_missed_crack_68.jpg,C:\Users\yys\Desktop\风机\wind-fault-detection-platform\datasets\wind_blade_defect_v03_recall\labels\train\v03_small_r1_hardcase_missed_crack_68.txt
small_target_recall_oversample,C:\Users\yys\Desktop\风机\wind-fault-detection-platform\datasets\wind_blade_defect_v02_improve\images\train\hardcase_missed_crack_75.jpg,C:\Users\yys\Desktop\风机\wind-fault-detection-platform\datasets\wind_blade_defect_v02_improve\labels\train\hardcase_missed_crack_75.txt,C:\Users\yys\Desktop\风机\wind-fault-detection-platform\datasets\wind_blade_defect_v03_recall\images\train\v03_small_r1_hardcase_missed_crack_75.jpg,C:\Users\yys\Desktop\风机\wind-fault-detection-platform\datasets\wind_blade_defect_v03_recall\labels\train\v03_small_r1_hardcase_missed_crack_75.txt
small_target_recall_oversample,C:\Users\yys\Desktop\风机\wind-fault-detection-platform\datasets\wind_blade_defect_v02_improve\images\train\hardcase_missed_hole_3.jpg,C:\Users\yys\Desktop\风机\wind-fault-detection-platform\datasets\wind_blade_defect_v02_improve\labels\train\hardcase_missed_hole_3.txt,C:\Users\yys\Desktop\风机\wind-fault-detection-platform\datasets\wind_blade_defect_v03_recall\images\train\v03_small_r1_hardcase_missed_hole_3.jpg,C:\Users\yys\Desktop\风机\wind-fault-detection-platform\datasets\wind_blade_defect_v03_recall\labels\train\v03_small_r1_hardcase_missed_hole_3.txt
small_target_recall_oversample,C:\Users\yys\Desktop\风机\wind-fault-detection-platform\datasets\wind_blade_defect_v02_improve\images\train\hardcase_missed_hole_57.jpg,C:\Users\yys\Desktop\风机\wind-fault-detection-platform\datasets\wind_blade_defect_v02_improve\labels\train\hardcase_missed_hole_57.txt,C:\Users\yys\Desktop\风机\wind-fault-detection-platform\datasets\wind_blade_defect_v03_recall\images\train\v03_small_r1_hardcase_missed_hole_57.jpg,C:\Users\yys\Desktop\风机\wind-fault-detection-platform\datasets\wind_blade_defect_v03_recall\labels\train\v03_small_r1_hardcase_missed_hole_57.txt
small_target_recall_oversample,C:\Users\yys\Desktop\风机\wind-fault-detection-platform\datasets\wind_blade_defect_v02_improve\images\train\hardcase_missed_hole_843.jpg,C:\Users\yys\Desktop\风机\wind-fault-detection-platform\datasets\wind_blade_defect_v02_improve\labels\train\hardcase_missed_hole_843.txt,C:\Users\yys\Desktop\风机\wind-fault-detection-platform\datasets\wind_blade_defect_v03_recall\images\train\v03_small_r1_hardcase_missed_hole_843.jpg,C:\Users\yys\Desktop\风机\wind-fault-detection-platform\datasets\wind_blade_defect_v03_recall\labels\train\v03_small_r1_hardcase_missed_hole_843.txt
small_target_recall_oversample,C:\Users\yys\Desktop\风机\wind-fault-detection-platform\datasets\wind_blade_defect_v02_improve\images\train\hardcase_missed_hole_927.jpg,C:\Users\yys\Desktop\风机\wind-fault-detection-platform\datasets\wind_blade_defect_v02_improve\labels\train\hardcase_missed_hole_927.txt,C:\Users\yys\Desktop\风机\wind-fault-detection-platform\datasets\wind_blade_defect_v03_recall\images\train\v03_small_r1_hardcase_missed_hole_927.jpg,C:\Users\yys\Desktop\风机\wind-fault-detection-platform\datasets\wind_blade_defect_v03_recall\labels\train\v03_small_r1_hardcase_missed_hole_927.txt
small_target_recall_oversample,C:\Users\yys\Desktop\风机\wind-fault-detection-platform\datasets\wind_blade_defect_v02_improve\images\train\hardcase_missed_spalling_22.jpg,C:\Users\yys\Desktop\风机\wind-fault-detection-platform\datasets\wind_blade_defect_v02_improve\labels\train\hardcase_missed_spalling_22.txt,C:\Users\yys\Desktop\风机\wind-fault-detection-platform\datasets\wind_blade_defect_v03_recall\images\train\v03_small_r1_hardcase_missed_spalling_22.jpg,C:\Users\yys\Desktop\风机\wind-fault-detection-platform\datasets\wind_blade_defect_v03_recall\labels\train\v03_small_r1_hardcase_missed_spalling_22.txt
small_target_recall_oversample,C:\Users\yys\Desktop\风机\wind-fault-detection-platform\datasets\wind_blade_defect_v02_improve\images\train\hardcase_missed_spalling_648.jpg,C:\Users\yys\Desktop\风机\wind-fault-detection-platform\datasets\wind_blade_defect_v02_improve\labels\train\hardcase_missed_spalling_648.txt,C:\Users\yys\Desktop\风机\wind-fault-detection-platform\datasets\wind_blade_defect_v03_recall\images\train\v03_small_r1_hardcase_missed_spalling_648.jpg,C:\Users\yys\Desktop\风机\wind-fault-detection-platform\datasets\wind_blade_defect_v03_recall\labels\train\v03_small_r1_hardcase_missed_spalling_648.txt
small_target_recall_oversample,C:\Users\yys\Desktop\风机\wind-fault-detection-platform\datasets\wind_blade_defect_v02_improve\images\train\hardcase_missed_spalling_974.jpg,C:\Users\yys\Desktop\风机\wind-fault-detection-platform\datasets\wind_blade_defect_v02_improve\labels\train\hardcase_missed_spalling_974.txt,C:\Users\yys\Desktop\风机\wind-fault-detection-platform\datasets\wind_blade_defect_v03_recall\images\train\v03_small_r1_hardcase_missed_spalling_974.jpg,C:\Users\yys\Desktop\风机\wind-fault-detection-platform\datasets\wind_blade_defect_v03_recall\labels\train\v03_small_r1_hardcase_missed_spalling_974.txt
small_target_recall_oversample,C:\Users\yys\Desktop\风机\wind-fault-detection-platform\datasets\wind_blade_defect_v02_improve\images\train\hole_1.jpg,C:\Users\yys\Desktop\风机\wind-fault-detection-platform\datasets\wind_blade_defect_v02_improve\labels\train\hole_1.txt,C:\Users\yys\Desktop\风机\wind-fault-detection-platform\datasets\wind_blade_defect_v03_recall\images\train\v03_small_r1_hole_1.jpg,C:\Users\yys\Desktop\风机\wind-fault-detection-platform\datasets\wind_blade_defect_v03_recall\labels\train\v03_small_r1_hole_1.txt
small_target_recall_oversample,C:\Users\yys\Desktop\风机\wind-fault-detection-platform\datasets\wind_blade_defect_v02_improve\images\train\hole_10.jpg,C:\Users\yys\Desktop\风机\wind-fault-detection-platform\datasets\wind_blade_defect_v02_improve\labels\train\hole_10.txt,C:\Users\yys\Desktop\风机\wind-fault-detection-platform\datasets\wind_blade_defect_v03_recall\images\train\v03_small_r1_hole_10.jpg,C:\Users\yys\Desktop\风机\wind-fault-detection-platform\datasets\wind_blade_defect_v03_recall\labels\train\v03_small_r1_hole_10.txt
small_target_recall_oversample,C:\Users\yys\Desktop\风机\wind-fault-detection-platform\datasets\wind_blade_defect_v02_improve\images\train\hole_100.jpg,C:\Users\yys\Desktop\风机\wind-fault-detection-platform\datasets\wind_blade_defect_v02_improve\labels\train\hole_100.txt,C:\Users\yys\Desktop\风机\wind-fault-detection-platform\datasets\wind_blade_defect_v03_recall\images\train\v03_small_r1_hole_100.jpg,C:\Users\yys\Desktop\风机\wind-fault-detection-platform\datasets\wind_blade_defect_v03_recall\labels\train\v03_small_r1_hole_100.txt
small_target_recall_oversample,C:\Users\yys\Desktop\风机\wind-fault-detection-platform\datasets\wind_blade_defect_v02_improve\images\train\hole_1004.jpg,C:\Users\yys\Desktop\风机\wind-fault-detection-platform\datasets\wind_blade_defect_v02_improve\labels\train\hole_1004.txt,C:\Users\yys\Desktop\风机\wind-fault-detection-platform\datasets\wind_blade_defect_v03_recall\images\train\v03_small_r1_hole_1004.jpg,C:\Users\yys\Desktop\风机\wind-fault-detection-platform\datasets\wind_blade_defect_v03_recall\labels\train\v03_small_r1_hole_1004.txt
small_target_recall_oversample,C:\Users\yys\Desktop\风机\wind-fault-detection-platform\datasets\wind_blade_defect_v02_improve\images\train\hole_1005.jpg,C:\Users\yys\Desktop\风机\wind-fault-detection-platform\datasets\wind_blade_defect_v02_improve\labels\train\hole_1005.txt,C:\Users\yys\Desktop\风机\wind-fault-detection-platform\datasets\wind_blade_defect_v03_recall\images\train\v03_small_r1_hole_1005.jpg,C:\Users\yys\Desktop\风机\wind-fault-detection-platform\datasets\wind_blade_defect_v03_recall\labels\train\v03_small_r1_hole_1005.txt
small_target_recall_oversample,C:\Users\yys\Desktop\风机\wind-fault-detection-platform\datasets\wind_blade_defect_v02_improve\images\train\hole_1006.jpg,C:\Users\yys\Desktop\风机\wind-fault-detection-platform\datasets\wind_blade_defect_v02_improve\labels\train\hole_1006.txt,C:\Users\yys\Desktop\风机\wind-fault-detection-platform\datasets\wind_blade_defect_v03_recall\images\train\v03_small_r1_hole_1006.jpg,C:\Users\yys\Desktop\风机\wind-fault-detection-platform\datasets\wind_blade_defect_v03_recall\labels\train\v03_small_r1_hole_1006.txt
small_target_recall_oversample,C:\Users\yys\Desktop\风机\wind-fault-detection-platform\datasets\wind_blade_defect_v02_improve\images\train\hole_101.jpg,C:\Users\yys\Desktop\风机\wind-fault-detection-platform\datasets\wind_blade_defect_v02_improve\labels\train\hole_101.txt,C:\Users\yys\Desktop\风机\wind-fault-detection-platform\datasets\wind_blade_defect_v03_recall\images\train\v03_small_r1_hole_101.jpg,C:\Users\yys\Desktop\风机\wind-fault-detection-platform\datasets\wind_blade_defect_v03_recall\labels\train\v03_small_r1_hole_101.txt
small_target_recall_oversample,C:\Users\yys\Desktop\风机\wind-fault-detection-platform\datasets\wind_blade_defect_v02_improve\images\train\hole_1010.jpg,C:\Users\yys\Desktop\风机\wind-fault-detection-platform\datasets\wind_blade_defect_v02_improve\labels\train\hole_1010.txt,C:\Users\yys\Desktop\风机\wind-fault-detection-platform\datasets\wind_blade_defect_v03_recall\images\train\v03_small_r1_hole_1010.jpg,C:\Users\yys\Desktop\风机\wind-fault-detection-platform\datasets\wind_blade_defect_v03_recall\labels\train\v03_small_r1_hole_1010.txt
small_target_recall_oversample,C:\Users\yys\Desktop\风机\wind-fault-detection-platform\datasets\wind_blade_defect_v02_improve\images\train\hole_1011.jpg,C:\Users\yys\Desktop\风机\wind-fault-detection-platform\datasets\wind_blade_defect_v02_improve\labels\train\hole_1011.txt,C:\Users\yys\Desktop\风机\wind-fault-detection-platform\datasets\wind_blade_defect_v03_recall\images\train\v03_small_r1_hole_1011.jpg,C:\Users\yys\Desktop\风机\wind-fault-detection-platform\datasets\wind_blade_defect_v03_recall\labels\train\v03_small_r1_hole_1011.txt
small_target_recall_oversample,C:\Users\yys\Desktop\风机\wind-fault-detection-platform\datasets\wind_blade_defect_v02_improve\images\train\hole_1012.jpg,C:\Users\yys\Desktop\风机\wind-fault-detection-platform\datasets\wind_blade_defect_v02_improve\labels\train\hole_1012.txt,C:\Users\yys\Desktop\风机\wind-fault-detection-platform\datasets\wind_blade_defect_v03_recall\images\train\v03_small_r1_hole_1012.jpg,C:\Users\yys\Desktop\风机\wind-fault-detection-platform\datasets\wind_blade_defect_v03_recall\labels\train\v03_small_r1_hole_1012.txt
small_target_recall_oversample,C:\Users\yys\Desktop\风机\wind-fault-detection-platform\datasets\wind_blade_defect_v02_improve\images\train\hole_1015.jpg,C:\Users\yys\Desktop\风机\wind-fault-detection-platform\datasets\wind_blade_defect_v02_improve\labels\train\hole_1015.txt,C:\Users\yys\Desktop\风机\wind-fault-detection-platform\datasets\wind_blade_defect_v03_recall\images\train\v03_small_r1_hole_1015.jpg,C:\Users\yys\Desktop\风机\wind-fault-detection-platform\datasets\wind_blade_defect_v03_recall\labels\train\v03_small_r1_hole_1015.txt
small_target_recall_oversample,C:\Users\yys\Desktop\风机\wind-fault-detection-platform\datasets\wind_blade_defect_v02_improve\images\train\hole_1016.jpg,C:\Users\yys\Desktop\风机\wind-fault-detection-platform\datasets\wind_blade_defect_v02_improve\labels\train\hole_1016.txt,C:\Users\yys\Desktop\风机\wind-fault-detection-platform\datasets\wind_blade_defect_v03_recall\images\train\v03_small_r1_hole_1016.jpg,C:\Users\yys\Desktop\风机\wind-fault-detection-platform\datasets\wind_blade_defect_v03_recall\labels\train\v03_small_r1_hole_1016.txt
small_target_recall_oversample,C:\Users\yys\Desktop\风机\wind-fault-detection-platform\datasets\wind_blade_defect_v02_improve\images\train\hole_1017.jpg,C:\Users\yys\Desktop\风机\wind-fault-detection-platform\datasets\wind_blade_defect_v02_improve\labels\train\hole_1017.txt,C:\Users\yys\Desktop\风机\wind-fault-detection-platform\datasets\wind_blade_defect_v03_recall\images\train\v03_small_r1_hole_1017.jpg,C:\Users\yys\Desktop\风机\wind-fault-detection-platform\datasets\wind_blade_defect_v03_recall\labels\train\v03_small_r1_hole_1017.txt
small_target_recall_oversample,C:\Users\yys\Desktop\风机\wind-fault-detection-platform\datasets\wind_blade_defect_v02_improve\images\train\hole_1019.jpg,C:\Users\yys\Desktop\风机\wind-fault-detection-platform\datasets\wind_blade_defect_v02_improve\labels\train\hole_1019.txt,C:\Users\yys\Desktop\风机\wind-fault-detection-platform\datasets\wind_blade_defect_v03_recall\images\train\v03_small_r1_hole_1019.jpg,C:\Users\yys\Desktop\风机\wind-fault-detection-platform\datasets\wind_blade_defect_v03_recall\labels\train\v03_small_r1_hole_1019.txt
small_target_recall_oversample,C:\Users\yys\Desktop\风机\wind-fault-detection-platform\datasets\wind_blade_defect_v02_improve\images\train\hole_1021.jpg,C:\Users\yys\Desktop\风机\wind-fault-detection-platform\datasets\wind_blade_defect_v02_improve\labels\train\hole_1021.txt,C:\Users\yys\Desktop\风机\wind-fault-detection-platform\datasets\wind_blade_defect_v03_recall\images\train\v03_small_r1_hole_1021.jpg,C:\Users\yys\Desktop\风机\wind-fault-detection-platform\datasets\wind_blade_defect_v03_recall\labels\train\v03_small_r1_hole_1021.txt
small_target_recall_oversample,C:\Users\yys\Desktop\风机\wind-fault-detection-platform\datasets\wind_blade_defect_v02_improve\images\train\hole_1022.jpg,C:\Users\yys\Desktop\风机\wind-fault-detection-platform\datasets\wind_blade_defect_v02_improve\labels\train\hole_1022.txt,C:\Users\yys\Desktop\风机\wind-fault-detection-platform\datasets\wind_blade_defect_v03_recall\images\train\v03_small_r1_hole_1022.jpg,C:\Users\yys\Desktop\风机\wind-fault-detection-platform\datasets\wind_blade_defect_v03_recall\labels\train\v03_small_r1_hole_1022.txt
small_target_recall_oversample,C:\Users\yys\Desktop\风机\wind-fault-detection-platform\datasets\wind_blade_defect_v02_improve\images\train\hole_1023.jpg,C:\Users\yys\Desktop\风机\wind-fault-detection-platform\datasets\wind_blade_defect_v02_improve\labels\train\hole_1023.txt,C:\Users\yys\Desktop\风机\wind-fault-detection-platform\datasets\wind_blade_defect_v03_recall\images\train\v03_small_r1_hole_1023.jpg,C:\Users\yys\Desktop\风机\wind-fault-detection-platform\datasets\wind_blade_defect_v03_recall\labels\train\v03_small_r1_hole_1023.txt
small_target_recall_oversample,C:\Users\yys\Desktop\风机\wind-fault-detection-platform\datasets\wind_blade_defect_v02_improve\images\train\hole_1024.jpg,C:\Users\yys\Desktop\风机\wind-fault-detection-platform\datasets\wind_blade_defect_v02_improve\labels\train\hole_1024.txt,C:\Users\yys\Desktop\风机\wind-fault-detection-platform\datasets\wind_blade_defect_v03_recall\images\train\v03_small_r1_hole_1024.jpg,C:\Users\yys\Desktop\风机\wind-fault-detection-platform\datasets\wind_blade_defect_v03_recall\labels\train\v03_small_r1_hole_1024.txt
small_target_recall_oversample,C:\Users\yys\Desktop\风机\wind-fault-detection-platform\datasets\wind_blade_defect_v02_improve\images\train\hole_1025.jpg,C:\Users\yys\Desktop\风机\wind-fault-detection-platform\datasets\wind_blade_defect_v02_improve\labels\train\hole_1025.txt,C:\Users\yys\Desktop\风机\wind-fault-detection-platform\datasets\wind_blade_defect_v03_recall\images\train\v03_small_r1_hole_1025.jpg,C:\Users\yys\Desktop\风机\wind-fault-detection-platform\datasets\wind_blade_defect_v03_recall\labels\train\v03_small_r1_hole_1025.txt
small_target_recall_oversample,C:\Users\yys\Desktop\风机\wind-fault-detection-platform\datasets\wind_blade_defect_v02_improve\images\train\hole_1026.jpg,C:\Users\yys\Desktop\风机\wind-fault-detection-platform\datasets\wind_blade_defect_v02_improve\labels\train\hole_1026.txt,C:\Users\yys\Desktop\风机\wind-fault-detection-platform\datasets\wind_blade_defect_v03_recall\images\train\v03_small_r1_hole_1026.jpg,C:\Users\yys\Desktop\风机\wind-fault-detection-platform\datasets\wind_blade_defect_v03_recall\labels\train\v03_small_r1_hole_1026.txt
small_target_recall_oversample,C:\Users\yys\Desktop\风机\wind-fault-detection-platform\datasets\wind_blade_defect_v02_improve\images\train\hole_1031.jpg,C:\Users\yys\Desktop\风机\wind-fault-detection-platform\datasets\wind_blade_defect_v02_improve\labels\train\hole_1031.txt,C:\Users\yys\Desktop\风机\wind-fault-detection-platform\datasets\wind_blade_defect_v03_recall\images\train\v03_small_r1_hole_1031.jpg,C:\Users\yys\Desktop\风机\wind-fault-detection-platform\datasets\wind_blade_defect_v03_recall\labels\train\v03_small_r1_hole_1031.txt
small_target_recall_oversample,C:\Users\yys\Desktop\风机\wind-fault-detection-platform\datasets\wind_blade_defect_v02_improve\images\train\hole_1033.jpg,C:\Users\yys\Desktop\风机\wind-fault-detection-platform\datasets\wind_blade_defect_v02_improve\labels\train\hole_1033.txt,C:\Users\yys\Desktop\风机\wind-fault-detection-platform\datasets\wind_blade_defect_v03_recall\images\train\v03_small_r1_hole_1033.jpg,C:\Users\yys\Desktop\风机\wind-fault-detection-platform\datasets\wind_blade_defect_v03_recall\labels\train\v03_small_r1_hole_1033.txt
small_target_recall_oversample,C:\Users\yys\Desktop\风机\wind-fault-detection-platform\datasets\wind_blade_defect_v02_improve\images\train\hole_1034.jpg,C:\Users\yys\Desktop\风机\wind-fault-detection-platform\datasets\wind_blade_defect_v02_improve\labels\train\hole_1034.txt,C:\Users\yys\Desktop\风机\wind-fault-detection-platform\datasets\wind_blade_defect_v03_recall\images\train\v03_small_r1_hole_1034.jpg,C:\Users\yys\Desktop\风机\wind-fault-detection-platform\datasets\wind_blade_defect_v03_recall\labels\train\v03_small_r1_hole_1034.txt
small_target_recall_oversample,C:\Users\yys\Desktop\风机\wind-fault-detection-platform\datasets\wind_blade_defect_v02_improve\images\train\hole_1037.jpg,C:\Users\yys\Desktop\风机\wind-fault-detection-platform\datasets\wind_blade_defect_v02_improve\labels\train\hole_1037.txt,C:\Users\yys\Desktop\风机\wind-fault-detection-platform\datasets\wind_blade_defect_v03_recall\images\train\v03_small_r1_hole_1037.jpg,C:\Users\yys\Desktop\风机\wind-fault-detection-platform\datasets\wind_blade_defect_v03_recall\labels\train\v03_small_r1_hole_1037.txt
small_target_recall_oversample,C:\Users\yys\Desktop\风机\wind-fault-detection-platform\datasets\wind_blade_defect_v02_improve\images\train\hole_1038.jpg,C:\Users\yys\Desktop\风机\wind-fault-detection-platform\datasets\wind_blade_defect_v02_improve\labels\train\hole_1038.txt,C:\Users\yys\Desktop\风机\wind-fault-detection-platform\datasets\wind_blade_defect_v03_recall\images\train\v03_small_r1_hole_1038.jpg,C:\Users\yys\Desktop\风机\wind-fault-detection-platform\datasets\wind_blade_defect_v03_recall\labels\train\v03_small_r1_hole_1038.txt
small_target_recall_oversample,C:\Users\yys\Desktop\风机\wind-fault-detection-platform\datasets\wind_blade_defect_v02_improve\images\train\hole_1039.jpg,C:\Users\yys\Desktop\风机\wind-fault-detection-platform\datasets\wind_blade_defect_v02_improve\labels\train\hole_1039.txt,C:\Users\yys\Desktop\风机\wind-fault-detection-platform\datasets\wind_blade_defect_v03_recall\images\train\v03_small_r1_hole_1039.jpg,C:\Users\yys\Desktop\风机\wind-fault-detection-platform\datasets\wind_blade_defect_v03_recall\labels\train\v03_small_r1_hole_1039.txt
small_target_recall_oversample,C:\Users\yys\Desktop\风机\wind-fault-detection-platform\datasets\wind_blade_defect_v02_improve\images\train\hole_1040.jpg,C:\Users\yys\Desktop\风机\wind-fault-detection-platform\datasets\wind_blade_defect_v02_improve\labels\train\hole_1040.txt,C:\Users\yys\Desktop\风机\wind-fault-detection-platform\datasets\wind_blade_defect_v03_recall\images\train\v03_small_r1_hole_1040.jpg,C:\Users\yys\Desktop\风机\wind-fault-detection-platform\datasets\wind_blade_defect_v03_recall\labels\train\v03_small_r1_hole_1040.txt
small_target_recall_oversample,C:\Users\yys\Desktop\风机\wind-fault-detection-platform\datasets\wind_blade_defect_v02_improve\images\train\hole_1041.jpg,C:\Users\yys\Desktop\风机\wind-fault-detection-platform\datasets\wind_blade_defect_v02_improve\labels\train\hole_1041.txt,C:\Users\yys\Desktop\风机\wind-fault-detection-platform\datasets\wind_blade_defect_v03_recall\images\train\v03_small_r1_hole_1041.jpg,C:\Users\yys\Desktop\风机\wind-fault-detection-platform\datasets\wind_blade_defect_v03_recall\labels\train\v03_small_r1_hole_1041.txt
small_target_recall_oversample,C:\Users\yys\Desktop\风机\wind-fault-detection-platform\datasets\wind_blade_defect_v02_improve\images\train\hole_1042.jpg,C:\Users\yys\Desktop\风机\wind-fault-detection-platform\datasets\wind_blade_defect_v02_improve\labels\train\hole_1042.txt,C:\Users\yys\Desktop\风机\wind-fault-detection-platform\datasets\wind_blade_defect_v03_recall\images\train\v03_small_r1_hole_1042.jpg,C:\Users\yys\Desktop\风机\wind-fault-detection-platform\datasets\wind_blade_defect_v03_recall\labels\train\v03_small_r1_hole_1042.txt
small_target_recall_oversample,C:\Users\yys\Desktop\风机\wind-fault-detection-platform\datasets\wind_blade_defect_v02_improve\images\train\hole_1043.jpg,C:\Users\yys\Desktop\风机\wind-fault-detection-platform\datasets\wind_blade_defect_v02_improve\labels\train\hole_1043.txt,C:\Users\yys\Desktop\风机\wind-fault-detection-platform\datasets\wind_blade_defect_v03_recall\images\train\v03_small_r1_hole_1043.jpg,C:\Users\yys\Desktop\风机\wind-fault-detection-platform\datasets\wind_blade_defect_v03_recall\labels\train\v03_small_r1_hole_1043.txt
small_target_recall_oversample,C:\Users\yys\Desktop\风机\wind-fault-detection-platform\datasets\wind_blade_defect_v02_improve\images\train\hole_1044.jpg,C:\Users\yys\Desktop\风机\wind-fault-detection-platform\datasets\wind_blade_defect_v02_improve\labels\train\hole_1044.txt,C:\Users\yys\Desktop\风机\wind-fault-detection-platform\datasets\wind_blade_defect_v03_recall\images\train\v03_small_r1_hole_1044.jpg,C:\Users\yys\Desktop\风机\wind-fault-detection-platform\datasets\wind_blade_defect_v03_recall\labels\train\v03_small_r1_hole_1044.txt
small_target_recall_oversample,C:\Users\yys\Desktop\风机\wind-fault-detection-platform\datasets\wind_blade_defect_v02_improve\images\train\hole_1046.jpg,C:\Users\yys\Desktop\风机\wind-fault-detection-platform\datasets\wind_blade_defect_v02_improve\labels\train\hole_1046.txt,C:\Users\yys\Desktop\风机\wind-fault-detection-platform\datasets\wind_blade_defect_v03_recall\images\train\v03_small_r1_hole_1046.jpg,C:\Users\yys\Desktop\风机\wind-fault-detection-platform\datasets\wind_blade_defect_v03_recall\labels\train\v03_small_r1_hole_1046.txt
small_target_recall_oversample,C:\Users\yys\Desktop\风机\wind-fault-detection-platform\datasets\wind_blade_defect_v02_improve\images\train\hole_1047.jpg,C:\Users\yys\Desktop\风机\wind-fault-detection-platform\datasets\wind_blade_defect_v02_improve\labels\train\hole_1047.txt,C:\Users\yys\Desktop\风机\wind-fault-detection-platform\datasets\wind_blade_defect_v03_recall\images\train\v03_small_r1_hole_1047.jpg,C:\Users\yys\Desktop\风机\wind-fault-detection-platform\datasets\wind_blade_defect_v03_recall\labels\train\v03_small_r1_hole_1047.txt
small_target_recall_oversample,C:\Users\yys\Desktop\风机\wind-fault-detection-platform\datasets\wind_blade_defect_v02_improve\images\train\hole_1049.jpg,C:\Users\yys\Desktop\风机\wind-fault-detection-platform\datasets\wind_blade_defect_v02_improve\labels\train\hole_1049.txt,C:\Users\yys\Desktop\风机\wind-fault-detection-platform\datasets\wind_blade_defect_v03_recall\images\train\v03_small_r1_hole_1049.jpg,C:\Users\yys\Desktop\风机\wind-fault-detection-platform\datasets\wind_blade_defect_v03_recall\labels\train\v03_small_r1_hole_1049.txt
small_target_recall_oversample,C:\Users\yys\Desktop\风机\wind-fault-detection-platform\datasets\wind_blade_defect_v02_improve\images\train\hole_1050.jpg,C:\Users\yys\Desktop\风机\wind-fault-detection-platform\datasets\wind_blade_defect_v02_improve\labels\train\hole_1050.txt,C:\Users\yys\Desktop\风机\wind-fault-detection-platform\datasets\wind_blade_defect_v03_recall\images\train\v03_small_r1_hole_1050.jpg,C:\Users\yys\Desktop\风机\wind-fault-detection-platform\datasets\wind_blade_defect_v03_recall\labels\train\v03_small_r1_hole_1050.txt
small_target_recall_oversample,C:\Users\yys\Desktop\风机\wind-fault-detection-platform\datasets\wind_blade_defect_v02_improve\images\train\hole_1051.jpg,C:\Users\yys\Desktop\风机\wind-fault-detection-platform\datasets\wind_blade_defect_v02_improve\labels\train\hole_1051.txt,C:\Users\yys\Desktop\风机\wind-fault-detection-platform\datasets\wind_blade_defect_v03_recall\images\train\v03_small_r1_hole_1051.jpg,C:\Users\yys\Desktop\风机\wind-fault-detection-platform\datasets\wind_blade_defect_v03_recall\labels\train\v03_small_r1_hole_1051.txt
small_target_recall_oversample,C:\Users\yys\Desktop\风机\wind-fault-detection-platform\datasets\wind_blade_defect_v02_improve\images\train\hole_1052.jpg,C:\Users\yys\Desktop\风机\wind-fault-detection-platform\datasets\wind_blade_defect_v02_improve\labels\train\hole_1052.txt,C:\Users\yys\Desktop\风机\wind-fault-detection-platform\datasets\wind_blade_defect_v03_recall\images\train\v03_small_r1_hole_1052.jpg,C:\Users\yys\Desktop\风机\wind-fault-detection-platform\datasets\wind_blade_defect_v03_recall\labels\train\v03_small_r1_hole_1052.txt
small_target_recall_oversample,C:\Users\yys\Desktop\风机\wind-fault-detection-platform\datasets\wind_blade_defect_v02_improve\images\train\hole_1053.jpg,C:\Users\yys\Desktop\风机\wind-fault-detection-platform\datasets\wind_blade_defect_v02_improve\labels\train\hole_1053.txt,C:\Users\yys\Desktop\风机\wind-fault-detection-platform\datasets\wind_blade_defect_v03_recall\images\train\v03_small_r1_hole_1053.jpg,C:\Users\yys\Desktop\风机\wind-fault-detection-platform\datasets\wind_blade_defect_v03_recall\labels\train\v03_small_r1_hole_1053.txt
small_target_recall_oversample,C:\Users\yys\Desktop\风机\wind-fault-detection-platform\datasets\wind_blade_defect_v02_improve\images\train\hole_1054.jpg,C:\Users\yys\Desktop\风机\wind-fault-detection-platform\datasets\wind_blade_defect_v02_improve\labels\train\hole_1054.txt,C:\Users\yys\Desktop\风机\wind-fault-detection-platform\datasets\wind_blade_defect_v03_recall\images\train\v03_small_r1_hole_1054.jpg,C:\Users\yys\Desktop\风机\wind-fault-detection-platform\datasets\wind_blade_defect_v03_recall\labels\train\v03_small_r1_hole_1054.txt
small_target_recall_oversample,C:\Users\yys\Desktop\风机\wind-fault-detection-platform\datasets\wind_blade_defect_v02_improve\images\train\hole_1055.jpg,C:\Users\yys\Desktop\风机\wind-fault-detection-platform\datasets\wind_blade_defect_v02_improve\labels\train\hole_1055.txt,C:\Users\yys\Desktop\风机\wind-fault-detection-platform\datasets\wind_blade_defect_v03_recall\images\train\v03_small_r1_hole_1055.jpg,C:\Users\yys\Desktop\风机\wind-fault-detection-platform\datasets\wind_blade_defect_v03_recall\labels\train\v03_small_r1_hole_1055.txt
small_target_recall_oversample,C:\Users\yys\Desktop\风机\wind-fault-detection-platform\datasets\wind_blade_defect_v02_improve\images\train\hole_1056.jpg,C:\Users\yys\Desktop\风机\wind-fault-detection-platform\datasets\wind_blade_defect_v02_improve\labels\train\hole_1056.txt,C:\Users\yys\Desktop\风机\wind-fault-detection-platform\datasets\wind_blade_defect_v03_recall\images\train\v03_small_r1_hole_1056.jpg,C:\Users\yys\Desktop\风机\wind-fault-detection-platform\datasets\wind_blade_defect_v03_recall\labels\train\v03_small_r1_hole_1056.txt
small_target_recall_oversample,C:\Users\yys\Desktop\风机\wind-fault-detection-platform\datasets\wind_blade_defect_v02_improve\images\train\hole_1057.jpg,C:\Users\yys\Desktop\风机\wind-fault-detection-platform\datasets\wind_blade_defect_v02_improve\labels\train\hole_1057.txt,C:\Users\yys\Desktop\风机\wind-fault-detection-platform\datasets\wind_blade_defect_v03_recall\images\train\v03_small_r1_hole_1057.jpg,C:\Users\yys\Desktop\风机\wind-fault-detection-platform\datasets\wind_blade_defect_v03_recall\labels\train\v03_small_r1_hole_1057.txt
small_target_recall_oversample,C:\Users\yys\Desktop\风机\wind-fault-detection-platform\datasets\wind_blade_defect_v02_improve\images\train\hole_1059.jpg,C:\Users\yys\Desktop\风机\wind-fault-detection-platform\datasets\wind_blade_defect_v02_improve\labels\train\hole_1059.txt,C:\Users\yys\Desktop\风机\wind-fault-detection-platform\datasets\wind_blade_defect_v03_recall\images\train\v03_small_r1_hole_1059.jpg,C:\Users\yys\Desktop\风机\wind-fault-detection-platform\datasets\wind_blade_defect_v03_recall\labels\train\v03_small_r1_hole_1059.txt
small_target_recall_oversample,C:\Users\yys\Desktop\风机\wind-fault-detection-platform\datasets\wind_blade_defect_v02_improve\images\train\hole_106.jpg,C:\Users\yys\Desktop\风机\wind-fault-detection-platform\datasets\wind_blade_defect_v02_improve\labels\train\hole_106.txt,C:\Users\yys\Desktop\风机\wind-fault-detection-platform\datasets\wind_blade_defect_v03_recall\images\train\v03_small_r1_hole_106.jpg,C:\Users\yys\Desktop\风机\wind-fault-detection-platform\datasets\wind_blade_defect_v03_recall\labels\train\v03_small_r1_hole_106.txt
small_target_recall_oversample,C:\Users\yys\Desktop\风机\wind-fault-detection-platform\datasets\wind_blade_defect_v02_improve\images\train\hole_1060.jpg,C:\Users\yys\Desktop\风机\wind-fault-detection-platform\datasets\wind_blade_defect_v02_improve\labels\train\hole_1060.txt,C:\Users\yys\Desktop\风机\wind-fault-detection-platform\datasets\wind_blade_defect_v03_recall\images\train\v03_small_r1_hole_1060.jpg,C:\Users\yys\Desktop\风机\wind-fault-detection-platform\datasets\wind_blade_defect_v03_recall\labels\train\v03_small_r1_hole_1060.txt
small_target_recall_oversample,C:\Users\yys\Desktop\风机\wind-fault-detection-platform\datasets\wind_blade_defect_v02_improve\images\train\hole_1061.jpg,C:\Users\yys\Desktop\风机\wind-fault-detection-platform\datasets\wind_blade_defect_v02_improve\labels\train\hole_1061.txt,C:\Users\yys\Desktop\风机\wind-fault-detection-platform\datasets\wind_blade_defect_v03_recall\images\train\v03_small_r1_hole_1061.jpg,C:\Users\yys\Desktop\风机\wind-fault-detection-platform\datasets\wind_blade_defect_v03_recall\labels\train\v03_small_r1_hole_1061.txt
small_target_recall_oversample,C:\Users\yys\Desktop\风机\wind-fault-detection-platform\datasets\wind_blade_defect_v02_improve\images\train\hole_1062.jpg,C:\Users\yys\Desktop\风机\wind-fault-detection-platform\datasets\wind_blade_defect_v02_improve\labels\train\hole_1062.txt,C:\Users\yys\Desktop\风机\wind-fault-detection-platform\datasets\wind_blade_defect_v03_recall\images\train\v03_small_r1_hole_1062.jpg,C:\Users\yys\Desktop\风机\wind-fault-detection-platform\datasets\wind_blade_defect_v03_recall\labels\train\v03_small_r1_hole_1062.txt
small_target_recall_oversample,C:\Users\yys\Desktop\风机\wind-fault-detection-platform\datasets\wind_blade_defect_v02_improve\images\train\hole_1065.jpg,C:\Users\yys\Desktop\风机\wind-fault-detection-platform\datasets\wind_blade_defect_v02_improve\labels\train\hole_1065.txt,C:\Users\yys\Desktop\风机\wind-fault-detection-platform\datasets\wind_blade_defect_v03_recall\images\train\v03_small_r1_hole_1065.jpg,C:\Users\yys\Desktop\风机\wind-fault-detection-platform\datasets\wind_blade_defect_v03_recall\labels\train\v03_small_r1_hole_1065.txt
small_target_recall_oversample,C:\Users\yys\Desktop\风机\wind-fault-detection-platform\datasets\wind_blade_defect_v02_improve\images\train\hole_1066.jpg,C:\Users\yys\Desktop\风机\wind-fault-detection-platform\datasets\wind_blade_defect_v02_improve\labels\train\hole_1066.txt,C:\Users\yys\Desktop\风机\wind-fault-detection-platform\datasets\wind_blade_defect_v03_recall\images\train\v03_small_r1_hole_1066.jpg,C:\Users\yys\Desktop\风机\wind-fault-detection-platform\datasets\wind_blade_defect_v03_recall\labels\train\v03_small_r1_hole_1066.txt
small_target_recall_oversample,C:\Users\yys\Desktop\风机\wind-fault-detection-platform\datasets\wind_blade_defect_v02_improve\images\train\hole_1067.jpg,C:\Users\yys\Desktop\风机\wind-fault-detection-platform\datasets\wind_blade_defect_v02_improve\labels\train\hole_1067.txt,C:\Users\yys\Desktop\风机\wind-fault-detection-platform\datasets\wind_blade_defect_v03_recall\images\train\v03_small_r1_hole_1067.jpg,C:\Users\yys\Desktop\风机\wind-fault-detection-platform\datasets\wind_blade_defect_v03_recall\labels\train\v03_small_r1_hole_1067.txt
small_target_recall_oversample,C:\Users\yys\Desktop\风机\wind-fault-detection-platform\datasets\wind_blade_defect_v02_improve\images\train\hole_1068.jpg,C:\Users\yys\Desktop\风机\wind-fault-detection-platform\datasets\wind_blade_defect_v02_improve\labels\train\hole_1068.txt,C:\Users\yys\Desktop\风机\wind-fault-detection-platform\datasets\wind_blade_defect_v03_recall\images\train\v03_small_r1_hole_1068.jpg,C:\Users\yys\Desktop\风机\wind-fault-detection-platform\datasets\wind_blade_defect_v03_recall\labels\train\v03_small_r1_hole_1068.txt
small_target_recall_oversample,C:\Users\yys\Desktop\风机\wind-fault-detection-platform\datasets\wind_blade_defect_v02_improve\images\train\hole_1069.jpg,C:\Users\yys\Desktop\风机\wind-fault-detection-platform\datasets\wind_blade_defect_v02_improve\labels\train\hole_1069.txt,C:\Users\yys\Desktop\风机\wind-fault-detection-platform\datasets\wind_blade_defect_v03_recall\images\train\v03_small_r1_hole_1069.jpg,C:\Users\yys\Desktop\风机\wind-fault-detection-platform\datasets\wind_blade_defect_v03_recall\labels\train\v03_small_r1_hole_1069.txt
small_target_recall_oversample,C:\Users\yys\Desktop\风机\wind-fault-detection-platform\datasets\wind_blade_defect_v02_improve\images\train\hole_107.jpg,C:\Users\yys\Desktop\风机\wind-fault-detection-platform\datasets\wind_blade_defect_v02_improve\labels\train\hole_107.txt,C:\Users\yys\Desktop\风机\wind-fault-detection-platform\datasets\wind_blade_defect_v03_recall\images\train\v03_small_r1_hole_107.jpg,C:\Users\yys\Desktop\风机\wind-fault-detection-platform\datasets\wind_blade_defect_v03_recall\labels\train\v03_small_r1_hole_107.txt
small_target_recall_oversample,C:\Users\yys\Desktop\风机\wind-fault-detection-platform\datasets\wind_blade_defect_v02_improve\images\train\hole_1070.jpg,C:\Users\yys\Desktop\风机\wind-fault-detection-platform\datasets\wind_blade_defect_v02_improve\labels\train\hole_1070.txt,C:\Users\yys\Desktop\风机\wind-fault-detection-platform\datasets\wind_blade_defect_v03_recall\images\train\v03_small_r1_hole_1070.jpg,C:\Users\yys\Desktop\风机\wind-fault-detection-platform\datasets\wind_blade_defect_v03_recall\labels\train\v03_small_r1_hole_1070.txt
small_target_recall_oversample,C:\Users\yys\Desktop\风机\wind-fault-detection-platform\datasets\wind_blade_defect_v02_improve\images\train\hole_1071.jpg,C:\Users\yys\Desktop\风机\wind-fault-detection-platform\datasets\wind_blade_defect_v02_improve\labels\train\hole_1071.txt,C:\Users\yys\Desktop\风机\wind-fault-detection-platform\datasets\wind_blade_defect_v03_recall\images\train\v03_small_r1_hole_1071.jpg,C:\Users\yys\Desktop\风机\wind-fault-detection-platform\datasets\wind_blade_defect_v03_recall\labels\train\v03_small_r1_hole_1071.txt
small_target_recall_oversample,C:\Users\yys\Desktop\风机\wind-fault-detection-platform\datasets\wind_blade_defect_v02_improve\images\train\hole_1072.jpg,C:\Users\yys\Desktop\风机\wind-fault-detection-platform\datasets\wind_blade_defect_v02_improve\labels\train\hole_1072.txt,C:\Users\yys\Desktop\风机\wind-fault-detection-platform\datasets\wind_blade_defect_v03_recall\images\train\v03_small_r1_hole_1072.jpg,C:\Users\yys\Desktop\风机\wind-fault-detection-platform\datasets\wind_blade_defect_v03_recall\labels\train\v03_small_r1_hole_1072.txt
small_target_recall_oversample,C:\Users\yys\Desktop\风机\wind-fault-detection-platform\datasets\wind_blade_defect_v02_improve\images\train\hole_1073.jpg,C:\Users\yys\Desktop\风机\wind-fault-detection-platform\datasets\wind_blade_defect_v02_improve\labels\train\hole_1073.txt,C:\Users\yys\Desktop\风机\wind-fault-detection-platform\datasets\wind_blade_defect_v03_recall\images\train\v03_small_r1_hole_1073.jpg,C:\Users\yys\Desktop\风机\wind-fault-detection-platform\datasets\wind_blade_defect_v03_recall\labels\train\v03_small_r1_hole_1073.txt
small_target_recall_oversample,C:\Users\yys\Desktop\风机\wind-fault-detection-platform\datasets\wind_blade_defect_v02_improve\images\train\hole_1074.jpg,C:\Users\yys\Desktop\风机\wind-fault-detection-platform\datasets\wind_blade_defect_v02_improve\labels\train\hole_1074.txt,C:\Users\yys\Desktop\风机\wind-fault-detection-platform\datasets\wind_blade_defect_v03_recall\images\train\v03_small_r1_hole_1074.jpg,C:\Users\yys\Desktop\风机\wind-fault-detection-platform\datasets\wind_blade_defect_v03_recall\labels\train\v03_small_r1_hole_1074.txt
small_target_recall_oversample,C:\Users\yys\Desktop\风机\wind-fault-detection-platform\datasets\wind_blade_defect_v02_improve\images\train\hole_1078.jpg,C:\Users\yys\Desktop\风机\wind-fault-detection-platform\datasets\wind_blade_defect_v02_improve\labels\train\hole_1078.txt,C:\Users\yys\Desktop\风机\wind-fault-detection-platform\datasets\wind_blade_defect_v03_recall\images\train\v03_small_r1_hole_1078.jpg,C:\Users\yys\Desktop\风机\wind-fault-detection-platform\datasets\wind_blade_defect_v03_recall\labels\train\v03_small_r1_hole_1078.txt
small_target_recall_oversample,C:\Users\yys\Desktop\风机\wind-fault-detection-platform\datasets\wind_blade_defect_v02_improve\images\train\hole_1081.jpg,C:\Users\yys\Desktop\风机\wind-fault-detection-platform\datasets\wind_blade_defect_v02_improve\labels\train\hole_1081.txt,C:\Users\yys\Desktop\风机\wind-fault-detection-platform\datasets\wind_blade_defect_v03_recall\images\train\v03_small_r1_hole_1081.jpg,C:\Users\yys\Desktop\风机\wind-fault-detection-platform\datasets\wind_blade_defect_v03_recall\labels\train\v03_small_r1_hole_1081.txt
small_target_recall_oversample,C:\Users\yys\Desktop\风机\wind-fault-detection-platform\datasets\wind_blade_defect_v02_improve\images\train\hole_1083.jpg,C:\Users\yys\Desktop\风机\wind-fault-detection-platform\datasets\wind_blade_defect_v02_improve\labels\train\hole_1083.txt,C:\Users\yys\Desktop\风机\wind-fault-detection-platform\datasets\wind_blade_defect_v03_recall\images\train\v03_small_r1_hole_1083.jpg,C:\Users\yys\Desktop\风机\wind-fault-detection-platform\datasets\wind_blade_defect_v03_recall\labels\train\v03_small_r1_hole_1083.txt
small_target_recall_oversample,C:\Users\yys\Desktop\风机\wind-fault-detection-platform\datasets\wind_blade_defect_v02_improve\images\train\hole_1085.jpg,C:\Users\yys\Desktop\风机\wind-fault-detection-platform\datasets\wind_blade_defect_v02_improve\labels\train\hole_1085.txt,C:\Users\yys\Desktop\风机\wind-fault-detection-platform\datasets\wind_blade_defect_v03_recall\images\train\v03_small_r1_hole_1085.jpg,C:\Users\yys\Desktop\风机\wind-fault-detection-platform\datasets\wind_blade_defect_v03_recall\labels\train\v03_small_r1_hole_1085.txt
small_target_recall_oversample,C:\Users\yys\Desktop\风机\wind-fault-detection-platform\datasets\wind_blade_defect_v02_improve\images\train\hole_1088.jpg,C:\Users\yys\Desktop\风机\wind-fault-detection-platform\datasets\wind_blade_defect_v02_improve\labels\train\hole_1088.txt,C:\Users\yys\Desktop\风机\wind-fault-detection-platform\datasets\wind_blade_defect_v03_recall\images\train\v03_small_r1_hole_1088.jpg,C:\Users\yys\Desktop\风机\wind-fault-detection-platform\datasets\wind_blade_defect_v03_recall\labels\train\v03_small_r1_hole_1088.txt
small_target_recall_oversample,C:\Users\yys\Desktop\风机\wind-fault-detection-platform\datasets\wind_blade_defect_v02_improve\images\train\hole_109.jpg,C:\Users\yys\Desktop\风机\wind-fault-detection-platform\datasets\wind_blade_defect_v02_improve\labels\train\hole_109.txt,C:\Users\yys\Desktop\风机\wind-fault-detection-platform\datasets\wind_blade_defect_v03_recall\images\train\v03_small_r1_hole_109.jpg,C:\Users\yys\Desktop\风机\wind-fault-detection-platform\datasets\wind_blade_defect_v03_recall\labels\train\v03_small_r1_hole_109.txt
small_target_recall_oversample,C:\Users\yys\Desktop\风机\wind-fault-detection-platform\datasets\wind_blade_defect_v02_improve\images\train\hole_1092.jpg,C:\Users\yys\Desktop\风机\wind-fault-detection-platform\datasets\wind_blade_defect_v02_improve\labels\train\hole_1092.txt,C:\Users\yys\Desktop\风机\wind-fault-detection-platform\datasets\wind_blade_defect_v03_recall\images\train\v03_small_r1_hole_1092.jpg,C:\Users\yys\Desktop\风机\wind-fault-detection-platform\datasets\wind_blade_defect_v03_recall\labels\train\v03_small_r1_hole_1092.txt
small_target_recall_oversample,C:\Users\yys\Desktop\风机\wind-fault-detection-platform\datasets\wind_blade_defect_v02_improve\images\train\hole_1093.jpg,C:\Users\yys\Desktop\风机\wind-fault-detection-platform\datasets\wind_blade_defect_v02_improve\labels\train\hole_1093.txt,C:\Users\yys\Desktop\风机\wind-fault-detection-platform\datasets\wind_blade_defect_v03_recall\images\train\v03_small_r1_hole_1093.jpg,C:\Users\yys\Desktop\风机\wind-fault-detection-platform\datasets\wind_blade_defect_v03_recall\labels\train\v03_small_r1_hole_1093.txt
small_target_recall_oversample,C:\Users\yys\Desktop\风机\wind-fault-detection-platform\datasets\wind_blade_defect_v02_improve\images\train\hole_1094.jpg,C:\Users\yys\Desktop\风机\wind-fault-detection-platform\datasets\wind_blade_defect_v02_improve\labels\train\hole_1094.txt,C:\Users\yys\Desktop\风机\wind-fault-detection-platform\datasets\wind_blade_defect_v03_recall\images\train\v03_small_r1_hole_1094.jpg,C:\Users\yys\Desktop\风机\wind-fault-detection-platform\datasets\wind_blade_defect_v03_recall\labels\train\v03_small_r1_hole_1094.txt
small_target_recall_oversample,C:\Users\yys\Desktop\风机\wind-fault-detection-platform\datasets\wind_blade_defect_v02_improve\images\train\hole_1095.jpg,C:\Users\yys\Desktop\风机\wind-fault-detection-platform\datasets\wind_blade_defect_v02_improve\labels\train\hole_1095.txt,C:\Users\yys\Desktop\风机\wind-fault-detection-platform\datasets\wind_blade_defect_v03_recall\images\train\v03_small_r1_hole_1095.jpg,C:\Users\yys\Desktop\风机\wind-fault-detection-platform\datasets\wind_blade_defect_v03_recall\labels\train\v03_small_r1_hole_1095.txt
small_target_recall_oversample,C:\Users\yys\Desktop\风机\wind-fault-detection-platform\datasets\wind_blade_defect_v02_improve\images\train\hole_1096.jpg,C:\Users\yys\Desktop\风机\wind-fault-detection-platform\datasets\wind_blade_defect_v02_improve\labels\train\hole_1096.txt,C:\Users\yys\Desktop\风机\wind-fault-detection-platform\datasets\wind_blade_defect_v03_recall\images\train\v03_small_r1_hole_1096.jpg,C:\Users\yys\Desktop\风机\wind-fault-detection-platform\datasets\wind_blade_defect_v03_recall\labels\train\v03_small_r1_hole_1096.txt
small_target_recall_oversample,C:\Users\yys\Desktop\风机\wind-fault-detection-platform\datasets\wind_blade_defect_v02_improve\images\train\hole_1097.jpg,C:\Users\yys\Desktop\风机\wind-fault-detection-platform\datasets\wind_blade_defect_v02_improve\labels\train\hole_1097.txt,C:\Users\yys\Desktop\风机\wind-fault-detection-platform\datasets\wind_blade_defect_v03_recall\images\train\v03_small_r1_hole_1097.jpg,C:\Users\yys\Desktop\风机\wind-fault-detection-platform\datasets\wind_blade_defect_v03_recall\labels\train\v03_small_r1_hole_1097.txt
small_target_recall_oversample,C:\Users\yys\Desktop\风机\wind-fault-detection-platform\datasets\wind_blade_defect_v02_improve\images\train\hole_1100.jpg,C:\Users\yys\Desktop\风机\wind-fault-detection-platform\datasets\wind_blade_defect_v02_improve\labels\train\hole_1100.txt,C:\Users\yys\Desktop\风机\wind-fault-detection-platform\datasets\wind_blade_defect_v03_recall\images\train\v03_small_r1_hole_1100.jpg,C:\Users\yys\Desktop\风机\wind-fault-detection-platform\datasets\wind_blade_defect_v03_recall\labels\train\v03_small_r1_hole_1100.txt
small_target_recall_oversample,C:\Users\yys\Desktop\风机\wind-fault-detection-platform\datasets\wind_blade_defect_v02_improve\images\train\hole_1101.jpg,C:\Users\yys\Desktop\风机\wind-fault-detection-platform\datasets\wind_blade_defect_v02_improve\labels\train\hole_1101.txt,C:\Users\yys\Desktop\风机\wind-fault-detection-platform\datasets\wind_blade_defect_v03_recall\images\train\v03_small_r1_hole_1101.jpg,C:\Users\yys\Desktop\风机\wind-fault-detection-platform\datasets\wind_blade_defect_v03_recall\labels\train\v03_small_r1_hole_1101.txt
small_target_recall_oversample,C:\Users\yys\Desktop\风机\wind-fault-detection-platform\datasets\wind_blade_defect_v02_improve\images\train\hole_128.jpg,C:\Users\yys\Desktop\风机\wind-fault-detection-platform\datasets\wind_blade_defect_v02_improve\labels\train\hole_128.txt,C:\Users\yys\Desktop\风机\wind-fault-detection-platform\datasets\wind_blade_defect_v03_recall\images\train\v03_small_r1_hole_128.jpg,C:\Users\yys\Desktop\风机\wind-fault-detection-platform\datasets\wind_blade_defect_v03_recall\labels\train\v03_small_r1_hole_128.txt
small_target_recall_oversample,C:\Users\yys\Desktop\风机\wind-fault-detection-platform\datasets\wind_blade_defect_v02_improve\images\train\hole_129.jpg,C:\Users\yys\Desktop\风机\wind-fault-detection-platform\datasets\wind_blade_defect_v02_improve\labels\train\hole_129.txt,C:\Users\yys\Desktop\风机\wind-fault-detection-platform\datasets\wind_blade_defect_v03_recall\images\train\v03_small_r1_hole_129.jpg,C:\Users\yys\Desktop\风机\wind-fault-detection-platform\datasets\wind_blade_defect_v03_recall\labels\train\v03_small_r1_hole_129.txt
small_target_recall_oversample,C:\Users\yys\Desktop\风机\wind-fault-detection-platform\datasets\wind_blade_defect_v02_improve\images\train\hole_130.jpg,C:\Users\yys\Desktop\风机\wind-fault-detection-platform\datasets\wind_blade_defect_v02_improve\labels\train\hole_130.txt,C:\Users\yys\Desktop\风机\wind-fault-detection-platform\datasets\wind_blade_defect_v03_recall\images\train\v03_small_r1_hole_130.jpg,C:\Users\yys\Desktop\风机\wind-fault-detection-platform\datasets\wind_blade_defect_v03_recall\labels\train\v03_small_r1_hole_130.txt
small_target_recall_oversample,C:\Users\yys\Desktop\风机\wind-fault-detection-platform\datasets\wind_blade_defect_v02_improve\images\train\hole_131.jpg,C:\Users\yys\Desktop\风机\wind-fault-detection-platform\datasets\wind_blade_defect_v02_improve\labels\train\hole_131.txt,C:\Users\yys\Desktop\风机\wind-fault-detection-platform\datasets\wind_blade_defect_v03_recall\images\train\v03_small_r1_hole_131.jpg,C:\Users\yys\Desktop\风机\wind-fault-detection-platform\datasets\wind_blade_defect_v03_recall\labels\train\v03_small_r1_hole_131.txt
small_target_recall_oversample,C:\Users\yys\Desktop\风机\wind-fault-detection-platform\datasets\wind_blade_defect_v02_improve\images\train\hole_132.jpg,C:\Users\yys\Desktop\风机\wind-fault-detection-platform\datasets\wind_blade_defect_v02_improve\labels\train\hole_132.txt,C:\Users\yys\Desktop\风机\wind-fault-detection-platform\datasets\wind_blade_defect_v03_recall\images\train\v03_small_r1_hole_132.jpg,C:\Users\yys\Desktop\风机\wind-fault-detection-platform\datasets\wind_blade_defect_v03_recall\labels\train\v03_small_r1_hole_132.txt
small_target_recall_oversample,C:\Users\yys\Desktop\风机\wind-fault-detection-platform\datasets\wind_blade_defect_v02_improve\images\train\hole_133.jpg,C:\Users\yys\Desktop\风机\wind-fault-detection-platform\datasets\wind_blade_defect_v02_improve\labels\train\hole_133.txt,C:\Users\yys\Desktop\风机\wind-fault-detection-platform\datasets\wind_blade_defect_v03_recall\images\train\v03_small_r1_hole_133.jpg,C:\Users\yys\Desktop\风机\wind-fault-detection-platform\datasets\wind_blade_defect_v03_recall\labels\train\v03_small_r1_hole_133.txt
small_target_recall_oversample,C:\Users\yys\Desktop\风机\wind-fault-detection-platform\datasets\wind_blade_defect_v02_improve\images\train\hole_134.jpg,C:\Users\yys\Desktop\风机\wind-fault-detection-platform\datasets\wind_blade_defect_v02_improve\labels\train\hole_134.txt,C:\Users\yys\Desktop\风机\wind-fault-detection-platform\datasets\wind_blade_defect_v03_recall\images\train\v03_small_r1_hole_134.jpg,C:\Users\yys\Desktop\风机\wind-fault-detection-platform\datasets\wind_blade_defect_v03_recall\labels\train\v03_small_r1_hole_134.txt
small_target_recall_oversample,C:\Users\yys\Desktop\风机\wind-fault-detection-platform\datasets\wind_blade_defect_v02_improve\images\train\hole_136.jpg,C:\Users\yys\Desktop\风机\wind-fault-detection-platform\datasets\wind_blade_defect_v02_improve\labels\train\hole_136.txt,C:\Users\yys\Desktop\风机\wind-fault-detection-platform\datasets\wind_blade_defect_v03_recall\images\train\v03_small_r1_hole_136.jpg,C:\Users\yys\Desktop\风机\wind-fault-detection-platform\datasets\wind_blade_defect_v03_recall\labels\train\v03_small_r1_hole_136.txt
small_target_recall_oversample,C:\Users\yys\Desktop\风机\wind-fault-detection-platform\datasets\wind_blade_defect_v02_improve\images\train\hole_137.jpg,C:\Users\yys\Desktop\风机\wind-fault-detection-platform\datasets\wind_blade_defect_v02_improve\labels\train\hole_137.txt,C:\Users\yys\Desktop\风机\wind-fault-detection-platform\datasets\wind_blade_defect_v03_recall\images\train\v03_small_r1_hole_137.jpg,C:\Users\yys\Desktop\风机\wind-fault-detection-platform\datasets\wind_blade_defect_v03_recall\labels\train\v03_small_r1_hole_137.txt
small_target_recall_oversample,C:\Users\yys\Desktop\风机\wind-fault-detection-platform\datasets\wind_blade_defect_v02_improve\images\train\hole_138.jpg,C:\Users\yys\Desktop\风机\wind-fault-detection-platform\datasets\wind_blade_defect_v02_improve\labels\train\hole_138.txt,C:\Users\yys\Desktop\风机\wind-fault-detection-platform\datasets\wind_blade_defect_v03_recall\images\train\v03_small_r1_hole_138.jpg,C:\Users\yys\Desktop\风机\wind-fault-detection-platform\datasets\wind_blade_defect_v03_recall\labels\train\v03_small_r1_hole_138.txt
small_target_recall_oversample,C:\Users\yys\Desktop\风机\wind-fault-detection-platform\datasets\wind_blade_defect_v02_improve\images\train\hole_14.jpg,C:\Users\yys\Desktop\风机\wind-fault-detection-platform\datasets\wind_blade_defect_v02_improve\labels\train\hole_14.txt,C:\Users\yys\Desktop\风机\wind-fault-detection-platform\datasets\wind_blade_defect_v03_recall\images\train\v03_small_r1_hole_14.jpg,C:\Users\yys\Desktop\风机\wind-fault-detection-platform\datasets\wind_blade_defect_v03_recall\labels\train\v03_small_r1_hole_14.txt
small_target_recall_oversample,C:\Users\yys\Desktop\风机\wind-fault-detection-platform\datasets\wind_blade_defect_v02_improve\images\train\hole_141.jpg,C:\Users\yys\Desktop\风机\wind-fault-detection-platform\datasets\wind_blade_defect_v02_improve\labels\train\hole_141.txt,C:\Users\yys\Desktop\风机\wind-fault-detection-platform\datasets\wind_blade_defect_v03_recall\images\train\v03_small_r1_hole_141.jpg,C:\Users\yys\Desktop\风机\wind-fault-detection-platform\datasets\wind_blade_defect_v03_recall\labels\train\v03_small_r1_hole_141.txt
small_target_recall_oversample,C:\Users\yys\Desktop\风机\wind-fault-detection-platform\datasets\wind_blade_defect_v02_improve\images\train\hole_147.jpg,C:\Users\yys\Desktop\风机\wind-fault-detection-platform\datasets\wind_blade_defect_v02_improve\labels\train\hole_147.txt,C:\Users\yys\Desktop\风机\wind-fault-detection-platform\datasets\wind_blade_defect_v03_recall\images\train\v03_small_r1_hole_147.jpg,C:\Users\yys\Desktop\风机\wind-fault-detection-platform\datasets\wind_blade_defect_v03_recall\labels\train\v03_small_r1_hole_147.txt
small_target_recall_oversample,C:\Users\yys\Desktop\风机\wind-fault-detection-platform\datasets\wind_blade_defect_v02_improve\images\train\hole_148.jpg,C:\Users\yys\Desktop\风机\wind-fault-detection-platform\datasets\wind_blade_defect_v02_improve\labels\train\hole_148.txt,C:\Users\yys\Desktop\风机\wind-fault-detection-platform\datasets\wind_blade_defect_v03_recall\images\train\v03_small_r1_hole_148.jpg,C:\Users\yys\Desktop\风机\wind-fault-detection-platform\datasets\wind_blade_defect_v03_recall\labels\train\v03_small_r1_hole_148.txt
small_target_recall_oversample,C:\Users\yys\Desktop\风机\wind-fault-detection-platform\datasets\wind_blade_defect_v02_improve\images\train\hole_149.jpg,C:\Users\yys\Desktop\风机\wind-fault-detection-platform\datasets\wind_blade_defect_v02_improve\labels\train\hole_149.txt,C:\Users\yys\Desktop\风机\wind-fault-detection-platform\datasets\wind_blade_defect_v03_recall\images\train\v03_small_r1_hole_149.jpg,C:\Users\yys\Desktop\风机\wind-fault-detection-platform\datasets\wind_blade_defect_v03_recall\labels\train\v03_small_r1_hole_149.txt
small_target_recall_oversample,C:\Users\yys\Desktop\风机\wind-fault-detection-platform\datasets\wind_blade_defect_v02_improve\images\train\hole_15.jpg,C:\Users\yys\Desktop\风机\wind-fault-detection-platform\datasets\wind_blade_defect_v02_improve\labels\train\hole_15.txt,C:\Users\yys\Desktop\风机\wind-fault-detection-platform\datasets\wind_blade_defect_v03_recall\images\train\v03_small_r1_hole_15.jpg,C:\Users\yys\Desktop\风机\wind-fault-detection-platform\datasets\wind_blade_defect_v03_recall\labels\train\v03_small_r1_hole_15.txt
small_target_recall_oversample,C:\Users\yys\Desktop\风机\wind-fault-detection-platform\datasets\wind_blade_defect_v02_improve\images\train\hole_150.jpg,C:\Users\yys\Desktop\风机\wind-fault-detection-platform\datasets\wind_blade_defect_v02_improve\labels\train\hole_150.txt,C:\Users\yys\Desktop\风机\wind-fault-detection-platform\datasets\wind_blade_defect_v03_recall\images\train\v03_small_r1_hole_150.jpg,C:\Users\yys\Desktop\风机\wind-fault-detection-platform\datasets\wind_blade_defect_v03_recall\labels\train\v03_small_r1_hole_150.txt
small_target_recall_oversample,C:\Users\yys\Desktop\风机\wind-fault-detection-platform\datasets\wind_blade_defect_v02_improve\images\train\hole_153.jpg,C:\Users\yys\Desktop\风机\wind-fault-detection-platform\datasets\wind_blade_defect_v02_improve\labels\train\hole_153.txt,C:\Users\yys\Desktop\风机\wind-fault-detection-platform\datasets\wind_blade_defect_v03_recall\images\train\v03_small_r1_hole_153.jpg,C:\Users\yys\Desktop\风机\wind-fault-detection-platform\datasets\wind_blade_defect_v03_recall\labels\train\v03_small_r1_hole_153.txt
small_target_recall_oversample,C:\Users\yys\Desktop\风机\wind-fault-detection-platform\datasets\wind_blade_defect_v02_improve\images\train\hole_154.jpg,C:\Users\yys\Desktop\风机\wind-fault-detection-platform\datasets\wind_blade_defect_v02_improve\labels\train\hole_154.txt,C:\Users\yys\Desktop\风机\wind-fault-detection-platform\datasets\wind_blade_defect_v03_recall\images\train\v03_small_r1_hole_154.jpg,C:\Users\yys\Desktop\风机\wind-fault-detection-platform\datasets\wind_blade_defect_v03_recall\labels\train\v03_small_r1_hole_154.txt
small_target_recall_oversample,C:\Users\yys\Desktop\风机\wind-fault-detection-platform\datasets\wind_blade_defect_v02_improve\images\train\hole_155.jpg,C:\Users\yys\Desktop\风机\wind-fault-detection-platform\datasets\wind_blade_defect_v02_improve\labels\train\hole_155.txt,C:\Users\yys\Desktop\风机\wind-fault-detection-platform\datasets\wind_blade_defect_v03_recall\images\train\v03_small_r1_hole_155.jpg,C:\Users\yys\Desktop\风机\wind-fault-detection-platform\datasets\wind_blade_defect_v03_recall\labels\train\v03_small_r1_hole_155.txt
small_target_recall_oversample,C:\Users\yys\Desktop\风机\wind-fault-detection-platform\datasets\wind_blade_defect_v02_improve\images\train\hole_158.jpg,C:\Users\yys\Desktop\风机\wind-fault-detection-platform\datasets\wind_blade_defect_v02_improve\labels\train\hole_158.txt,C:\Users\yys\Desktop\风机\wind-fault-detection-platform\datasets\wind_blade_defect_v03_recall\images\train\v03_small_r1_hole_158.jpg,C:\Users\yys\Desktop\风机\wind-fault-detection-platform\datasets\wind_blade_defect_v03_recall\labels\train\v03_small_r1_hole_158.txt
small_target_recall_oversample,C:\Users\yys\Desktop\风机\wind-fault-detection-platform\datasets\wind_blade_defect_v02_improve\images\train\hole_160.jpg,C:\Users\yys\Desktop\风机\wind-fault-detection-platform\datasets\wind_blade_defect_v02_improve\labels\train\hole_160.txt,C:\Users\yys\Desktop\风机\wind-fault-detection-platform\datasets\wind_blade_defect_v03_recall\images\train\v03_small_r1_hole_160.jpg,C:\Users\yys\Desktop\风机\wind-fault-detection-platform\datasets\wind_blade_defect_v03_recall\labels\train\v03_small_r1_hole_160.txt
small_target_recall_oversample,C:\Users\yys\Desktop\风机\wind-fault-detection-platform\datasets\wind_blade_defect_v02_improve\images\train\hole_162.jpg,C:\Users\yys\Desktop\风机\wind-fault-detection-platform\datasets\wind_blade_defect_v02_improve\labels\train\hole_162.txt,C:\Users\yys\Desktop\风机\wind-fault-detection-platform\datasets\wind_blade_defect_v03_recall\images\train\v03_small_r1_hole_162.jpg,C:\Users\yys\Desktop\风机\wind-fault-detection-platform\datasets\wind_blade_defect_v03_recall\labels\train\v03_small_r1_hole_162.txt
small_target_recall_oversample,C:\Users\yys\Desktop\风机\wind-fault-detection-platform\datasets\wind_blade_defect_v02_improve\images\train\hole_163.jpg,C:\Users\yys\Desktop\风机\wind-fault-detection-platform\datasets\wind_blade_defect_v02_improve\labels\train\hole_163.txt,C:\Users\yys\Desktop\风机\wind-fault-detection-platform\datasets\wind_blade_defect_v03_recall\images\train\v03_small_r1_hole_163.jpg,C:\Users\yys\Desktop\风机\wind-fault-detection-platform\datasets\wind_blade_defect_v03_recall\labels\train\v03_small_r1_hole_163.txt
small_target_recall_oversample,C:\Users\yys\Desktop\风机\wind-fault-detection-platform\datasets\wind_blade_defect_v02_improve\images\train\hole_164.jpg,C:\Users\yys\Desktop\风机\wind-fault-detection-platform\datasets\wind_blade_defect_v02_improve\labels\train\hole_164.txt,C:\Users\yys\Desktop\风机\wind-fault-detection-platform\datasets\wind_blade_defect_v03_recall\images\train\v03_small_r1_hole_164.jpg,C:\Users\yys\Desktop\风机\wind-fault-detection-platform\datasets\wind_blade_defect_v03_recall\labels\train\v03_small_r1_hole_164.txt
small_target_recall_oversample,C:\Users\yys\Desktop\风机\wind-fault-detection-platform\datasets\wind_blade_defect_v02_improve\images\train\hole_165.jpg,C:\Users\yys\Desktop\风机\wind-fault-detection-platform\datasets\wind_blade_defect_v02_improve\labels\train\hole_165.txt,C:\Users\yys\Desktop\风机\wind-fault-detection-platform\datasets\wind_blade_defect_v03_recall\images\train\v03_small_r1_hole_165.jpg,C:\Users\yys\Desktop\风机\wind-fault-detection-platform\datasets\wind_blade_defect_v03_recall\labels\train\v03_small_r1_hole_165.txt
small_target_recall_oversample,C:\Users\yys\Desktop\风机\wind-fault-detection-platform\datasets\wind_blade_defect_v02_improve\images\train\hole_167.jpg,C:\Users\yys\Desktop\风机\wind-fault-detection-platform\datasets\wind_blade_defect_v02_improve\labels\train\hole_167.txt,C:\Users\yys\Desktop\风机\wind-fault-detection-platform\datasets\wind_blade_defect_v03_recall\images\train\v03_small_r1_hole_167.jpg,C:\Users\yys\Desktop\风机\wind-fault-detection-platform\datasets\wind_blade_defect_v03_recall\labels\train\v03_small_r1_hole_167.txt
small_target_recall_oversample,C:\Users\yys\Desktop\风机\wind-fault-detection-platform\datasets\wind_blade_defect_v02_improve\images\train\hole_17.jpg,C:\Users\yys\Desktop\风机\wind-fault-detection-platform\datasets\wind_blade_defect_v02_improve\labels\train\hole_17.txt,C:\Users\yys\Desktop\风机\wind-fault-detection-platform\datasets\wind_blade_defect_v03_recall\images\train\v03_small_r1_hole_17.jpg,C:\Users\yys\Desktop\风机\wind-fault-detection-platform\datasets\wind_blade_defect_v03_recall\labels\train\v03_small_r1_hole_17.txt
small_target_recall_oversample,C:\Users\yys\Desktop\风机\wind-fault-detection-platform\datasets\wind_blade_defect_v02_improve\images\train\hole_170.jpg,C:\Users\yys\Desktop\风机\wind-fault-detection-platform\datasets\wind_blade_defect_v02_improve\labels\train\hole_170.txt,C:\Users\yys\Desktop\风机\wind-fault-detection-platform\datasets\wind_blade_defect_v03_recall\images\train\v03_small_r1_hole_170.jpg,C:\Users\yys\Desktop\风机\wind-fault-detection-platform\datasets\wind_blade_defect_v03_recall\labels\train\v03_small_r1_hole_170.txt
small_target_recall_oversample,C:\Users\yys\Desktop\风机\wind-fault-detection-platform\datasets\wind_blade_defect_v02_improve\images\train\hole_172.jpg,C:\Users\yys\Desktop\风机\wind-fault-detection-platform\datasets\wind_blade_defect_v02_improve\labels\train\hole_172.txt,C:\Users\yys\Desktop\风机\wind-fault-detection-platform\datasets\wind_blade_defect_v03_recall\images\train\v03_small_r1_hole_172.jpg,C:\Users\yys\Desktop\风机\wind-fault-detection-platform\datasets\wind_blade_defect_v03_recall\labels\train\v03_small_r1_hole_172.txt
small_target_recall_oversample,C:\Users\yys\Desktop\风机\wind-fault-detection-platform\datasets\wind_blade_defect_v02_improve\images\train\hole_174.jpg,C:\Users\yys\Desktop\风机\wind-fault-detection-platform\datasets\wind_blade_defect_v02_improve\labels\train\hole_174.txt,C:\Users\yys\Desktop\风机\wind-fault-detection-platform\datasets\wind_blade_defect_v03_recall\images\train\v03_small_r1_hole_174.jpg,C:\Users\yys\Desktop\风机\wind-fault-detection-platform\datasets\wind_blade_defect_v03_recall\labels\train\v03_small_r1_hole_174.txt
small_target_recall_oversample,C:\Users\yys\Desktop\风机\wind-fault-detection-platform\datasets\wind_blade_defect_v02_improve\images\train\hole_175.jpg,C:\Users\yys\Desktop\风机\wind-fault-detection-platform\datasets\wind_blade_defect_v02_improve\labels\train\hole_175.txt,C:\Users\yys\Desktop\风机\wind-fault-detection-platform\datasets\wind_blade_defect_v03_recall\images\train\v03_small_r1_hole_175.jpg,C:\Users\yys\Desktop\风机\wind-fault-detection-platform\datasets\wind_blade_defect_v03_recall\labels\train\v03_small_r1_hole_175.txt
small_target_recall_oversample,C:\Users\yys\Desktop\风机\wind-fault-detection-platform\datasets\wind_blade_defect_v02_improve\images\train\hole_176.jpg,C:\Users\yys\Desktop\风机\wind-fault-detection-platform\datasets\wind_blade_defect_v02_improve\labels\train\hole_176.txt,C:\Users\yys\Desktop\风机\wind-fault-detection-platform\datasets\wind_blade_defect_v03_recall\images\train\v03_small_r1_hole_176.jpg,C:\Users\yys\Desktop\风机\wind-fault-detection-platform\datasets\wind_blade_defect_v03_recall\labels\train\v03_small_r1_hole_176.txt
small_target_recall_oversample,C:\Users\yys\Desktop\风机\wind-fault-detection-platform\datasets\wind_blade_defect_v02_improve\images\train\hole_177.jpg,C:\Users\yys\Desktop\风机\wind-fault-detection-platform\datasets\wind_blade_defect_v02_improve\labels\train\hole_177.txt,C:\Users\yys\Desktop\风机\wind-fault-detection-platform\datasets\wind_blade_defect_v03_recall\images\train\v03_small_r1_hole_177.jpg,C:\Users\yys\Desktop\风机\wind-fault-detection-platform\datasets\wind_blade_defect_v03_recall\labels\train\v03_small_r1_hole_177.txt
small_target_recall_oversample,C:\Users\yys\Desktop\风机\wind-fault-detection-platform\datasets\wind_blade_defect_v02_improve\images\train\hole_178.jpg,C:\Users\yys\Desktop\风机\wind-fault-detection-platform\datasets\wind_blade_defect_v02_improve\labels\train\hole_178.txt,C:\Users\yys\Desktop\风机\wind-fault-detection-platform\datasets\wind_blade_defect_v03_recall\images\train\v03_small_r1_hole_178.jpg,C:\Users\yys\Desktop\风机\wind-fault-detection-platform\datasets\wind_blade_defect_v03_recall\labels\train\v03_small_r1_hole_178.txt
small_target_recall_oversample,C:\Users\yys\Desktop\风机\wind-fault-detection-platform\datasets\wind_blade_defect_v02_improve\images\train\hole_179.jpg,C:\Users\yys\Desktop\风机\wind-fault-detection-platform\datasets\wind_blade_defect_v02_improve\labels\train\hole_179.txt,C:\Users\yys\Desktop\风机\wind-fault-detection-platform\datasets\wind_blade_defect_v03_recall\images\train\v03_small_r1_hole_179.jpg,C:\Users\yys\Desktop\风机\wind-fault-detection-platform\datasets\wind_blade_defect_v03_recall\labels\train\v03_small_r1_hole_179.txt
small_target_recall_oversample,C:\Users\yys\Desktop\风机\wind-fault-detection-platform\datasets\wind_blade_defect_v02_improve\images\train\hole_180.jpg,C:\Users\yys\Desktop\风机\wind-fault-detection-platform\datasets\wind_blade_defect_v02_improve\labels\train\hole_180.txt,C:\Users\yys\Desktop\风机\wind-fault-detection-platform\datasets\wind_blade_defect_v03_recall\images\train\v03_small_r1_hole_180.jpg,C:\Users\yys\Desktop\风机\wind-fault-detection-platform\datasets\wind_blade_defect_v03_recall\labels\train\v03_small_r1_hole_180.txt
small_target_recall_oversample,C:\Users\yys\Desktop\风机\wind-fault-detection-platform\datasets\wind_blade_defect_v02_improve\images\train\hole_182.jpg,C:\Users\yys\Desktop\风机\wind-fault-detection-platform\datasets\wind_blade_defect_v02_improve\labels\train\hole_182.txt,C:\Users\yys\Desktop\风机\wind-fault-detection-platform\datasets\wind_blade_defect_v03_recall\images\train\v03_small_r1_hole_182.jpg,C:\Users\yys\Desktop\风机\wind-fault-detection-platform\datasets\wind_blade_defect_v03_recall\labels\train\v03_small_r1_hole_182.txt
small_target_recall_oversample,C:\Users\yys\Desktop\风机\wind-fault-detection-platform\datasets\wind_blade_defect_v02_improve\images\train\hole_183.jpg,C:\Users\yys\Desktop\风机\wind-fault-detection-platform\datasets\wind_blade_defect_v02_improve\labels\train\hole_183.txt,C:\Users\yys\Desktop\风机\wind-fault-detection-platform\datasets\wind_blade_defect_v03_recall\images\train\v03_small_r1_hole_183.jpg,C:\Users\yys\Desktop\风机\wind-fault-detection-platform\datasets\wind_blade_defect_v03_recall\labels\train\v03_small_r1_hole_183.txt
small_target_recall_oversample,C:\Users\yys\Desktop\风机\wind-fault-detection-platform\datasets\wind_blade_defect_v02_improve\images\train\hole_184.jpg,C:\Users\yys\Desktop\风机\wind-fault-detection-platform\datasets\wind_blade_defect_v02_improve\labels\train\hole_184.txt,C:\Users\yys\Desktop\风机\wind-fault-detection-platform\datasets\wind_blade_defect_v03_recall\images\train\v03_small_r1_hole_184.jpg,C:\Users\yys\Desktop\风机\wind-fault-detection-platform\datasets\wind_blade_defect_v03_recall\labels\train\v03_small_r1_hole_184.txt
small_target_recall_oversample,C:\Users\yys\Desktop\风机\wind-fault-detection-platform\datasets\wind_blade_defect_v02_improve\images\train\hole_185.jpg,C:\Users\yys\Desktop\风机\wind-fault-detection-platform\datasets\wind_blade_defect_v02_improve\labels\train\hole_185.txt,C:\Users\yys\Desktop\风机\wind-fault-detection-platform\datasets\wind_blade_defect_v03_recall\images\train\v03_small_r1_hole_185.jpg,C:\Users\yys\Desktop\风机\wind-fault-detection-platform\datasets\wind_blade_defect_v03_recall\labels\train\v03_small_r1_hole_185.txt
small_target_recall_oversample,C:\Users\yys\Desktop\风机\wind-fault-detection-platform\datasets\wind_blade_defect_v02_improve\images\train\hole_186.jpg,C:\Users\yys\Desktop\风机\wind-fault-detection-platform\datasets\wind_blade_defect_v02_improve\labels\train\hole_186.txt,C:\Users\yys\Desktop\风机\wind-fault-detection-platform\datasets\wind_blade_defect_v03_recall\images\train\v03_small_r1_hole_186.jpg,C:\Users\yys\Desktop\风机\wind-fault-detection-platform\datasets\wind_blade_defect_v03_recall\labels\train\v03_small_r1_hole_186.txt
small_target_recall_oversample,C:\Users\yys\Desktop\风机\wind-fault-detection-platform\datasets\wind_blade_defect_v02_improve\images\train\hole_187.jpg,C:\Users\yys\Desktop\风机\wind-fault-detection-platform\datasets\wind_blade_defect_v02_improve\labels\train\hole_187.txt,C:\Users\yys\Desktop\风机\wind-fault-detection-platform\datasets\wind_blade_defect_v03_recall\images\train\v03_small_r1_hole_187.jpg,C:\Users\yys\Desktop\风机\wind-fault-detection-platform\datasets\wind_blade_defect_v03_recall\labels\train\v03_small_r1_hole_187.txt
small_target_recall_oversample,C:\Users\yys\Desktop\风机\wind-fault-detection-platform\datasets\wind_blade_defect_v02_improve\images\train\hole_188.jpg,C:\Users\yys\Desktop\风机\wind-fault-detection-platform\datasets\wind_blade_defect_v02_improve\labels\train\hole_188.txt,C:\Users\yys\Desktop\风机\wind-fault-detection-platform\datasets\wind_blade_defect_v03_recall\images\train\v03_small_r1_hole_188.jpg,C:\Users\yys\Desktop\风机\wind-fault-detection-platform\datasets\wind_blade_defect_v03_recall\labels\train\v03_small_r1_hole_188.txt
small_target_recall_oversample,C:\Users\yys\Desktop\风机\wind-fault-detection-platform\datasets\wind_blade_defect_v02_improve\images\train\hole_189.jpg,C:\Users\yys\Desktop\风机\wind-fault-detection-platform\datasets\wind_blade_defect_v02_improve\labels\train\hole_189.txt,C:\Users\yys\Desktop\风机\wind-fault-detection-platform\datasets\wind_blade_defect_v03_recall\images\train\v03_small_r1_hole_189.jpg,C:\Users\yys\Desktop\风机\wind-fault-detection-platform\datasets\wind_blade_defect_v03_recall\labels\train\v03_small_r1_hole_189.txt
small_target_recall_oversample,C:\Users\yys\Desktop\风机\wind-fault-detection-platform\datasets\wind_blade_defect_v02_improve\images\train\hole_190.jpg,C:\Users\yys\Desktop\风机\wind-fault-detection-platform\datasets\wind_blade_defect_v02_improve\labels\train\hole_190.txt,C:\Users\yys\Desktop\风机\wind-fault-detection-platform\datasets\wind_blade_defect_v03_recall\images\train\v03_small_r1_hole_190.jpg,C:\Users\yys\Desktop\风机\wind-fault-detection-platform\datasets\wind_blade_defect_v03_recall\labels\train\v03_small_r1_hole_190.txt
small_target_recall_oversample,C:\Users\yys\Desktop\风机\wind-fault-detection-platform\datasets\wind_blade_defect_v02_improve\images\train\hole_192.jpg,C:\Users\yys\Desktop\风机\wind-fault-detection-platform\datasets\wind_blade_defect_v02_improve\labels\train\hole_192.txt,C:\Users\yys\Desktop\风机\wind-fault-detection-platform\datasets\wind_blade_defect_v03_recall\images\train\v03_small_r1_hole_192.jpg,C:\Users\yys\Desktop\风机\wind-fault-detection-platform\datasets\wind_blade_defect_v03_recall\labels\train\v03_small_r1_hole_192.txt
small_target_recall_oversample,C:\Users\yys\Desktop\风机\wind-fault-detection-platform\datasets\wind_blade_defect_v02_improve\images\train\hole_194.jpg,C:\Users\yys\Desktop\风机\wind-fault-detection-platform\datasets\wind_blade_defect_v02_improve\labels\train\hole_194.txt,C:\Users\yys\Desktop\风机\wind-fault-detection-platform\datasets\wind_blade_defect_v03_recall\images\train\v03_small_r1_hole_194.jpg,C:\Users\yys\Desktop\风机\wind-fault-detection-platform\datasets\wind_blade_defect_v03_recall\labels\train\v03_small_r1_hole_194.txt
small_target_recall_oversample,C:\Users\yys\Desktop\风机\wind-fault-detection-platform\datasets\wind_blade_defect_v02_improve\images\train\hole_195.jpg,C:\Users\yys\Desktop\风机\wind-fault-detection-platform\datasets\wind_blade_defect_v02_improve\labels\train\hole_195.txt,C:\Users\yys\Desktop\风机\wind-fault-detection-platform\datasets\wind_blade_defect_v03_recall\images\train\v03_small_r1_hole_195.jpg,C:\Users\yys\Desktop\风机\wind-fault-detection-platform\datasets\wind_blade_defect_v03_recall\labels\train\v03_small_r1_hole_195.txt
small_target_recall_oversample,C:\Users\yys\Desktop\风机\wind-fault-detection-platform\datasets\wind_blade_defect_v02_improve\images\train\hole_196.jpg,C:\Users\yys\Desktop\风机\wind-fault-detection-platform\datasets\wind_blade_defect_v02_improve\labels\train\hole_196.txt,C:\Users\yys\Desktop\风机\wind-fault-detection-platform\datasets\wind_blade_defect_v03_recall\images\train\v03_small_r1_hole_196.jpg,C:\Users\yys\Desktop\风机\wind-fault-detection-platform\datasets\wind_blade_defect_v03_recall\labels\train\v03_small_r1_hole_196.txt
small_target_recall_oversample,C:\Users\yys\Desktop\风机\wind-fault-detection-platform\datasets\wind_blade_defect_v02_improve\images\train\hole_198.jpg,C:\Users\yys\Desktop\风机\wind-fault-detection-platform\datasets\wind_blade_defect_v02_improve\labels\train\hole_198.txt,C:\Users\yys\Desktop\风机\wind-fault-detection-platform\datasets\wind_blade_defect_v03_recall\images\train\v03_small_r1_hole_198.jpg,C:\Users\yys\Desktop\风机\wind-fault-detection-platform\datasets\wind_blade_defect_v03_recall\labels\train\v03_small_r1_hole_198.txt
small_target_recall_oversample,C:\Users\yys\Desktop\风机\wind-fault-detection-platform\datasets\wind_blade_defect_v02_improve\images\train\hole_2.jpg,C:\Users\yys\Desktop\风机\wind-fault-detection-platform\datasets\wind_blade_defect_v02_improve\labels\train\hole_2.txt,C:\Users\yys\Desktop\风机\wind-fault-detection-platform\datasets\wind_blade_defect_v03_recall\images\train\v03_small_r1_hole_2.jpg,C:\Users\yys\Desktop\风机\wind-fault-detection-platform\datasets\wind_blade_defect_v03_recall\labels\train\v03_small_r1_hole_2.txt
small_target_recall_oversample,C:\Users\yys\Desktop\风机\wind-fault-detection-platform\datasets\wind_blade_defect_v02_improve\images\train\hole_200.jpg,C:\Users\yys\Desktop\风机\wind-fault-detection-platform\datasets\wind_blade_defect_v02_improve\labels\train\hole_200.txt,C:\Users\yys\Desktop\风机\wind-fault-detection-platform\datasets\wind_blade_defect_v03_recall\images\train\v03_small_r1_hole_200.jpg,C:\Users\yys\Desktop\风机\wind-fault-detection-platform\datasets\wind_blade_defect_v03_recall\labels\train\v03_small_r1_hole_200.txt
small_target_recall_oversample,C:\Users\yys\Desktop\风机\wind-fault-detection-platform\datasets\wind_blade_defect_v02_improve\images\train\hole_202.jpg,C:\Users\yys\Desktop\风机\wind-fault-detection-platform\datasets\wind_blade_defect_v02_improve\labels\train\hole_202.txt,C:\Users\yys\Desktop\风机\wind-fault-detection-platform\datasets\wind_blade_defect_v03_recall\images\train\v03_small_r1_hole_202.jpg,C:\Users\yys\Desktop\风机\wind-fault-detection-platform\datasets\wind_blade_defect_v03_recall\labels\train\v03_small_r1_hole_202.txt
small_target_recall_oversample,C:\Users\yys\Desktop\风机\wind-fault-detection-platform\datasets\wind_blade_defect_v02_improve\images\train\hole_203.jpg,C:\Users\yys\Desktop\风机\wind-fault-detection-platform\datasets\wind_blade_defect_v02_improve\labels\train\hole_203.txt,C:\Users\yys\Desktop\风机\wind-fault-detection-platform\datasets\wind_blade_defect_v03_recall\images\train\v03_small_r1_hole_203.jpg,C:\Users\yys\Desktop\风机\wind-fault-detection-platform\datasets\wind_blade_defect_v03_recall\labels\train\v03_small_r1_hole_203.txt
small_target_recall_oversample,C:\Users\yys\Desktop\风机\wind-fault-detection-platform\datasets\wind_blade_defect_v02_improve\images\train\hole_204.jpg,C:\Users\yys\Desktop\风机\wind-fault-detection-platform\datasets\wind_blade_defect_v02_improve\labels\train\hole_204.txt,C:\Users\yys\Desktop\风机\wind-fault-detection-platform\datasets\wind_blade_defect_v03_recall\images\train\v03_small_r1_hole_204.jpg,C:\Users\yys\Desktop\风机\wind-fault-detection-platform\datasets\wind_blade_defect_v03_recall\labels\train\v03_small_r1_hole_204.txt
small_target_recall_oversample,C:\Users\yys\Desktop\风机\wind-fault-detection-platform\datasets\wind_blade_defect_v02_improve\images\train\hole_205.jpg,C:\Users\yys\Desktop\风机\wind-fault-detection-platform\datasets\wind_blade_defect_v02_improve\labels\train\hole_205.txt,C:\Users\yys\Desktop\风机\wind-fault-detection-platform\datasets\wind_blade_defect_v03_recall\images\train\v03_small_r1_hole_205.jpg,C:\Users\yys\Desktop\风机\wind-fault-detection-platform\datasets\wind_blade_defect_v03_recall\labels\train\v03_small_r1_hole_205.txt
small_target_recall_oversample,C:\Users\yys\Desktop\风机\wind-fault-detection-platform\datasets\wind_blade_defect_v02_improve\images\train\hole_206.jpg,C:\Users\yys\Desktop\风机\wind-fault-detection-platform\datasets\wind_blade_defect_v02_improve\labels\train\hole_206.txt,C:\Users\yys\Desktop\风机\wind-fault-detection-platform\datasets\wind_blade_defect_v03_recall\images\train\v03_small_r1_hole_206.jpg,C:\Users\yys\Desktop\风机\wind-fault-detection-platform\datasets\wind_blade_defect_v03_recall\labels\train\v03_small_r1_hole_206.txt
small_target_recall_oversample,C:\Users\yys\Desktop\风机\wind-fault-detection-platform\datasets\wind_blade_defect_v02_improve\images\train\hole_207.jpg,C:\Users\yys\Desktop\风机\wind-fault-detection-platform\datasets\wind_blade_defect_v02_improve\labels\train\hole_207.txt,C:\Users\yys\Desktop\风机\wind-fault-detection-platform\datasets\wind_blade_defect_v03_recall\images\train\v03_small_r1_hole_207.jpg,C:\Users\yys\Desktop\风机\wind-fault-detection-platform\datasets\wind_blade_defect_v03_recall\labels\train\v03_small_r1_hole_207.txt
small_target_recall_oversample,C:\Users\yys\Desktop\风机\wind-fault-detection-platform\datasets\wind_blade_defect_v02_improve\images\train\hole_208.jpg,C:\Users\yys\Desktop\风机\wind-fault-detection-platform\datasets\wind_blade_defect_v02_improve\labels\train\hole_208.txt,C:\Users\yys\Desktop\风机\wind-fault-detection-platform\datasets\wind_blade_defect_v03_recall\images\train\v03_small_r1_hole_208.jpg,C:\Users\yys\Desktop\风机\wind-fault-detection-platform\datasets\wind_blade_defect_v03_recall\labels\train\v03_small_r1_hole_208.txt
small_target_recall_oversample,C:\Users\yys\Desktop\风机\wind-fault-detection-platform\datasets\wind_blade_defect_v02_improve\images\train\hole_211.jpg,C:\Users\yys\Desktop\风机\wind-fault-detection-platform\datasets\wind_blade_defect_v02_improve\labels\train\hole_211.txt,C:\Users\yys\Desktop\风机\wind-fault-detection-platform\datasets\wind_blade_defect_v03_recall\images\train\v03_small_r1_hole_211.jpg,C:\Users\yys\Desktop\风机\wind-fault-detection-platform\datasets\wind_blade_defect_v03_recall\labels\train\v03_small_r1_hole_211.txt
small_target_recall_oversample,C:\Users\yys\Desktop\风机\wind-fault-detection-platform\datasets\wind_blade_defect_v02_improve\images\train\hole_212.jpg,C:\Users\yys\Desktop\风机\wind-fault-detection-platform\datasets\wind_blade_defect_v02_improve\labels\train\hole_212.txt,C:\Users\yys\Desktop\风机\wind-fault-detection-platform\datasets\wind_blade_defect_v03_recall\images\train\v03_small_r1_hole_212.jpg,C:\Users\yys\Desktop\风机\wind-fault-detection-platform\datasets\wind_blade_defect_v03_recall\labels\train\v03_small_r1_hole_212.txt
small_target_recall_oversample,C:\Users\yys\Desktop\风机\wind-fault-detection-platform\datasets\wind_blade_defect_v02_improve\images\train\hole_215.jpg,C:\Users\yys\Desktop\风机\wind-fault-detection-platform\datasets\wind_blade_defect_v02_improve\labels\train\hole_215.txt,C:\Users\yys\Desktop\风机\wind-fault-detection-platform\datasets\wind_blade_defect_v03_recall\images\train\v03_small_r1_hole_215.jpg,C:\Users\yys\Desktop\风机\wind-fault-detection-platform\datasets\wind_blade_defect_v03_recall\labels\train\v03_small_r1_hole_215.txt
small_target_recall_oversample,C:\Users\yys\Desktop\风机\wind-fault-detection-platform\datasets\wind_blade_defect_v02_improve\images\train\hole_217.jpg,C:\Users\yys\Desktop\风机\wind-fault-detection-platform\datasets\wind_blade_defect_v02_improve\labels\train\hole_217.txt,C:\Users\yys\Desktop\风机\wind-fault-detection-platform\datasets\wind_blade_defect_v03_recall\images\train\v03_small_r1_hole_217.jpg,C:\Users\yys\Desktop\风机\wind-fault-detection-platform\datasets\wind_blade_defect_v03_recall\labels\train\v03_small_r1_hole_217.txt
small_target_recall_oversample,C:\Users\yys\Desktop\风机\wind-fault-detection-platform\datasets\wind_blade_defect_v02_improve\images\train\hole_218.jpg,C:\Users\yys\Desktop\风机\wind-fault-detection-platform\datasets\wind_blade_defect_v02_improve\labels\train\hole_218.txt,C:\Users\yys\Desktop\风机\wind-fault-detection-platform\datasets\wind_blade_defect_v03_recall\images\train\v03_small_r1_hole_218.jpg,C:\Users\yys\Desktop\风机\wind-fault-detection-platform\datasets\wind_blade_defect_v03_recall\labels\train\v03_small_r1_hole_218.txt
small_target_recall_oversample,C:\Users\yys\Desktop\风机\wind-fault-detection-platform\datasets\wind_blade_defect_v02_improve\images\train\hole_219.jpg,C:\Users\yys\Desktop\风机\wind-fault-detection-platform\datasets\wind_blade_defect_v02_improve\labels\train\hole_219.txt,C:\Users\yys\Desktop\风机\wind-fault-detection-platform\datasets\wind_blade_defect_v03_recall\images\train\v03_small_r1_hole_219.jpg,C:\Users\yys\Desktop\风机\wind-fault-detection-platform\datasets\wind_blade_defect_v03_recall\labels\train\v03_small_r1_hole_219.txt
small_target_recall_oversample,C:\Users\yys\Desktop\风机\wind-fault-detection-platform\datasets\wind_blade_defect_v02_improve\images\train\hole_22.jpg,C:\Users\yys\Desktop\风机\wind-fault-detection-platform\datasets\wind_blade_defect_v02_improve\labels\train\hole_22.txt,C:\Users\yys\Desktop\风机\wind-fault-detection-platform\datasets\wind_blade_defect_v03_recall\images\train\v03_small_r1_hole_22.jpg,C:\Users\yys\Desktop\风机\wind-fault-detection-platform\datasets\wind_blade_defect_v03_recall\labels\train\v03_small_r1_hole_22.txt
small_target_recall_oversample,C:\Users\yys\Desktop\风机\wind-fault-detection-platform\datasets\wind_blade_defect_v02_improve\images\train\hole_220.jpg,C:\Users\yys\Desktop\风机\wind-fault-detection-platform\datasets\wind_blade_defect_v02_improve\labels\train\hole_220.txt,C:\Users\yys\Desktop\风机\wind-fault-detection-platform\datasets\wind_blade_defect_v03_recall\images\train\v03_small_r1_hole_220.jpg,C:\Users\yys\Desktop\风机\wind-fault-detection-platform\datasets\wind_blade_defect_v03_recall\labels\train\v03_small_r1_hole_220.txt
small_target_recall_oversample,C:\Users\yys\Desktop\风机\wind-fault-detection-platform\datasets\wind_blade_defect_v02_improve\images\train\hole_221.jpg,C:\Users\yys\Desktop\风机\wind-fault-detection-platform\datasets\wind_blade_defect_v02_improve\labels\train\hole_221.txt,C:\Users\yys\Desktop\风机\wind-fault-detection-platform\datasets\wind_blade_defect_v03_recall\images\train\v03_small_r1_hole_221.jpg,C:\Users\yys\Desktop\风机\wind-fault-detection-platform\datasets\wind_blade_defect_v03_recall\labels\train\v03_small_r1_hole_221.txt
small_target_recall_oversample,C:\Users\yys\Desktop\风机\wind-fault-detection-platform\datasets\wind_blade_defect_v02_improve\images\train\hole_223.jpg,C:\Users\yys\Desktop\风机\wind-fault-detection-platform\datasets\wind_blade_defect_v02_improve\labels\train\hole_223.txt,C:\Users\yys\Desktop\风机\wind-fault-detection-platform\datasets\wind_blade_defect_v03_recall\images\train\v03_small_r1_hole_223.jpg,C:\Users\yys\Desktop\风机\wind-fault-detection-platform\datasets\wind_blade_defect_v03_recall\labels\train\v03_small_r1_hole_223.txt
small_target_recall_oversample,C:\Users\yys\Desktop\风机\wind-fault-detection-platform\datasets\wind_blade_defect_v02_improve\images\train\hole_224.jpg,C:\Users\yys\Desktop\风机\wind-fault-detection-platform\datasets\wind_blade_defect_v02_improve\labels\train\hole_224.txt,C:\Users\yys\Desktop\风机\wind-fault-detection-platform\datasets\wind_blade_defect_v03_recall\images\train\v03_small_r1_hole_224.jpg,C:\Users\yys\Desktop\风机\wind-fault-detection-platform\datasets\wind_blade_defect_v03_recall\labels\train\v03_small_r1_hole_224.txt
small_target_recall_oversample,C:\Users\yys\Desktop\风机\wind-fault-detection-platform\datasets\wind_blade_defect_v02_improve\images\train\hole_225.jpg,C:\Users\yys\Desktop\风机\wind-fault-detection-platform\datasets\wind_blade_defect_v02_improve\labels\train\hole_225.txt,C:\Users\yys\Desktop\风机\wind-fault-detection-platform\datasets\wind_blade_defect_v03_recall\images\train\v03_small_r1_hole_225.jpg,C:\Users\yys\Desktop\风机\wind-fault-detection-platform\datasets\wind_blade_defect_v03_recall\labels\train\v03_small_r1_hole_225.txt
small_target_recall_oversample,C:\Users\yys\Desktop\风机\wind-fault-detection-platform\datasets\wind_blade_defect_v02_improve\images\train\hole_226.jpg,C:\Users\yys\Desktop\风机\wind-fault-detection-platform\datasets\wind_blade_defect_v02_improve\labels\train\hole_226.txt,C:\Users\yys\Desktop\风机\wind-fault-detection-platform\datasets\wind_blade_defect_v03_recall\images\train\v03_small_r1_hole_226.jpg,C:\Users\yys\Desktop\风机\wind-fault-detection-platform\datasets\wind_blade_defect_v03_recall\labels\train\v03_small_r1_hole_226.txt
small_target_recall_oversample,C:\Users\yys\Desktop\风机\wind-fault-detection-platform\datasets\wind_blade_defect_v02_improve\images\train\hole_228.jpg,C:\Users\yys\Desktop\风机\wind-fault-detection-platform\datasets\wind_blade_defect_v02_improve\labels\train\hole_228.txt,C:\Users\yys\Desktop\风机\wind-fault-detection-platform\datasets\wind_blade_defect_v03_recall\images\train\v03_small_r1_hole_228.jpg,C:\Users\yys\Desktop\风机\wind-fault-detection-platform\datasets\wind_blade_defect_v03_recall\labels\train\v03_small_r1_hole_228.txt
small_target_recall_oversample,C:\Users\yys\Desktop\风机\wind-fault-detection-platform\datasets\wind_blade_defect_v02_improve\images\train\hole_231.jpg,C:\Users\yys\Desktop\风机\wind-fault-detection-platform\datasets\wind_blade_defect_v02_improve\labels\train\hole_231.txt,C:\Users\yys\Desktop\风机\wind-fault-detection-platform\datasets\wind_blade_defect_v03_recall\images\train\v03_small_r1_hole_231.jpg,C:\Users\yys\Desktop\风机\wind-fault-detection-platform\datasets\wind_blade_defect_v03_recall\labels\train\v03_small_r1_hole_231.txt
small_target_recall_oversample,C:\Users\yys\Desktop\风机\wind-fault-detection-platform\datasets\wind_blade_defect_v02_improve\images\train\hole_233.jpg,C:\Users\yys\Desktop\风机\wind-fault-detection-platform\datasets\wind_blade_defect_v02_improve\labels\train\hole_233.txt,C:\Users\yys\Desktop\风机\wind-fault-detection-platform\datasets\wind_blade_defect_v03_recall\images\train\v03_small_r1_hole_233.jpg,C:\Users\yys\Desktop\风机\wind-fault-detection-platform\datasets\wind_blade_defect_v03_recall\labels\train\v03_small_r1_hole_233.txt
small_target_recall_oversample,C:\Users\yys\Desktop\风机\wind-fault-detection-platform\datasets\wind_blade_defect_v02_improve\images\train\hole_235.jpg,C:\Users\yys\Desktop\风机\wind-fault-detection-platform\datasets\wind_blade_defect_v02_improve\labels\train\hole_235.txt,C:\Users\yys\Desktop\风机\wind-fault-detection-platform\datasets\wind_blade_defect_v03_recall\images\train\v03_small_r1_hole_235.jpg,C:\Users\yys\Desktop\风机\wind-fault-detection-platform\datasets\wind_blade_defect_v03_recall\labels\train\v03_small_r1_hole_235.txt
small_target_recall_oversample,C:\Users\yys\Desktop\风机\wind-fault-detection-platform\datasets\wind_blade_defect_v02_improve\images\train\hole_236.jpg,C:\Users\yys\Desktop\风机\wind-fault-detection-platform\datasets\wind_blade_defect_v02_improve\labels\train\hole_236.txt,C:\Users\yys\Desktop\风机\wind-fault-detection-platform\datasets\wind_blade_defect_v03_recall\images\train\v03_small_r1_hole_236.jpg,C:\Users\yys\Desktop\风机\wind-fault-detection-platform\datasets\wind_blade_defect_v03_recall\labels\train\v03_small_r1_hole_236.txt
small_target_recall_oversample,C:\Users\yys\Desktop\风机\wind-fault-detection-platform\datasets\wind_blade_defect_v02_improve\images\train\hole_237.jpg,C:\Users\yys\Desktop\风机\wind-fault-detection-platform\datasets\wind_blade_defect_v02_improve\labels\train\hole_237.txt,C:\Users\yys\Desktop\风机\wind-fault-detection-platform\datasets\wind_blade_defect_v03_recall\images\train\v03_small_r1_hole_237.jpg,C:\Users\yys\Desktop\风机\wind-fault-detection-platform\datasets\wind_blade_defect_v03_recall\labels\train\v03_small_r1_hole_237.txt
small_target_recall_oversample,C:\Users\yys\Desktop\风机\wind-fault-detection-platform\datasets\wind_blade_defect_v02_improve\images\train\hole_239.jpg,C:\Users\yys\Desktop\风机\wind-fault-detection-platform\datasets\wind_blade_defect_v02_improve\labels\train\hole_239.txt,C:\Users\yys\Desktop\风机\wind-fault-detection-platform\datasets\wind_blade_defect_v03_recall\images\train\v03_small_r1_hole_239.jpg,C:\Users\yys\Desktop\风机\wind-fault-detection-platform\datasets\wind_blade_defect_v03_recall\labels\train\v03_small_r1_hole_239.txt
small_target_recall_oversample,C:\Users\yys\Desktop\风机\wind-fault-detection-platform\datasets\wind_blade_defect_v02_improve\images\train\hole_240.jpg,C:\Users\yys\Desktop\风机\wind-fault-detection-platform\datasets\wind_blade_defect_v02_improve\labels\train\hole_240.txt,C:\Users\yys\Desktop\风机\wind-fault-detection-platform\datasets\wind_blade_defect_v03_recall\images\train\v03_small_r1_hole_240.jpg,C:\Users\yys\Desktop\风机\wind-fault-detection-platform\datasets\wind_blade_defect_v03_recall\labels\train\v03_small_r1_hole_240.txt
small_target_recall_oversample,C:\Users\yys\Desktop\风机\wind-fault-detection-platform\datasets\wind_blade_defect_v02_improve\images\train\hole_243.jpg,C:\Users\yys\Desktop\风机\wind-fault-detection-platform\datasets\wind_blade_defect_v02_improve\labels\train\hole_243.txt,C:\Users\yys\Desktop\风机\wind-fault-detection-platform\datasets\wind_blade_defect_v03_recall\images\train\v03_small_r1_hole_243.jpg,C:\Users\yys\Desktop\风机\wind-fault-detection-platform\datasets\wind_blade_defect_v03_recall\labels\train\v03_small_r1_hole_243.txt
small_target_recall_oversample,C:\Users\yys\Desktop\风机\wind-fault-detection-platform\datasets\wind_blade_defect_v02_improve\images\train\hole_244.jpg,C:\Users\yys\Desktop\风机\wind-fault-detection-platform\datasets\wind_blade_defect_v02_improve\labels\train\hole_244.txt,C:\Users\yys\Desktop\风机\wind-fault-detection-platform\datasets\wind_blade_defect_v03_recall\images\train\v03_small_r1_hole_244.jpg,C:\Users\yys\Desktop\风机\wind-fault-detection-platform\datasets\wind_blade_defect_v03_recall\labels\train\v03_small_r1_hole_244.txt
small_target_recall_oversample,C:\Users\yys\Desktop\风机\wind-fault-detection-platform\datasets\wind_blade_defect_v02_improve\images\train\hole_245.jpg,C:\Users\yys\Desktop\风机\wind-fault-detection-platform\datasets\wind_blade_defect_v02_improve\labels\train\hole_245.txt,C:\Users\yys\Desktop\风机\wind-fault-detection-platform\datasets\wind_blade_defect_v03_recall\images\train\v03_small_r1_hole_245.jpg,C:\Users\yys\Desktop\风机\wind-fault-detection-platform\datasets\wind_blade_defect_v03_recall\labels\train\v03_small_r1_hole_245.txt
small_target_recall_oversample,C:\Users\yys\Desktop\风机\wind-fault-detection-platform\datasets\wind_blade_defect_v02_improve\images\train\hole_246.jpg,C:\Users\yys\Desktop\风机\wind-fault-detection-platform\datasets\wind_blade_defect_v02_improve\labels\train\hole_246.txt,C:\Users\yys\Desktop\风机\wind-fault-detection-platform\datasets\wind_blade_defect_v03_recall\images\train\v03_small_r1_hole_246.jpg,C:\Users\yys\Desktop\风机\wind-fault-detection-platform\datasets\wind_blade_defect_v03_recall\labels\train\v03_small_r1_hole_246.txt
small_target_recall_oversample,C:\Users\yys\Desktop\风机\wind-fault-detection-platform\datasets\wind_blade_defect_v02_improve\images\train\hole_247.jpg,C:\Users\yys\Desktop\风机\wind-fault-detection-platform\datasets\wind_blade_defect_v02_improve\labels\train\hole_247.txt,C:\Users\yys\Desktop\风机\wind-fault-detection-platform\datasets\wind_blade_defect_v03_recall\images\train\v03_small_r1_hole_247.jpg,C:\Users\yys\Desktop\风机\wind-fault-detection-platform\datasets\wind_blade_defect_v03_recall\labels\train\v03_small_r1_hole_247.txt
small_target_recall_oversample,C:\Users\yys\Desktop\风机\wind-fault-detection-platform\datasets\wind_blade_defect_v02_improve\images\train\hole_248.jpg,C:\Users\yys\Desktop\风机\wind-fault-detection-platform\datasets\wind_blade_defect_v02_improve\labels\train\hole_248.txt,C:\Users\yys\Desktop\风机\wind-fault-detection-platform\datasets\wind_blade_defect_v03_recall\images\train\v03_small_r1_hole_248.jpg,C:\Users\yys\Desktop\风机\wind-fault-detection-platform\datasets\wind_blade_defect_v03_recall\labels\train\v03_small_r1_hole_248.txt
small_target_recall_oversample,C:\Users\yys\Desktop\风机\wind-fault-detection-platform\datasets\wind_blade_defect_v02_improve\images\train\hole_249.jpg,C:\Users\yys\Desktop\风机\wind-fault-detection-platform\datasets\wind_blade_defect_v02_improve\labels\train\hole_249.txt,C:\Users\yys\Desktop\风机\wind-fault-detection-platform\datasets\wind_blade_defect_v03_recall\images\train\v03_small_r1_hole_249.jpg,C:\Users\yys\Desktop\风机\wind-fault-detection-platform\datasets\wind_blade_defect_v03_recall\labels\train\v03_small_r1_hole_249.txt
small_target_recall_oversample,C:\Users\yys\Desktop\风机\wind-fault-detection-platform\datasets\wind_blade_defect_v02_improve\images\train\hole_25.jpg,C:\Users\yys\Desktop\风机\wind-fault-detection-platform\datasets\wind_blade_defect_v02_improve\labels\train\hole_25.txt,C:\Users\yys\Desktop\风机\wind-fault-detection-platform\datasets\wind_blade_defect_v03_recall\images\train\v03_small_r1_hole_25.jpg,C:\Users\yys\Desktop\风机\wind-fault-detection-platform\datasets\wind_blade_defect_v03_recall\labels\train\v03_small_r1_hole_25.txt
small_target_recall_oversample,C:\Users\yys\Desktop\风机\wind-fault-detection-platform\datasets\wind_blade_defect_v02_improve\images\train\hole_252.jpg,C:\Users\yys\Desktop\风机\wind-fault-detection-platform\datasets\wind_blade_defect_v02_improve\labels\train\hole_252.txt,C:\Users\yys\Desktop\风机\wind-fault-detection-platform\datasets\wind_blade_defect_v03_recall\images\train\v03_small_r1_hole_252.jpg,C:\Users\yys\Desktop\风机\wind-fault-detection-platform\datasets\wind_blade_defect_v03_recall\labels\train\v03_small_r1_hole_252.txt
small_target_recall_oversample,C:\Users\yys\Desktop\风机\wind-fault-detection-platform\datasets\wind_blade_defect_v02_improve\images\train\hole_253.jpg,C:\Users\yys\Desktop\风机\wind-fault-detection-platform\datasets\wind_blade_defect_v02_improve\labels\train\hole_253.txt,C:\Users\yys\Desktop\风机\wind-fault-detection-platform\datasets\wind_blade_defect_v03_recall\images\train\v03_small_r1_hole_253.jpg,C:\Users\yys\Desktop\风机\wind-fault-detection-platform\datasets\wind_blade_defect_v03_recall\labels\train\v03_small_r1_hole_253.txt
small_target_recall_oversample,C:\Users\yys\Desktop\风机\wind-fault-detection-platform\datasets\wind_blade_defect_v02_improve\images\train\hole_254.jpg,C:\Users\yys\Desktop\风机\wind-fault-detection-platform\datasets\wind_blade_defect_v02_improve\labels\train\hole_254.txt,C:\Users\yys\Desktop\风机\wind-fault-detection-platform\datasets\wind_blade_defect_v03_recall\images\train\v03_small_r1_hole_254.jpg,C:\Users\yys\Desktop\风机\wind-fault-detection-platform\datasets\wind_blade_defect_v03_recall\labels\train\v03_small_r1_hole_254.txt
small_target_recall_oversample,C:\Users\yys\Desktop\风机\wind-fault-detection-platform\datasets\wind_blade_defect_v02_improve\images\train\hole_256.jpg,C:\Users\yys\Desktop\风机\wind-fault-detection-platform\datasets\wind_blade_defect_v02_improve\labels\train\hole_256.txt,C:\Users\yys\Desktop\风机\wind-fault-detection-platform\datasets\wind_blade_defect_v03_recall\images\train\v03_small_r1_hole_256.jpg,C:\Users\yys\Desktop\风机\wind-fault-detection-platform\datasets\wind_blade_defect_v03_recall\labels\train\v03_small_r1_hole_256.txt
small_target_recall_oversample,C:\Users\yys\Desktop\风机\wind-fault-detection-platform\datasets\wind_blade_defect_v02_improve\images\train\hole_257.jpg,C:\Users\yys\Desktop\风机\wind-fault-detection-platform\datasets\wind_blade_defect_v02_improve\labels\train\hole_257.txt,C:\Users\yys\Desktop\风机\wind-fault-detection-platform\datasets\wind_blade_defect_v03_recall\images\train\v03_small_r1_hole_257.jpg,C:\Users\yys\Desktop\风机\wind-fault-detection-platform\datasets\wind_blade_defect_v03_recall\labels\train\v03_small_r1_hole_257.txt
small_target_recall_oversample,C:\Users\yys\Desktop\风机\wind-fault-detection-platform\datasets\wind_blade_defect_v02_improve\images\train\hole_258.jpg,C:\Users\yys\Desktop\风机\wind-fault-detection-platform\datasets\wind_blade_defect_v02_improve\labels\train\hole_258.txt,C:\Users\yys\Desktop\风机\wind-fault-detection-platform\datasets\wind_blade_defect_v03_recall\images\train\v03_small_r1_hole_258.jpg,C:\Users\yys\Desktop\风机\wind-fault-detection-platform\datasets\wind_blade_defect_v03_recall\labels\train\v03_small_r1_hole_258.txt
small_target_recall_oversample,C:\Users\yys\Desktop\风机\wind-fault-detection-platform\datasets\wind_blade_defect_v02_improve\images\train\hole_261.jpg,C:\Users\yys\Desktop\风机\wind-fault-detection-platform\datasets\wind_blade_defect_v02_improve\labels\train\hole_261.txt,C:\Users\yys\Desktop\风机\wind-fault-detection-platform\datasets\wind_blade_defect_v03_recall\images\train\v03_small_r1_hole_261.jpg,C:\Users\yys\Desktop\风机\wind-fault-detection-platform\datasets\wind_blade_defect_v03_recall\labels\train\v03_small_r1_hole_261.txt
small_target_recall_oversample,C:\Users\yys\Desktop\风机\wind-fault-detection-platform\datasets\wind_blade_defect_v02_improve\images\train\hole_262.jpg,C:\Users\yys\Desktop\风机\wind-fault-detection-platform\datasets\wind_blade_defect_v02_improve\labels\train\hole_262.txt,C:\Users\yys\Desktop\风机\wind-fault-detection-platform\datasets\wind_blade_defect_v03_recall\images\train\v03_small_r1_hole_262.jpg,C:\Users\yys\Desktop\风机\wind-fault-detection-platform\datasets\wind_blade_defect_v03_recall\labels\train\v03_small_r1_hole_262.txt
small_target_recall_oversample,C:\Users\yys\Desktop\风机\wind-fault-detection-platform\datasets\wind_blade_defect_v02_improve\images\train\hole_264.jpg,C:\Users\yys\Desktop\风机\wind-fault-detection-platform\datasets\wind_blade_defect_v02_improve\labels\train\hole_264.txt,C:\Users\yys\Desktop\风机\wind-fault-detection-platform\datasets\wind_blade_defect_v03_recall\images\train\v03_small_r1_hole_264.jpg,C:\Users\yys\Desktop\风机\wind-fault-detection-platform\datasets\wind_blade_defect_v03_recall\labels\train\v03_small_r1_hole_264.txt
small_target_recall_oversample,C:\Users\yys\Desktop\风机\wind-fault-detection-platform\datasets\wind_blade_defect_v02_improve\images\train\hole_266.jpg,C:\Users\yys\Desktop\风机\wind-fault-detection-platform\datasets\wind_blade_defect_v02_improve\labels\train\hole_266.txt,C:\Users\yys\Desktop\风机\wind-fault-detection-platform\datasets\wind_blade_defect_v03_recall\images\train\v03_small_r1_hole_266.jpg,C:\Users\yys\Desktop\风机\wind-fault-detection-platform\datasets\wind_blade_defect_v03_recall\labels\train\v03_small_r1_hole_266.txt
small_target_recall_oversample,C:\Users\yys\Desktop\风机\wind-fault-detection-platform\datasets\wind_blade_defect_v02_improve\images\train\hole_267.jpg,C:\Users\yys\Desktop\风机\wind-fault-detection-platform\datasets\wind_blade_defect_v02_improve\labels\train\hole_267.txt,C:\Users\yys\Desktop\风机\wind-fault-detection-platform\datasets\wind_blade_defect_v03_recall\images\train\v03_small_r1_hole_267.jpg,C:\Users\yys\Desktop\风机\wind-fault-detection-platform\datasets\wind_blade_defect_v03_recall\labels\train\v03_small_r1_hole_267.txt
small_target_recall_oversample,C:\Users\yys\Desktop\风机\wind-fault-detection-platform\datasets\wind_blade_defect_v02_improve\images\train\hole_269.jpg,C:\Users\yys\Desktop\风机\wind-fault-detection-platform\datasets\wind_blade_defect_v02_improve\labels\train\hole_269.txt,C:\Users\yys\Desktop\风机\wind-fault-detection-platform\datasets\wind_blade_defect_v03_recall\images\train\v03_small_r1_hole_269.jpg,C:\Users\yys\Desktop\风机\wind-fault-detection-platform\datasets\wind_blade_defect_v03_recall\labels\train\v03_small_r1_hole_269.txt
small_target_recall_oversample,C:\Users\yys\Desktop\风机\wind-fault-detection-platform\datasets\wind_blade_defect_v02_improve\images\train\hole_27.jpg,C:\Users\yys\Desktop\风机\wind-fault-detection-platform\datasets\wind_blade_defect_v02_improve\labels\train\hole_27.txt,C:\Users\yys\Desktop\风机\wind-fault-detection-platform\datasets\wind_blade_defect_v03_recall\images\train\v03_small_r1_hole_27.jpg,C:\Users\yys\Desktop\风机\wind-fault-detection-platform\datasets\wind_blade_defect_v03_recall\labels\train\v03_small_r1_hole_27.txt
small_target_recall_oversample,C:\Users\yys\Desktop\风机\wind-fault-detection-platform\datasets\wind_blade_defect_v02_improve\images\train\hole_273.jpg,C:\Users\yys\Desktop\风机\wind-fault-detection-platform\datasets\wind_blade_defect_v02_improve\labels\train\hole_273.txt,C:\Users\yys\Desktop\风机\wind-fault-detection-platform\datasets\wind_blade_defect_v03_recall\images\train\v03_small_r1_hole_273.jpg,C:\Users\yys\Desktop\风机\wind-fault-detection-platform\datasets\wind_blade_defect_v03_recall\labels\train\v03_small_r1_hole_273.txt
small_target_recall_oversample,C:\Users\yys\Desktop\风机\wind-fault-detection-platform\datasets\wind_blade_defect_v02_improve\images\train\hole_274.jpg,C:\Users\yys\Desktop\风机\wind-fault-detection-platform\datasets\wind_blade_defect_v02_improve\labels\train\hole_274.txt,C:\Users\yys\Desktop\风机\wind-fault-detection-platform\datasets\wind_blade_defect_v03_recall\images\train\v03_small_r1_hole_274.jpg,C:\Users\yys\Desktop\风机\wind-fault-detection-platform\datasets\wind_blade_defect_v03_recall\labels\train\v03_small_r1_hole_274.txt
small_target_recall_oversample,C:\Users\yys\Desktop\风机\wind-fault-detection-platform\datasets\wind_blade_defect_v02_improve\images\train\hole_275.jpg,C:\Users\yys\Desktop\风机\wind-fault-detection-platform\datasets\wind_blade_defect_v02_improve\labels\train\hole_275.txt,C:\Users\yys\Desktop\风机\wind-fault-detection-platform\datasets\wind_blade_defect_v03_recall\images\train\v03_small_r1_hole_275.jpg,C:\Users\yys\Desktop\风机\wind-fault-detection-platform\datasets\wind_blade_defect_v03_recall\labels\train\v03_small_r1_hole_275.txt
small_target_recall_oversample,C:\Users\yys\Desktop\风机\wind-fault-detection-platform\datasets\wind_blade_defect_v02_improve\images\train\hole_276.jpg,C:\Users\yys\Desktop\风机\wind-fault-detection-platform\datasets\wind_blade_defect_v02_improve\labels\train\hole_276.txt,C:\Users\yys\Desktop\风机\wind-fault-detection-platform\datasets\wind_blade_defect_v03_recall\images\train\v03_small_r1_hole_276.jpg,C:\Users\yys\Desktop\风机\wind-fault-detection-platform\datasets\wind_blade_defect_v03_recall\labels\train\v03_small_r1_hole_276.txt
small_target_recall_oversample,C:\Users\yys\Desktop\风机\wind-fault-detection-platform\datasets\wind_blade_defect_v02_improve\images\train\hole_277.jpg,C:\Users\yys\Desktop\风机\wind-fault-detection-platform\datasets\wind_blade_defect_v02_improve\labels\train\hole_277.txt,C:\Users\yys\Desktop\风机\wind-fault-detection-platform\datasets\wind_blade_defect_v03_recall\images\train\v03_small_r1_hole_277.jpg,C:\Users\yys\Desktop\风机\wind-fault-detection-platform\datasets\wind_blade_defect_v03_recall\labels\train\v03_small_r1_hole_277.txt
small_target_recall_oversample,C:\Users\yys\Desktop\风机\wind-fault-detection-platform\datasets\wind_blade_defect_v02_improve\images\train\hole_278.jpg,C:\Users\yys\Desktop\风机\wind-fault-detection-platform\datasets\wind_blade_defect_v02_improve\labels\train\hole_278.txt,C:\Users\yys\Desktop\风机\wind-fault-detection-platform\datasets\wind_blade_defect_v03_recall\images\train\v03_small_r1_hole_278.jpg,C:\Users\yys\Desktop\风机\wind-fault-detection-platform\datasets\wind_blade_defect_v03_recall\labels\train\v03_small_r1_hole_278.txt
small_target_recall_oversample,C:\Users\yys\Desktop\风机\wind-fault-detection-platform\datasets\wind_blade_defect_v02_improve\images\train\hole_279.jpg,C:\Users\yys\Desktop\风机\wind-fault-detection-platform\datasets\wind_blade_defect_v02_improve\labels\train\hole_279.txt,C:\Users\yys\Desktop\风机\wind-fault-detection-platform\datasets\wind_blade_defect_v03_recall\images\train\v03_small_r1_hole_279.jpg,C:\Users\yys\Desktop\风机\wind-fault-detection-platform\datasets\wind_blade_defect_v03_recall\labels\train\v03_small_r1_hole_279.txt
small_target_recall_oversample,C:\Users\yys\Desktop\风机\wind-fault-detection-platform\datasets\wind_blade_defect_v02_improve\images\train\hole_284.jpg,C:\Users\yys\Desktop\风机\wind-fault-detection-platform\datasets\wind_blade_defect_v02_improve\labels\train\hole_284.txt,C:\Users\yys\Desktop\风机\wind-fault-detection-platform\datasets\wind_blade_defect_v03_recall\images\train\v03_small_r1_hole_284.jpg,C:\Users\yys\Desktop\风机\wind-fault-detection-platform\datasets\wind_blade_defect_v03_recall\labels\train\v03_small_r1_hole_284.txt
small_target_recall_oversample,C:\Users\yys\Desktop\风机\wind-fault-detection-platform\datasets\wind_blade_defect_v02_improve\images\train\hole_285.jpg,C:\Users\yys\Desktop\风机\wind-fault-detection-platform\datasets\wind_blade_defect_v02_improve\labels\train\hole_285.txt,C:\Users\yys\Desktop\风机\wind-fault-detection-platform\datasets\wind_blade_defect_v03_recall\images\train\v03_small_r1_hole_285.jpg,C:\Users\yys\Desktop\风机\wind-fault-detection-platform\datasets\wind_blade_defect_v03_recall\labels\train\v03_small_r1_hole_285.txt
small_target_recall_oversample,C:\Users\yys\Desktop\风机\wind-fault-detection-platform\datasets\wind_blade_defect_v02_improve\images\train\hole_286.jpg,C:\Users\yys\Desktop\风机\wind-fault-detection-platform\datasets\wind_blade_defect_v02_improve\labels\train\hole_286.txt,C:\Users\yys\Desktop\风机\wind-fault-detection-platform\datasets\wind_blade_defect_v03_recall\images\train\v03_small_r1_hole_286.jpg,C:\Users\yys\Desktop\风机\wind-fault-detection-platform\datasets\wind_blade_defect_v03_recall\labels\train\v03_small_r1_hole_286.txt
small_target_recall_oversample,C:\Users\yys\Desktop\风机\wind-fault-detection-platform\datasets\wind_blade_defect_v02_improve\images\train\hole_287.jpg,C:\Users\yys\Desktop\风机\wind-fault-detection-platform\datasets\wind_blade_defect_v02_improve\labels\train\hole_287.txt,C:\Users\yys\Desktop\风机\wind-fault-detection-platform\datasets\wind_blade_defect_v03_recall\images\train\v03_small_r1_hole_287.jpg,C:\Users\yys\Desktop\风机\wind-fault-detection-platform\datasets\wind_blade_defect_v03_recall\labels\train\v03_small_r1_hole_287.txt
small_target_recall_oversample,C:\Users\yys\Desktop\风机\wind-fault-detection-platform\datasets\wind_blade_defect_v02_improve\images\train\hole_289.jpg,C:\Users\yys\Desktop\风机\wind-fault-detection-platform\datasets\wind_blade_defect_v02_improve\labels\train\hole_289.txt,C:\Users\yys\Desktop\风机\wind-fault-detection-platform\datasets\wind_blade_defect_v03_recall\images\train\v03_small_r1_hole_289.jpg,C:\Users\yys\Desktop\风机\wind-fault-detection-platform\datasets\wind_blade_defect_v03_recall\labels\train\v03_small_r1_hole_289.txt
small_target_recall_oversample,C:\Users\yys\Desktop\风机\wind-fault-detection-platform\datasets\wind_blade_defect_v02_improve\images\train\hole_29.jpg,C:\Users\yys\Desktop\风机\wind-fault-detection-platform\datasets\wind_blade_defect_v02_improve\labels\train\hole_29.txt,C:\Users\yys\Desktop\风机\wind-fault-detection-platform\datasets\wind_blade_defect_v03_recall\images\train\v03_small_r1_hole_29.jpg,C:\Users\yys\Desktop\风机\wind-fault-detection-platform\datasets\wind_blade_defect_v03_recall\labels\train\v03_small_r1_hole_29.txt
small_target_recall_oversample,C:\Users\yys\Desktop\风机\wind-fault-detection-platform\datasets\wind_blade_defect_v02_improve\images\train\hole_290.jpg,C:\Users\yys\Desktop\风机\wind-fault-detection-platform\datasets\wind_blade_defect_v02_improve\labels\train\hole_290.txt,C:\Users\yys\Desktop\风机\wind-fault-detection-platform\datasets\wind_blade_defect_v03_recall\images\train\v03_small_r1_hole_290.jpg,C:\Users\yys\Desktop\风机\wind-fault-detection-platform\datasets\wind_blade_defect_v03_recall\labels\train\v03_small_r1_hole_290.txt
small_target_recall_oversample,C:\Users\yys\Desktop\风机\wind-fault-detection-platform\datasets\wind_blade_defect_v02_improve\images\train\hole_292.jpg,C:\Users\yys\Desktop\风机\wind-fault-detection-platform\datasets\wind_blade_defect_v02_improve\labels\train\hole_292.txt,C:\Users\yys\Desktop\风机\wind-fault-detection-platform\datasets\wind_blade_defect_v03_recall\images\train\v03_small_r1_hole_292.jpg,C:\Users\yys\Desktop\风机\wind-fault-detection-platform\datasets\wind_blade_defect_v03_recall\labels\train\v03_small_r1_hole_292.txt
small_target_recall_oversample,C:\Users\yys\Desktop\风机\wind-fault-detection-platform\datasets\wind_blade_defect_v02_improve\images\train\hole_294.jpg,C:\Users\yys\Desktop\风机\wind-fault-detection-platform\datasets\wind_blade_defect_v02_improve\labels\train\hole_294.txt,C:\Users\yys\Desktop\风机\wind-fault-detection-platform\datasets\wind_blade_defect_v03_recall\images\train\v03_small_r1_hole_294.jpg,C:\Users\yys\Desktop\风机\wind-fault-detection-platform\datasets\wind_blade_defect_v03_recall\labels\train\v03_small_r1_hole_294.txt
small_target_recall_oversample,C:\Users\yys\Desktop\风机\wind-fault-detection-platform\datasets\wind_blade_defect_v02_improve\images\train\hole_297.jpg,C:\Users\yys\Desktop\风机\wind-fault-detection-platform\datasets\wind_blade_defect_v02_improve\labels\train\hole_297.txt,C:\Users\yys\Desktop\风机\wind-fault-detection-platform\datasets\wind_blade_defect_v03_recall\images\train\v03_small_r1_hole_297.jpg,C:\Users\yys\Desktop\风机\wind-fault-detection-platform\datasets\wind_blade_defect_v03_recall\labels\train\v03_small_r1_hole_297.txt
small_target_recall_oversample,C:\Users\yys\Desktop\风机\wind-fault-detection-platform\datasets\wind_blade_defect_v02_improve\images\train\hole_298.jpg,C:\Users\yys\Desktop\风机\wind-fault-detection-platform\datasets\wind_blade_defect_v02_improve\labels\train\hole_298.txt,C:\Users\yys\Desktop\风机\wind-fault-detection-platform\datasets\wind_blade_defect_v03_recall\images\train\v03_small_r1_hole_298.jpg,C:\Users\yys\Desktop\风机\wind-fault-detection-platform\datasets\wind_blade_defect_v03_recall\labels\train\v03_small_r1_hole_298.txt
small_target_recall_oversample,C:\Users\yys\Desktop\风机\wind-fault-detection-platform\datasets\wind_blade_defect_v02_improve\images\train\hole_30.jpg,C:\Users\yys\Desktop\风机\wind-fault-detection-platform\datasets\wind_blade_defect_v02_improve\labels\train\hole_30.txt,C:\Users\yys\Desktop\风机\wind-fault-detection-platform\datasets\wind_blade_defect_v03_recall\images\train\v03_small_r1_hole_30.jpg,C:\Users\yys\Desktop\风机\wind-fault-detection-platform\datasets\wind_blade_defect_v03_recall\labels\train\v03_small_r1_hole_30.txt
small_target_recall_oversample,C:\Users\yys\Desktop\风机\wind-fault-detection-platform\datasets\wind_blade_defect_v02_improve\images\train\hole_300.jpg,C:\Users\yys\Desktop\风机\wind-fault-detection-platform\datasets\wind_blade_defect_v02_improve\labels\train\hole_300.txt,C:\Users\yys\Desktop\风机\wind-fault-detection-platform\datasets\wind_blade_defect_v03_recall\images\train\v03_small_r1_hole_300.jpg,C:\Users\yys\Desktop\风机\wind-fault-detection-platform\datasets\wind_blade_defect_v03_recall\labels\train\v03_small_r1_hole_300.txt
small_target_recall_oversample,C:\Users\yys\Desktop\风机\wind-fault-detection-platform\datasets\wind_blade_defect_v02_improve\images\train\hole_302.jpg,C:\Users\yys\Desktop\风机\wind-fault-detection-platform\datasets\wind_blade_defect_v02_improve\labels\train\hole_302.txt,C:\Users\yys\Desktop\风机\wind-fault-detection-platform\datasets\wind_blade_defect_v03_recall\images\train\v03_small_r1_hole_302.jpg,C:\Users\yys\Desktop\风机\wind-fault-detection-platform\datasets\wind_blade_defect_v03_recall\labels\train\v03_small_r1_hole_302.txt
small_target_recall_oversample,C:\Users\yys\Desktop\风机\wind-fault-detection-platform\datasets\wind_blade_defect_v02_improve\images\train\hole_303.jpg,C:\Users\yys\Desktop\风机\wind-fault-detection-platform\datasets\wind_blade_defect_v02_improve\labels\train\hole_303.txt,C:\Users\yys\Desktop\风机\wind-fault-detection-platform\datasets\wind_blade_defect_v03_recall\images\train\v03_small_r1_hole_303.jpg,C:\Users\yys\Desktop\风机\wind-fault-detection-platform\datasets\wind_blade_defect_v03_recall\labels\train\v03_small_r1_hole_303.txt
small_target_recall_oversample,C:\Users\yys\Desktop\风机\wind-fault-detection-platform\datasets\wind_blade_defect_v02_improve\images\train\hole_304.jpg,C:\Users\yys\Desktop\风机\wind-fault-detection-platform\datasets\wind_blade_defect_v02_improve\labels\train\hole_304.txt,C:\Users\yys\Desktop\风机\wind-fault-detection-platform\datasets\wind_blade_defect_v03_recall\images\train\v03_small_r1_hole_304.jpg,C:\Users\yys\Desktop\风机\wind-fault-detection-platform\datasets\wind_blade_defect_v03_recall\labels\train\v03_small_r1_hole_304.txt
small_target_recall_oversample,C:\Users\yys\Desktop\风机\wind-fault-detection-platform\datasets\wind_blade_defect_v02_improve\images\train\hole_305.jpg,C:\Users\yys\Desktop\风机\wind-fault-detection-platform\datasets\wind_blade_defect_v02_improve\labels\train\hole_305.txt,C:\Users\yys\Desktop\风机\wind-fault-detection-platform\datasets\wind_blade_defect_v03_recall\images\train\v03_small_r1_hole_305.jpg,C:\Users\yys\Desktop\风机\wind-fault-detection-platform\datasets\wind_blade_defect_v03_recall\labels\train\v03_small_r1_hole_305.txt
small_target_recall_oversample,C:\Users\yys\Desktop\风机\wind-fault-detection-platform\datasets\wind_blade_defect_v02_improve\images\train\hole_306.jpg,C:\Users\yys\Desktop\风机\wind-fault-detection-platform\datasets\wind_blade_defect_v02_improve\labels\train\hole_306.txt,C:\Users\yys\Desktop\风机\wind-fault-detection-platform\datasets\wind_blade_defect_v03_recall\images\train\v03_small_r1_hole_306.jpg,C:\Users\yys\Desktop\风机\wind-fault-detection-platform\datasets\wind_blade_defect_v03_recall\labels\train\v03_small_r1_hole_306.txt
small_target_recall_oversample,C:\Users\yys\Desktop\风机\wind-fault-detection-platform\datasets\wind_blade_defect_v02_improve\images\train\hole_307.jpg,C:\Users\yys\Desktop\风机\wind-fault-detection-platform\datasets\wind_blade_defect_v02_improve\labels\train\hole_307.txt,C:\Users\yys\Desktop\风机\wind-fault-detection-platform\datasets\wind_blade_defect_v03_recall\images\train\v03_small_r1_hole_307.jpg,C:\Users\yys\Desktop\风机\wind-fault-detection-platform\datasets\wind_blade_defect_v03_recall\labels\train\v03_small_r1_hole_307.txt
small_target_recall_oversample,C:\Users\yys\Desktop\风机\wind-fault-detection-platform\datasets\wind_blade_defect_v02_improve\images\train\hole_308.jpg,C:\Users\yys\Desktop\风机\wind-fault-detection-platform\datasets\wind_blade_defect_v02_improve\labels\train\hole_308.txt,C:\Users\yys\Desktop\风机\wind-fault-detection-platform\datasets\wind_blade_defect_v03_recall\images\train\v03_small_r1_hole_308.jpg,C:\Users\yys\Desktop\风机\wind-fault-detection-platform\datasets\wind_blade_defect_v03_recall\labels\train\v03_small_r1_hole_308.txt
small_target_recall_oversample,C:\Users\yys\Desktop\风机\wind-fault-detection-platform\datasets\wind_blade_defect_v02_improve\images\train\hole_309.jpg,C:\Users\yys\Desktop\风机\wind-fault-detection-platform\datasets\wind_blade_defect_v02_improve\labels\train\hole_309.txt,C:\Users\yys\Desktop\风机\wind-fault-detection-platform\datasets\wind_blade_defect_v03_recall\images\train\v03_small_r1_hole_309.jpg,C:\Users\yys\Desktop\风机\wind-fault-detection-platform\datasets\wind_blade_defect_v03_recall\labels\train\v03_small_r1_hole_309.txt
small_target_recall_oversample,C:\Users\yys\Desktop\风机\wind-fault-detection-platform\datasets\wind_blade_defect_v02_improve\images\train\hole_310.jpg,C:\Users\yys\Desktop\风机\wind-fault-detection-platform\datasets\wind_blade_defect_v02_improve\labels\train\hole_310.txt,C:\Users\yys\Desktop\风机\wind-fault-detection-platform\datasets\wind_blade_defect_v03_recall\images\train\v03_small_r1_hole_310.jpg,C:\Users\yys\Desktop\风机\wind-fault-detection-platform\datasets\wind_blade_defect_v03_recall\labels\train\v03_small_r1_hole_310.txt
small_target_recall_oversample,C:\Users\yys\Desktop\风机\wind-fault-detection-platform\datasets\wind_blade_defect_v02_improve\images\train\hole_313.jpg,C:\Users\yys\Desktop\风机\wind-fault-detection-platform\datasets\wind_blade_defect_v02_improve\labels\train\hole_313.txt,C:\Users\yys\Desktop\风机\wind-fault-detection-platform\datasets\wind_blade_defect_v03_recall\images\train\v03_small_r1_hole_313.jpg,C:\Users\yys\Desktop\风机\wind-fault-detection-platform\datasets\wind_blade_defect_v03_recall\labels\train\v03_small_r1_hole_313.txt
small_target_recall_oversample,C:\Users\yys\Desktop\风机\wind-fault-detection-platform\datasets\wind_blade_defect_v02_improve\images\train\hole_314.jpg,C:\Users\yys\Desktop\风机\wind-fault-detection-platform\datasets\wind_blade_defect_v02_improve\labels\train\hole_314.txt,C:\Users\yys\Desktop\风机\wind-fault-detection-platform\datasets\wind_blade_defect_v03_recall\images\train\v03_small_r1_hole_314.jpg,C:\Users\yys\Desktop\风机\wind-fault-detection-platform\datasets\wind_blade_defect_v03_recall\labels\train\v03_small_r1_hole_314.txt
small_target_recall_oversample,C:\Users\yys\Desktop\风机\wind-fault-detection-platform\datasets\wind_blade_defect_v02_improve\images\train\hole_315.jpg,C:\Users\yys\Desktop\风机\wind-fault-detection-platform\datasets\wind_blade_defect_v02_improve\labels\train\hole_315.txt,C:\Users\yys\Desktop\风机\wind-fault-detection-platform\datasets\wind_blade_defect_v03_recall\images\train\v03_small_r1_hole_315.jpg,C:\Users\yys\Desktop\风机\wind-fault-detection-platform\datasets\wind_blade_defect_v03_recall\labels\train\v03_small_r1_hole_315.txt
small_target_recall_oversample,C:\Users\yys\Desktop\风机\wind-fault-detection-platform\datasets\wind_blade_defect_v02_improve\images\train\hole_316.jpg,C:\Users\yys\Desktop\风机\wind-fault-detection-platform\datasets\wind_blade_defect_v02_improve\labels\train\hole_316.txt,C:\Users\yys\Desktop\风机\wind-fault-detection-platform\datasets\wind_blade_defect_v03_recall\images\train\v03_small_r1_hole_316.jpg,C:\Users\yys\Desktop\风机\wind-fault-detection-platform\datasets\wind_blade_defect_v03_recall\labels\train\v03_small_r1_hole_316.txt
small_target_recall_oversample,C:\Users\yys\Desktop\风机\wind-fault-detection-platform\datasets\wind_blade_defect_v02_improve\images\train\hole_317.jpg,C:\Users\yys\Desktop\风机\wind-fault-detection-platform\datasets\wind_blade_defect_v02_improve\labels\train\hole_317.txt,C:\Users\yys\Desktop\风机\wind-fault-detection-platform\datasets\wind_blade_defect_v03_recall\images\train\v03_small_r1_hole_317.jpg,C:\Users\yys\Desktop\风机\wind-fault-detection-platform\datasets\wind_blade_defect_v03_recall\labels\train\v03_small_r1_hole_317.txt
small_target_recall_oversample,C:\Users\yys\Desktop\风机\wind-fault-detection-platform\datasets\wind_blade_defect_v02_improve\images\train\hole_318.jpg,C:\Users\yys\Desktop\风机\wind-fault-detection-platform\datasets\wind_blade_defect_v02_improve\labels\train\hole_318.txt,C:\Users\yys\Desktop\风机\wind-fault-detection-platform\datasets\wind_blade_defect_v03_recall\images\train\v03_small_r1_hole_318.jpg,C:\Users\yys\Desktop\风机\wind-fault-detection-platform\datasets\wind_blade_defect_v03_recall\labels\train\v03_small_r1_hole_318.txt
small_target_recall_oversample,C:\Users\yys\Desktop\风机\wind-fault-detection-platform\datasets\wind_blade_defect_v02_improve\images\train\hole_319.jpg,C:\Users\yys\Desktop\风机\wind-fault-detection-platform\datasets\wind_blade_defect_v02_improve\labels\train\hole_319.txt,C:\Users\yys\Desktop\风机\wind-fault-detection-platform\datasets\wind_blade_defect_v03_recall\images\train\v03_small_r1_hole_319.jpg,C:\Users\yys\Desktop\风机\wind-fault-detection-platform\datasets\wind_blade_defect_v03_recall\labels\train\v03_small_r1_hole_319.txt
small_target_recall_oversample,C:\Users\yys\Desktop\风机\wind-fault-detection-platform\datasets\wind_blade_defect_v02_improve\images\train\hole_32.jpg,C:\Users\yys\Desktop\风机\wind-fault-detection-platform\datasets\wind_blade_defect_v02_improve\labels\train\hole_32.txt,C:\Users\yys\Desktop\风机\wind-fault-detection-platform\datasets\wind_blade_defect_v03_recall\images\train\v03_small_r1_hole_32.jpg,C:\Users\yys\Desktop\风机\wind-fault-detection-platform\datasets\wind_blade_defect_v03_recall\labels\train\v03_small_r1_hole_32.txt
small_target_recall_oversample,C:\Users\yys\Desktop\风机\wind-fault-detection-platform\datasets\wind_blade_defect_v02_improve\images\train\hole_320.jpg,C:\Users\yys\Desktop\风机\wind-fault-detection-platform\datasets\wind_blade_defect_v02_improve\labels\train\hole_320.txt,C:\Users\yys\Desktop\风机\wind-fault-detection-platform\datasets\wind_blade_defect_v03_recall\images\train\v03_small_r1_hole_320.jpg,C:\Users\yys\Desktop\风机\wind-fault-detection-platform\datasets\wind_blade_defect_v03_recall\labels\train\v03_small_r1_hole_320.txt
small_target_recall_oversample,C:\Users\yys\Desktop\风机\wind-fault-detection-platform\datasets\wind_blade_defect_v02_improve\images\train\hole_324.jpg,C:\Users\yys\Desktop\风机\wind-fault-detection-platform\datasets\wind_blade_defect_v02_improve\labels\train\hole_324.txt,C:\Users\yys\Desktop\风机\wind-fault-detection-platform\datasets\wind_blade_defect_v03_recall\images\train\v03_small_r1_hole_324.jpg,C:\Users\yys\Desktop\风机\wind-fault-detection-platform\datasets\wind_blade_defect_v03_recall\labels\train\v03_small_r1_hole_324.txt
small_target_recall_oversample,C:\Users\yys\Desktop\风机\wind-fault-detection-platform\datasets\wind_blade_defect_v02_improve\images\train\hole_325.jpg,C:\Users\yys\Desktop\风机\wind-fault-detection-platform\datasets\wind_blade_defect_v02_improve\labels\train\hole_325.txt,C:\Users\yys\Desktop\风机\wind-fault-detection-platform\datasets\wind_blade_defect_v03_recall\images\train\v03_small_r1_hole_325.jpg,C:\Users\yys\Desktop\风机\wind-fault-detection-platform\datasets\wind_blade_defect_v03_recall\labels\train\v03_small_r1_hole_325.txt
small_target_recall_oversample,C:\Users\yys\Desktop\风机\wind-fault-detection-platform\datasets\wind_blade_defect_v02_improve\images\train\hole_326.jpg,C:\Users\yys\Desktop\风机\wind-fault-detection-platform\datasets\wind_blade_defect_v02_improve\labels\train\hole_326.txt,C:\Users\yys\Desktop\风机\wind-fault-detection-platform\datasets\wind_blade_defect_v03_recall\images\train\v03_small_r1_hole_326.jpg,C:\Users\yys\Desktop\风机\wind-fault-detection-platform\datasets\wind_blade_defect_v03_recall\labels\train\v03_small_r1_hole_326.txt
small_target_recall_oversample,C:\Users\yys\Desktop\风机\wind-fault-detection-platform\datasets\wind_blade_defect_v02_improve\images\train\hole_33.jpg,C:\Users\yys\Desktop\风机\wind-fault-detection-platform\datasets\wind_blade_defect_v02_improve\labels\train\hole_33.txt,C:\Users\yys\Desktop\风机\wind-fault-detection-platform\datasets\wind_blade_defect_v03_recall\images\train\v03_small_r1_hole_33.jpg,C:\Users\yys\Desktop\风机\wind-fault-detection-platform\datasets\wind_blade_defect_v03_recall\labels\train\v03_small_r1_hole_33.txt
small_target_recall_oversample,C:\Users\yys\Desktop\风机\wind-fault-detection-platform\datasets\wind_blade_defect_v02_improve\images\train\hole_332.jpg,C:\Users\yys\Desktop\风机\wind-fault-detection-platform\datasets\wind_blade_defect_v02_improve\labels\train\hole_332.txt,C:\Users\yys\Desktop\风机\wind-fault-detection-platform\datasets\wind_blade_defect_v03_recall\images\train\v03_small_r1_hole_332.jpg,C:\Users\yys\Desktop\风机\wind-fault-detection-platform\datasets\wind_blade_defect_v03_recall\labels\train\v03_small_r1_hole_332.txt
small_target_recall_oversample,C:\Users\yys\Desktop\风机\wind-fault-detection-platform\datasets\wind_blade_defect_v02_improve\images\train\hole_333.jpg,C:\Users\yys\Desktop\风机\wind-fault-detection-platform\datasets\wind_blade_defect_v02_improve\labels\train\hole_333.txt,C:\Users\yys\Desktop\风机\wind-fault-detection-platform\datasets\wind_blade_defect_v03_recall\images\train\v03_small_r1_hole_333.jpg,C:\Users\yys\Desktop\风机\wind-fault-detection-platform\datasets\wind_blade_defect_v03_recall\labels\train\v03_small_r1_hole_333.txt
small_target_recall_oversample,C:\Users\yys\Desktop\风机\wind-fault-detection-platform\datasets\wind_blade_defect_v02_improve\images\train\hole_334.jpg,C:\Users\yys\Desktop\风机\wind-fault-detection-platform\datasets\wind_blade_defect_v02_improve\labels\train\hole_334.txt,C:\Users\yys\Desktop\风机\wind-fault-detection-platform\datasets\wind_blade_defect_v03_recall\images\train\v03_small_r1_hole_334.jpg,C:\Users\yys\Desktop\风机\wind-fault-detection-platform\datasets\wind_blade_defect_v03_recall\labels\train\v03_small_r1_hole_334.txt
small_target_recall_oversample,C:\Users\yys\Desktop\风机\wind-fault-detection-platform\datasets\wind_blade_defect_v02_improve\images\train\hole_336.jpg,C:\Users\yys\Desktop\风机\wind-fault-detection-platform\datasets\wind_blade_defect_v02_improve\labels\train\hole_336.txt,C:\Users\yys\Desktop\风机\wind-fault-detection-platform\datasets\wind_blade_defect_v03_recall\images\train\v03_small_r1_hole_336.jpg,C:\Users\yys\Desktop\风机\wind-fault-detection-platform\datasets\wind_blade_defect_v03_recall\labels\train\v03_small_r1_hole_336.txt
small_target_recall_oversample,C:\Users\yys\Desktop\风机\wind-fault-detection-platform\datasets\wind_blade_defect_v02_improve\images\train\hole_338.jpg,C:\Users\yys\Desktop\风机\wind-fault-detection-platform\datasets\wind_blade_defect_v02_improve\labels\train\hole_338.txt,C:\Users\yys\Desktop\风机\wind-fault-detection-platform\datasets\wind_blade_defect_v03_recall\images\train\v03_small_r1_hole_338.jpg,C:\Users\yys\Desktop\风机\wind-fault-detection-platform\datasets\wind_blade_defect_v03_recall\labels\train\v03_small_r1_hole_338.txt
small_target_recall_oversample,C:\Users\yys\Desktop\风机\wind-fault-detection-platform\datasets\wind_blade_defect_v02_improve\images\train\hole_34.jpg,C:\Users\yys\Desktop\风机\wind-fault-detection-platform\datasets\wind_blade_defect_v02_improve\labels\train\hole_34.txt,C:\Users\yys\Desktop\风机\wind-fault-detection-platform\datasets\wind_blade_defect_v03_recall\images\train\v03_small_r1_hole_34.jpg,C:\Users\yys\Desktop\风机\wind-fault-detection-platform\datasets\wind_blade_defect_v03_recall\labels\train\v03_small_r1_hole_34.txt
small_target_recall_oversample,C:\Users\yys\Desktop\风机\wind-fault-detection-platform\datasets\wind_blade_defect_v02_improve\images\train\hole_340.jpg,C:\Users\yys\Desktop\风机\wind-fault-detection-platform\datasets\wind_blade_defect_v02_improve\labels\train\hole_340.txt,C:\Users\yys\Desktop\风机\wind-fault-detection-platform\datasets\wind_blade_defect_v03_recall\images\train\v03_small_r1_hole_340.jpg,C:\Users\yys\Desktop\风机\wind-fault-detection-platform\datasets\wind_blade_defect_v03_recall\labels\train\v03_small_r1_hole_340.txt
small_target_recall_oversample,C:\Users\yys\Desktop\风机\wind-fault-detection-platform\datasets\wind_blade_defect_v02_improve\images\train\hole_341.jpg,C:\Users\yys\Desktop\风机\wind-fault-detection-platform\datasets\wind_blade_defect_v02_improve\labels\train\hole_341.txt,C:\Users\yys\Desktop\风机\wind-fault-detection-platform\datasets\wind_blade_defect_v03_recall\images\train\v03_small_r1_hole_341.jpg,C:\Users\yys\Desktop\风机\wind-fault-detection-platform\datasets\wind_blade_defect_v03_recall\labels\train\v03_small_r1_hole_341.txt
small_target_recall_oversample,C:\Users\yys\Desktop\风机\wind-fault-detection-platform\datasets\wind_blade_defect_v02_improve\images\train\hole_342.jpg,C:\Users\yys\Desktop\风机\wind-fault-detection-platform\datasets\wind_blade_defect_v02_improve\labels\train\hole_342.txt,C:\Users\yys\Desktop\风机\wind-fault-detection-platform\datasets\wind_blade_defect_v03_recall\images\train\v03_small_r1_hole_342.jpg,C:\Users\yys\Desktop\风机\wind-fault-detection-platform\datasets\wind_blade_defect_v03_recall\labels\train\v03_small_r1_hole_342.txt
small_target_recall_oversample,C:\Users\yys\Desktop\风机\wind-fault-detection-platform\datasets\wind_blade_defect_v02_improve\images\train\hole_343.jpg,C:\Users\yys\Desktop\风机\wind-fault-detection-platform\datasets\wind_blade_defect_v02_improve\labels\train\hole_343.txt,C:\Users\yys\Desktop\风机\wind-fault-detection-platform\datasets\wind_blade_defect_v03_recall\images\train\v03_small_r1_hole_343.jpg,C:\Users\yys\Desktop\风机\wind-fault-detection-platform\datasets\wind_blade_defect_v03_recall\labels\train\v03_small_r1_hole_343.txt
small_target_recall_oversample,C:\Users\yys\Desktop\风机\wind-fault-detection-platform\datasets\wind_blade_defect_v02_improve\images\train\hole_345.jpg,C:\Users\yys\Desktop\风机\wind-fault-detection-platform\datasets\wind_blade_defect_v02_improve\labels\train\hole_345.txt,C:\Users\yys\Desktop\风机\wind-fault-detection-platform\datasets\wind_blade_defect_v03_recall\images\train\v03_small_r1_hole_345.jpg,C:\Users\yys\Desktop\风机\wind-fault-detection-platform\datasets\wind_blade_defect_v03_recall\labels\train\v03_small_r1_hole_345.txt
small_target_recall_oversample,C:\Users\yys\Desktop\风机\wind-fault-detection-platform\datasets\wind_blade_defect_v02_improve\images\train\hole_346.jpg,C:\Users\yys\Desktop\风机\wind-fault-detection-platform\datasets\wind_blade_defect_v02_improve\labels\train\hole_346.txt,C:\Users\yys\Desktop\风机\wind-fault-detection-platform\datasets\wind_blade_defect_v03_recall\images\train\v03_small_r1_hole_346.jpg,C:\Users\yys\Desktop\风机\wind-fault-detection-platform\datasets\wind_blade_defect_v03_recall\labels\train\v03_small_r1_hole_346.txt
small_target_recall_oversample,C:\Users\yys\Desktop\风机\wind-fault-detection-platform\datasets\wind_blade_defect_v02_improve\images\train\hole_348.jpg,C:\Users\yys\Desktop\风机\wind-fault-detection-platform\datasets\wind_blade_defect_v02_improve\labels\train\hole_348.txt,C:\Users\yys\Desktop\风机\wind-fault-detection-platform\datasets\wind_blade_defect_v03_recall\images\train\v03_small_r1_hole_348.jpg,C:\Users\yys\Desktop\风机\wind-fault-detection-platform\datasets\wind_blade_defect_v03_recall\labels\train\v03_small_r1_hole_348.txt
small_target_recall_oversample,C:\Users\yys\Desktop\风机\wind-fault-detection-platform\datasets\wind_blade_defect_v02_improve\images\train\hole_349.jpg,C:\Users\yys\Desktop\风机\wind-fault-detection-platform\datasets\wind_blade_defect_v02_improve\labels\train\hole_349.txt,C:\Users\yys\Desktop\风机\wind-fault-detection-platform\datasets\wind_blade_defect_v03_recall\images\train\v03_small_r1_hole_349.jpg,C:\Users\yys\Desktop\风机\wind-fault-detection-platform\datasets\wind_blade_defect_v03_recall\labels\train\v03_small_r1_hole_349.txt
small_target_recall_oversample,C:\Users\yys\Desktop\风机\wind-fault-detection-platform\datasets\wind_blade_defect_v02_improve\images\train\hole_351.jpg,C:\Users\yys\Desktop\风机\wind-fault-detection-platform\datasets\wind_blade_defect_v02_improve\labels\train\hole_351.txt,C:\Users\yys\Desktop\风机\wind-fault-detection-platform\datasets\wind_blade_defect_v03_recall\images\train\v03_small_r1_hole_351.jpg,C:\Users\yys\Desktop\风机\wind-fault-detection-platform\datasets\wind_blade_defect_v03_recall\labels\train\v03_small_r1_hole_351.txt
small_target_recall_oversample,C:\Users\yys\Desktop\风机\wind-fault-detection-platform\datasets\wind_blade_defect_v02_improve\images\train\hole_352.jpg,C:\Users\yys\Desktop\风机\wind-fault-detection-platform\datasets\wind_blade_defect_v02_improve\labels\train\hole_352.txt,C:\Users\yys\Desktop\风机\wind-fault-detection-platform\datasets\wind_blade_defect_v03_recall\images\train\v03_small_r1_hole_352.jpg,C:\Users\yys\Desktop\风机\wind-fault-detection-platform\datasets\wind_blade_defect_v03_recall\labels\train\v03_small_r1_hole_352.txt
small_target_recall_oversample,C:\Users\yys\Desktop\风机\wind-fault-detection-platform\datasets\wind_blade_defect_v02_improve\images\train\hole_353.jpg,C:\Users\yys\Desktop\风机\wind-fault-detection-platform\datasets\wind_blade_defect_v02_improve\labels\train\hole_353.txt,C:\Users\yys\Desktop\风机\wind-fault-detection-platform\datasets\wind_blade_defect_v03_recall\images\train\v03_small_r1_hole_353.jpg,C:\Users\yys\Desktop\风机\wind-fault-detection-platform\datasets\wind_blade_defect_v03_recall\labels\train\v03_small_r1_hole_353.txt
small_target_recall_oversample,C:\Users\yys\Desktop\风机\wind-fault-detection-platform\datasets\wind_blade_defect_v02_improve\images\train\hole_354.jpg,C:\Users\yys\Desktop\风机\wind-fault-detection-platform\datasets\wind_blade_defect_v02_improve\labels\train\hole_354.txt,C:\Users\yys\Desktop\风机\wind-fault-detection-platform\datasets\wind_blade_defect_v03_recall\images\train\v03_small_r1_hole_354.jpg,C:\Users\yys\Desktop\风机\wind-fault-detection-platform\datasets\wind_blade_defect_v03_recall\labels\train\v03_small_r1_hole_354.txt
small_target_recall_oversample,C:\Users\yys\Desktop\风机\wind-fault-detection-platform\datasets\wind_blade_defect_v02_improve\images\train\hole_355.jpg,C:\Users\yys\Desktop\风机\wind-fault-detection-platform\datasets\wind_blade_defect_v02_improve\labels\train\hole_355.txt,C:\Users\yys\Desktop\风机\wind-fault-detection-platform\datasets\wind_blade_defect_v03_recall\images\train\v03_small_r1_hole_355.jpg,C:\Users\yys\Desktop\风机\wind-fault-detection-platform\datasets\wind_blade_defect_v03_recall\labels\train\v03_small_r1_hole_355.txt
small_target_recall_oversample,C:\Users\yys\Desktop\风机\wind-fault-detection-platform\datasets\wind_blade_defect_v02_improve\images\train\hole_356.jpg,C:\Users\yys\Desktop\风机\wind-fault-detection-platform\datasets\wind_blade_defect_v02_improve\labels\train\hole_356.txt,C:\Users\yys\Desktop\风机\wind-fault-detection-platform\datasets\wind_blade_defect_v03_recall\images\train\v03_small_r1_hole_356.jpg,C:\Users\yys\Desktop\风机\wind-fault-detection-platform\datasets\wind_blade_defect_v03_recall\labels\train\v03_small_r1_hole_356.txt
small_target_recall_oversample,C:\Users\yys\Desktop\风机\wind-fault-detection-platform\datasets\wind_blade_defect_v02_improve\images\train\hole_359.jpg,C:\Users\yys\Desktop\风机\wind-fault-detection-platform\datasets\wind_blade_defect_v02_improve\labels\train\hole_359.txt,C:\Users\yys\Desktop\风机\wind-fault-detection-platform\datasets\wind_blade_defect_v03_recall\images\train\v03_small_r1_hole_359.jpg,C:\Users\yys\Desktop\风机\wind-fault-detection-platform\datasets\wind_blade_defect_v03_recall\labels\train\v03_small_r1_hole_359.txt
small_target_recall_oversample,C:\Users\yys\Desktop\风机\wind-fault-detection-platform\datasets\wind_blade_defect_v02_improve\images\train\hole_36.jpg,C:\Users\yys\Desktop\风机\wind-fault-detection-platform\datasets\wind_blade_defect_v02_improve\labels\train\hole_36.txt,C:\Users\yys\Desktop\风机\wind-fault-detection-platform\datasets\wind_blade_defect_v03_recall\images\train\v03_small_r1_hole_36.jpg,C:\Users\yys\Desktop\风机\wind-fault-detection-platform\datasets\wind_blade_defect_v03_recall\labels\train\v03_small_r1_hole_36.txt
small_target_recall_oversample,C:\Users\yys\Desktop\风机\wind-fault-detection-platform\datasets\wind_blade_defect_v02_improve\images\train\hole_360.jpg,C:\Users\yys\Desktop\风机\wind-fault-detection-platform\datasets\wind_blade_defect_v02_improve\labels\train\hole_360.txt,C:\Users\yys\Desktop\风机\wind-fault-detection-platform\datasets\wind_blade_defect_v03_recall\images\train\v03_small_r1_hole_360.jpg,C:\Users\yys\Desktop\风机\wind-fault-detection-platform\datasets\wind_blade_defect_v03_recall\labels\train\v03_small_r1_hole_360.txt
small_target_recall_oversample,C:\Users\yys\Desktop\风机\wind-fault-detection-platform\datasets\wind_blade_defect_v02_improve\images\train\hole_361.jpg,C:\Users\yys\Desktop\风机\wind-fault-detection-platform\datasets\wind_blade_defect_v02_improve\labels\train\hole_361.txt,C:\Users\yys\Desktop\风机\wind-fault-detection-platform\datasets\wind_blade_defect_v03_recall\images\train\v03_small_r1_hole_361.jpg,C:\Users\yys\Desktop\风机\wind-fault-detection-platform\datasets\wind_blade_defect_v03_recall\labels\train\v03_small_r1_hole_361.txt
small_target_recall_oversample,C:\Users\yys\Desktop\风机\wind-fault-detection-platform\datasets\wind_blade_defect_v02_improve\images\train\hole_362.jpg,C:\Users\yys\Desktop\风机\wind-fault-detection-platform\datasets\wind_blade_defect_v02_improve\labels\train\hole_362.txt,C:\Users\yys\Desktop\风机\wind-fault-detection-platform\datasets\wind_blade_defect_v03_recall\images\train\v03_small_r1_hole_362.jpg,C:\Users\yys\Desktop\风机\wind-fault-detection-platform\datasets\wind_blade_defect_v03_recall\labels\train\v03_small_r1_hole_362.txt
small_target_recall_oversample,C:\Users\yys\Desktop\风机\wind-fault-detection-platform\datasets\wind_blade_defect_v02_improve\images\train\hole_363.jpg,C:\Users\yys\Desktop\风机\wind-fault-detection-platform\datasets\wind_blade_defect_v02_improve\labels\train\hole_363.txt,C:\Users\yys\Desktop\风机\wind-fault-detection-platform\datasets\wind_blade_defect_v03_recall\images\train\v03_small_r1_hole_363.jpg,C:\Users\yys\Desktop\风机\wind-fault-detection-platform\datasets\wind_blade_defect_v03_recall\labels\train\v03_small_r1_hole_363.txt
small_target_recall_oversample,C:\Users\yys\Desktop\风机\wind-fault-detection-platform\datasets\wind_blade_defect_v02_improve\images\train\hole_364.jpg,C:\Users\yys\Desktop\风机\wind-fault-detection-platform\datasets\wind_blade_defect_v02_improve\labels\train\hole_364.txt,C:\Users\yys\Desktop\风机\wind-fault-detection-platform\datasets\wind_blade_defect_v03_recall\images\train\v03_small_r1_hole_364.jpg,C:\Users\yys\Desktop\风机\wind-fault-detection-platform\datasets\wind_blade_defect_v03_recall\labels\train\v03_small_r1_hole_364.txt
small_target_recall_oversample,C:\Users\yys\Desktop\风机\wind-fault-detection-platform\datasets\wind_blade_defect_v02_improve\images\train\hole_366.jpg,C:\Users\yys\Desktop\风机\wind-fault-detection-platform\datasets\wind_blade_defect_v02_improve\labels\train\hole_366.txt,C:\Users\yys\Desktop\风机\wind-fault-detection-platform\datasets\wind_blade_defect_v03_recall\images\train\v03_small_r1_hole_366.jpg,C:\Users\yys\Desktop\风机\wind-fault-detection-platform\datasets\wind_blade_defect_v03_recall\labels\train\v03_small_r1_hole_366.txt
small_target_recall_oversample,C:\Users\yys\Desktop\风机\wind-fault-detection-platform\datasets\wind_blade_defect_v02_improve\images\train\hole_367.jpg,C:\Users\yys\Desktop\风机\wind-fault-detection-platform\datasets\wind_blade_defect_v02_improve\labels\train\hole_367.txt,C:\Users\yys\Desktop\风机\wind-fault-detection-platform\datasets\wind_blade_defect_v03_recall\images\train\v03_small_r1_hole_367.jpg,C:\Users\yys\Desktop\风机\wind-fault-detection-platform\datasets\wind_blade_defect_v03_recall\labels\train\v03_small_r1_hole_367.txt
small_target_recall_oversample,C:\Users\yys\Desktop\风机\wind-fault-detection-platform\datasets\wind_blade_defect_v02_improve\images\train\hole_368.jpg,C:\Users\yys\Desktop\风机\wind-fault-detection-platform\datasets\wind_blade_defect_v02_improve\labels\train\hole_368.txt,C:\Users\yys\Desktop\风机\wind-fault-detection-platform\datasets\wind_blade_defect_v03_recall\images\train\v03_small_r1_hole_368.jpg,C:\Users\yys\Desktop\风机\wind-fault-detection-platform\datasets\wind_blade_defect_v03_recall\labels\train\v03_small_r1_hole_368.txt
small_target_recall_oversample,C:\Users\yys\Desktop\风机\wind-fault-detection-platform\datasets\wind_blade_defect_v02_improve\images\train\hole_369.jpg,C:\Users\yys\Desktop\风机\wind-fault-detection-platform\datasets\wind_blade_defect_v02_improve\labels\train\hole_369.txt,C:\Users\yys\Desktop\风机\wind-fault-detection-platform\datasets\wind_blade_defect_v03_recall\images\train\v03_small_r1_hole_369.jpg,C:\Users\yys\Desktop\风机\wind-fault-detection-platform\datasets\wind_blade_defect_v03_recall\labels\train\v03_small_r1_hole_369.txt
small_target_recall_oversample,C:\Users\yys\Desktop\风机\wind-fault-detection-platform\datasets\wind_blade_defect_v02_improve\images\train\hole_37.jpg,C:\Users\yys\Desktop\风机\wind-fault-detection-platform\datasets\wind_blade_defect_v02_improve\labels\train\hole_37.txt,C:\Users\yys\Desktop\风机\wind-fault-detection-platform\datasets\wind_blade_defect_v03_recall\images\train\v03_small_r1_hole_37.jpg,C:\Users\yys\Desktop\风机\wind-fault-detection-platform\datasets\wind_blade_defect_v03_recall\labels\train\v03_small_r1_hole_37.txt
small_target_recall_oversample,C:\Users\yys\Desktop\风机\wind-fault-detection-platform\datasets\wind_blade_defect_v02_improve\images\train\hole_370.jpg,C:\Users\yys\Desktop\风机\wind-fault-detection-platform\datasets\wind_blade_defect_v02_improve\labels\train\hole_370.txt,C:\Users\yys\Desktop\风机\wind-fault-detection-platform\datasets\wind_blade_defect_v03_recall\images\train\v03_small_r1_hole_370.jpg,C:\Users\yys\Desktop\风机\wind-fault-detection-platform\datasets\wind_blade_defect_v03_recall\labels\train\v03_small_r1_hole_370.txt
small_target_recall_oversample,C:\Users\yys\Desktop\风机\wind-fault-detection-platform\datasets\wind_blade_defect_v02_improve\images\train\hole_371.jpg,C:\Users\yys\Desktop\风机\wind-fault-detection-platform\datasets\wind_blade_defect_v02_improve\labels\train\hole_371.txt,C:\Users\yys\Desktop\风机\wind-fault-detection-platform\datasets\wind_blade_defect_v03_recall\images\train\v03_small_r1_hole_371.jpg,C:\Users\yys\Desktop\风机\wind-fault-detection-platform\datasets\wind_blade_defect_v03_recall\labels\train\v03_small_r1_hole_371.txt
small_target_recall_oversample,C:\Users\yys\Desktop\风机\wind-fault-detection-platform\datasets\wind_blade_defect_v02_improve\images\train\hole_372.jpg,C:\Users\yys\Desktop\风机\wind-fault-detection-platform\datasets\wind_blade_defect_v02_improve\labels\train\hole_372.txt,C:\Users\yys\Desktop\风机\wind-fault-detection-platform\datasets\wind_blade_defect_v03_recall\images\train\v03_small_r1_hole_372.jpg,C:\Users\yys\Desktop\风机\wind-fault-detection-platform\datasets\wind_blade_defect_v03_recall\labels\train\v03_small_r1_hole_372.txt
small_target_recall_oversample,C:\Users\yys\Desktop\风机\wind-fault-detection-platform\datasets\wind_blade_defect_v02_improve\images\train\hole_373.jpg,C:\Users\yys\Desktop\风机\wind-fault-detection-platform\datasets\wind_blade_defect_v02_improve\labels\train\hole_373.txt,C:\Users\yys\Desktop\风机\wind-fault-detection-platform\datasets\wind_blade_defect_v03_recall\images\train\v03_small_r1_hole_373.jpg,C:\Users\yys\Desktop\风机\wind-fault-detection-platform\datasets\wind_blade_defect_v03_recall\labels\train\v03_small_r1_hole_373.txt
small_target_recall_oversample,C:\Users\yys\Desktop\风机\wind-fault-detection-platform\datasets\wind_blade_defect_v02_improve\images\train\hole_374.jpg,C:\Users\yys\Desktop\风机\wind-fault-detection-platform\datasets\wind_blade_defect_v02_improve\labels\train\hole_374.txt,C:\Users\yys\Desktop\风机\wind-fault-detection-platform\datasets\wind_blade_defect_v03_recall\images\train\v03_small_r1_hole_374.jpg,C:\Users\yys\Desktop\风机\wind-fault-detection-platform\datasets\wind_blade_defect_v03_recall\labels\train\v03_small_r1_hole_374.txt
small_target_recall_oversample,C:\Users\yys\Desktop\风机\wind-fault-detection-platform\datasets\wind_blade_defect_v02_improve\images\train\hole_375.jpg,C:\Users\yys\Desktop\风机\wind-fault-detection-platform\datasets\wind_blade_defect_v02_improve\labels\train\hole_375.txt,C:\Users\yys\Desktop\风机\wind-fault-detection-platform\datasets\wind_blade_defect_v03_recall\images\train\v03_small_r1_hole_375.jpg,C:\Users\yys\Desktop\风机\wind-fault-detection-platform\datasets\wind_blade_defect_v03_recall\labels\train\v03_small_r1_hole_375.txt
small_target_recall_oversample,C:\Users\yys\Desktop\风机\wind-fault-detection-platform\datasets\wind_blade_defect_v02_improve\images\train\hole_376.jpg,C:\Users\yys\Desktop\风机\wind-fault-detection-platform\datasets\wind_blade_defect_v02_improve\labels\train\hole_376.txt,C:\Users\yys\Desktop\风机\wind-fault-detection-platform\datasets\wind_blade_defect_v03_recall\images\train\v03_small_r1_hole_376.jpg,C:\Users\yys\Desktop\风机\wind-fault-detection-platform\datasets\wind_blade_defect_v03_recall\labels\train\v03_small_r1_hole_376.txt
small_target_recall_oversample,C:\Users\yys\Desktop\风机\wind-fault-detection-platform\datasets\wind_blade_defect_v02_improve\images\train\hole_377.jpg,C:\Users\yys\Desktop\风机\wind-fault-detection-platform\datasets\wind_blade_defect_v02_improve\labels\train\hole_377.txt,C:\Users\yys\Desktop\风机\wind-fault-detection-platform\datasets\wind_blade_defect_v03_recall\images\train\v03_small_r1_hole_377.jpg,C:\Users\yys\Desktop\风机\wind-fault-detection-platform\datasets\wind_blade_defect_v03_recall\labels\train\v03_small_r1_hole_377.txt
small_target_recall_oversample,C:\Users\yys\Desktop\风机\wind-fault-detection-platform\datasets\wind_blade_defect_v02_improve\images\train\hole_379.jpg,C:\Users\yys\Desktop\风机\wind-fault-detection-platform\datasets\wind_blade_defect_v02_improve\labels\train\hole_379.txt,C:\Users\yys\Desktop\风机\wind-fault-detection-platform\datasets\wind_blade_defect_v03_recall\images\train\v03_small_r1_hole_379.jpg,C:\Users\yys\Desktop\风机\wind-fault-detection-platform\datasets\wind_blade_defect_v03_recall\labels\train\v03_small_r1_hole_379.txt
small_target_recall_oversample,C:\Users\yys\Desktop\风机\wind-fault-detection-platform\datasets\wind_blade_defect_v02_improve\images\train\hole_38.jpg,C:\Users\yys\Desktop\风机\wind-fault-detection-platform\datasets\wind_blade_defect_v02_improve\labels\train\hole_38.txt,C:\Users\yys\Desktop\风机\wind-fault-detection-platform\datasets\wind_blade_defect_v03_recall\images\train\v03_small_r1_hole_38.jpg,C:\Users\yys\Desktop\风机\wind-fault-detection-platform\datasets\wind_blade_defect_v03_recall\labels\train\v03_small_r1_hole_38.txt
small_target_recall_oversample,C:\Users\yys\Desktop\风机\wind-fault-detection-platform\datasets\wind_blade_defect_v02_improve\images\train\hole_380.jpg,C:\Users\yys\Desktop\风机\wind-fault-detection-platform\datasets\wind_blade_defect_v02_improve\labels\train\hole_380.txt,C:\Users\yys\Desktop\风机\wind-fault-detection-platform\datasets\wind_blade_defect_v03_recall\images\train\v03_small_r1_hole_380.jpg,C:\Users\yys\Desktop\风机\wind-fault-detection-platform\datasets\wind_blade_defect_v03_recall\labels\train\v03_small_r1_hole_380.txt
small_target_recall_oversample,C:\Users\yys\Desktop\风机\wind-fault-detection-platform\datasets\wind_blade_defect_v02_improve\images\train\hole_381.jpg,C:\Users\yys\Desktop\风机\wind-fault-detection-platform\datasets\wind_blade_defect_v02_improve\labels\train\hole_381.txt,C:\Users\yys\Desktop\风机\wind-fault-detection-platform\datasets\wind_blade_defect_v03_recall\images\train\v03_small_r1_hole_381.jpg,C:\Users\yys\Desktop\风机\wind-fault-detection-platform\datasets\wind_blade_defect_v03_recall\labels\train\v03_small_r1_hole_381.txt
small_target_recall_oversample,C:\Users\yys\Desktop\风机\wind-fault-detection-platform\datasets\wind_blade_defect_v02_improve\images\train\hole_384.jpg,C:\Users\yys\Desktop\风机\wind-fault-detection-platform\datasets\wind_blade_defect_v02_improve\labels\train\hole_384.txt,C:\Users\yys\Desktop\风机\wind-fault-detection-platform\datasets\wind_blade_defect_v03_recall\images\train\v03_small_r1_hole_384.jpg,C:\Users\yys\Desktop\风机\wind-fault-detection-platform\datasets\wind_blade_defect_v03_recall\labels\train\v03_small_r1_hole_384.txt
small_target_recall_oversample,C:\Users\yys\Desktop\风机\wind-fault-detection-platform\datasets\wind_blade_defect_v02_improve\images\train\hole_385.jpg,C:\Users\yys\Desktop\风机\wind-fault-detection-platform\datasets\wind_blade_defect_v02_improve\labels\train\hole_385.txt,C:\Users\yys\Desktop\风机\wind-fault-detection-platform\datasets\wind_blade_defect_v03_recall\images\train\v03_small_r1_hole_385.jpg,C:\Users\yys\Desktop\风机\wind-fault-detection-platform\datasets\wind_blade_defect_v03_recall\labels\train\v03_small_r1_hole_385.txt
small_target_recall_oversample,C:\Users\yys\Desktop\风机\wind-fault-detection-platform\datasets\wind_blade_defect_v02_improve\images\train\hole_386.jpg,C:\Users\yys\Desktop\风机\wind-fault-detection-platform\datasets\wind_blade_defect_v02_improve\labels\train\hole_386.txt,C:\Users\yys\Desktop\风机\wind-fault-detection-platform\datasets\wind_blade_defect_v03_recall\images\train\v03_small_r1_hole_386.jpg,C:\Users\yys\Desktop\风机\wind-fault-detection-platform\datasets\wind_blade_defect_v03_recall\labels\train\v03_small_r1_hole_386.txt
small_target_recall_oversample,C:\Users\yys\Desktop\风机\wind-fault-detection-platform\datasets\wind_blade_defect_v02_improve\images\train\hole_387.jpg,C:\Users\yys\Desktop\风机\wind-fault-detection-platform\datasets\wind_blade_defect_v02_improve\labels\train\hole_387.txt,C:\Users\yys\Desktop\风机\wind-fault-detection-platform\datasets\wind_blade_defect_v03_recall\images\train\v03_small_r1_hole_387.jpg,C:\Users\yys\Desktop\风机\wind-fault-detection-platform\datasets\wind_blade_defect_v03_recall\labels\train\v03_small_r1_hole_387.txt
small_target_recall_oversample,C:\Users\yys\Desktop\风机\wind-fault-detection-platform\datasets\wind_blade_defect_v02_improve\images\train\hole_388.jpg,C:\Users\yys\Desktop\风机\wind-fault-detection-platform\datasets\wind_blade_defect_v02_improve\labels\train\hole_388.txt,C:\Users\yys\Desktop\风机\wind-fault-detection-platform\datasets\wind_blade_defect_v03_recall\images\train\v03_small_r1_hole_388.jpg,C:\Users\yys\Desktop\风机\wind-fault-detection-platform\datasets\wind_blade_defect_v03_recall\labels\train\v03_small_r1_hole_388.txt
small_target_recall_oversample,C:\Users\yys\Desktop\风机\wind-fault-detection-platform\datasets\wind_blade_defect_v02_improve\images\train\hole_389.jpg,C:\Users\yys\Desktop\风机\wind-fault-detection-platform\datasets\wind_blade_defect_v02_improve\labels\train\hole_389.txt,C:\Users\yys\Desktop\风机\wind-fault-detection-platform\datasets\wind_blade_defect_v03_recall\images\train\v03_small_r1_hole_389.jpg,C:\Users\yys\Desktop\风机\wind-fault-detection-platform\datasets\wind_blade_defect_v03_recall\labels\train\v03_small_r1_hole_389.txt
small_target_recall_oversample,C:\Users\yys\Desktop\风机\wind-fault-detection-platform\datasets\wind_blade_defect_v02_improve\images\train\hole_39.jpg,C:\Users\yys\Desktop\风机\wind-fault-detection-platform\datasets\wind_blade_defect_v02_improve\labels\train\hole_39.txt,C:\Users\yys\Desktop\风机\wind-fault-detection-platform\datasets\wind_blade_defect_v03_recall\images\train\v03_small_r1_hole_39.jpg,C:\Users\yys\Desktop\风机\wind-fault-detection-platform\datasets\wind_blade_defect_v03_recall\labels\train\v03_small_r1_hole_39.txt
small_target_recall_oversample,C:\Users\yys\Desktop\风机\wind-fault-detection-platform\datasets\wind_blade_defect_v02_improve\images\train\hole_390.jpg,C:\Users\yys\Desktop\风机\wind-fault-detection-platform\datasets\wind_blade_defect_v02_improve\labels\train\hole_390.txt,C:\Users\yys\Desktop\风机\wind-fault-detection-platform\datasets\wind_blade_defect_v03_recall\images\train\v03_small_r1_hole_390.jpg,C:\Users\yys\Desktop\风机\wind-fault-detection-platform\datasets\wind_blade_defect_v03_recall\labels\train\v03_small_r1_hole_390.txt
small_target_recall_oversample,C:\Users\yys\Desktop\风机\wind-fault-detection-platform\datasets\wind_blade_defect_v02_improve\images\train\hole_392.jpg,C:\Users\yys\Desktop\风机\wind-fault-detection-platform\datasets\wind_blade_defect_v02_improve\labels\train\hole_392.txt,C:\Users\yys\Desktop\风机\wind-fault-detection-platform\datasets\wind_blade_defect_v03_recall\images\train\v03_small_r1_hole_392.jpg,C:\Users\yys\Desktop\风机\wind-fault-detection-platform\datasets\wind_blade_defect_v03_recall\labels\train\v03_small_r1_hole_392.txt
small_target_recall_oversample,C:\Users\yys\Desktop\风机\wind-fault-detection-platform\datasets\wind_blade_defect_v02_improve\images\train\hole_393.jpg,C:\Users\yys\Desktop\风机\wind-fault-detection-platform\datasets\wind_blade_defect_v02_improve\labels\train\hole_393.txt,C:\Users\yys\Desktop\风机\wind-fault-detection-platform\datasets\wind_blade_defect_v03_recall\images\train\v03_small_r1_hole_393.jpg,C:\Users\yys\Desktop\风机\wind-fault-detection-platform\datasets\wind_blade_defect_v03_recall\labels\train\v03_small_r1_hole_393.txt
small_target_recall_oversample,C:\Users\yys\Desktop\风机\wind-fault-detection-platform\datasets\wind_blade_defect_v02_improve\images\train\hole_394.jpg,C:\Users\yys\Desktop\风机\wind-fault-detection-platform\datasets\wind_blade_defect_v02_improve\labels\train\hole_394.txt,C:\Users\yys\Desktop\风机\wind-fault-detection-platform\datasets\wind_blade_defect_v03_recall\images\train\v03_small_r1_hole_394.jpg,C:\Users\yys\Desktop\风机\wind-fault-detection-platform\datasets\wind_blade_defect_v03_recall\labels\train\v03_small_r1_hole_394.txt
small_target_recall_oversample,C:\Users\yys\Desktop\风机\wind-fault-detection-platform\datasets\wind_blade_defect_v02_improve\images\train\hole_395.jpg,C:\Users\yys\Desktop\风机\wind-fault-detection-platform\datasets\wind_blade_defect_v02_improve\labels\train\hole_395.txt,C:\Users\yys\Desktop\风机\wind-fault-detection-platform\datasets\wind_blade_defect_v03_recall\images\train\v03_small_r1_hole_395.jpg,C:\Users\yys\Desktop\风机\wind-fault-detection-platform\datasets\wind_blade_defect_v03_recall\labels\train\v03_small_r1_hole_395.txt
small_target_recall_oversample,C:\Users\yys\Desktop\风机\wind-fault-detection-platform\datasets\wind_blade_defect_v02_improve\images\train\hole_396.jpg,C:\Users\yys\Desktop\风机\wind-fault-detection-platform\datasets\wind_blade_defect_v02_improve\labels\train\hole_396.txt,C:\Users\yys\Desktop\风机\wind-fault-detection-platform\datasets\wind_blade_defect_v03_recall\images\train\v03_small_r1_hole_396.jpg,C:\Users\yys\Desktop\风机\wind-fault-detection-platform\datasets\wind_blade_defect_v03_recall\labels\train\v03_small_r1_hole_396.txt
small_target_recall_oversample,C:\Users\yys\Desktop\风机\wind-fault-detection-platform\datasets\wind_blade_defect_v02_improve\images\train\hole_397.jpg,C:\Users\yys\Desktop\风机\wind-fault-detection-platform\datasets\wind_blade_defect_v02_improve\labels\train\hole_397.txt,C:\Users\yys\Desktop\风机\wind-fault-detection-platform\datasets\wind_blade_defect_v03_recall\images\train\v03_small_r1_hole_397.jpg,C:\Users\yys\Desktop\风机\wind-fault-detection-platform\datasets\wind_blade_defect_v03_recall\labels\train\v03_small_r1_hole_397.txt
small_target_recall_oversample,C:\Users\yys\Desktop\风机\wind-fault-detection-platform\datasets\wind_blade_defect_v02_improve\images\train\hole_398.jpg,C:\Users\yys\Desktop\风机\wind-fault-detection-platform\datasets\wind_blade_defect_v02_improve\labels\train\hole_398.txt,C:\Users\yys\Desktop\风机\wind-fault-detection-platform\datasets\wind_blade_defect_v03_recall\images\train\v03_small_r1_hole_398.jpg,C:\Users\yys\Desktop\风机\wind-fault-detection-platform\datasets\wind_blade_defect_v03_recall\labels\train\v03_small_r1_hole_398.txt
small_target_recall_oversample,C:\Users\yys\Desktop\风机\wind-fault-detection-platform\datasets\wind_blade_defect_v02_improve\images\train\hole_4.jpg,C:\Users\yys\Desktop\风机\wind-fault-detection-platform\datasets\wind_blade_defect_v02_improve\labels\train\hole_4.txt,C:\Users\yys\Desktop\风机\wind-fault-detection-platform\datasets\wind_blade_defect_v03_recall\images\train\v03_small_r1_hole_4.jpg,C:\Users\yys\Desktop\风机\wind-fault-detection-platform\datasets\wind_blade_defect_v03_recall\labels\train\v03_small_r1_hole_4.txt
small_target_recall_oversample,C:\Users\yys\Desktop\风机\wind-fault-detection-platform\datasets\wind_blade_defect_v02_improve\images\train\hole_401.jpg,C:\Users\yys\Desktop\风机\wind-fault-detection-platform\datasets\wind_blade_defect_v02_improve\labels\train\hole_401.txt,C:\Users\yys\Desktop\风机\wind-fault-detection-platform\datasets\wind_blade_defect_v03_recall\images\train\v03_small_r1_hole_401.jpg,C:\Users\yys\Desktop\风机\wind-fault-detection-platform\datasets\wind_blade_defect_v03_recall\labels\train\v03_small_r1_hole_401.txt
small_target_recall_oversample,C:\Users\yys\Desktop\风机\wind-fault-detection-platform\datasets\wind_blade_defect_v02_improve\images\train\hole_403.jpg,C:\Users\yys\Desktop\风机\wind-fault-detection-platform\datasets\wind_blade_defect_v02_improve\labels\train\hole_403.txt,C:\Users\yys\Desktop\风机\wind-fault-detection-platform\datasets\wind_blade_defect_v03_recall\images\train\v03_small_r1_hole_403.jpg,C:\Users\yys\Desktop\风机\wind-fault-detection-platform\datasets\wind_blade_defect_v03_recall\labels\train\v03_small_r1_hole_403.txt
small_target_recall_oversample,C:\Users\yys\Desktop\风机\wind-fault-detection-platform\datasets\wind_blade_defect_v02_improve\images\train\hole_404.jpg,C:\Users\yys\Desktop\风机\wind-fault-detection-platform\datasets\wind_blade_defect_v02_improve\labels\train\hole_404.txt,C:\Users\yys\Desktop\风机\wind-fault-detection-platform\datasets\wind_blade_defect_v03_recall\images\train\v03_small_r1_hole_404.jpg,C:\Users\yys\Desktop\风机\wind-fault-detection-platform\datasets\wind_blade_defect_v03_recall\labels\train\v03_small_r1_hole_404.txt
small_target_recall_oversample,C:\Users\yys\Desktop\风机\wind-fault-detection-platform\datasets\wind_blade_defect_v02_improve\images\train\hole_405.jpg,C:\Users\yys\Desktop\风机\wind-fault-detection-platform\datasets\wind_blade_defect_v02_improve\labels\train\hole_405.txt,C:\Users\yys\Desktop\风机\wind-fault-detection-platform\datasets\wind_blade_defect_v03_recall\images\train\v03_small_r1_hole_405.jpg,C:\Users\yys\Desktop\风机\wind-fault-detection-platform\datasets\wind_blade_defect_v03_recall\labels\train\v03_small_r1_hole_405.txt
small_target_recall_oversample,C:\Users\yys\Desktop\风机\wind-fault-detection-platform\datasets\wind_blade_defect_v02_improve\images\train\hole_406.jpg,C:\Users\yys\Desktop\风机\wind-fault-detection-platform\datasets\wind_blade_defect_v02_improve\labels\train\hole_406.txt,C:\Users\yys\Desktop\风机\wind-fault-detection-platform\datasets\wind_blade_defect_v03_recall\images\train\v03_small_r1_hole_406.jpg,C:\Users\yys\Desktop\风机\wind-fault-detection-platform\datasets\wind_blade_defect_v03_recall\labels\train\v03_small_r1_hole_406.txt
small_target_recall_oversample,C:\Users\yys\Desktop\风机\wind-fault-detection-platform\datasets\wind_blade_defect_v02_improve\images\train\hole_408.jpg,C:\Users\yys\Desktop\风机\wind-fault-detection-platform\datasets\wind_blade_defect_v02_improve\labels\train\hole_408.txt,C:\Users\yys\Desktop\风机\wind-fault-detection-platform\datasets\wind_blade_defect_v03_recall\images\train\v03_small_r1_hole_408.jpg,C:\Users\yys\Desktop\风机\wind-fault-detection-platform\datasets\wind_blade_defect_v03_recall\labels\train\v03_small_r1_hole_408.txt
small_target_recall_oversample,C:\Users\yys\Desktop\风机\wind-fault-detection-platform\datasets\wind_blade_defect_v02_improve\images\train\hole_410.jpg,C:\Users\yys\Desktop\风机\wind-fault-detection-platform\datasets\wind_blade_defect_v02_improve\labels\train\hole_410.txt,C:\Users\yys\Desktop\风机\wind-fault-detection-platform\datasets\wind_blade_defect_v03_recall\images\train\v03_small_r1_hole_410.jpg,C:\Users\yys\Desktop\风机\wind-fault-detection-platform\datasets\wind_blade_defect_v03_recall\labels\train\v03_small_r1_hole_410.txt
small_target_recall_oversample,C:\Users\yys\Desktop\风机\wind-fault-detection-platform\datasets\wind_blade_defect_v02_improve\images\train\hole_411.jpg,C:\Users\yys\Desktop\风机\wind-fault-detection-platform\datasets\wind_blade_defect_v02_improve\labels\train\hole_411.txt,C:\Users\yys\Desktop\风机\wind-fault-detection-platform\datasets\wind_blade_defect_v03_recall\images\train\v03_small_r1_hole_411.jpg,C:\Users\yys\Desktop\风机\wind-fault-detection-platform\datasets\wind_blade_defect_v03_recall\labels\train\v03_small_r1_hole_411.txt
small_target_recall_oversample,C:\Users\yys\Desktop\风机\wind-fault-detection-platform\datasets\wind_blade_defect_v02_improve\images\train\hole_412.jpg,C:\Users\yys\Desktop\风机\wind-fault-detection-platform\datasets\wind_blade_defect_v02_improve\labels\train\hole_412.txt,C:\Users\yys\Desktop\风机\wind-fault-detection-platform\datasets\wind_blade_defect_v03_recall\images\train\v03_small_r1_hole_412.jpg,C:\Users\yys\Desktop\风机\wind-fault-detection-platform\datasets\wind_blade_defect_v03_recall\labels\train\v03_small_r1_hole_412.txt
small_target_recall_oversample,C:\Users\yys\Desktop\风机\wind-fault-detection-platform\datasets\wind_blade_defect_v02_improve\images\train\hole_413.jpg,C:\Users\yys\Desktop\风机\wind-fault-detection-platform\datasets\wind_blade_defect_v02_improve\labels\train\hole_413.txt,C:\Users\yys\Desktop\风机\wind-fault-detection-platform\datasets\wind_blade_defect_v03_recall\images\train\v03_small_r1_hole_413.jpg,C:\Users\yys\Desktop\风机\wind-fault-detection-platform\datasets\wind_blade_defect_v03_recall\labels\train\v03_small_r1_hole_413.txt
small_target_recall_oversample,C:\Users\yys\Desktop\风机\wind-fault-detection-platform\datasets\wind_blade_defect_v02_improve\images\train\hole_414.jpg,C:\Users\yys\Desktop\风机\wind-fault-detection-platform\datasets\wind_blade_defect_v02_improve\labels\train\hole_414.txt,C:\Users\yys\Desktop\风机\wind-fault-detection-platform\datasets\wind_blade_defect_v03_recall\images\train\v03_small_r1_hole_414.jpg,C:\Users\yys\Desktop\风机\wind-fault-detection-platform\datasets\wind_blade_defect_v03_recall\labels\train\v03_small_r1_hole_414.txt
small_target_recall_oversample,C:\Users\yys\Desktop\风机\wind-fault-detection-platform\datasets\wind_blade_defect_v02_improve\images\train\hole_417.jpg,C:\Users\yys\Desktop\风机\wind-fault-detection-platform\datasets\wind_blade_defect_v02_improve\labels\train\hole_417.txt,C:\Users\yys\Desktop\风机\wind-fault-detection-platform\datasets\wind_blade_defect_v03_recall\images\train\v03_small_r1_hole_417.jpg,C:\Users\yys\Desktop\风机\wind-fault-detection-platform\datasets\wind_blade_defect_v03_recall\labels\train\v03_small_r1_hole_417.txt
small_target_recall_oversample,C:\Users\yys\Desktop\风机\wind-fault-detection-platform\datasets\wind_blade_defect_v02_improve\images\train\hole_418.jpg,C:\Users\yys\Desktop\风机\wind-fault-detection-platform\datasets\wind_blade_defect_v02_improve\labels\train\hole_418.txt,C:\Users\yys\Desktop\风机\wind-fault-detection-platform\datasets\wind_blade_defect_v03_recall\images\train\v03_small_r1_hole_418.jpg,C:\Users\yys\Desktop\风机\wind-fault-detection-platform\datasets\wind_blade_defect_v03_recall\labels\train\v03_small_r1_hole_418.txt
small_target_recall_oversample,C:\Users\yys\Desktop\风机\wind-fault-detection-platform\datasets\wind_blade_defect_v02_improve\images\train\hole_419.jpg,C:\Users\yys\Desktop\风机\wind-fault-detection-platform\datasets\wind_blade_defect_v02_improve\labels\train\hole_419.txt,C:\Users\yys\Desktop\风机\wind-fault-detection-platform\datasets\wind_blade_defect_v03_recall\images\train\v03_small_r1_hole_419.jpg,C:\Users\yys\Desktop\风机\wind-fault-detection-platform\datasets\wind_blade_defect_v03_recall\labels\train\v03_small_r1_hole_419.txt
small_target_recall_oversample,C:\Users\yys\Desktop\风机\wind-fault-detection-platform\datasets\wind_blade_defect_v02_improve\images\train\hole_42.jpg,C:\Users\yys\Desktop\风机\wind-fault-detection-platform\datasets\wind_blade_defect_v02_improve\labels\train\hole_42.txt,C:\Users\yys\Desktop\风机\wind-fault-detection-platform\datasets\wind_blade_defect_v03_recall\images\train\v03_small_r1_hole_42.jpg,C:\Users\yys\Desktop\风机\wind-fault-detection-platform\datasets\wind_blade_defect_v03_recall\labels\train\v03_small_r1_hole_42.txt
small_target_recall_oversample,C:\Users\yys\Desktop\风机\wind-fault-detection-platform\datasets\wind_blade_defect_v02_improve\images\train\hole_420.jpg,C:\Users\yys\Desktop\风机\wind-fault-detection-platform\datasets\wind_blade_defect_v02_improve\labels\train\hole_420.txt,C:\Users\yys\Desktop\风机\wind-fault-detection-platform\datasets\wind_blade_defect_v03_recall\images\train\v03_small_r1_hole_420.jpg,C:\Users\yys\Desktop\风机\wind-fault-detection-platform\datasets\wind_blade_defect_v03_recall\labels\train\v03_small_r1_hole_420.txt
small_target_recall_oversample,C:\Users\yys\Desktop\风机\wind-fault-detection-platform\datasets\wind_blade_defect_v02_improve\images\train\hole_423.jpg,C:\Users\yys\Desktop\风机\wind-fault-detection-platform\datasets\wind_blade_defect_v02_improve\labels\train\hole_423.txt,C:\Users\yys\Desktop\风机\wind-fault-detection-platform\datasets\wind_blade_defect_v03_recall\images\train\v03_small_r1_hole_423.jpg,C:\Users\yys\Desktop\风机\wind-fault-detection-platform\datasets\wind_blade_defect_v03_recall\labels\train\v03_small_r1_hole_423.txt
small_target_recall_oversample,C:\Users\yys\Desktop\风机\wind-fault-detection-platform\datasets\wind_blade_defect_v02_improve\images\train\hole_424.jpg,C:\Users\yys\Desktop\风机\wind-fault-detection-platform\datasets\wind_blade_defect_v02_improve\labels\train\hole_424.txt,C:\Users\yys\Desktop\风机\wind-fault-detection-platform\datasets\wind_blade_defect_v03_recall\images\train\v03_small_r1_hole_424.jpg,C:\Users\yys\Desktop\风机\wind-fault-detection-platform\datasets\wind_blade_defect_v03_recall\labels\train\v03_small_r1_hole_424.txt
small_target_recall_oversample,C:\Users\yys\Desktop\风机\wind-fault-detection-platform\datasets\wind_blade_defect_v02_improve\images\train\hole_425.jpg,C:\Users\yys\Desktop\风机\wind-fault-detection-platform\datasets\wind_blade_defect_v02_improve\labels\train\hole_425.txt,C:\Users\yys\Desktop\风机\wind-fault-detection-platform\datasets\wind_blade_defect_v03_recall\images\train\v03_small_r1_hole_425.jpg,C:\Users\yys\Desktop\风机\wind-fault-detection-platform\datasets\wind_blade_defect_v03_recall\labels\train\v03_small_r1_hole_425.txt
small_target_recall_oversample,C:\Users\yys\Desktop\风机\wind-fault-detection-platform\datasets\wind_blade_defect_v02_improve\images\train\hole_426.jpg,C:\Users\yys\Desktop\风机\wind-fault-detection-platform\datasets\wind_blade_defect_v02_improve\labels\train\hole_426.txt,C:\Users\yys\Desktop\风机\wind-fault-detection-platform\datasets\wind_blade_defect_v03_recall\images\train\v03_small_r1_hole_426.jpg,C:\Users\yys\Desktop\风机\wind-fault-detection-platform\datasets\wind_blade_defect_v03_recall\labels\train\v03_small_r1_hole_426.txt
small_target_recall_oversample,C:\Users\yys\Desktop\风机\wind-fault-detection-platform\datasets\wind_blade_defect_v02_improve\images\train\hole_427.jpg,C:\Users\yys\Desktop\风机\wind-fault-detection-platform\datasets\wind_blade_defect_v02_improve\labels\train\hole_427.txt,C:\Users\yys\Desktop\风机\wind-fault-detection-platform\datasets\wind_blade_defect_v03_recall\images\train\v03_small_r1_hole_427.jpg,C:\Users\yys\Desktop\风机\wind-fault-detection-platform\datasets\wind_blade_defect_v03_recall\labels\train\v03_small_r1_hole_427.txt
small_target_recall_oversample,C:\Users\yys\Desktop\风机\wind-fault-detection-platform\datasets\wind_blade_defect_v02_improve\images\train\hole_428.jpg,C:\Users\yys\Desktop\风机\wind-fault-detection-platform\datasets\wind_blade_defect_v02_improve\labels\train\hole_428.txt,C:\Users\yys\Desktop\风机\wind-fault-detection-platform\datasets\wind_blade_defect_v03_recall\images\train\v03_small_r1_hole_428.jpg,C:\Users\yys\Desktop\风机\wind-fault-detection-platform\datasets\wind_blade_defect_v03_recall\labels\train\v03_small_r1_hole_428.txt
small_target_recall_oversample,C:\Users\yys\Desktop\风机\wind-fault-detection-platform\datasets\wind_blade_defect_v02_improve\images\train\hole_429.jpg,C:\Users\yys\Desktop\风机\wind-fault-detection-platform\datasets\wind_blade_defect_v02_improve\labels\train\hole_429.txt,C:\Users\yys\Desktop\风机\wind-fault-detection-platform\datasets\wind_blade_defect_v03_recall\images\train\v03_small_r1_hole_429.jpg,C:\Users\yys\Desktop\风机\wind-fault-detection-platform\datasets\wind_blade_defect_v03_recall\labels\train\v03_small_r1_hole_429.txt
small_target_recall_oversample,C:\Users\yys\Desktop\风机\wind-fault-detection-platform\datasets\wind_blade_defect_v02_improve\images\train\hole_43.jpg,C:\Users\yys\Desktop\风机\wind-fault-detection-platform\datasets\wind_blade_defect_v02_improve\labels\train\hole_43.txt,C:\Users\yys\Desktop\风机\wind-fault-detection-platform\datasets\wind_blade_defect_v03_recall\images\train\v03_small_r1_hole_43.jpg,C:\Users\yys\Desktop\风机\wind-fault-detection-platform\datasets\wind_blade_defect_v03_recall\labels\train\v03_small_r1_hole_43.txt
small_target_recall_oversample,C:\Users\yys\Desktop\风机\wind-fault-detection-platform\datasets\wind_blade_defect_v02_improve\images\train\hole_430.jpg,C:\Users\yys\Desktop\风机\wind-fault-detection-platform\datasets\wind_blade_defect_v02_improve\labels\train\hole_430.txt,C:\Users\yys\Desktop\风机\wind-fault-detection-platform\datasets\wind_blade_defect_v03_recall\images\train\v03_small_r1_hole_430.jpg,C:\Users\yys\Desktop\风机\wind-fault-detection-platform\datasets\wind_blade_defect_v03_recall\labels\train\v03_small_r1_hole_430.txt
small_target_recall_oversample,C:\Users\yys\Desktop\风机\wind-fault-detection-platform\datasets\wind_blade_defect_v02_improve\images\train\hole_431.jpg,C:\Users\yys\Desktop\风机\wind-fault-detection-platform\datasets\wind_blade_defect_v02_improve\labels\train\hole_431.txt,C:\Users\yys\Desktop\风机\wind-fault-detection-platform\datasets\wind_blade_defect_v03_recall\images\train\v03_small_r1_hole_431.jpg,C:\Users\yys\Desktop\风机\wind-fault-detection-platform\datasets\wind_blade_defect_v03_recall\labels\train\v03_small_r1_hole_431.txt
small_target_recall_oversample,C:\Users\yys\Desktop\风机\wind-fault-detection-platform\datasets\wind_blade_defect_v02_improve\images\train\hole_433.jpg,C:\Users\yys\Desktop\风机\wind-fault-detection-platform\datasets\wind_blade_defect_v02_improve\labels\train\hole_433.txt,C:\Users\yys\Desktop\风机\wind-fault-detection-platform\datasets\wind_blade_defect_v03_recall\images\train\v03_small_r1_hole_433.jpg,C:\Users\yys\Desktop\风机\wind-fault-detection-platform\datasets\wind_blade_defect_v03_recall\labels\train\v03_small_r1_hole_433.txt
small_target_recall_oversample,C:\Users\yys\Desktop\风机\wind-fault-detection-platform\datasets\wind_blade_defect_v02_improve\images\train\hole_434.jpg,C:\Users\yys\Desktop\风机\wind-fault-detection-platform\datasets\wind_blade_defect_v02_improve\labels\train\hole_434.txt,C:\Users\yys\Desktop\风机\wind-fault-detection-platform\datasets\wind_blade_defect_v03_recall\images\train\v03_small_r1_hole_434.jpg,C:\Users\yys\Desktop\风机\wind-fault-detection-platform\datasets\wind_blade_defect_v03_recall\labels\train\v03_small_r1_hole_434.txt
small_target_recall_oversample,C:\Users\yys\Desktop\风机\wind-fault-detection-platform\datasets\wind_blade_defect_v02_improve\images\train\hole_435.jpg,C:\Users\yys\Desktop\风机\wind-fault-detection-platform\datasets\wind_blade_defect_v02_improve\labels\train\hole_435.txt,C:\Users\yys\Desktop\风机\wind-fault-detection-platform\datasets\wind_blade_defect_v03_recall\images\train\v03_small_r1_hole_435.jpg,C:\Users\yys\Desktop\风机\wind-fault-detection-platform\datasets\wind_blade_defect_v03_recall\labels\train\v03_small_r1_hole_435.txt
small_target_recall_oversample,C:\Users\yys\Desktop\风机\wind-fault-detection-platform\datasets\wind_blade_defect_v02_improve\images\train\hole_436.jpg,C:\Users\yys\Desktop\风机\wind-fault-detection-platform\datasets\wind_blade_defect_v02_improve\labels\train\hole_436.txt,C:\Users\yys\Desktop\风机\wind-fault-detection-platform\datasets\wind_blade_defect_v03_recall\images\train\v03_small_r1_hole_436.jpg,C:\Users\yys\Desktop\风机\wind-fault-detection-platform\datasets\wind_blade_defect_v03_recall\labels\train\v03_small_r1_hole_436.txt
small_target_recall_oversample,C:\Users\yys\Desktop\风机\wind-fault-detection-platform\datasets\wind_blade_defect_v02_improve\images\train\hole_439.jpg,C:\Users\yys\Desktop\风机\wind-fault-detection-platform\datasets\wind_blade_defect_v02_improve\labels\train\hole_439.txt,C:\Users\yys\Desktop\风机\wind-fault-detection-platform\datasets\wind_blade_defect_v03_recall\images\train\v03_small_r1_hole_439.jpg,C:\Users\yys\Desktop\风机\wind-fault-detection-platform\datasets\wind_blade_defect_v03_recall\labels\train\v03_small_r1_hole_439.txt
small_target_recall_oversample,C:\Users\yys\Desktop\风机\wind-fault-detection-platform\datasets\wind_blade_defect_v02_improve\images\train\hole_440.jpg,C:\Users\yys\Desktop\风机\wind-fault-detection-platform\datasets\wind_blade_defect_v02_improve\labels\train\hole_440.txt,C:\Users\yys\Desktop\风机\wind-fault-detection-platform\datasets\wind_blade_defect_v03_recall\images\train\v03_small_r1_hole_440.jpg,C:\Users\yys\Desktop\风机\wind-fault-detection-platform\datasets\wind_blade_defect_v03_recall\labels\train\v03_small_r1_hole_440.txt
small_target_recall_oversample,C:\Users\yys\Desktop\风机\wind-fault-detection-platform\datasets\wind_blade_defect_v02_improve\images\train\hole_441.jpg,C:\Users\yys\Desktop\风机\wind-fault-detection-platform\datasets\wind_blade_defect_v02_improve\labels\train\hole_441.txt,C:\Users\yys\Desktop\风机\wind-fault-detection-platform\datasets\wind_blade_defect_v03_recall\images\train\v03_small_r1_hole_441.jpg,C:\Users\yys\Desktop\风机\wind-fault-detection-platform\datasets\wind_blade_defect_v03_recall\labels\train\v03_small_r1_hole_441.txt
small_target_recall_oversample,C:\Users\yys\Desktop\风机\wind-fault-detection-platform\datasets\wind_blade_defect_v02_improve\images\train\hole_443.jpg,C:\Users\yys\Desktop\风机\wind-fault-detection-platform\datasets\wind_blade_defect_v02_improve\labels\train\hole_443.txt,C:\Users\yys\Desktop\风机\wind-fault-detection-platform\datasets\wind_blade_defect_v03_recall\images\train\v03_small_r1_hole_443.jpg,C:\Users\yys\Desktop\风机\wind-fault-detection-platform\datasets\wind_blade_defect_v03_recall\labels\train\v03_small_r1_hole_443.txt
small_target_recall_oversample,C:\Users\yys\Desktop\风机\wind-fault-detection-platform\datasets\wind_blade_defect_v02_improve\images\train\hole_444.jpg,C:\Users\yys\Desktop\风机\wind-fault-detection-platform\datasets\wind_blade_defect_v02_improve\labels\train\hole_444.txt,C:\Users\yys\Desktop\风机\wind-fault-detection-platform\datasets\wind_blade_defect_v03_recall\images\train\v03_small_r1_hole_444.jpg,C:\Users\yys\Desktop\风机\wind-fault-detection-platform\datasets\wind_blade_defect_v03_recall\labels\train\v03_small_r1_hole_444.txt
small_target_recall_oversample,C:\Users\yys\Desktop\风机\wind-fault-detection-platform\datasets\wind_blade_defect_v02_improve\images\train\hole_446.jpg,C:\Users\yys\Desktop\风机\wind-fault-detection-platform\datasets\wind_blade_defect_v02_improve\labels\train\hole_446.txt,C:\Users\yys\Desktop\风机\wind-fault-detection-platform\datasets\wind_blade_defect_v03_recall\images\train\v03_small_r1_hole_446.jpg,C:\Users\yys\Desktop\风机\wind-fault-detection-platform\datasets\wind_blade_defect_v03_recall\labels\train\v03_small_r1_hole_446.txt
small_target_recall_oversample,C:\Users\yys\Desktop\风机\wind-fault-detection-platform\datasets\wind_blade_defect_v02_improve\images\train\hole_448.jpg,C:\Users\yys\Desktop\风机\wind-fault-detection-platform\datasets\wind_blade_defect_v02_improve\labels\train\hole_448.txt,C:\Users\yys\Desktop\风机\wind-fault-detection-platform\datasets\wind_blade_defect_v03_recall\images\train\v03_small_r1_hole_448.jpg,C:\Users\yys\Desktop\风机\wind-fault-detection-platform\datasets\wind_blade_defect_v03_recall\labels\train\v03_small_r1_hole_448.txt
small_target_recall_oversample,C:\Users\yys\Desktop\风机\wind-fault-detection-platform\datasets\wind_blade_defect_v02_improve\images\train\hole_449.jpg,C:\Users\yys\Desktop\风机\wind-fault-detection-platform\datasets\wind_blade_defect_v02_improve\labels\train\hole_449.txt,C:\Users\yys\Desktop\风机\wind-fault-detection-platform\datasets\wind_blade_defect_v03_recall\images\train\v03_small_r1_hole_449.jpg,C:\Users\yys\Desktop\风机\wind-fault-detection-platform\datasets\wind_blade_defect_v03_recall\labels\train\v03_small_r1_hole_449.txt
small_target_recall_oversample,C:\Users\yys\Desktop\风机\wind-fault-detection-platform\datasets\wind_blade_defect_v02_improve\images\train\hole_451.jpg,C:\Users\yys\Desktop\风机\wind-fault-detection-platform\datasets\wind_blade_defect_v02_improve\labels\train\hole_451.txt,C:\Users\yys\Desktop\风机\wind-fault-detection-platform\datasets\wind_blade_defect_v03_recall\images\train\v03_small_r1_hole_451.jpg,C:\Users\yys\Desktop\风机\wind-fault-detection-platform\datasets\wind_blade_defect_v03_recall\labels\train\v03_small_r1_hole_451.txt
small_target_recall_oversample,C:\Users\yys\Desktop\风机\wind-fault-detection-platform\datasets\wind_blade_defect_v02_improve\images\train\hole_452.jpg,C:\Users\yys\Desktop\风机\wind-fault-detection-platform\datasets\wind_blade_defect_v02_improve\labels\train\hole_452.txt,C:\Users\yys\Desktop\风机\wind-fault-detection-platform\datasets\wind_blade_defect_v03_recall\images\train\v03_small_r1_hole_452.jpg,C:\Users\yys\Desktop\风机\wind-fault-detection-platform\datasets\wind_blade_defect_v03_recall\labels\train\v03_small_r1_hole_452.txt
small_target_recall_oversample,C:\Users\yys\Desktop\风机\wind-fault-detection-platform\datasets\wind_blade_defect_v02_improve\images\train\hole_453.jpg,C:\Users\yys\Desktop\风机\wind-fault-detection-platform\datasets\wind_blade_defect_v02_improve\labels\train\hole_453.txt,C:\Users\yys\Desktop\风机\wind-fault-detection-platform\datasets\wind_blade_defect_v03_recall\images\train\v03_small_r1_hole_453.jpg,C:\Users\yys\Desktop\风机\wind-fault-detection-platform\datasets\wind_blade_defect_v03_recall\labels\train\v03_small_r1_hole_453.txt
small_target_recall_oversample,C:\Users\yys\Desktop\风机\wind-fault-detection-platform\datasets\wind_blade_defect_v02_improve\images\train\hole_455.jpg,C:\Users\yys\Desktop\风机\wind-fault-detection-platform\datasets\wind_blade_defect_v02_improve\labels\train\hole_455.txt,C:\Users\yys\Desktop\风机\wind-fault-detection-platform\datasets\wind_blade_defect_v03_recall\images\train\v03_small_r1_hole_455.jpg,C:\Users\yys\Desktop\风机\wind-fault-detection-platform\datasets\wind_blade_defect_v03_recall\labels\train\v03_small_r1_hole_455.txt
small_target_recall_oversample,C:\Users\yys\Desktop\风机\wind-fault-detection-platform\datasets\wind_blade_defect_v02_improve\images\train\hole_458.jpg,C:\Users\yys\Desktop\风机\wind-fault-detection-platform\datasets\wind_blade_defect_v02_improve\labels\train\hole_458.txt,C:\Users\yys\Desktop\风机\wind-fault-detection-platform\datasets\wind_blade_defect_v03_recall\images\train\v03_small_r1_hole_458.jpg,C:\Users\yys\Desktop\风机\wind-fault-detection-platform\datasets\wind_blade_defect_v03_recall\labels\train\v03_small_r1_hole_458.txt
small_target_recall_oversample,C:\Users\yys\Desktop\风机\wind-fault-detection-platform\datasets\wind_blade_defect_v02_improve\images\train\hole_459.jpg,C:\Users\yys\Desktop\风机\wind-fault-detection-platform\datasets\wind_blade_defect_v02_improve\labels\train\hole_459.txt,C:\Users\yys\Desktop\风机\wind-fault-detection-platform\datasets\wind_blade_defect_v03_recall\images\train\v03_small_r1_hole_459.jpg,C:\Users\yys\Desktop\风机\wind-fault-detection-platform\datasets\wind_blade_defect_v03_recall\labels\train\v03_small_r1_hole_459.txt
small_target_recall_oversample,C:\Users\yys\Desktop\风机\wind-fault-detection-platform\datasets\wind_blade_defect_v02_improve\images\train\hole_460.jpg,C:\Users\yys\Desktop\风机\wind-fault-detection-platform\datasets\wind_blade_defect_v02_improve\labels\train\hole_460.txt,C:\Users\yys\Desktop\风机\wind-fault-detection-platform\datasets\wind_blade_defect_v03_recall\images\train\v03_small_r1_hole_460.jpg,C:\Users\yys\Desktop\风机\wind-fault-detection-platform\datasets\wind_blade_defect_v03_recall\labels\train\v03_small_r1_hole_460.txt
small_target_recall_oversample,C:\Users\yys\Desktop\风机\wind-fault-detection-platform\datasets\wind_blade_defect_v02_improve\images\train\hole_462.jpg,C:\Users\yys\Desktop\风机\wind-fault-detection-platform\datasets\wind_blade_defect_v02_improve\labels\train\hole_462.txt,C:\Users\yys\Desktop\风机\wind-fault-detection-platform\datasets\wind_blade_defect_v03_recall\images\train\v03_small_r1_hole_462.jpg,C:\Users\yys\Desktop\风机\wind-fault-detection-platform\datasets\wind_blade_defect_v03_recall\labels\train\v03_small_r1_hole_462.txt
small_target_recall_oversample,C:\Users\yys\Desktop\风机\wind-fault-detection-platform\datasets\wind_blade_defect_v02_improve\images\train\hole_463.jpg,C:\Users\yys\Desktop\风机\wind-fault-detection-platform\datasets\wind_blade_defect_v02_improve\labels\train\hole_463.txt,C:\Users\yys\Desktop\风机\wind-fault-detection-platform\datasets\wind_blade_defect_v03_recall\images\train\v03_small_r1_hole_463.jpg,C:\Users\yys\Desktop\风机\wind-fault-detection-platform\datasets\wind_blade_defect_v03_recall\labels\train\v03_small_r1_hole_463.txt
small_target_recall_oversample,C:\Users\yys\Desktop\风机\wind-fault-detection-platform\datasets\wind_blade_defect_v02_improve\images\train\hole_466.jpg,C:\Users\yys\Desktop\风机\wind-fault-detection-platform\datasets\wind_blade_defect_v02_improve\labels\train\hole_466.txt,C:\Users\yys\Desktop\风机\wind-fault-detection-platform\datasets\wind_blade_defect_v03_recall\images\train\v03_small_r1_hole_466.jpg,C:\Users\yys\Desktop\风机\wind-fault-detection-platform\datasets\wind_blade_defect_v03_recall\labels\train\v03_small_r1_hole_466.txt
small_target_recall_oversample,C:\Users\yys\Desktop\风机\wind-fault-detection-platform\datasets\wind_blade_defect_v02_improve\images\train\hole_467.jpg,C:\Users\yys\Desktop\风机\wind-fault-detection-platform\datasets\wind_blade_defect_v02_improve\labels\train\hole_467.txt,C:\Users\yys\Desktop\风机\wind-fault-detection-platform\datasets\wind_blade_defect_v03_recall\images\train\v03_small_r1_hole_467.jpg,C:\Users\yys\Desktop\风机\wind-fault-detection-platform\datasets\wind_blade_defect_v03_recall\labels\train\v03_small_r1_hole_467.txt
small_target_recall_oversample,C:\Users\yys\Desktop\风机\wind-fault-detection-platform\datasets\wind_blade_defect_v02_improve\images\train\hole_468.jpg,C:\Users\yys\Desktop\风机\wind-fault-detection-platform\datasets\wind_blade_defect_v02_improve\labels\train\hole_468.txt,C:\Users\yys\Desktop\风机\wind-fault-detection-platform\datasets\wind_blade_defect_v03_recall\images\train\v03_small_r1_hole_468.jpg,C:\Users\yys\Desktop\风机\wind-fault-detection-platform\datasets\wind_blade_defect_v03_recall\labels\train\v03_small_r1_hole_468.txt
small_target_recall_oversample,C:\Users\yys\Desktop\风机\wind-fault-detection-platform\datasets\wind_blade_defect_v02_improve\images\train\hole_469.jpg,C:\Users\yys\Desktop\风机\wind-fault-detection-platform\datasets\wind_blade_defect_v02_improve\labels\train\hole_469.txt,C:\Users\yys\Desktop\风机\wind-fault-detection-platform\datasets\wind_blade_defect_v03_recall\images\train\v03_small_r1_hole_469.jpg,C:\Users\yys\Desktop\风机\wind-fault-detection-platform\datasets\wind_blade_defect_v03_recall\labels\train\v03_small_r1_hole_469.txt
small_target_recall_oversample,C:\Users\yys\Desktop\风机\wind-fault-detection-platform\datasets\wind_blade_defect_v02_improve\images\train\hole_472.jpg,C:\Users\yys\Desktop\风机\wind-fault-detection-platform\datasets\wind_blade_defect_v02_improve\labels\train\hole_472.txt,C:\Users\yys\Desktop\风机\wind-fault-detection-platform\datasets\wind_blade_defect_v03_recall\images\train\v03_small_r1_hole_472.jpg,C:\Users\yys\Desktop\风机\wind-fault-detection-platform\datasets\wind_blade_defect_v03_recall\labels\train\v03_small_r1_hole_472.txt
small_target_recall_oversample,C:\Users\yys\Desktop\风机\wind-fault-detection-platform\datasets\wind_blade_defect_v02_improve\images\train\hole_473.jpg,C:\Users\yys\Desktop\风机\wind-fault-detection-platform\datasets\wind_blade_defect_v02_improve\labels\train\hole_473.txt,C:\Users\yys\Desktop\风机\wind-fault-detection-platform\datasets\wind_blade_defect_v03_recall\images\train\v03_small_r1_hole_473.jpg,C:\Users\yys\Desktop\风机\wind-fault-detection-platform\datasets\wind_blade_defect_v03_recall\labels\train\v03_small_r1_hole_473.txt
small_target_recall_oversample,C:\Users\yys\Desktop\风机\wind-fault-detection-platform\datasets\wind_blade_defect_v02_improve\images\train\hole_474.jpg,C:\Users\yys\Desktop\风机\wind-fault-detection-platform\datasets\wind_blade_defect_v02_improve\labels\train\hole_474.txt,C:\Users\yys\Desktop\风机\wind-fault-detection-platform\datasets\wind_blade_defect_v03_recall\images\train\v03_small_r1_hole_474.jpg,C:\Users\yys\Desktop\风机\wind-fault-detection-platform\datasets\wind_blade_defect_v03_recall\labels\train\v03_small_r1_hole_474.txt
small_target_recall_oversample,C:\Users\yys\Desktop\风机\wind-fault-detection-platform\datasets\wind_blade_defect_v02_improve\images\train\hole_475.jpg,C:\Users\yys\Desktop\风机\wind-fault-detection-platform\datasets\wind_blade_defect_v02_improve\labels\train\hole_475.txt,C:\Users\yys\Desktop\风机\wind-fault-detection-platform\datasets\wind_blade_defect_v03_recall\images\train\v03_small_r1_hole_475.jpg,C:\Users\yys\Desktop\风机\wind-fault-detection-platform\datasets\wind_blade_defect_v03_recall\labels\train\v03_small_r1_hole_475.txt
small_target_recall_oversample,C:\Users\yys\Desktop\风机\wind-fault-detection-platform\datasets\wind_blade_defect_v02_improve\images\train\hole_477.jpg,C:\Users\yys\Desktop\风机\wind-fault-detection-platform\datasets\wind_blade_defect_v02_improve\labels\train\hole_477.txt,C:\Users\yys\Desktop\风机\wind-fault-detection-platform\datasets\wind_blade_defect_v03_recall\images\train\v03_small_r1_hole_477.jpg,C:\Users\yys\Desktop\风机\wind-fault-detection-platform\datasets\wind_blade_defect_v03_recall\labels\train\v03_small_r1_hole_477.txt
small_target_recall_oversample,C:\Users\yys\Desktop\风机\wind-fault-detection-platform\datasets\wind_blade_defect_v02_improve\images\train\hole_478.jpg,C:\Users\yys\Desktop\风机\wind-fault-detection-platform\datasets\wind_blade_defect_v02_improve\labels\train\hole_478.txt,C:\Users\yys\Desktop\风机\wind-fault-detection-platform\datasets\wind_blade_defect_v03_recall\images\train\v03_small_r1_hole_478.jpg,C:\Users\yys\Desktop\风机\wind-fault-detection-platform\datasets\wind_blade_defect_v03_recall\labels\train\v03_small_r1_hole_478.txt
small_target_recall_oversample,C:\Users\yys\Desktop\风机\wind-fault-detection-platform\datasets\wind_blade_defect_v02_improve\images\train\hole_48.jpg,C:\Users\yys\Desktop\风机\wind-fault-detection-platform\datasets\wind_blade_defect_v02_improve\labels\train\hole_48.txt,C:\Users\yys\Desktop\风机\wind-fault-detection-platform\datasets\wind_blade_defect_v03_recall\images\train\v03_small_r1_hole_48.jpg,C:\Users\yys\Desktop\风机\wind-fault-detection-platform\datasets\wind_blade_defect_v03_recall\labels\train\v03_small_r1_hole_48.txt
small_target_recall_oversample,C:\Users\yys\Desktop\风机\wind-fault-detection-platform\datasets\wind_blade_defect_v02_improve\images\train\hole_480.jpg,C:\Users\yys\Desktop\风机\wind-fault-detection-platform\datasets\wind_blade_defect_v02_improve\labels\train\hole_480.txt,C:\Users\yys\Desktop\风机\wind-fault-detection-platform\datasets\wind_blade_defect_v03_recall\images\train\v03_small_r1_hole_480.jpg,C:\Users\yys\Desktop\风机\wind-fault-detection-platform\datasets\wind_blade_defect_v03_recall\labels\train\v03_small_r1_hole_480.txt
small_target_recall_oversample,C:\Users\yys\Desktop\风机\wind-fault-detection-platform\datasets\wind_blade_defect_v02_improve\images\train\hole_481.jpg,C:\Users\yys\Desktop\风机\wind-fault-detection-platform\datasets\wind_blade_defect_v02_improve\labels\train\hole_481.txt,C:\Users\yys\Desktop\风机\wind-fault-detection-platform\datasets\wind_blade_defect_v03_recall\images\train\v03_small_r1_hole_481.jpg,C:\Users\yys\Desktop\风机\wind-fault-detection-platform\datasets\wind_blade_defect_v03_recall\labels\train\v03_small_r1_hole_481.txt
small_target_recall_oversample,C:\Users\yys\Desktop\风机\wind-fault-detection-platform\datasets\wind_blade_defect_v02_improve\images\train\hole_482.jpg,C:\Users\yys\Desktop\风机\wind-fault-detection-platform\datasets\wind_blade_defect_v02_improve\labels\train\hole_482.txt,C:\Users\yys\Desktop\风机\wind-fault-detection-platform\datasets\wind_blade_defect_v03_recall\images\train\v03_small_r1_hole_482.jpg,C:\Users\yys\Desktop\风机\wind-fault-detection-platform\datasets\wind_blade_defect_v03_recall\labels\train\v03_small_r1_hole_482.txt
small_target_recall_oversample,C:\Users\yys\Desktop\风机\wind-fault-detection-platform\datasets\wind_blade_defect_v02_improve\images\train\hole_484.jpg,C:\Users\yys\Desktop\风机\wind-fault-detection-platform\datasets\wind_blade_defect_v02_improve\labels\train\hole_484.txt,C:\Users\yys\Desktop\风机\wind-fault-detection-platform\datasets\wind_blade_defect_v03_recall\images\train\v03_small_r1_hole_484.jpg,C:\Users\yys\Desktop\风机\wind-fault-detection-platform\datasets\wind_blade_defect_v03_recall\labels\train\v03_small_r1_hole_484.txt
small_target_recall_oversample,C:\Users\yys\Desktop\风机\wind-fault-detection-platform\datasets\wind_blade_defect_v02_improve\images\train\hole_485.jpg,C:\Users\yys\Desktop\风机\wind-fault-detection-platform\datasets\wind_blade_defect_v02_improve\labels\train\hole_485.txt,C:\Users\yys\Desktop\风机\wind-fault-detection-platform\datasets\wind_blade_defect_v03_recall\images\train\v03_small_r1_hole_485.jpg,C:\Users\yys\Desktop\风机\wind-fault-detection-platform\datasets\wind_blade_defect_v03_recall\labels\train\v03_small_r1_hole_485.txt
small_target_recall_oversample,C:\Users\yys\Desktop\风机\wind-fault-detection-platform\datasets\wind_blade_defect_v02_improve\images\train\hole_486.jpg,C:\Users\yys\Desktop\风机\wind-fault-detection-platform\datasets\wind_blade_defect_v02_improve\labels\train\hole_486.txt,C:\Users\yys\Desktop\风机\wind-fault-detection-platform\datasets\wind_blade_defect_v03_recall\images\train\v03_small_r1_hole_486.jpg,C:\Users\yys\Desktop\风机\wind-fault-detection-platform\datasets\wind_blade_defect_v03_recall\labels\train\v03_small_r1_hole_486.txt
small_target_recall_oversample,C:\Users\yys\Desktop\风机\wind-fault-detection-platform\datasets\wind_blade_defect_v02_improve\images\train\hole_487.jpg,C:\Users\yys\Desktop\风机\wind-fault-detection-platform\datasets\wind_blade_defect_v02_improve\labels\train\hole_487.txt,C:\Users\yys\Desktop\风机\wind-fault-detection-platform\datasets\wind_blade_defect_v03_recall\images\train\v03_small_r1_hole_487.jpg,C:\Users\yys\Desktop\风机\wind-fault-detection-platform\datasets\wind_blade_defect_v03_recall\labels\train\v03_small_r1_hole_487.txt
small_target_recall_oversample,C:\Users\yys\Desktop\风机\wind-fault-detection-platform\datasets\wind_blade_defect_v02_improve\images\train\hole_490.jpg,C:\Users\yys\Desktop\风机\wind-fault-detection-platform\datasets\wind_blade_defect_v02_improve\labels\train\hole_490.txt,C:\Users\yys\Desktop\风机\wind-fault-detection-platform\datasets\wind_blade_defect_v03_recall\images\train\v03_small_r1_hole_490.jpg,C:\Users\yys\Desktop\风机\wind-fault-detection-platform\datasets\wind_blade_defect_v03_recall\labels\train\v03_small_r1_hole_490.txt
small_target_recall_oversample,C:\Users\yys\Desktop\风机\wind-fault-detection-platform\datasets\wind_blade_defect_v02_improve\images\train\hole_491.jpg,C:\Users\yys\Desktop\风机\wind-fault-detection-platform\datasets\wind_blade_defect_v02_improve\labels\train\hole_491.txt,C:\Users\yys\Desktop\风机\wind-fault-detection-platform\datasets\wind_blade_defect_v03_recall\images\train\v03_small_r1_hole_491.jpg,C:\Users\yys\Desktop\风机\wind-fault-detection-platform\datasets\wind_blade_defect_v03_recall\labels\train\v03_small_r1_hole_491.txt
small_target_recall_oversample,C:\Users\yys\Desktop\风机\wind-fault-detection-platform\datasets\wind_blade_defect_v02_improve\images\train\hole_492.jpg,C:\Users\yys\Desktop\风机\wind-fault-detection-platform\datasets\wind_blade_defect_v02_improve\labels\train\hole_492.txt,C:\Users\yys\Desktop\风机\wind-fault-detection-platform\datasets\wind_blade_defect_v03_recall\images\train\v03_small_r1_hole_492.jpg,C:\Users\yys\Desktop\风机\wind-fault-detection-platform\datasets\wind_blade_defect_v03_recall\labels\train\v03_small_r1_hole_492.txt
small_target_recall_oversample,C:\Users\yys\Desktop\风机\wind-fault-detection-platform\datasets\wind_blade_defect_v02_improve\images\train\hole_494.jpg,C:\Users\yys\Desktop\风机\wind-fault-detection-platform\datasets\wind_blade_defect_v02_improve\labels\train\hole_494.txt,C:\Users\yys\Desktop\风机\wind-fault-detection-platform\datasets\wind_blade_defect_v03_recall\images\train\v03_small_r1_hole_494.jpg,C:\Users\yys\Desktop\风机\wind-fault-detection-platform\datasets\wind_blade_defect_v03_recall\labels\train\v03_small_r1_hole_494.txt
small_target_recall_oversample,C:\Users\yys\Desktop\风机\wind-fault-detection-platform\datasets\wind_blade_defect_v02_improve\images\train\hole_497.jpg,C:\Users\yys\Desktop\风机\wind-fault-detection-platform\datasets\wind_blade_defect_v02_improve\labels\train\hole_497.txt,C:\Users\yys\Desktop\风机\wind-fault-detection-platform\datasets\wind_blade_defect_v03_recall\images\train\v03_small_r1_hole_497.jpg,C:\Users\yys\Desktop\风机\wind-fault-detection-platform\datasets\wind_blade_defect_v03_recall\labels\train\v03_small_r1_hole_497.txt
small_target_recall_oversample,C:\Users\yys\Desktop\风机\wind-fault-detection-platform\datasets\wind_blade_defect_v02_improve\images\train\hole_498.jpg,C:\Users\yys\Desktop\风机\wind-fault-detection-platform\datasets\wind_blade_defect_v02_improve\labels\train\hole_498.txt,C:\Users\yys\Desktop\风机\wind-fault-detection-platform\datasets\wind_blade_defect_v03_recall\images\train\v03_small_r1_hole_498.jpg,C:\Users\yys\Desktop\风机\wind-fault-detection-platform\datasets\wind_blade_defect_v03_recall\labels\train\v03_small_r1_hole_498.txt
small_target_recall_oversample,C:\Users\yys\Desktop\风机\wind-fault-detection-platform\datasets\wind_blade_defect_v02_improve\images\train\hole_499.jpg,C:\Users\yys\Desktop\风机\wind-fault-detection-platform\datasets\wind_blade_defect_v02_improve\labels\train\hole_499.txt,C:\Users\yys\Desktop\风机\wind-fault-detection-platform\datasets\wind_blade_defect_v03_recall\images\train\v03_small_r1_hole_499.jpg,C:\Users\yys\Desktop\风机\wind-fault-detection-platform\datasets\wind_blade_defect_v03_recall\labels\train\v03_small_r1_hole_499.txt
small_target_recall_oversample,C:\Users\yys\Desktop\风机\wind-fault-detection-platform\datasets\wind_blade_defect_v02_improve\images\train\hole_5.jpg,C:\Users\yys\Desktop\风机\wind-fault-detection-platform\datasets\wind_blade_defect_v02_improve\labels\train\hole_5.txt,C:\Users\yys\Desktop\风机\wind-fault-detection-platform\datasets\wind_blade_defect_v03_recall\images\train\v03_small_r1_hole_5.jpg,C:\Users\yys\Desktop\风机\wind-fault-detection-platform\datasets\wind_blade_defect_v03_recall\labels\train\v03_small_r1_hole_5.txt
small_target_recall_oversample,C:\Users\yys\Desktop\风机\wind-fault-detection-platform\datasets\wind_blade_defect_v02_improve\images\train\hole_50.jpg,C:\Users\yys\Desktop\风机\wind-fault-detection-platform\datasets\wind_blade_defect_v02_improve\labels\train\hole_50.txt,C:\Users\yys\Desktop\风机\wind-fault-detection-platform\datasets\wind_blade_defect_v03_recall\images\train\v03_small_r1_hole_50.jpg,C:\Users\yys\Desktop\风机\wind-fault-detection-platform\datasets\wind_blade_defect_v03_recall\labels\train\v03_small_r1_hole_50.txt
small_target_recall_oversample,C:\Users\yys\Desktop\风机\wind-fault-detection-platform\datasets\wind_blade_defect_v02_improve\images\train\hole_502.jpg,C:\Users\yys\Desktop\风机\wind-fault-detection-platform\datasets\wind_blade_defect_v02_improve\labels\train\hole_502.txt,C:\Users\yys\Desktop\风机\wind-fault-detection-platform\datasets\wind_blade_defect_v03_recall\images\train\v03_small_r1_hole_502.jpg,C:\Users\yys\Desktop\风机\wind-fault-detection-platform\datasets\wind_blade_defect_v03_recall\labels\train\v03_small_r1_hole_502.txt
small_target_recall_oversample,C:\Users\yys\Desktop\风机\wind-fault-detection-platform\datasets\wind_blade_defect_v02_improve\images\train\hole_503.jpg,C:\Users\yys\Desktop\风机\wind-fault-detection-platform\datasets\wind_blade_defect_v02_improve\labels\train\hole_503.txt,C:\Users\yys\Desktop\风机\wind-fault-detection-platform\datasets\wind_blade_defect_v03_recall\images\train\v03_small_r1_hole_503.jpg,C:\Users\yys\Desktop\风机\wind-fault-detection-platform\datasets\wind_blade_defect_v03_recall\labels\train\v03_small_r1_hole_503.txt
small_target_recall_oversample,C:\Users\yys\Desktop\风机\wind-fault-detection-platform\datasets\wind_blade_defect_v02_improve\images\train\hole_505.jpg,C:\Users\yys\Desktop\风机\wind-fault-detection-platform\datasets\wind_blade_defect_v02_improve\labels\train\hole_505.txt,C:\Users\yys\Desktop\风机\wind-fault-detection-platform\datasets\wind_blade_defect_v03_recall\images\train\v03_small_r1_hole_505.jpg,C:\Users\yys\Desktop\风机\wind-fault-detection-platform\datasets\wind_blade_defect_v03_recall\labels\train\v03_small_r1_hole_505.txt
small_target_recall_oversample,C:\Users\yys\Desktop\风机\wind-fault-detection-platform\datasets\wind_blade_defect_v02_improve\images\train\hole_507.jpg,C:\Users\yys\Desktop\风机\wind-fault-detection-platform\datasets\wind_blade_defect_v02_improve\labels\train\hole_507.txt,C:\Users\yys\Desktop\风机\wind-fault-detection-platform\datasets\wind_blade_defect_v03_recall\images\train\v03_small_r1_hole_507.jpg,C:\Users\yys\Desktop\风机\wind-fault-detection-platform\datasets\wind_blade_defect_v03_recall\labels\train\v03_small_r1_hole_507.txt
small_target_recall_oversample,C:\Users\yys\Desktop\风机\wind-fault-detection-platform\datasets\wind_blade_defect_v02_improve\images\train\hole_508.jpg,C:\Users\yys\Desktop\风机\wind-fault-detection-platform\datasets\wind_blade_defect_v02_improve\labels\train\hole_508.txt,C:\Users\yys\Desktop\风机\wind-fault-detection-platform\datasets\wind_blade_defect_v03_recall\images\train\v03_small_r1_hole_508.jpg,C:\Users\yys\Desktop\风机\wind-fault-detection-platform\datasets\wind_blade_defect_v03_recall\labels\train\v03_small_r1_hole_508.txt
small_target_recall_oversample,C:\Users\yys\Desktop\风机\wind-fault-detection-platform\datasets\wind_blade_defect_v02_improve\images\train\hole_509.jpg,C:\Users\yys\Desktop\风机\wind-fault-detection-platform\datasets\wind_blade_defect_v02_improve\labels\train\hole_509.txt,C:\Users\yys\Desktop\风机\wind-fault-detection-platform\datasets\wind_blade_defect_v03_recall\images\train\v03_small_r1_hole_509.jpg,C:\Users\yys\Desktop\风机\wind-fault-detection-platform\datasets\wind_blade_defect_v03_recall\labels\train\v03_small_r1_hole_509.txt
small_target_recall_oversample,C:\Users\yys\Desktop\风机\wind-fault-detection-platform\datasets\wind_blade_defect_v02_improve\images\train\hole_510.jpg,C:\Users\yys\Desktop\风机\wind-fault-detection-platform\datasets\wind_blade_defect_v02_improve\labels\train\hole_510.txt,C:\Users\yys\Desktop\风机\wind-fault-detection-platform\datasets\wind_blade_defect_v03_recall\images\train\v03_small_r1_hole_510.jpg,C:\Users\yys\Desktop\风机\wind-fault-detection-platform\datasets\wind_blade_defect_v03_recall\labels\train\v03_small_r1_hole_510.txt
small_target_recall_oversample,C:\Users\yys\Desktop\风机\wind-fault-detection-platform\datasets\wind_blade_defect_v02_improve\images\train\hole_511.jpg,C:\Users\yys\Desktop\风机\wind-fault-detection-platform\datasets\wind_blade_defect_v02_improve\labels\train\hole_511.txt,C:\Users\yys\Desktop\风机\wind-fault-detection-platform\datasets\wind_blade_defect_v03_recall\images\train\v03_small_r1_hole_511.jpg,C:\Users\yys\Desktop\风机\wind-fault-detection-platform\datasets\wind_blade_defect_v03_recall\labels\train\v03_small_r1_hole_511.txt
small_target_recall_oversample,C:\Users\yys\Desktop\风机\wind-fault-detection-platform\datasets\wind_blade_defect_v02_improve\images\train\hole_513.jpg,C:\Users\yys\Desktop\风机\wind-fault-detection-platform\datasets\wind_blade_defect_v02_improve\labels\train\hole_513.txt,C:\Users\yys\Desktop\风机\wind-fault-detection-platform\datasets\wind_blade_defect_v03_recall\images\train\v03_small_r1_hole_513.jpg,C:\Users\yys\Desktop\风机\wind-fault-detection-platform\datasets\wind_blade_defect_v03_recall\labels\train\v03_small_r1_hole_513.txt
small_target_recall_oversample,C:\Users\yys\Desktop\风机\wind-fault-detection-platform\datasets\wind_blade_defect_v02_improve\images\train\hole_515.jpg,C:\Users\yys\Desktop\风机\wind-fault-detection-platform\datasets\wind_blade_defect_v02_improve\labels\train\hole_515.txt,C:\Users\yys\Desktop\风机\wind-fault-detection-platform\datasets\wind_blade_defect_v03_recall\images\train\v03_small_r1_hole_515.jpg,C:\Users\yys\Desktop\风机\wind-fault-detection-platform\datasets\wind_blade_defect_v03_recall\labels\train\v03_small_r1_hole_515.txt
small_target_recall_oversample,C:\Users\yys\Desktop\风机\wind-fault-detection-platform\datasets\wind_blade_defect_v02_improve\images\train\hole_516.jpg,C:\Users\yys\Desktop\风机\wind-fault-detection-platform\datasets\wind_blade_defect_v02_improve\labels\train\hole_516.txt,C:\Users\yys\Desktop\风机\wind-fault-detection-platform\datasets\wind_blade_defect_v03_recall\images\train\v03_small_r1_hole_516.jpg,C:\Users\yys\Desktop\风机\wind-fault-detection-platform\datasets\wind_blade_defect_v03_recall\labels\train\v03_small_r1_hole_516.txt
small_target_recall_oversample,C:\Users\yys\Desktop\风机\wind-fault-detection-platform\datasets\wind_blade_defect_v02_improve\images\train\hole_518.jpg,C:\Users\yys\Desktop\风机\wind-fault-detection-platform\datasets\wind_blade_defect_v02_improve\labels\train\hole_518.txt,C:\Users\yys\Desktop\风机\wind-fault-detection-platform\datasets\wind_blade_defect_v03_recall\images\train\v03_small_r1_hole_518.jpg,C:\Users\yys\Desktop\风机\wind-fault-detection-platform\datasets\wind_blade_defect_v03_recall\labels\train\v03_small_r1_hole_518.txt
small_target_recall_oversample,C:\Users\yys\Desktop\风机\wind-fault-detection-platform\datasets\wind_blade_defect_v02_improve\images\train\hole_519.jpg,C:\Users\yys\Desktop\风机\wind-fault-detection-platform\datasets\wind_blade_defect_v02_improve\labels\train\hole_519.txt,C:\Users\yys\Desktop\风机\wind-fault-detection-platform\datasets\wind_blade_defect_v03_recall\images\train\v03_small_r1_hole_519.jpg,C:\Users\yys\Desktop\风机\wind-fault-detection-platform\datasets\wind_blade_defect_v03_recall\labels\train\v03_small_r1_hole_519.txt
small_target_recall_oversample,C:\Users\yys\Desktop\风机\wind-fault-detection-platform\datasets\wind_blade_defect_v02_improve\images\train\hole_520.jpg,C:\Users\yys\Desktop\风机\wind-fault-detection-platform\datasets\wind_blade_defect_v02_improve\labels\train\hole_520.txt,C:\Users\yys\Desktop\风机\wind-fault-detection-platform\datasets\wind_blade_defect_v03_recall\images\train\v03_small_r1_hole_520.jpg,C:\Users\yys\Desktop\风机\wind-fault-detection-platform\datasets\wind_blade_defect_v03_recall\labels\train\v03_small_r1_hole_520.txt
small_target_recall_oversample,C:\Users\yys\Desktop\风机\wind-fault-detection-platform\datasets\wind_blade_defect_v02_improve\images\train\hole_523.jpg,C:\Users\yys\Desktop\风机\wind-fault-detection-platform\datasets\wind_blade_defect_v02_improve\labels\train\hole_523.txt,C:\Users\yys\Desktop\风机\wind-fault-detection-platform\datasets\wind_blade_defect_v03_recall\images\train\v03_small_r1_hole_523.jpg,C:\Users\yys\Desktop\风机\wind-fault-detection-platform\datasets\wind_blade_defect_v03_recall\labels\train\v03_small_r1_hole_523.txt
small_target_recall_oversample,C:\Users\yys\Desktop\风机\wind-fault-detection-platform\datasets\wind_blade_defect_v02_improve\images\train\hole_527.jpg,C:\Users\yys\Desktop\风机\wind-fault-detection-platform\datasets\wind_blade_defect_v02_improve\labels\train\hole_527.txt,C:\Users\yys\Desktop\风机\wind-fault-detection-platform\datasets\wind_blade_defect_v03_recall\images\train\v03_small_r1_hole_527.jpg,C:\Users\yys\Desktop\风机\wind-fault-detection-platform\datasets\wind_blade_defect_v03_recall\labels\train\v03_small_r1_hole_527.txt
small_target_recall_oversample,C:\Users\yys\Desktop\风机\wind-fault-detection-platform\datasets\wind_blade_defect_v02_improve\images\train\hole_53.jpg,C:\Users\yys\Desktop\风机\wind-fault-detection-platform\datasets\wind_blade_defect_v02_improve\labels\train\hole_53.txt,C:\Users\yys\Desktop\风机\wind-fault-detection-platform\datasets\wind_blade_defect_v03_recall\images\train\v03_small_r1_hole_53.jpg,C:\Users\yys\Desktop\风机\wind-fault-detection-platform\datasets\wind_blade_defect_v03_recall\labels\train\v03_small_r1_hole_53.txt
small_target_recall_oversample,C:\Users\yys\Desktop\风机\wind-fault-detection-platform\datasets\wind_blade_defect_v02_improve\images\train\hole_531.jpg,C:\Users\yys\Desktop\风机\wind-fault-detection-platform\datasets\wind_blade_defect_v02_improve\labels\train\hole_531.txt,C:\Users\yys\Desktop\风机\wind-fault-detection-platform\datasets\wind_blade_defect_v03_recall\images\train\v03_small_r1_hole_531.jpg,C:\Users\yys\Desktop\风机\wind-fault-detection-platform\datasets\wind_blade_defect_v03_recall\labels\train\v03_small_r1_hole_531.txt
small_target_recall_oversample,C:\Users\yys\Desktop\风机\wind-fault-detection-platform\datasets\wind_blade_defect_v02_improve\images\train\hole_532.jpg,C:\Users\yys\Desktop\风机\wind-fault-detection-platform\datasets\wind_blade_defect_v02_improve\labels\train\hole_532.txt,C:\Users\yys\Desktop\风机\wind-fault-detection-platform\datasets\wind_blade_defect_v03_recall\images\train\v03_small_r1_hole_532.jpg,C:\Users\yys\Desktop\风机\wind-fault-detection-platform\datasets\wind_blade_defect_v03_recall\labels\train\v03_small_r1_hole_532.txt
small_target_recall_oversample,C:\Users\yys\Desktop\风机\wind-fault-detection-platform\datasets\wind_blade_defect_v02_improve\images\train\hole_533.jpg,C:\Users\yys\Desktop\风机\wind-fault-detection-platform\datasets\wind_blade_defect_v02_improve\labels\train\hole_533.txt,C:\Users\yys\Desktop\风机\wind-fault-detection-platform\datasets\wind_blade_defect_v03_recall\images\train\v03_small_r1_hole_533.jpg,C:\Users\yys\Desktop\风机\wind-fault-detection-platform\datasets\wind_blade_defect_v03_recall\labels\train\v03_small_r1_hole_533.txt
small_target_recall_oversample,C:\Users\yys\Desktop\风机\wind-fault-detection-platform\datasets\wind_blade_defect_v02_improve\images\train\hole_534.jpg,C:\Users\yys\Desktop\风机\wind-fault-detection-platform\datasets\wind_blade_defect_v02_improve\labels\train\hole_534.txt,C:\Users\yys\Desktop\风机\wind-fault-detection-platform\datasets\wind_blade_defect_v03_recall\images\train\v03_small_r1_hole_534.jpg,C:\Users\yys\Desktop\风机\wind-fault-detection-platform\datasets\wind_blade_defect_v03_recall\labels\train\v03_small_r1_hole_534.txt
small_target_recall_oversample,C:\Users\yys\Desktop\风机\wind-fault-detection-platform\datasets\wind_blade_defect_v02_improve\images\train\hole_535.jpg,C:\Users\yys\Desktop\风机\wind-fault-detection-platform\datasets\wind_blade_defect_v02_improve\labels\train\hole_535.txt,C:\Users\yys\Desktop\风机\wind-fault-detection-platform\datasets\wind_blade_defect_v03_recall\images\train\v03_small_r1_hole_535.jpg,C:\Users\yys\Desktop\风机\wind-fault-detection-platform\datasets\wind_blade_defect_v03_recall\labels\train\v03_small_r1_hole_535.txt
small_target_recall_oversample,C:\Users\yys\Desktop\风机\wind-fault-detection-platform\datasets\wind_blade_defect_v02_improve\images\train\hole_537.jpg,C:\Users\yys\Desktop\风机\wind-fault-detection-platform\datasets\wind_blade_defect_v02_improve\labels\train\hole_537.txt,C:\Users\yys\Desktop\风机\wind-fault-detection-platform\datasets\wind_blade_defect_v03_recall\images\train\v03_small_r1_hole_537.jpg,C:\Users\yys\Desktop\风机\wind-fault-detection-platform\datasets\wind_blade_defect_v03_recall\labels\train\v03_small_r1_hole_537.txt
small_target_recall_oversample,C:\Users\yys\Desktop\风机\wind-fault-detection-platform\datasets\wind_blade_defect_v02_improve\images\train\hole_539.jpg,C:\Users\yys\Desktop\风机\wind-fault-detection-platform\datasets\wind_blade_defect_v02_improve\labels\train\hole_539.txt,C:\Users\yys\Desktop\风机\wind-fault-detection-platform\datasets\wind_blade_defect_v03_recall\images\train\v03_small_r1_hole_539.jpg,C:\Users\yys\Desktop\风机\wind-fault-detection-platform\datasets\wind_blade_defect_v03_recall\labels\train\v03_small_r1_hole_539.txt
small_target_recall_oversample,C:\Users\yys\Desktop\风机\wind-fault-detection-platform\datasets\wind_blade_defect_v02_improve\images\train\hole_541.jpg,C:\Users\yys\Desktop\风机\wind-fault-detection-platform\datasets\wind_blade_defect_v02_improve\labels\train\hole_541.txt,C:\Users\yys\Desktop\风机\wind-fault-detection-platform\datasets\wind_blade_defect_v03_recall\images\train\v03_small_r1_hole_541.jpg,C:\Users\yys\Desktop\风机\wind-fault-detection-platform\datasets\wind_blade_defect_v03_recall\labels\train\v03_small_r1_hole_541.txt
small_target_recall_oversample,C:\Users\yys\Desktop\风机\wind-fault-detection-platform\datasets\wind_blade_defect_v02_improve\images\train\hole_542.jpg,C:\Users\yys\Desktop\风机\wind-fault-detection-platform\datasets\wind_blade_defect_v02_improve\labels\train\hole_542.txt,C:\Users\yys\Desktop\风机\wind-fault-detection-platform\datasets\wind_blade_defect_v03_recall\images\train\v03_small_r1_hole_542.jpg,C:\Users\yys\Desktop\风机\wind-fault-detection-platform\datasets\wind_blade_defect_v03_recall\labels\train\v03_small_r1_hole_542.txt
small_target_recall_oversample,C:\Users\yys\Desktop\风机\wind-fault-detection-platform\datasets\wind_blade_defect_v02_improve\images\train\hole_543.jpg,C:\Users\yys\Desktop\风机\wind-fault-detection-platform\datasets\wind_blade_defect_v02_improve\labels\train\hole_543.txt,C:\Users\yys\Desktop\风机\wind-fault-detection-platform\datasets\wind_blade_defect_v03_recall\images\train\v03_small_r1_hole_543.jpg,C:\Users\yys\Desktop\风机\wind-fault-detection-platform\datasets\wind_blade_defect_v03_recall\labels\train\v03_small_r1_hole_543.txt
small_target_recall_oversample,C:\Users\yys\Desktop\风机\wind-fault-detection-platform\datasets\wind_blade_defect_v02_improve\images\train\hole_546.jpg,C:\Users\yys\Desktop\风机\wind-fault-detection-platform\datasets\wind_blade_defect_v02_improve\labels\train\hole_546.txt,C:\Users\yys\Desktop\风机\wind-fault-detection-platform\datasets\wind_blade_defect_v03_recall\images\train\v03_small_r1_hole_546.jpg,C:\Users\yys\Desktop\风机\wind-fault-detection-platform\datasets\wind_blade_defect_v03_recall\labels\train\v03_small_r1_hole_546.txt
small_target_recall_oversample,C:\Users\yys\Desktop\风机\wind-fault-detection-platform\datasets\wind_blade_defect_v02_improve\images\train\hole_55.jpg,C:\Users\yys\Desktop\风机\wind-fault-detection-platform\datasets\wind_blade_defect_v02_improve\labels\train\hole_55.txt,C:\Users\yys\Desktop\风机\wind-fault-detection-platform\datasets\wind_blade_defect_v03_recall\images\train\v03_small_r1_hole_55.jpg,C:\Users\yys\Desktop\风机\wind-fault-detection-platform\datasets\wind_blade_defect_v03_recall\labels\train\v03_small_r1_hole_55.txt
small_target_recall_oversample,C:\Users\yys\Desktop\风机\wind-fault-detection-platform\datasets\wind_blade_defect_v02_improve\images\train\hole_551.jpg,C:\Users\yys\Desktop\风机\wind-fault-detection-platform\datasets\wind_blade_defect_v02_improve\labels\train\hole_551.txt,C:\Users\yys\Desktop\风机\wind-fault-detection-platform\datasets\wind_blade_defect_v03_recall\images\train\v03_small_r1_hole_551.jpg,C:\Users\yys\Desktop\风机\wind-fault-detection-platform\datasets\wind_blade_defect_v03_recall\labels\train\v03_small_r1_hole_551.txt
small_target_recall_oversample,C:\Users\yys\Desktop\风机\wind-fault-detection-platform\datasets\wind_blade_defect_v02_improve\images\train\hole_552.jpg,C:\Users\yys\Desktop\风机\wind-fault-detection-platform\datasets\wind_blade_defect_v02_improve\labels\train\hole_552.txt,C:\Users\yys\Desktop\风机\wind-fault-detection-platform\datasets\wind_blade_defect_v03_recall\images\train\v03_small_r1_hole_552.jpg,C:\Users\yys\Desktop\风机\wind-fault-detection-platform\datasets\wind_blade_defect_v03_recall\labels\train\v03_small_r1_hole_552.txt
small_target_recall_oversample,C:\Users\yys\Desktop\风机\wind-fault-detection-platform\datasets\wind_blade_defect_v02_improve\images\train\hole_554.jpg,C:\Users\yys\Desktop\风机\wind-fault-detection-platform\datasets\wind_blade_defect_v02_improve\labels\train\hole_554.txt,C:\Users\yys\Desktop\风机\wind-fault-detection-platform\datasets\wind_blade_defect_v03_recall\images\train\v03_small_r1_hole_554.jpg,C:\Users\yys\Desktop\风机\wind-fault-detection-platform\datasets\wind_blade_defect_v03_recall\labels\train\v03_small_r1_hole_554.txt
small_target_recall_oversample,C:\Users\yys\Desktop\风机\wind-fault-detection-platform\datasets\wind_blade_defect_v02_improve\images\train\hole_555.jpg,C:\Users\yys\Desktop\风机\wind-fault-detection-platform\datasets\wind_blade_defect_v02_improve\labels\train\hole_555.txt,C:\Users\yys\Desktop\风机\wind-fault-detection-platform\datasets\wind_blade_defect_v03_recall\images\train\v03_small_r1_hole_555.jpg,C:\Users\yys\Desktop\风机\wind-fault-detection-platform\datasets\wind_blade_defect_v03_recall\labels\train\v03_small_r1_hole_555.txt
small_target_recall_oversample,C:\Users\yys\Desktop\风机\wind-fault-detection-platform\datasets\wind_blade_defect_v02_improve\images\train\hole_557.jpg,C:\Users\yys\Desktop\风机\wind-fault-detection-platform\datasets\wind_blade_defect_v02_improve\labels\train\hole_557.txt,C:\Users\yys\Desktop\风机\wind-fault-detection-platform\datasets\wind_blade_defect_v03_recall\images\train\v03_small_r1_hole_557.jpg,C:\Users\yys\Desktop\风机\wind-fault-detection-platform\datasets\wind_blade_defect_v03_recall\labels\train\v03_small_r1_hole_557.txt
small_target_recall_oversample,C:\Users\yys\Desktop\风机\wind-fault-detection-platform\datasets\wind_blade_defect_v02_improve\images\train\hole_559.jpg,C:\Users\yys\Desktop\风机\wind-fault-detection-platform\datasets\wind_blade_defect_v02_improve\labels\train\hole_559.txt,C:\Users\yys\Desktop\风机\wind-fault-detection-platform\datasets\wind_blade_defect_v03_recall\images\train\v03_small_r1_hole_559.jpg,C:\Users\yys\Desktop\风机\wind-fault-detection-platform\datasets\wind_blade_defect_v03_recall\labels\train\v03_small_r1_hole_559.txt
small_target_recall_oversample,C:\Users\yys\Desktop\风机\wind-fault-detection-platform\datasets\wind_blade_defect_v02_improve\images\train\hole_56.jpg,C:\Users\yys\Desktop\风机\wind-fault-detection-platform\datasets\wind_blade_defect_v02_improve\labels\train\hole_56.txt,C:\Users\yys\Desktop\风机\wind-fault-detection-platform\datasets\wind_blade_defect_v03_recall\images\train\v03_small_r1_hole_56.jpg,C:\Users\yys\Desktop\风机\wind-fault-detection-platform\datasets\wind_blade_defect_v03_recall\labels\train\v03_small_r1_hole_56.txt
small_target_recall_oversample,C:\Users\yys\Desktop\风机\wind-fault-detection-platform\datasets\wind_blade_defect_v02_improve\images\train\hole_560.jpg,C:\Users\yys\Desktop\风机\wind-fault-detection-platform\datasets\wind_blade_defect_v02_improve\labels\train\hole_560.txt,C:\Users\yys\Desktop\风机\wind-fault-detection-platform\datasets\wind_blade_defect_v03_recall\images\train\v03_small_r1_hole_560.jpg,C:\Users\yys\Desktop\风机\wind-fault-detection-platform\datasets\wind_blade_defect_v03_recall\labels\train\v03_small_r1_hole_560.txt
small_target_recall_oversample,C:\Users\yys\Desktop\风机\wind-fault-detection-platform\datasets\wind_blade_defect_v02_improve\images\train\hole_561.jpg,C:\Users\yys\Desktop\风机\wind-fault-detection-platform\datasets\wind_blade_defect_v02_improve\labels\train\hole_561.txt,C:\Users\yys\Desktop\风机\wind-fault-detection-platform\datasets\wind_blade_defect_v03_recall\images\train\v03_small_r1_hole_561.jpg,C:\Users\yys\Desktop\风机\wind-fault-detection-platform\datasets\wind_blade_defect_v03_recall\labels\train\v03_small_r1_hole_561.txt
small_target_recall_oversample,C:\Users\yys\Desktop\风机\wind-fault-detection-platform\datasets\wind_blade_defect_v02_improve\images\train\hole_562.jpg,C:\Users\yys\Desktop\风机\wind-fault-detection-platform\datasets\wind_blade_defect_v02_improve\labels\train\hole_562.txt,C:\Users\yys\Desktop\风机\wind-fault-detection-platform\datasets\wind_blade_defect_v03_recall\images\train\v03_small_r1_hole_562.jpg,C:\Users\yys\Desktop\风机\wind-fault-detection-platform\datasets\wind_blade_defect_v03_recall\labels\train\v03_small_r1_hole_562.txt
small_target_recall_oversample,C:\Users\yys\Desktop\风机\wind-fault-detection-platform\datasets\wind_blade_defect_v02_improve\images\train\hole_563.jpg,C:\Users\yys\Desktop\风机\wind-fault-detection-platform\datasets\wind_blade_defect_v02_improve\labels\train\hole_563.txt,C:\Users\yys\Desktop\风机\wind-fault-detection-platform\datasets\wind_blade_defect_v03_recall\images\train\v03_small_r1_hole_563.jpg,C:\Users\yys\Desktop\风机\wind-fault-detection-platform\datasets\wind_blade_defect_v03_recall\labels\train\v03_small_r1_hole_563.txt
small_target_recall_oversample,C:\Users\yys\Desktop\风机\wind-fault-detection-platform\datasets\wind_blade_defect_v02_improve\images\train\hole_565.jpg,C:\Users\yys\Desktop\风机\wind-fault-detection-platform\datasets\wind_blade_defect_v02_improve\labels\train\hole_565.txt,C:\Users\yys\Desktop\风机\wind-fault-detection-platform\datasets\wind_blade_defect_v03_recall\images\train\v03_small_r1_hole_565.jpg,C:\Users\yys\Desktop\风机\wind-fault-detection-platform\datasets\wind_blade_defect_v03_recall\labels\train\v03_small_r1_hole_565.txt
small_target_recall_oversample,C:\Users\yys\Desktop\风机\wind-fault-detection-platform\datasets\wind_blade_defect_v02_improve\images\train\hole_566.jpg,C:\Users\yys\Desktop\风机\wind-fault-detection-platform\datasets\wind_blade_defect_v02_improve\labels\train\hole_566.txt,C:\Users\yys\Desktop\风机\wind-fault-detection-platform\datasets\wind_blade_defect_v03_recall\images\train\v03_small_r1_hole_566.jpg,C:\Users\yys\Desktop\风机\wind-fault-detection-platform\datasets\wind_blade_defect_v03_recall\labels\train\v03_small_r1_hole_566.txt
small_target_recall_oversample,C:\Users\yys\Desktop\风机\wind-fault-detection-platform\datasets\wind_blade_defect_v02_improve\images\train\hole_569.jpg,C:\Users\yys\Desktop\风机\wind-fault-detection-platform\datasets\wind_blade_defect_v02_improve\labels\train\hole_569.txt,C:\Users\yys\Desktop\风机\wind-fault-detection-platform\datasets\wind_blade_defect_v03_recall\images\train\v03_small_r1_hole_569.jpg,C:\Users\yys\Desktop\风机\wind-fault-detection-platform\datasets\wind_blade_defect_v03_recall\labels\train\v03_small_r1_hole_569.txt
small_target_recall_oversample,C:\Users\yys\Desktop\风机\wind-fault-detection-platform\datasets\wind_blade_defect_v02_improve\images\train\hole_570.jpg,C:\Users\yys\Desktop\风机\wind-fault-detection-platform\datasets\wind_blade_defect_v02_improve\labels\train\hole_570.txt,C:\Users\yys\Desktop\风机\wind-fault-detection-platform\datasets\wind_blade_defect_v03_recall\images\train\v03_small_r1_hole_570.jpg,C:\Users\yys\Desktop\风机\wind-fault-detection-platform\datasets\wind_blade_defect_v03_recall\labels\train\v03_small_r1_hole_570.txt
small_target_recall_oversample,C:\Users\yys\Desktop\风机\wind-fault-detection-platform\datasets\wind_blade_defect_v02_improve\images\train\hole_574.jpg,C:\Users\yys\Desktop\风机\wind-fault-detection-platform\datasets\wind_blade_defect_v02_improve\labels\train\hole_574.txt,C:\Users\yys\Desktop\风机\wind-fault-detection-platform\datasets\wind_blade_defect_v03_recall\images\train\v03_small_r1_hole_574.jpg,C:\Users\yys\Desktop\风机\wind-fault-detection-platform\datasets\wind_blade_defect_v03_recall\labels\train\v03_small_r1_hole_574.txt
small_target_recall_oversample,C:\Users\yys\Desktop\风机\wind-fault-detection-platform\datasets\wind_blade_defect_v02_improve\images\train\hole_576.jpg,C:\Users\yys\Desktop\风机\wind-fault-detection-platform\datasets\wind_blade_defect_v02_improve\labels\train\hole_576.txt,C:\Users\yys\Desktop\风机\wind-fault-detection-platform\datasets\wind_blade_defect_v03_recall\images\train\v03_small_r1_hole_576.jpg,C:\Users\yys\Desktop\风机\wind-fault-detection-platform\datasets\wind_blade_defect_v03_recall\labels\train\v03_small_r1_hole_576.txt
small_target_recall_oversample,C:\Users\yys\Desktop\风机\wind-fault-detection-platform\datasets\wind_blade_defect_v02_improve\images\train\hole_577.jpg,C:\Users\yys\Desktop\风机\wind-fault-detection-platform\datasets\wind_blade_defect_v02_improve\labels\train\hole_577.txt,C:\Users\yys\Desktop\风机\wind-fault-detection-platform\datasets\wind_blade_defect_v03_recall\images\train\v03_small_r1_hole_577.jpg,C:\Users\yys\Desktop\风机\wind-fault-detection-platform\datasets\wind_blade_defect_v03_recall\labels\train\v03_small_r1_hole_577.txt
small_target_recall_oversample,C:\Users\yys\Desktop\风机\wind-fault-detection-platform\datasets\wind_blade_defect_v02_improve\images\train\hole_580.jpg,C:\Users\yys\Desktop\风机\wind-fault-detection-platform\datasets\wind_blade_defect_v02_improve\labels\train\hole_580.txt,C:\Users\yys\Desktop\风机\wind-fault-detection-platform\datasets\wind_blade_defect_v03_recall\images\train\v03_small_r1_hole_580.jpg,C:\Users\yys\Desktop\风机\wind-fault-detection-platform\datasets\wind_blade_defect_v03_recall\labels\train\v03_small_r1_hole_580.txt
small_target_recall_oversample,C:\Users\yys\Desktop\风机\wind-fault-detection-platform\datasets\wind_blade_defect_v02_improve\images\train\hole_583.jpg,C:\Users\yys\Desktop\风机\wind-fault-detection-platform\datasets\wind_blade_defect_v02_improve\labels\train\hole_583.txt,C:\Users\yys\Desktop\风机\wind-fault-detection-platform\datasets\wind_blade_defect_v03_recall\images\train\v03_small_r1_hole_583.jpg,C:\Users\yys\Desktop\风机\wind-fault-detection-platform\datasets\wind_blade_defect_v03_recall\labels\train\v03_small_r1_hole_583.txt
small_target_recall_oversample,C:\Users\yys\Desktop\风机\wind-fault-detection-platform\datasets\wind_blade_defect_v02_improve\images\train\hole_584.jpg,C:\Users\yys\Desktop\风机\wind-fault-detection-platform\datasets\wind_blade_defect_v02_improve\labels\train\hole_584.txt,C:\Users\yys\Desktop\风机\wind-fault-detection-platform\datasets\wind_blade_defect_v03_recall\images\train\v03_small_r1_hole_584.jpg,C:\Users\yys\Desktop\风机\wind-fault-detection-platform\datasets\wind_blade_defect_v03_recall\labels\train\v03_small_r1_hole_584.txt
small_target_recall_oversample,C:\Users\yys\Desktop\风机\wind-fault-detection-platform\datasets\wind_blade_defect_v02_improve\images\train\hole_588.jpg,C:\Users\yys\Desktop\风机\wind-fault-detection-platform\datasets\wind_blade_defect_v02_improve\labels\train\hole_588.txt,C:\Users\yys\Desktop\风机\wind-fault-detection-platform\datasets\wind_blade_defect_v03_recall\images\train\v03_small_r1_hole_588.jpg,C:\Users\yys\Desktop\风机\wind-fault-detection-platform\datasets\wind_blade_defect_v03_recall\labels\train\v03_small_r1_hole_588.txt
small_target_recall_oversample,C:\Users\yys\Desktop\风机\wind-fault-detection-platform\datasets\wind_blade_defect_v02_improve\images\train\hole_59.jpg,C:\Users\yys\Desktop\风机\wind-fault-detection-platform\datasets\wind_blade_defect_v02_improve\labels\train\hole_59.txt,C:\Users\yys\Desktop\风机\wind-fault-detection-platform\datasets\wind_blade_defect_v03_recall\images\train\v03_small_r1_hole_59.jpg,C:\Users\yys\Desktop\风机\wind-fault-detection-platform\datasets\wind_blade_defect_v03_recall\labels\train\v03_small_r1_hole_59.txt
small_target_recall_oversample,C:\Users\yys\Desktop\风机\wind-fault-detection-platform\datasets\wind_blade_defect_v02_improve\images\train\hole_590.jpg,C:\Users\yys\Desktop\风机\wind-fault-detection-platform\datasets\wind_blade_defect_v02_improve\labels\train\hole_590.txt,C:\Users\yys\Desktop\风机\wind-fault-detection-platform\datasets\wind_blade_defect_v03_recall\images\train\v03_small_r1_hole_590.jpg,C:\Users\yys\Desktop\风机\wind-fault-detection-platform\datasets\wind_blade_defect_v03_recall\labels\train\v03_small_r1_hole_590.txt
small_target_recall_oversample,C:\Users\yys\Desktop\风机\wind-fault-detection-platform\datasets\wind_blade_defect_v02_improve\images\train\hole_592.jpg,C:\Users\yys\Desktop\风机\wind-fault-detection-platform\datasets\wind_blade_defect_v02_improve\labels\train\hole_592.txt,C:\Users\yys\Desktop\风机\wind-fault-detection-platform\datasets\wind_blade_defect_v03_recall\images\train\v03_small_r1_hole_592.jpg,C:\Users\yys\Desktop\风机\wind-fault-detection-platform\datasets\wind_blade_defect_v03_recall\labels\train\v03_small_r1_hole_592.txt
small_target_recall_oversample,C:\Users\yys\Desktop\风机\wind-fault-detection-platform\datasets\wind_blade_defect_v02_improve\images\train\hole_594.jpg,C:\Users\yys\Desktop\风机\wind-fault-detection-platform\datasets\wind_blade_defect_v02_improve\labels\train\hole_594.txt,C:\Users\yys\Desktop\风机\wind-fault-detection-platform\datasets\wind_blade_defect_v03_recall\images\train\v03_small_r1_hole_594.jpg,C:\Users\yys\Desktop\风机\wind-fault-detection-platform\datasets\wind_blade_defect_v03_recall\labels\train\v03_small_r1_hole_594.txt
small_target_recall_oversample,C:\Users\yys\Desktop\风机\wind-fault-detection-platform\datasets\wind_blade_defect_v02_improve\images\train\hole_596.jpg,C:\Users\yys\Desktop\风机\wind-fault-detection-platform\datasets\wind_blade_defect_v02_improve\labels\train\hole_596.txt,C:\Users\yys\Desktop\风机\wind-fault-detection-platform\datasets\wind_blade_defect_v03_recall\images\train\v03_small_r1_hole_596.jpg,C:\Users\yys\Desktop\风机\wind-fault-detection-platform\datasets\wind_blade_defect_v03_recall\labels\train\v03_small_r1_hole_596.txt
small_target_recall_oversample,C:\Users\yys\Desktop\风机\wind-fault-detection-platform\datasets\wind_blade_defect_v02_improve\images\train\hole_597.jpg,C:\Users\yys\Desktop\风机\wind-fault-detection-platform\datasets\wind_blade_defect_v02_improve\labels\train\hole_597.txt,C:\Users\yys\Desktop\风机\wind-fault-detection-platform\datasets\wind_blade_defect_v03_recall\images\train\v03_small_r1_hole_597.jpg,C:\Users\yys\Desktop\风机\wind-fault-detection-platform\datasets\wind_blade_defect_v03_recall\labels\train\v03_small_r1_hole_597.txt
small_target_recall_oversample,C:\Users\yys\Desktop\风机\wind-fault-detection-platform\datasets\wind_blade_defect_v02_improve\images\train\hole_598.jpg,C:\Users\yys\Desktop\风机\wind-fault-detection-platform\datasets\wind_blade_defect_v02_improve\labels\train\hole_598.txt,C:\Users\yys\Desktop\风机\wind-fault-detection-platform\datasets\wind_blade_defect_v03_recall\images\train\v03_small_r1_hole_598.jpg,C:\Users\yys\Desktop\风机\wind-fault-detection-platform\datasets\wind_blade_defect_v03_recall\labels\train\v03_small_r1_hole_598.txt
small_target_recall_oversample,C:\Users\yys\Desktop\风机\wind-fault-detection-platform\datasets\wind_blade_defect_v02_improve\images\train\hole_6.jpg,C:\Users\yys\Desktop\风机\wind-fault-detection-platform\datasets\wind_blade_defect_v02_improve\labels\train\hole_6.txt,C:\Users\yys\Desktop\风机\wind-fault-detection-platform\datasets\wind_blade_defect_v03_recall\images\train\v03_small_r1_hole_6.jpg,C:\Users\yys\Desktop\风机\wind-fault-detection-platform\datasets\wind_blade_defect_v03_recall\labels\train\v03_small_r1_hole_6.txt
small_target_recall_oversample,C:\Users\yys\Desktop\风机\wind-fault-detection-platform\datasets\wind_blade_defect_v02_improve\images\train\hole_60.jpg,C:\Users\yys\Desktop\风机\wind-fault-detection-platform\datasets\wind_blade_defect_v02_improve\labels\train\hole_60.txt,C:\Users\yys\Desktop\风机\wind-fault-detection-platform\datasets\wind_blade_defect_v03_recall\images\train\v03_small_r1_hole_60.jpg,C:\Users\yys\Desktop\风机\wind-fault-detection-platform\datasets\wind_blade_defect_v03_recall\labels\train\v03_small_r1_hole_60.txt
small_target_recall_oversample,C:\Users\yys\Desktop\风机\wind-fault-detection-platform\datasets\wind_blade_defect_v02_improve\images\train\hole_600.jpg,C:\Users\yys\Desktop\风机\wind-fault-detection-platform\datasets\wind_blade_defect_v02_improve\labels\train\hole_600.txt,C:\Users\yys\Desktop\风机\wind-fault-detection-platform\datasets\wind_blade_defect_v03_recall\images\train\v03_small_r1_hole_600.jpg,C:\Users\yys\Desktop\风机\wind-fault-detection-platform\datasets\wind_blade_defect_v03_recall\labels\train\v03_small_r1_hole_600.txt
small_target_recall_oversample,C:\Users\yys\Desktop\风机\wind-fault-detection-platform\datasets\wind_blade_defect_v02_improve\images\train\hole_602.jpg,C:\Users\yys\Desktop\风机\wind-fault-detection-platform\datasets\wind_blade_defect_v02_improve\labels\train\hole_602.txt,C:\Users\yys\Desktop\风机\wind-fault-detection-platform\datasets\wind_blade_defect_v03_recall\images\train\v03_small_r1_hole_602.jpg,C:\Users\yys\Desktop\风机\wind-fault-detection-platform\datasets\wind_blade_defect_v03_recall\labels\train\v03_small_r1_hole_602.txt
small_target_recall_oversample,C:\Users\yys\Desktop\风机\wind-fault-detection-platform\datasets\wind_blade_defect_v02_improve\images\train\hole_603.jpg,C:\Users\yys\Desktop\风机\wind-fault-detection-platform\datasets\wind_blade_defect_v02_improve\labels\train\hole_603.txt,C:\Users\yys\Desktop\风机\wind-fault-detection-platform\datasets\wind_blade_defect_v03_recall\images\train\v03_small_r1_hole_603.jpg,C:\Users\yys\Desktop\风机\wind-fault-detection-platform\datasets\wind_blade_defect_v03_recall\labels\train\v03_small_r1_hole_603.txt
small_target_recall_oversample,C:\Users\yys\Desktop\风机\wind-fault-detection-platform\datasets\wind_blade_defect_v02_improve\images\train\hole_604.jpg,C:\Users\yys\Desktop\风机\wind-fault-detection-platform\datasets\wind_blade_defect_v02_improve\labels\train\hole_604.txt,C:\Users\yys\Desktop\风机\wind-fault-detection-platform\datasets\wind_blade_defect_v03_recall\images\train\v03_small_r1_hole_604.jpg,C:\Users\yys\Desktop\风机\wind-fault-detection-platform\datasets\wind_blade_defect_v03_recall\labels\train\v03_small_r1_hole_604.txt
small_target_recall_oversample,C:\Users\yys\Desktop\风机\wind-fault-detection-platform\datasets\wind_blade_defect_v02_improve\images\train\hole_608.jpg,C:\Users\yys\Desktop\风机\wind-fault-detection-platform\datasets\wind_blade_defect_v02_improve\labels\train\hole_608.txt,C:\Users\yys\Desktop\风机\wind-fault-detection-platform\datasets\wind_blade_defect_v03_recall\images\train\v03_small_r1_hole_608.jpg,C:\Users\yys\Desktop\风机\wind-fault-detection-platform\datasets\wind_blade_defect_v03_recall\labels\train\v03_small_r1_hole_608.txt
small_target_recall_oversample,C:\Users\yys\Desktop\风机\wind-fault-detection-platform\datasets\wind_blade_defect_v02_improve\images\train\hole_609.jpg,C:\Users\yys\Desktop\风机\wind-fault-detection-platform\datasets\wind_blade_defect_v02_improve\labels\train\hole_609.txt,C:\Users\yys\Desktop\风机\wind-fault-detection-platform\datasets\wind_blade_defect_v03_recall\images\train\v03_small_r1_hole_609.jpg,C:\Users\yys\Desktop\风机\wind-fault-detection-platform\datasets\wind_blade_defect_v03_recall\labels\train\v03_small_r1_hole_609.txt
small_target_recall_oversample,C:\Users\yys\Desktop\风机\wind-fault-detection-platform\datasets\wind_blade_defect_v02_improve\images\train\hole_61.jpg,C:\Users\yys\Desktop\风机\wind-fault-detection-platform\datasets\wind_blade_defect_v02_improve\labels\train\hole_61.txt,C:\Users\yys\Desktop\风机\wind-fault-detection-platform\datasets\wind_blade_defect_v03_recall\images\train\v03_small_r1_hole_61.jpg,C:\Users\yys\Desktop\风机\wind-fault-detection-platform\datasets\wind_blade_defect_v03_recall\labels\train\v03_small_r1_hole_61.txt
small_target_recall_oversample,C:\Users\yys\Desktop\风机\wind-fault-detection-platform\datasets\wind_blade_defect_v02_improve\images\train\hole_610.jpg,C:\Users\yys\Desktop\风机\wind-fault-detection-platform\datasets\wind_blade_defect_v02_improve\labels\train\hole_610.txt,C:\Users\yys\Desktop\风机\wind-fault-detection-platform\datasets\wind_blade_defect_v03_recall\images\train\v03_small_r1_hole_610.jpg,C:\Users\yys\Desktop\风机\wind-fault-detection-platform\datasets\wind_blade_defect_v03_recall\labels\train\v03_small_r1_hole_610.txt
small_target_recall_oversample,C:\Users\yys\Desktop\风机\wind-fault-detection-platform\datasets\wind_blade_defect_v02_improve\images\train\hole_611.jpg,C:\Users\yys\Desktop\风机\wind-fault-detection-platform\datasets\wind_blade_defect_v02_improve\labels\train\hole_611.txt,C:\Users\yys\Desktop\风机\wind-fault-detection-platform\datasets\wind_blade_defect_v03_recall\images\train\v03_small_r1_hole_611.jpg,C:\Users\yys\Desktop\风机\wind-fault-detection-platform\datasets\wind_blade_defect_v03_recall\labels\train\v03_small_r1_hole_611.txt
small_target_recall_oversample,C:\Users\yys\Desktop\风机\wind-fault-detection-platform\datasets\wind_blade_defect_v02_improve\images\train\hole_614.jpg,C:\Users\yys\Desktop\风机\wind-fault-detection-platform\datasets\wind_blade_defect_v02_improve\labels\train\hole_614.txt,C:\Users\yys\Desktop\风机\wind-fault-detection-platform\datasets\wind_blade_defect_v03_recall\images\train\v03_small_r1_hole_614.jpg,C:\Users\yys\Desktop\风机\wind-fault-detection-platform\datasets\wind_blade_defect_v03_recall\labels\train\v03_small_r1_hole_614.txt
small_target_recall_oversample,C:\Users\yys\Desktop\风机\wind-fault-detection-platform\datasets\wind_blade_defect_v02_improve\images\train\hole_615.jpg,C:\Users\yys\Desktop\风机\wind-fault-detection-platform\datasets\wind_blade_defect_v02_improve\labels\train\hole_615.txt,C:\Users\yys\Desktop\风机\wind-fault-detection-platform\datasets\wind_blade_defect_v03_recall\images\train\v03_small_r1_hole_615.jpg,C:\Users\yys\Desktop\风机\wind-fault-detection-platform\datasets\wind_blade_defect_v03_recall\labels\train\v03_small_r1_hole_615.txt
small_target_recall_oversample,C:\Users\yys\Desktop\风机\wind-fault-detection-platform\datasets\wind_blade_defect_v02_improve\images\train\hole_616.jpg,C:\Users\yys\Desktop\风机\wind-fault-detection-platform\datasets\wind_blade_defect_v02_improve\labels\train\hole_616.txt,C:\Users\yys\Desktop\风机\wind-fault-detection-platform\datasets\wind_blade_defect_v03_recall\images\train\v03_small_r1_hole_616.jpg,C:\Users\yys\Desktop\风机\wind-fault-detection-platform\datasets\wind_blade_defect_v03_recall\labels\train\v03_small_r1_hole_616.txt
small_target_recall_oversample,C:\Users\yys\Desktop\风机\wind-fault-detection-platform\datasets\wind_blade_defect_v02_improve\images\train\hole_619.jpg,C:\Users\yys\Desktop\风机\wind-fault-detection-platform\datasets\wind_blade_defect_v02_improve\labels\train\hole_619.txt,C:\Users\yys\Desktop\风机\wind-fault-detection-platform\datasets\wind_blade_defect_v03_recall\images\train\v03_small_r1_hole_619.jpg,C:\Users\yys\Desktop\风机\wind-fault-detection-platform\datasets\wind_blade_defect_v03_recall\labels\train\v03_small_r1_hole_619.txt
small_target_recall_oversample,C:\Users\yys\Desktop\风机\wind-fault-detection-platform\datasets\wind_blade_defect_v02_improve\images\train\hole_62.jpg,C:\Users\yys\Desktop\风机\wind-fault-detection-platform\datasets\wind_blade_defect_v02_improve\labels\train\hole_62.txt,C:\Users\yys\Desktop\风机\wind-fault-detection-platform\datasets\wind_blade_defect_v03_recall\images\train\v03_small_r1_hole_62.jpg,C:\Users\yys\Desktop\风机\wind-fault-detection-platform\datasets\wind_blade_defect_v03_recall\labels\train\v03_small_r1_hole_62.txt
small_target_recall_oversample,C:\Users\yys\Desktop\风机\wind-fault-detection-platform\datasets\wind_blade_defect_v02_improve\images\train\hole_620.jpg,C:\Users\yys\Desktop\风机\wind-fault-detection-platform\datasets\wind_blade_defect_v02_improve\labels\train\hole_620.txt,C:\Users\yys\Desktop\风机\wind-fault-detection-platform\datasets\wind_blade_defect_v03_recall\images\train\v03_small_r1_hole_620.jpg,C:\Users\yys\Desktop\风机\wind-fault-detection-platform\datasets\wind_blade_defect_v03_recall\labels\train\v03_small_r1_hole_620.txt
small_target_recall_oversample,C:\Users\yys\Desktop\风机\wind-fault-detection-platform\datasets\wind_blade_defect_v02_improve\images\train\hole_622.jpg,C:\Users\yys\Desktop\风机\wind-fault-detection-platform\datasets\wind_blade_defect_v02_improve\labels\train\hole_622.txt,C:\Users\yys\Desktop\风机\wind-fault-detection-platform\datasets\wind_blade_defect_v03_recall\images\train\v03_small_r1_hole_622.jpg,C:\Users\yys\Desktop\风机\wind-fault-detection-platform\datasets\wind_blade_defect_v03_recall\labels\train\v03_small_r1_hole_622.txt
small_target_recall_oversample,C:\Users\yys\Desktop\风机\wind-fault-detection-platform\datasets\wind_blade_defect_v02_improve\images\train\hole_623.jpg,C:\Users\yys\Desktop\风机\wind-fault-detection-platform\datasets\wind_blade_defect_v02_improve\labels\train\hole_623.txt,C:\Users\yys\Desktop\风机\wind-fault-detection-platform\datasets\wind_blade_defect_v03_recall\images\train\v03_small_r1_hole_623.jpg,C:\Users\yys\Desktop\风机\wind-fault-detection-platform\datasets\wind_blade_defect_v03_recall\labels\train\v03_small_r1_hole_623.txt
small_target_recall_oversample,C:\Users\yys\Desktop\风机\wind-fault-detection-platform\datasets\wind_blade_defect_v02_improve\images\train\hole_625.jpg,C:\Users\yys\Desktop\风机\wind-fault-detection-platform\datasets\wind_blade_defect_v02_improve\labels\train\hole_625.txt,C:\Users\yys\Desktop\风机\wind-fault-detection-platform\datasets\wind_blade_defect_v03_recall\images\train\v03_small_r1_hole_625.jpg,C:\Users\yys\Desktop\风机\wind-fault-detection-platform\datasets\wind_blade_defect_v03_recall\labels\train\v03_small_r1_hole_625.txt
small_target_recall_oversample,C:\Users\yys\Desktop\风机\wind-fault-detection-platform\datasets\wind_blade_defect_v02_improve\images\train\hole_626.jpg,C:\Users\yys\Desktop\风机\wind-fault-detection-platform\datasets\wind_blade_defect_v02_improve\labels\train\hole_626.txt,C:\Users\yys\Desktop\风机\wind-fault-detection-platform\datasets\wind_blade_defect_v03_recall\images\train\v03_small_r1_hole_626.jpg,C:\Users\yys\Desktop\风机\wind-fault-detection-platform\datasets\wind_blade_defect_v03_recall\labels\train\v03_small_r1_hole_626.txt
small_target_recall_oversample,C:\Users\yys\Desktop\风机\wind-fault-detection-platform\datasets\wind_blade_defect_v02_improve\images\train\hole_627.jpg,C:\Users\yys\Desktop\风机\wind-fault-detection-platform\datasets\wind_blade_defect_v02_improve\labels\train\hole_627.txt,C:\Users\yys\Desktop\风机\wind-fault-detection-platform\datasets\wind_blade_defect_v03_recall\images\train\v03_small_r1_hole_627.jpg,C:\Users\yys\Desktop\风机\wind-fault-detection-platform\datasets\wind_blade_defect_v03_recall\labels\train\v03_small_r1_hole_627.txt
small_target_recall_oversample,C:\Users\yys\Desktop\风机\wind-fault-detection-platform\datasets\wind_blade_defect_v02_improve\images\train\hole_628.jpg,C:\Users\yys\Desktop\风机\wind-fault-detection-platform\datasets\wind_blade_defect_v02_improve\labels\train\hole_628.txt,C:\Users\yys\Desktop\风机\wind-fault-detection-platform\datasets\wind_blade_defect_v03_recall\images\train\v03_small_r1_hole_628.jpg,C:\Users\yys\Desktop\风机\wind-fault-detection-platform\datasets\wind_blade_defect_v03_recall\labels\train\v03_small_r1_hole_628.txt
small_target_recall_oversample,C:\Users\yys\Desktop\风机\wind-fault-detection-platform\datasets\wind_blade_defect_v02_improve\images\train\hole_63.jpg,C:\Users\yys\Desktop\风机\wind-fault-detection-platform\datasets\wind_blade_defect_v02_improve\labels\train\hole_63.txt,C:\Users\yys\Desktop\风机\wind-fault-detection-platform\datasets\wind_blade_defect_v03_recall\images\train\v03_small_r1_hole_63.jpg,C:\Users\yys\Desktop\风机\wind-fault-detection-platform\datasets\wind_blade_defect_v03_recall\labels\train\v03_small_r1_hole_63.txt
small_target_recall_oversample,C:\Users\yys\Desktop\风机\wind-fault-detection-platform\datasets\wind_blade_defect_v02_improve\images\train\hole_630.jpg,C:\Users\yys\Desktop\风机\wind-fault-detection-platform\datasets\wind_blade_defect_v02_improve\labels\train\hole_630.txt,C:\Users\yys\Desktop\风机\wind-fault-detection-platform\datasets\wind_blade_defect_v03_recall\images\train\v03_small_r1_hole_630.jpg,C:\Users\yys\Desktop\风机\wind-fault-detection-platform\datasets\wind_blade_defect_v03_recall\labels\train\v03_small_r1_hole_630.txt
small_target_recall_oversample,C:\Users\yys\Desktop\风机\wind-fault-detection-platform\datasets\wind_blade_defect_v02_improve\images\train\hole_631.jpg,C:\Users\yys\Desktop\风机\wind-fault-detection-platform\datasets\wind_blade_defect_v02_improve\labels\train\hole_631.txt,C:\Users\yys\Desktop\风机\wind-fault-detection-platform\datasets\wind_blade_defect_v03_recall\images\train\v03_small_r1_hole_631.jpg,C:\Users\yys\Desktop\风机\wind-fault-detection-platform\datasets\wind_blade_defect_v03_recall\labels\train\v03_small_r1_hole_631.txt
small_target_recall_oversample,C:\Users\yys\Desktop\风机\wind-fault-detection-platform\datasets\wind_blade_defect_v02_improve\images\train\hole_632.jpg,C:\Users\yys\Desktop\风机\wind-fault-detection-platform\datasets\wind_blade_defect_v02_improve\labels\train\hole_632.txt,C:\Users\yys\Desktop\风机\wind-fault-detection-platform\datasets\wind_blade_defect_v03_recall\images\train\v03_small_r1_hole_632.jpg,C:\Users\yys\Desktop\风机\wind-fault-detection-platform\datasets\wind_blade_defect_v03_recall\labels\train\v03_small_r1_hole_632.txt
small_target_recall_oversample,C:\Users\yys\Desktop\风机\wind-fault-detection-platform\datasets\wind_blade_defect_v02_improve\images\train\hole_633.jpg,C:\Users\yys\Desktop\风机\wind-fault-detection-platform\datasets\wind_blade_defect_v02_improve\labels\train\hole_633.txt,C:\Users\yys\Desktop\风机\wind-fault-detection-platform\datasets\wind_blade_defect_v03_recall\images\train\v03_small_r1_hole_633.jpg,C:\Users\yys\Desktop\风机\wind-fault-detection-platform\datasets\wind_blade_defect_v03_recall\labels\train\v03_small_r1_hole_633.txt
small_target_recall_oversample,C:\Users\yys\Desktop\风机\wind-fault-detection-platform\datasets\wind_blade_defect_v02_improve\images\train\hole_635.jpg,C:\Users\yys\Desktop\风机\wind-fault-detection-platform\datasets\wind_blade_defect_v02_improve\labels\train\hole_635.txt,C:\Users\yys\Desktop\风机\wind-fault-detection-platform\datasets\wind_blade_defect_v03_recall\images\train\v03_small_r1_hole_635.jpg,C:\Users\yys\Desktop\风机\wind-fault-detection-platform\datasets\wind_blade_defect_v03_recall\labels\train\v03_small_r1_hole_635.txt
small_target_recall_oversample,C:\Users\yys\Desktop\风机\wind-fault-detection-platform\datasets\wind_blade_defect_v02_improve\images\train\hole_637.jpg,C:\Users\yys\Desktop\风机\wind-fault-detection-platform\datasets\wind_blade_defect_v02_improve\labels\train\hole_637.txt,C:\Users\yys\Desktop\风机\wind-fault-detection-platform\datasets\wind_blade_defect_v03_recall\images\train\v03_small_r1_hole_637.jpg,C:\Users\yys\Desktop\风机\wind-fault-detection-platform\datasets\wind_blade_defect_v03_recall\labels\train\v03_small_r1_hole_637.txt
small_target_recall_oversample,C:\Users\yys\Desktop\风机\wind-fault-detection-platform\datasets\wind_blade_defect_v02_improve\images\train\hole_64.jpg,C:\Users\yys\Desktop\风机\wind-fault-detection-platform\datasets\wind_blade_defect_v02_improve\labels\train\hole_64.txt,C:\Users\yys\Desktop\风机\wind-fault-detection-platform\datasets\wind_blade_defect_v03_recall\images\train\v03_small_r1_hole_64.jpg,C:\Users\yys\Desktop\风机\wind-fault-detection-platform\datasets\wind_blade_defect_v03_recall\labels\train\v03_small_r1_hole_64.txt
small_target_recall_oversample,C:\Users\yys\Desktop\风机\wind-fault-detection-platform\datasets\wind_blade_defect_v02_improve\images\train\hole_640.jpg,C:\Users\yys\Desktop\风机\wind-fault-detection-platform\datasets\wind_blade_defect_v02_improve\labels\train\hole_640.txt,C:\Users\yys\Desktop\风机\wind-fault-detection-platform\datasets\wind_blade_defect_v03_recall\images\train\v03_small_r1_hole_640.jpg,C:\Users\yys\Desktop\风机\wind-fault-detection-platform\datasets\wind_blade_defect_v03_recall\labels\train\v03_small_r1_hole_640.txt
small_target_recall_oversample,C:\Users\yys\Desktop\风机\wind-fault-detection-platform\datasets\wind_blade_defect_v02_improve\images\train\hole_641.jpg,C:\Users\yys\Desktop\风机\wind-fault-detection-platform\datasets\wind_blade_defect_v02_improve\labels\train\hole_641.txt,C:\Users\yys\Desktop\风机\wind-fault-detection-platform\datasets\wind_blade_defect_v03_recall\images\train\v03_small_r1_hole_641.jpg,C:\Users\yys\Desktop\风机\wind-fault-detection-platform\datasets\wind_blade_defect_v03_recall\labels\train\v03_small_r1_hole_641.txt
small_target_recall_oversample,C:\Users\yys\Desktop\风机\wind-fault-detection-platform\datasets\wind_blade_defect_v02_improve\images\train\hole_643.jpg,C:\Users\yys\Desktop\风机\wind-fault-detection-platform\datasets\wind_blade_defect_v02_improve\labels\train\hole_643.txt,C:\Users\yys\Desktop\风机\wind-fault-detection-platform\datasets\wind_blade_defect_v03_recall\images\train\v03_small_r1_hole_643.jpg,C:\Users\yys\Desktop\风机\wind-fault-detection-platform\datasets\wind_blade_defect_v03_recall\labels\train\v03_small_r1_hole_643.txt
small_target_recall_oversample,C:\Users\yys\Desktop\风机\wind-fault-detection-platform\datasets\wind_blade_defect_v02_improve\images\train\hole_644.jpg,C:\Users\yys\Desktop\风机\wind-fault-detection-platform\datasets\wind_blade_defect_v02_improve\labels\train\hole_644.txt,C:\Users\yys\Desktop\风机\wind-fault-detection-platform\datasets\wind_blade_defect_v03_recall\images\train\v03_small_r1_hole_644.jpg,C:\Users\yys\Desktop\风机\wind-fault-detection-platform\datasets\wind_blade_defect_v03_recall\labels\train\v03_small_r1_hole_644.txt
small_target_recall_oversample,C:\Users\yys\Desktop\风机\wind-fault-detection-platform\datasets\wind_blade_defect_v02_improve\images\train\hole_645.jpg,C:\Users\yys\Desktop\风机\wind-fault-detection-platform\datasets\wind_blade_defect_v02_improve\labels\train\hole_645.txt,C:\Users\yys\Desktop\风机\wind-fault-detection-platform\datasets\wind_blade_defect_v03_recall\images\train\v03_small_r1_hole_645.jpg,C:\Users\yys\Desktop\风机\wind-fault-detection-platform\datasets\wind_blade_defect_v03_recall\labels\train\v03_small_r1_hole_645.txt
small_target_recall_oversample,C:\Users\yys\Desktop\风机\wind-fault-detection-platform\datasets\wind_blade_defect_v02_improve\images\train\hole_646.jpg,C:\Users\yys\Desktop\风机\wind-fault-detection-platform\datasets\wind_blade_defect_v02_improve\labels\train\hole_646.txt,C:\Users\yys\Desktop\风机\wind-fault-detection-platform\datasets\wind_blade_defect_v03_recall\images\train\v03_small_r1_hole_646.jpg,C:\Users\yys\Desktop\风机\wind-fault-detection-platform\datasets\wind_blade_defect_v03_recall\labels\train\v03_small_r1_hole_646.txt
small_target_recall_oversample,C:\Users\yys\Desktop\风机\wind-fault-detection-platform\datasets\wind_blade_defect_v02_improve\images\train\hole_647.jpg,C:\Users\yys\Desktop\风机\wind-fault-detection-platform\datasets\wind_blade_defect_v02_improve\labels\train\hole_647.txt,C:\Users\yys\Desktop\风机\wind-fault-detection-platform\datasets\wind_blade_defect_v03_recall\images\train\v03_small_r1_hole_647.jpg,C:\Users\yys\Desktop\风机\wind-fault-detection-platform\datasets\wind_blade_defect_v03_recall\labels\train\v03_small_r1_hole_647.txt
small_target_recall_oversample,C:\Users\yys\Desktop\风机\wind-fault-detection-platform\datasets\wind_blade_defect_v02_improve\images\train\hole_648.jpg,C:\Users\yys\Desktop\风机\wind-fault-detection-platform\datasets\wind_blade_defect_v02_improve\labels\train\hole_648.txt,C:\Users\yys\Desktop\风机\wind-fault-detection-platform\datasets\wind_blade_defect_v03_recall\images\train\v03_small_r1_hole_648.jpg,C:\Users\yys\Desktop\风机\wind-fault-detection-platform\datasets\wind_blade_defect_v03_recall\labels\train\v03_small_r1_hole_648.txt
small_target_recall_oversample,C:\Users\yys\Desktop\风机\wind-fault-detection-platform\datasets\wind_blade_defect_v02_improve\images\train\hole_649.jpg,C:\Users\yys\Desktop\风机\wind-fault-detection-platform\datasets\wind_blade_defect_v02_improve\labels\train\hole_649.txt,C:\Users\yys\Desktop\风机\wind-fault-detection-platform\datasets\wind_blade_defect_v03_recall\images\train\v03_small_r1_hole_649.jpg,C:\Users\yys\Desktop\风机\wind-fault-detection-platform\datasets\wind_blade_defect_v03_recall\labels\train\v03_small_r1_hole_649.txt
small_target_recall_oversample,C:\Users\yys\Desktop\风机\wind-fault-detection-platform\datasets\wind_blade_defect_v02_improve\images\train\hole_650.jpg,C:\Users\yys\Desktop\风机\wind-fault-detection-platform\datasets\wind_blade_defect_v02_improve\labels\train\hole_650.txt,C:\Users\yys\Desktop\风机\wind-fault-detection-platform\datasets\wind_blade_defect_v03_recall\images\train\v03_small_r1_hole_650.jpg,C:\Users\yys\Desktop\风机\wind-fault-detection-platform\datasets\wind_blade_defect_v03_recall\labels\train\v03_small_r1_hole_650.txt
small_target_recall_oversample,C:\Users\yys\Desktop\风机\wind-fault-detection-platform\datasets\wind_blade_defect_v02_improve\images\train\hole_651.jpg,C:\Users\yys\Desktop\风机\wind-fault-detection-platform\datasets\wind_blade_defect_v02_improve\labels\train\hole_651.txt,C:\Users\yys\Desktop\风机\wind-fault-detection-platform\datasets\wind_blade_defect_v03_recall\images\train\v03_small_r1_hole_651.jpg,C:\Users\yys\Desktop\风机\wind-fault-detection-platform\datasets\wind_blade_defect_v03_recall\labels\train\v03_small_r1_hole_651.txt
small_target_recall_oversample,C:\Users\yys\Desktop\风机\wind-fault-detection-platform\datasets\wind_blade_defect_v02_improve\images\train\hole_653.jpg,C:\Users\yys\Desktop\风机\wind-fault-detection-platform\datasets\wind_blade_defect_v02_improve\labels\train\hole_653.txt,C:\Users\yys\Desktop\风机\wind-fault-detection-platform\datasets\wind_blade_defect_v03_recall\images\train\v03_small_r1_hole_653.jpg,C:\Users\yys\Desktop\风机\wind-fault-detection-platform\datasets\wind_blade_defect_v03_recall\labels\train\v03_small_r1_hole_653.txt
small_target_recall_oversample,C:\Users\yys\Desktop\风机\wind-fault-detection-platform\datasets\wind_blade_defect_v02_improve\images\train\hole_655.jpg,C:\Users\yys\Desktop\风机\wind-fault-detection-platform\datasets\wind_blade_defect_v02_improve\labels\train\hole_655.txt,C:\Users\yys\Desktop\风机\wind-fault-detection-platform\datasets\wind_blade_defect_v03_recall\images\train\v03_small_r1_hole_655.jpg,C:\Users\yys\Desktop\风机\wind-fault-detection-platform\datasets\wind_blade_defect_v03_recall\labels\train\v03_small_r1_hole_655.txt
small_target_recall_oversample,C:\Users\yys\Desktop\风机\wind-fault-detection-platform\datasets\wind_blade_defect_v02_improve\images\train\hole_656.jpg,C:\Users\yys\Desktop\风机\wind-fault-detection-platform\datasets\wind_blade_defect_v02_improve\labels\train\hole_656.txt,C:\Users\yys\Desktop\风机\wind-fault-detection-platform\datasets\wind_blade_defect_v03_recall\images\train\v03_small_r1_hole_656.jpg,C:\Users\yys\Desktop\风机\wind-fault-detection-platform\datasets\wind_blade_defect_v03_recall\labels\train\v03_small_r1_hole_656.txt
small_target_recall_oversample,C:\Users\yys\Desktop\风机\wind-fault-detection-platform\datasets\wind_blade_defect_v02_improve\images\train\hole_657.jpg,C:\Users\yys\Desktop\风机\wind-fault-detection-platform\datasets\wind_blade_defect_v02_improve\labels\train\hole_657.txt,C:\Users\yys\Desktop\风机\wind-fault-detection-platform\datasets\wind_blade_defect_v03_recall\images\train\v03_small_r1_hole_657.jpg,C:\Users\yys\Desktop\风机\wind-fault-detection-platform\datasets\wind_blade_defect_v03_recall\labels\train\v03_small_r1_hole_657.txt
small_target_recall_oversample,C:\Users\yys\Desktop\风机\wind-fault-detection-platform\datasets\wind_blade_defect_v02_improve\images\train\hole_66.jpg,C:\Users\yys\Desktop\风机\wind-fault-detection-platform\datasets\wind_blade_defect_v02_improve\labels\train\hole_66.txt,C:\Users\yys\Desktop\风机\wind-fault-detection-platform\datasets\wind_blade_defect_v03_recall\images\train\v03_small_r1_hole_66.jpg,C:\Users\yys\Desktop\风机\wind-fault-detection-platform\datasets\wind_blade_defect_v03_recall\labels\train\v03_small_r1_hole_66.txt
small_target_recall_oversample,C:\Users\yys\Desktop\风机\wind-fault-detection-platform\datasets\wind_blade_defect_v02_improve\images\train\hole_661.jpg,C:\Users\yys\Desktop\风机\wind-fault-detection-platform\datasets\wind_blade_defect_v02_improve\labels\train\hole_661.txt,C:\Users\yys\Desktop\风机\wind-fault-detection-platform\datasets\wind_blade_defect_v03_recall\images\train\v03_small_r1_hole_661.jpg,C:\Users\yys\Desktop\风机\wind-fault-detection-platform\datasets\wind_blade_defect_v03_recall\labels\train\v03_small_r1_hole_661.txt
small_target_recall_oversample,C:\Users\yys\Desktop\风机\wind-fault-detection-platform\datasets\wind_blade_defect_v02_improve\images\train\hole_664.jpg,C:\Users\yys\Desktop\风机\wind-fault-detection-platform\datasets\wind_blade_defect_v02_improve\labels\train\hole_664.txt,C:\Users\yys\Desktop\风机\wind-fault-detection-platform\datasets\wind_blade_defect_v03_recall\images\train\v03_small_r1_hole_664.jpg,C:\Users\yys\Desktop\风机\wind-fault-detection-platform\datasets\wind_blade_defect_v03_recall\labels\train\v03_small_r1_hole_664.txt
small_target_recall_oversample,C:\Users\yys\Desktop\风机\wind-fault-detection-platform\datasets\wind_blade_defect_v02_improve\images\train\hole_667.jpg,C:\Users\yys\Desktop\风机\wind-fault-detection-platform\datasets\wind_blade_defect_v02_improve\labels\train\hole_667.txt,C:\Users\yys\Desktop\风机\wind-fault-detection-platform\datasets\wind_blade_defect_v03_recall\images\train\v03_small_r1_hole_667.jpg,C:\Users\yys\Desktop\风机\wind-fault-detection-platform\datasets\wind_blade_defect_v03_recall\labels\train\v03_small_r1_hole_667.txt
small_target_recall_oversample,C:\Users\yys\Desktop\风机\wind-fault-detection-platform\datasets\wind_blade_defect_v02_improve\images\train\hole_668.jpg,C:\Users\yys\Desktop\风机\wind-fault-detection-platform\datasets\wind_blade_defect_v02_improve\labels\train\hole_668.txt,C:\Users\yys\Desktop\风机\wind-fault-detection-platform\datasets\wind_blade_defect_v03_recall\images\train\v03_small_r1_hole_668.jpg,C:\Users\yys\Desktop\风机\wind-fault-detection-platform\datasets\wind_blade_defect_v03_recall\labels\train\v03_small_r1_hole_668.txt
small_target_recall_oversample,C:\Users\yys\Desktop\风机\wind-fault-detection-platform\datasets\wind_blade_defect_v02_improve\images\train\hole_669.jpg,C:\Users\yys\Desktop\风机\wind-fault-detection-platform\datasets\wind_blade_defect_v02_improve\labels\train\hole_669.txt,C:\Users\yys\Desktop\风机\wind-fault-detection-platform\datasets\wind_blade_defect_v03_recall\images\train\v03_small_r1_hole_669.jpg,C:\Users\yys\Desktop\风机\wind-fault-detection-platform\datasets\wind_blade_defect_v03_recall\labels\train\v03_small_r1_hole_669.txt
small_target_recall_oversample,C:\Users\yys\Desktop\风机\wind-fault-detection-platform\datasets\wind_blade_defect_v02_improve\images\train\hole_67.jpg,C:\Users\yys\Desktop\风机\wind-fault-detection-platform\datasets\wind_blade_defect_v02_improve\labels\train\hole_67.txt,C:\Users\yys\Desktop\风机\wind-fault-detection-platform\datasets\wind_blade_defect_v03_recall\images\train\v03_small_r1_hole_67.jpg,C:\Users\yys\Desktop\风机\wind-fault-detection-platform\datasets\wind_blade_defect_v03_recall\labels\train\v03_small_r1_hole_67.txt
small_target_recall_oversample,C:\Users\yys\Desktop\风机\wind-fault-detection-platform\datasets\wind_blade_defect_v02_improve\images\train\hole_670.jpg,C:\Users\yys\Desktop\风机\wind-fault-detection-platform\datasets\wind_blade_defect_v02_improve\labels\train\hole_670.txt,C:\Users\yys\Desktop\风机\wind-fault-detection-platform\datasets\wind_blade_defect_v03_recall\images\train\v03_small_r1_hole_670.jpg,C:\Users\yys\Desktop\风机\wind-fault-detection-platform\datasets\wind_blade_defect_v03_recall\labels\train\v03_small_r1_hole_670.txt
small_target_recall_oversample,C:\Users\yys\Desktop\风机\wind-fault-detection-platform\datasets\wind_blade_defect_v02_improve\images\train\hole_675.jpg,C:\Users\yys\Desktop\风机\wind-fault-detection-platform\datasets\wind_blade_defect_v02_improve\labels\train\hole_675.txt,C:\Users\yys\Desktop\风机\wind-fault-detection-platform\datasets\wind_blade_defect_v03_recall\images\train\v03_small_r1_hole_675.jpg,C:\Users\yys\Desktop\风机\wind-fault-detection-platform\datasets\wind_blade_defect_v03_recall\labels\train\v03_small_r1_hole_675.txt
small_target_recall_oversample,C:\Users\yys\Desktop\风机\wind-fault-detection-platform\datasets\wind_blade_defect_v02_improve\images\train\hole_677.jpg,C:\Users\yys\Desktop\风机\wind-fault-detection-platform\datasets\wind_blade_defect_v02_improve\labels\train\hole_677.txt,C:\Users\yys\Desktop\风机\wind-fault-detection-platform\datasets\wind_blade_defect_v03_recall\images\train\v03_small_r1_hole_677.jpg,C:\Users\yys\Desktop\风机\wind-fault-detection-platform\datasets\wind_blade_defect_v03_recall\labels\train\v03_small_r1_hole_677.txt
small_target_recall_oversample,C:\Users\yys\Desktop\风机\wind-fault-detection-platform\datasets\wind_blade_defect_v02_improve\images\train\hole_678.jpg,C:\Users\yys\Desktop\风机\wind-fault-detection-platform\datasets\wind_blade_defect_v02_improve\labels\train\hole_678.txt,C:\Users\yys\Desktop\风机\wind-fault-detection-platform\datasets\wind_blade_defect_v03_recall\images\train\v03_small_r1_hole_678.jpg,C:\Users\yys\Desktop\风机\wind-fault-detection-platform\datasets\wind_blade_defect_v03_recall\labels\train\v03_small_r1_hole_678.txt
small_target_recall_oversample,C:\Users\yys\Desktop\风机\wind-fault-detection-platform\datasets\wind_blade_defect_v02_improve\images\train\hole_680.jpg,C:\Users\yys\Desktop\风机\wind-fault-detection-platform\datasets\wind_blade_defect_v02_improve\labels\train\hole_680.txt,C:\Users\yys\Desktop\风机\wind-fault-detection-platform\datasets\wind_blade_defect_v03_recall\images\train\v03_small_r1_hole_680.jpg,C:\Users\yys\Desktop\风机\wind-fault-detection-platform\datasets\wind_blade_defect_v03_recall\labels\train\v03_small_r1_hole_680.txt
small_target_recall_oversample,C:\Users\yys\Desktop\风机\wind-fault-detection-platform\datasets\wind_blade_defect_v02_improve\images\train\hole_681.jpg,C:\Users\yys\Desktop\风机\wind-fault-detection-platform\datasets\wind_blade_defect_v02_improve\labels\train\hole_681.txt,C:\Users\yys\Desktop\风机\wind-fault-detection-platform\datasets\wind_blade_defect_v03_recall\images\train\v03_small_r1_hole_681.jpg,C:\Users\yys\Desktop\风机\wind-fault-detection-platform\datasets\wind_blade_defect_v03_recall\labels\train\v03_small_r1_hole_681.txt
small_target_recall_oversample,C:\Users\yys\Desktop\风机\wind-fault-detection-platform\datasets\wind_blade_defect_v02_improve\images\train\hole_683.jpg,C:\Users\yys\Desktop\风机\wind-fault-detection-platform\datasets\wind_blade_defect_v02_improve\labels\train\hole_683.txt,C:\Users\yys\Desktop\风机\wind-fault-detection-platform\datasets\wind_blade_defect_v03_recall\images\train\v03_small_r1_hole_683.jpg,C:\Users\yys\Desktop\风机\wind-fault-detection-platform\datasets\wind_blade_defect_v03_recall\labels\train\v03_small_r1_hole_683.txt
small_target_recall_oversample,C:\Users\yys\Desktop\风机\wind-fault-detection-platform\datasets\wind_blade_defect_v02_improve\images\train\hole_684.jpg,C:\Users\yys\Desktop\风机\wind-fault-detection-platform\datasets\wind_blade_defect_v02_improve\labels\train\hole_684.txt,C:\Users\yys\Desktop\风机\wind-fault-detection-platform\datasets\wind_blade_defect_v03_recall\images\train\v03_small_r1_hole_684.jpg,C:\Users\yys\Desktop\风机\wind-fault-detection-platform\datasets\wind_blade_defect_v03_recall\labels\train\v03_small_r1_hole_684.txt
small_target_recall_oversample,C:\Users\yys\Desktop\风机\wind-fault-detection-platform\datasets\wind_blade_defect_v02_improve\images\train\hole_686.jpg,C:\Users\yys\Desktop\风机\wind-fault-detection-platform\datasets\wind_blade_defect_v02_improve\labels\train\hole_686.txt,C:\Users\yys\Desktop\风机\wind-fault-detection-platform\datasets\wind_blade_defect_v03_recall\images\train\v03_small_r1_hole_686.jpg,C:\Users\yys\Desktop\风机\wind-fault-detection-platform\datasets\wind_blade_defect_v03_recall\labels\train\v03_small_r1_hole_686.txt
small_target_recall_oversample,C:\Users\yys\Desktop\风机\wind-fault-detection-platform\datasets\wind_blade_defect_v02_improve\images\train\hole_687.jpg,C:\Users\yys\Desktop\风机\wind-fault-detection-platform\datasets\wind_blade_defect_v02_improve\labels\train\hole_687.txt,C:\Users\yys\Desktop\风机\wind-fault-detection-platform\datasets\wind_blade_defect_v03_recall\images\train\v03_small_r1_hole_687.jpg,C:\Users\yys\Desktop\风机\wind-fault-detection-platform\datasets\wind_blade_defect_v03_recall\labels\train\v03_small_r1_hole_687.txt
small_target_recall_oversample,C:\Users\yys\Desktop\风机\wind-fault-detection-platform\datasets\wind_blade_defect_v02_improve\images\train\hole_688.jpg,C:\Users\yys\Desktop\风机\wind-fault-detection-platform\datasets\wind_blade_defect_v02_improve\labels\train\hole_688.txt,C:\Users\yys\Desktop\风机\wind-fault-detection-platform\datasets\wind_blade_defect_v03_recall\images\train\v03_small_r1_hole_688.jpg,C:\Users\yys\Desktop\风机\wind-fault-detection-platform\datasets\wind_blade_defect_v03_recall\labels\train\v03_small_r1_hole_688.txt
small_target_recall_oversample,C:\Users\yys\Desktop\风机\wind-fault-detection-platform\datasets\wind_blade_defect_v02_improve\images\train\hole_689.jpg,C:\Users\yys\Desktop\风机\wind-fault-detection-platform\datasets\wind_blade_defect_v02_improve\labels\train\hole_689.txt,C:\Users\yys\Desktop\风机\wind-fault-detection-platform\datasets\wind_blade_defect_v03_recall\images\train\v03_small_r1_hole_689.jpg,C:\Users\yys\Desktop\风机\wind-fault-detection-platform\datasets\wind_blade_defect_v03_recall\labels\train\v03_small_r1_hole_689.txt
small_target_recall_oversample,C:\Users\yys\Desktop\风机\wind-fault-detection-platform\datasets\wind_blade_defect_v02_improve\images\train\hole_69.jpg,C:\Users\yys\Desktop\风机\wind-fault-detection-platform\datasets\wind_blade_defect_v02_improve\labels\train\hole_69.txt,C:\Users\yys\Desktop\风机\wind-fault-detection-platform\datasets\wind_blade_defect_v03_recall\images\train\v03_small_r1_hole_69.jpg,C:\Users\yys\Desktop\风机\wind-fault-detection-platform\datasets\wind_blade_defect_v03_recall\labels\train\v03_small_r1_hole_69.txt
small_target_recall_oversample,C:\Users\yys\Desktop\风机\wind-fault-detection-platform\datasets\wind_blade_defect_v02_improve\images\train\hole_690.jpg,C:\Users\yys\Desktop\风机\wind-fault-detection-platform\datasets\wind_blade_defect_v02_improve\labels\train\hole_690.txt,C:\Users\yys\Desktop\风机\wind-fault-detection-platform\datasets\wind_blade_defect_v03_recall\images\train\v03_small_r1_hole_690.jpg,C:\Users\yys\Desktop\风机\wind-fault-detection-platform\datasets\wind_blade_defect_v03_recall\labels\train\v03_small_r1_hole_690.txt
small_target_recall_oversample,C:\Users\yys\Desktop\风机\wind-fault-detection-platform\datasets\wind_blade_defect_v02_improve\images\train\hole_692.jpg,C:\Users\yys\Desktop\风机\wind-fault-detection-platform\datasets\wind_blade_defect_v02_improve\labels\train\hole_692.txt,C:\Users\yys\Desktop\风机\wind-fault-detection-platform\datasets\wind_blade_defect_v03_recall\images\train\v03_small_r1_hole_692.jpg,C:\Users\yys\Desktop\风机\wind-fault-detection-platform\datasets\wind_blade_defect_v03_recall\labels\train\v03_small_r1_hole_692.txt
small_target_recall_oversample,C:\Users\yys\Desktop\风机\wind-fault-detection-platform\datasets\wind_blade_defect_v02_improve\images\train\hole_694.jpg,C:\Users\yys\Desktop\风机\wind-fault-detection-platform\datasets\wind_blade_defect_v02_improve\labels\train\hole_694.txt,C:\Users\yys\Desktop\风机\wind-fault-detection-platform\datasets\wind_blade_defect_v03_recall\images\train\v03_small_r1_hole_694.jpg,C:\Users\yys\Desktop\风机\wind-fault-detection-platform\datasets\wind_blade_defect_v03_recall\labels\train\v03_small_r1_hole_694.txt
small_target_recall_oversample,C:\Users\yys\Desktop\风机\wind-fault-detection-platform\datasets\wind_blade_defect_v02_improve\images\train\hole_695.jpg,C:\Users\yys\Desktop\风机\wind-fault-detection-platform\datasets\wind_blade_defect_v02_improve\labels\train\hole_695.txt,C:\Users\yys\Desktop\风机\wind-fault-detection-platform\datasets\wind_blade_defect_v03_recall\images\train\v03_small_r1_hole_695.jpg,C:\Users\yys\Desktop\风机\wind-fault-detection-platform\datasets\wind_blade_defect_v03_recall\labels\train\v03_small_r1_hole_695.txt
small_target_recall_oversample,C:\Users\yys\Desktop\风机\wind-fault-detection-platform\datasets\wind_blade_defect_v02_improve\images\train\hole_697.jpg,C:\Users\yys\Desktop\风机\wind-fault-detection-platform\datasets\wind_blade_defect_v02_improve\labels\train\hole_697.txt,C:\Users\yys\Desktop\风机\wind-fault-detection-platform\datasets\wind_blade_defect_v03_recall\images\train\v03_small_r1_hole_697.jpg,C:\Users\yys\Desktop\风机\wind-fault-detection-platform\datasets\wind_blade_defect_v03_recall\labels\train\v03_small_r1_hole_697.txt
small_target_recall_oversample,C:\Users\yys\Desktop\风机\wind-fault-detection-platform\datasets\wind_blade_defect_v02_improve\images\train\hole_698.jpg,C:\Users\yys\Desktop\风机\wind-fault-detection-platform\datasets\wind_blade_defect_v02_improve\labels\train\hole_698.txt,C:\Users\yys\Desktop\风机\wind-fault-detection-platform\datasets\wind_blade_defect_v03_recall\images\train\v03_small_r1_hole_698.jpg,C:\Users\yys\Desktop\风机\wind-fault-detection-platform\datasets\wind_blade_defect_v03_recall\labels\train\v03_small_r1_hole_698.txt
small_target_recall_oversample,C:\Users\yys\Desktop\风机\wind-fault-detection-platform\datasets\wind_blade_defect_v02_improve\images\train\hole_699.jpg,C:\Users\yys\Desktop\风机\wind-fault-detection-platform\datasets\wind_blade_defect_v02_improve\labels\train\hole_699.txt,C:\Users\yys\Desktop\风机\wind-fault-detection-platform\datasets\wind_blade_defect_v03_recall\images\train\v03_small_r1_hole_699.jpg,C:\Users\yys\Desktop\风机\wind-fault-detection-platform\datasets\wind_blade_defect_v03_recall\labels\train\v03_small_r1_hole_699.txt
small_target_recall_oversample,C:\Users\yys\Desktop\风机\wind-fault-detection-platform\datasets\wind_blade_defect_v02_improve\images\train\hole_7.jpg,C:\Users\yys\Desktop\风机\wind-fault-detection-platform\datasets\wind_blade_defect_v02_improve\labels\train\hole_7.txt,C:\Users\yys\Desktop\风机\wind-fault-detection-platform\datasets\wind_blade_defect_v03_recall\images\train\v03_small_r1_hole_7.jpg,C:\Users\yys\Desktop\风机\wind-fault-detection-platform\datasets\wind_blade_defect_v03_recall\labels\train\v03_small_r1_hole_7.txt
small_target_recall_oversample,C:\Users\yys\Desktop\风机\wind-fault-detection-platform\datasets\wind_blade_defect_v02_improve\images\train\hole_700.jpg,C:\Users\yys\Desktop\风机\wind-fault-detection-platform\datasets\wind_blade_defect_v02_improve\labels\train\hole_700.txt,C:\Users\yys\Desktop\风机\wind-fault-detection-platform\datasets\wind_blade_defect_v03_recall\images\train\v03_small_r1_hole_700.jpg,C:\Users\yys\Desktop\风机\wind-fault-detection-platform\datasets\wind_blade_defect_v03_recall\labels\train\v03_small_r1_hole_700.txt
small_target_recall_oversample,C:\Users\yys\Desktop\风机\wind-fault-detection-platform\datasets\wind_blade_defect_v02_improve\images\train\hole_702.jpg,C:\Users\yys\Desktop\风机\wind-fault-detection-platform\datasets\wind_blade_defect_v02_improve\labels\train\hole_702.txt,C:\Users\yys\Desktop\风机\wind-fault-detection-platform\datasets\wind_blade_defect_v03_recall\images\train\v03_small_r1_hole_702.jpg,C:\Users\yys\Desktop\风机\wind-fault-detection-platform\datasets\wind_blade_defect_v03_recall\labels\train\v03_small_r1_hole_702.txt
small_target_recall_oversample,C:\Users\yys\Desktop\风机\wind-fault-detection-platform\datasets\wind_blade_defect_v02_improve\images\train\hole_703.jpg,C:\Users\yys\Desktop\风机\wind-fault-detection-platform\datasets\wind_blade_defect_v02_improve\labels\train\hole_703.txt,C:\Users\yys\Desktop\风机\wind-fault-detection-platform\datasets\wind_blade_defect_v03_recall\images\train\v03_small_r1_hole_703.jpg,C:\Users\yys\Desktop\风机\wind-fault-detection-platform\datasets\wind_blade_defect_v03_recall\labels\train\v03_small_r1_hole_703.txt
small_target_recall_oversample,C:\Users\yys\Desktop\风机\wind-fault-detection-platform\datasets\wind_blade_defect_v02_improve\images\train\hole_704.jpg,C:\Users\yys\Desktop\风机\wind-fault-detection-platform\datasets\wind_blade_defect_v02_improve\labels\train\hole_704.txt,C:\Users\yys\Desktop\风机\wind-fault-detection-platform\datasets\wind_blade_defect_v03_recall\images\train\v03_small_r1_hole_704.jpg,C:\Users\yys\Desktop\风机\wind-fault-detection-platform\datasets\wind_blade_defect_v03_recall\labels\train\v03_small_r1_hole_704.txt
small_target_recall_oversample,C:\Users\yys\Desktop\风机\wind-fault-detection-platform\datasets\wind_blade_defect_v02_improve\images\train\hole_708.jpg,C:\Users\yys\Desktop\风机\wind-fault-detection-platform\datasets\wind_blade_defect_v02_improve\labels\train\hole_708.txt,C:\Users\yys\Desktop\风机\wind-fault-detection-platform\datasets\wind_blade_defect_v03_recall\images\train\v03_small_r1_hole_708.jpg,C:\Users\yys\Desktop\风机\wind-fault-detection-platform\datasets\wind_blade_defect_v03_recall\labels\train\v03_small_r1_hole_708.txt
small_target_recall_oversample,C:\Users\yys\Desktop\风机\wind-fault-detection-platform\datasets\wind_blade_defect_v02_improve\images\train\hole_709.jpg,C:\Users\yys\Desktop\风机\wind-fault-detection-platform\datasets\wind_blade_defect_v02_improve\labels\train\hole_709.txt,C:\Users\yys\Desktop\风机\wind-fault-detection-platform\datasets\wind_blade_defect_v03_recall\images\train\v03_small_r1_hole_709.jpg,C:\Users\yys\Desktop\风机\wind-fault-detection-platform\datasets\wind_blade_defect_v03_recall\labels\train\v03_small_r1_hole_709.txt
small_target_recall_oversample,C:\Users\yys\Desktop\风机\wind-fault-detection-platform\datasets\wind_blade_defect_v02_improve\images\train\hole_712.jpg,C:\Users\yys\Desktop\风机\wind-fault-detection-platform\datasets\wind_blade_defect_v02_improve\labels\train\hole_712.txt,C:\Users\yys\Desktop\风机\wind-fault-detection-platform\datasets\wind_blade_defect_v03_recall\images\train\v03_small_r1_hole_712.jpg,C:\Users\yys\Desktop\风机\wind-fault-detection-platform\datasets\wind_blade_defect_v03_recall\labels\train\v03_small_r1_hole_712.txt
small_target_recall_oversample,C:\Users\yys\Desktop\风机\wind-fault-detection-platform\datasets\wind_blade_defect_v02_improve\images\train\hole_713.jpg,C:\Users\yys\Desktop\风机\wind-fault-detection-platform\datasets\wind_blade_defect_v02_improve\labels\train\hole_713.txt,C:\Users\yys\Desktop\风机\wind-fault-detection-platform\datasets\wind_blade_defect_v03_recall\images\train\v03_small_r1_hole_713.jpg,C:\Users\yys\Desktop\风机\wind-fault-detection-platform\datasets\wind_blade_defect_v03_recall\labels\train\v03_small_r1_hole_713.txt
small_target_recall_oversample,C:\Users\yys\Desktop\风机\wind-fault-detection-platform\datasets\wind_blade_defect_v02_improve\images\train\hole_715.jpg,C:\Users\yys\Desktop\风机\wind-fault-detection-platform\datasets\wind_blade_defect_v02_improve\labels\train\hole_715.txt,C:\Users\yys\Desktop\风机\wind-fault-detection-platform\datasets\wind_blade_defect_v03_recall\images\train\v03_small_r1_hole_715.jpg,C:\Users\yys\Desktop\风机\wind-fault-detection-platform\datasets\wind_blade_defect_v03_recall\labels\train\v03_small_r1_hole_715.txt
small_target_recall_oversample,C:\Users\yys\Desktop\风机\wind-fault-detection-platform\datasets\wind_blade_defect_v02_improve\images\train\hole_716.jpg,C:\Users\yys\Desktop\风机\wind-fault-detection-platform\datasets\wind_blade_defect_v02_improve\labels\train\hole_716.txt,C:\Users\yys\Desktop\风机\wind-fault-detection-platform\datasets\wind_blade_defect_v03_recall\images\train\v03_small_r1_hole_716.jpg,C:\Users\yys\Desktop\风机\wind-fault-detection-platform\datasets\wind_blade_defect_v03_recall\labels\train\v03_small_r1_hole_716.txt
small_target_recall_oversample,C:\Users\yys\Desktop\风机\wind-fault-detection-platform\datasets\wind_blade_defect_v02_improve\images\train\hole_717.jpg,C:\Users\yys\Desktop\风机\wind-fault-detection-platform\datasets\wind_blade_defect_v02_improve\labels\train\hole_717.txt,C:\Users\yys\Desktop\风机\wind-fault-detection-platform\datasets\wind_blade_defect_v03_recall\images\train\v03_small_r1_hole_717.jpg,C:\Users\yys\Desktop\风机\wind-fault-detection-platform\datasets\wind_blade_defect_v03_recall\labels\train\v03_small_r1_hole_717.txt
small_target_recall_oversample,C:\Users\yys\Desktop\风机\wind-fault-detection-platform\datasets\wind_blade_defect_v02_improve\images\train\hole_718.jpg,C:\Users\yys\Desktop\风机\wind-fault-detection-platform\datasets\wind_blade_defect_v02_improve\labels\train\hole_718.txt,C:\Users\yys\Desktop\风机\wind-fault-detection-platform\datasets\wind_blade_defect_v03_recall\images\train\v03_small_r1_hole_718.jpg,C:\Users\yys\Desktop\风机\wind-fault-detection-platform\datasets\wind_blade_defect_v03_recall\labels\train\v03_small_r1_hole_718.txt
small_target_recall_oversample,C:\Users\yys\Desktop\风机\wind-fault-detection-platform\datasets\wind_blade_defect_v02_improve\images\train\hole_719.jpg,C:\Users\yys\Desktop\风机\wind-fault-detection-platform\datasets\wind_blade_defect_v02_improve\labels\train\hole_719.txt,C:\Users\yys\Desktop\风机\wind-fault-detection-platform\datasets\wind_blade_defect_v03_recall\images\train\v03_small_r1_hole_719.jpg,C:\Users\yys\Desktop\风机\wind-fault-detection-platform\datasets\wind_blade_defect_v03_recall\labels\train\v03_small_r1_hole_719.txt
small_target_recall_oversample,C:\Users\yys\Desktop\风机\wind-fault-detection-platform\datasets\wind_blade_defect_v02_improve\images\train\hole_723.jpg,C:\Users\yys\Desktop\风机\wind-fault-detection-platform\datasets\wind_blade_defect_v02_improve\labels\train\hole_723.txt,C:\Users\yys\Desktop\风机\wind-fault-detection-platform\datasets\wind_blade_defect_v03_recall\images\train\v03_small_r1_hole_723.jpg,C:\Users\yys\Desktop\风机\wind-fault-detection-platform\datasets\wind_blade_defect_v03_recall\labels\train\v03_small_r1_hole_723.txt
small_target_recall_oversample,C:\Users\yys\Desktop\风机\wind-fault-detection-platform\datasets\wind_blade_defect_v02_improve\images\train\hole_725.jpg,C:\Users\yys\Desktop\风机\wind-fault-detection-platform\datasets\wind_blade_defect_v02_improve\labels\train\hole_725.txt,C:\Users\yys\Desktop\风机\wind-fault-detection-platform\datasets\wind_blade_defect_v03_recall\images\train\v03_small_r1_hole_725.jpg,C:\Users\yys\Desktop\风机\wind-fault-detection-platform\datasets\wind_blade_defect_v03_recall\labels\train\v03_small_r1_hole_725.txt
small_target_recall_oversample,C:\Users\yys\Desktop\风机\wind-fault-detection-platform\datasets\wind_blade_defect_v02_improve\images\train\hole_726.jpg,C:\Users\yys\Desktop\风机\wind-fault-detection-platform\datasets\wind_blade_defect_v02_improve\labels\train\hole_726.txt,C:\Users\yys\Desktop\风机\wind-fault-detection-platform\datasets\wind_blade_defect_v03_recall\images\train\v03_small_r1_hole_726.jpg,C:\Users\yys\Desktop\风机\wind-fault-detection-platform\datasets\wind_blade_defect_v03_recall\labels\train\v03_small_r1_hole_726.txt
small_target_recall_oversample,C:\Users\yys\Desktop\风机\wind-fault-detection-platform\datasets\wind_blade_defect_v02_improve\images\train\hole_728.jpg,C:\Users\yys\Desktop\风机\wind-fault-detection-platform\datasets\wind_blade_defect_v02_improve\labels\train\hole_728.txt,C:\Users\yys\Desktop\风机\wind-fault-detection-platform\datasets\wind_blade_defect_v03_recall\images\train\v03_small_r1_hole_728.jpg,C:\Users\yys\Desktop\风机\wind-fault-detection-platform\datasets\wind_blade_defect_v03_recall\labels\train\v03_small_r1_hole_728.txt
small_target_recall_oversample,C:\Users\yys\Desktop\风机\wind-fault-detection-platform\datasets\wind_blade_defect_v02_improve\images\train\hole_729.jpg,C:\Users\yys\Desktop\风机\wind-fault-detection-platform\datasets\wind_blade_defect_v02_improve\labels\train\hole_729.txt,C:\Users\yys\Desktop\风机\wind-fault-detection-platform\datasets\wind_blade_defect_v03_recall\images\train\v03_small_r1_hole_729.jpg,C:\Users\yys\Desktop\风机\wind-fault-detection-platform\datasets\wind_blade_defect_v03_recall\labels\train\v03_small_r1_hole_729.txt
small_target_recall_oversample,C:\Users\yys\Desktop\风机\wind-fault-detection-platform\datasets\wind_blade_defect_v02_improve\images\train\hole_730.jpg,C:\Users\yys\Desktop\风机\wind-fault-detection-platform\datasets\wind_blade_defect_v02_improve\labels\train\hole_730.txt,C:\Users\yys\Desktop\风机\wind-fault-detection-platform\datasets\wind_blade_defect_v03_recall\images\train\v03_small_r1_hole_730.jpg,C:\Users\yys\Desktop\风机\wind-fault-detection-platform\datasets\wind_blade_defect_v03_recall\labels\train\v03_small_r1_hole_730.txt
small_target_recall_oversample,C:\Users\yys\Desktop\风机\wind-fault-detection-platform\datasets\wind_blade_defect_v02_improve\images\train\hole_733.jpg,C:\Users\yys\Desktop\风机\wind-fault-detection-platform\datasets\wind_blade_defect_v02_improve\labels\train\hole_733.txt,C:\Users\yys\Desktop\风机\wind-fault-detection-platform\datasets\wind_blade_defect_v03_recall\images\train\v03_small_r1_hole_733.jpg,C:\Users\yys\Desktop\风机\wind-fault-detection-platform\datasets\wind_blade_defect_v03_recall\labels\train\v03_small_r1_hole_733.txt
small_target_recall_oversample,C:\Users\yys\Desktop\风机\wind-fault-detection-platform\datasets\wind_blade_defect_v02_improve\images\train\hole_739.jpg,C:\Users\yys\Desktop\风机\wind-fault-detection-platform\datasets\wind_blade_defect_v02_improve\labels\train\hole_739.txt,C:\Users\yys\Desktop\风机\wind-fault-detection-platform\datasets\wind_blade_defect_v03_recall\images\train\v03_small_r1_hole_739.jpg,C:\Users\yys\Desktop\风机\wind-fault-detection-platform\datasets\wind_blade_defect_v03_recall\labels\train\v03_small_r1_hole_739.txt
small_target_recall_oversample,C:\Users\yys\Desktop\风机\wind-fault-detection-platform\datasets\wind_blade_defect_v02_improve\images\train\hole_74.jpg,C:\Users\yys\Desktop\风机\wind-fault-detection-platform\datasets\wind_blade_defect_v02_improve\labels\train\hole_74.txt,C:\Users\yys\Desktop\风机\wind-fault-detection-platform\datasets\wind_blade_defect_v03_recall\images\train\v03_small_r1_hole_74.jpg,C:\Users\yys\Desktop\风机\wind-fault-detection-platform\datasets\wind_blade_defect_v03_recall\labels\train\v03_small_r1_hole_74.txt
small_target_recall_oversample,C:\Users\yys\Desktop\风机\wind-fault-detection-platform\datasets\wind_blade_defect_v02_improve\images\train\hole_740.jpg,C:\Users\yys\Desktop\风机\wind-fault-detection-platform\datasets\wind_blade_defect_v02_improve\labels\train\hole_740.txt,C:\Users\yys\Desktop\风机\wind-fault-detection-platform\datasets\wind_blade_defect_v03_recall\images\train\v03_small_r1_hole_740.jpg,C:\Users\yys\Desktop\风机\wind-fault-detection-platform\datasets\wind_blade_defect_v03_recall\labels\train\v03_small_r1_hole_740.txt
small_target_recall_oversample,C:\Users\yys\Desktop\风机\wind-fault-detection-platform\datasets\wind_blade_defect_v02_improve\images\train\hole_743.jpg,C:\Users\yys\Desktop\风机\wind-fault-detection-platform\datasets\wind_blade_defect_v02_improve\labels\train\hole_743.txt,C:\Users\yys\Desktop\风机\wind-fault-detection-platform\datasets\wind_blade_defect_v03_recall\images\train\v03_small_r1_hole_743.jpg,C:\Users\yys\Desktop\风机\wind-fault-detection-platform\datasets\wind_blade_defect_v03_recall\labels\train\v03_small_r1_hole_743.txt
small_target_recall_oversample,C:\Users\yys\Desktop\风机\wind-fault-detection-platform\datasets\wind_blade_defect_v02_improve\images\train\hole_744.jpg,C:\Users\yys\Desktop\风机\wind-fault-detection-platform\datasets\wind_blade_defect_v02_improve\labels\train\hole_744.txt,C:\Users\yys\Desktop\风机\wind-fault-detection-platform\datasets\wind_blade_defect_v03_recall\images\train\v03_small_r1_hole_744.jpg,C:\Users\yys\Desktop\风机\wind-fault-detection-platform\datasets\wind_blade_defect_v03_recall\labels\train\v03_small_r1_hole_744.txt
small_target_recall_oversample,C:\Users\yys\Desktop\风机\wind-fault-detection-platform\datasets\wind_blade_defect_v02_improve\images\train\hole_745.jpg,C:\Users\yys\Desktop\风机\wind-fault-detection-platform\datasets\wind_blade_defect_v02_improve\labels\train\hole_745.txt,C:\Users\yys\Desktop\风机\wind-fault-detection-platform\datasets\wind_blade_defect_v03_recall\images\train\v03_small_r1_hole_745.jpg,C:\Users\yys\Desktop\风机\wind-fault-detection-platform\datasets\wind_blade_defect_v03_recall\labels\train\v03_small_r1_hole_745.txt
small_target_recall_oversample,C:\Users\yys\Desktop\风机\wind-fault-detection-platform\datasets\wind_blade_defect_v02_improve\images\train\hole_747.jpg,C:\Users\yys\Desktop\风机\wind-fault-detection-platform\datasets\wind_blade_defect_v02_improve\labels\train\hole_747.txt,C:\Users\yys\Desktop\风机\wind-fault-detection-platform\datasets\wind_blade_defect_v03_recall\images\train\v03_small_r1_hole_747.jpg,C:\Users\yys\Desktop\风机\wind-fault-detection-platform\datasets\wind_blade_defect_v03_recall\labels\train\v03_small_r1_hole_747.txt
small_target_recall_oversample,C:\Users\yys\Desktop\风机\wind-fault-detection-platform\datasets\wind_blade_defect_v02_improve\images\train\hole_748.jpg,C:\Users\yys\Desktop\风机\wind-fault-detection-platform\datasets\wind_blade_defect_v02_improve\labels\train\hole_748.txt,C:\Users\yys\Desktop\风机\wind-fault-detection-platform\datasets\wind_blade_defect_v03_recall\images\train\v03_small_r1_hole_748.jpg,C:\Users\yys\Desktop\风机\wind-fault-detection-platform\datasets\wind_blade_defect_v03_recall\labels\train\v03_small_r1_hole_748.txt
small_target_recall_oversample,C:\Users\yys\Desktop\风机\wind-fault-detection-platform\datasets\wind_blade_defect_v02_improve\images\train\hole_749.jpg,C:\Users\yys\Desktop\风机\wind-fault-detection-platform\datasets\wind_blade_defect_v02_improve\labels\train\hole_749.txt,C:\Users\yys\Desktop\风机\wind-fault-detection-platform\datasets\wind_blade_defect_v03_recall\images\train\v03_small_r1_hole_749.jpg,C:\Users\yys\Desktop\风机\wind-fault-detection-platform\datasets\wind_blade_defect_v03_recall\labels\train\v03_small_r1_hole_749.txt
small_target_recall_oversample,C:\Users\yys\Desktop\风机\wind-fault-detection-platform\datasets\wind_blade_defect_v02_improve\images\train\hole_75.jpg,C:\Users\yys\Desktop\风机\wind-fault-detection-platform\datasets\wind_blade_defect_v02_improve\labels\train\hole_75.txt,C:\Users\yys\Desktop\风机\wind-fault-detection-platform\datasets\wind_blade_defect_v03_recall\images\train\v03_small_r1_hole_75.jpg,C:\Users\yys\Desktop\风机\wind-fault-detection-platform\datasets\wind_blade_defect_v03_recall\labels\train\v03_small_r1_hole_75.txt
small_target_recall_oversample,C:\Users\yys\Desktop\风机\wind-fault-detection-platform\datasets\wind_blade_defect_v02_improve\images\train\hole_750.jpg,C:\Users\yys\Desktop\风机\wind-fault-detection-platform\datasets\wind_blade_defect_v02_improve\labels\train\hole_750.txt,C:\Users\yys\Desktop\风机\wind-fault-detection-platform\datasets\wind_blade_defect_v03_recall\images\train\v03_small_r1_hole_750.jpg,C:\Users\yys\Desktop\风机\wind-fault-detection-platform\datasets\wind_blade_defect_v03_recall\labels\train\v03_small_r1_hole_750.txt
small_target_recall_oversample,C:\Users\yys\Desktop\风机\wind-fault-detection-platform\datasets\wind_blade_defect_v02_improve\images\train\hole_752.jpg,C:\Users\yys\Desktop\风机\wind-fault-detection-platform\datasets\wind_blade_defect_v02_improve\labels\train\hole_752.txt,C:\Users\yys\Desktop\风机\wind-fault-detection-platform\datasets\wind_blade_defect_v03_recall\images\train\v03_small_r1_hole_752.jpg,C:\Users\yys\Desktop\风机\wind-fault-detection-platform\datasets\wind_blade_defect_v03_recall\labels\train\v03_small_r1_hole_752.txt
small_target_recall_oversample,C:\Users\yys\Desktop\风机\wind-fault-detection-platform\datasets\wind_blade_defect_v02_improve\images\train\hole_753.jpg,C:\Users\yys\Desktop\风机\wind-fault-detection-platform\datasets\wind_blade_defect_v02_improve\labels\train\hole_753.txt,C:\Users\yys\Desktop\风机\wind-fault-detection-platform\datasets\wind_blade_defect_v03_recall\images\train\v03_small_r1_hole_753.jpg,C:\Users\yys\Desktop\风机\wind-fault-detection-platform\datasets\wind_blade_defect_v03_recall\labels\train\v03_small_r1_hole_753.txt
small_target_recall_oversample,C:\Users\yys\Desktop\风机\wind-fault-detection-platform\datasets\wind_blade_defect_v02_improve\images\train\hole_755.jpg,C:\Users\yys\Desktop\风机\wind-fault-detection-platform\datasets\wind_blade_defect_v02_improve\labels\train\hole_755.txt,C:\Users\yys\Desktop\风机\wind-fault-detection-platform\datasets\wind_blade_defect_v03_recall\images\train\v03_small_r1_hole_755.jpg,C:\Users\yys\Desktop\风机\wind-fault-detection-platform\datasets\wind_blade_defect_v03_recall\labels\train\v03_small_r1_hole_755.txt
small_target_recall_oversample,C:\Users\yys\Desktop\风机\wind-fault-detection-platform\datasets\wind_blade_defect_v02_improve\images\train\hole_756.jpg,C:\Users\yys\Desktop\风机\wind-fault-detection-platform\datasets\wind_blade_defect_v02_improve\labels\train\hole_756.txt,C:\Users\yys\Desktop\风机\wind-fault-detection-platform\datasets\wind_blade_defect_v03_recall\images\train\v03_small_r1_hole_756.jpg,C:\Users\yys\Desktop\风机\wind-fault-detection-platform\datasets\wind_blade_defect_v03_recall\labels\train\v03_small_r1_hole_756.txt
small_target_recall_oversample,C:\Users\yys\Desktop\风机\wind-fault-detection-platform\datasets\wind_blade_defect_v02_improve\images\train\hole_758.jpg,C:\Users\yys\Desktop\风机\wind-fault-detection-platform\datasets\wind_blade_defect_v02_improve\labels\train\hole_758.txt,C:\Users\yys\Desktop\风机\wind-fault-detection-platform\datasets\wind_blade_defect_v03_recall\images\train\v03_small_r1_hole_758.jpg,C:\Users\yys\Desktop\风机\wind-fault-detection-platform\datasets\wind_blade_defect_v03_recall\labels\train\v03_small_r1_hole_758.txt
small_target_recall_oversample,C:\Users\yys\Desktop\风机\wind-fault-detection-platform\datasets\wind_blade_defect_v02_improve\images\train\hole_759.jpg,C:\Users\yys\Desktop\风机\wind-fault-detection-platform\datasets\wind_blade_defect_v02_improve\labels\train\hole_759.txt,C:\Users\yys\Desktop\风机\wind-fault-detection-platform\datasets\wind_blade_defect_v03_recall\images\train\v03_small_r1_hole_759.jpg,C:\Users\yys\Desktop\风机\wind-fault-detection-platform\datasets\wind_blade_defect_v03_recall\labels\train\v03_small_r1_hole_759.txt
small_target_recall_oversample,C:\Users\yys\Desktop\风机\wind-fault-detection-platform\datasets\wind_blade_defect_v02_improve\images\train\hole_76.jpg,C:\Users\yys\Desktop\风机\wind-fault-detection-platform\datasets\wind_blade_defect_v02_improve\labels\train\hole_76.txt,C:\Users\yys\Desktop\风机\wind-fault-detection-platform\datasets\wind_blade_defect_v03_recall\images\train\v03_small_r1_hole_76.jpg,C:\Users\yys\Desktop\风机\wind-fault-detection-platform\datasets\wind_blade_defect_v03_recall\labels\train\v03_small_r1_hole_76.txt
small_target_recall_oversample,C:\Users\yys\Desktop\风机\wind-fault-detection-platform\datasets\wind_blade_defect_v02_improve\images\train\hole_760.jpg,C:\Users\yys\Desktop\风机\wind-fault-detection-platform\datasets\wind_blade_defect_v02_improve\labels\train\hole_760.txt,C:\Users\yys\Desktop\风机\wind-fault-detection-platform\datasets\wind_blade_defect_v03_recall\images\train\v03_small_r1_hole_760.jpg,C:\Users\yys\Desktop\风机\wind-fault-detection-platform\datasets\wind_blade_defect_v03_recall\labels\train\v03_small_r1_hole_760.txt
small_target_recall_oversample,C:\Users\yys\Desktop\风机\wind-fault-detection-platform\datasets\wind_blade_defect_v02_improve\images\train\hole_762.jpg,C:\Users\yys\Desktop\风机\wind-fault-detection-platform\datasets\wind_blade_defect_v02_improve\labels\train\hole_762.txt,C:\Users\yys\Desktop\风机\wind-fault-detection-platform\datasets\wind_blade_defect_v03_recall\images\train\v03_small_r1_hole_762.jpg,C:\Users\yys\Desktop\风机\wind-fault-detection-platform\datasets\wind_blade_defect_v03_recall\labels\train\v03_small_r1_hole_762.txt
small_target_recall_oversample,C:\Users\yys\Desktop\风机\wind-fault-detection-platform\datasets\wind_blade_defect_v02_improve\images\train\hole_764.jpg,C:\Users\yys\Desktop\风机\wind-fault-detection-platform\datasets\wind_blade_defect_v02_improve\labels\train\hole_764.txt,C:\Users\yys\Desktop\风机\wind-fault-detection-platform\datasets\wind_blade_defect_v03_recall\images\train\v03_small_r1_hole_764.jpg,C:\Users\yys\Desktop\风机\wind-fault-detection-platform\datasets\wind_blade_defect_v03_recall\labels\train\v03_small_r1_hole_764.txt
small_target_recall_oversample,C:\Users\yys\Desktop\风机\wind-fault-detection-platform\datasets\wind_blade_defect_v02_improve\images\train\hole_765.jpg,C:\Users\yys\Desktop\风机\wind-fault-detection-platform\datasets\wind_blade_defect_v02_improve\labels\train\hole_765.txt,C:\Users\yys\Desktop\风机\wind-fault-detection-platform\datasets\wind_blade_defect_v03_recall\images\train\v03_small_r1_hole_765.jpg,C:\Users\yys\Desktop\风机\wind-fault-detection-platform\datasets\wind_blade_defect_v03_recall\labels\train\v03_small_r1_hole_765.txt
small_target_recall_oversample,C:\Users\yys\Desktop\风机\wind-fault-detection-platform\datasets\wind_blade_defect_v02_improve\images\train\hole_766.jpg,C:\Users\yys\Desktop\风机\wind-fault-detection-platform\datasets\wind_blade_defect_v02_improve\labels\train\hole_766.txt,C:\Users\yys\Desktop\风机\wind-fault-detection-platform\datasets\wind_blade_defect_v03_recall\images\train\v03_small_r1_hole_766.jpg,C:\Users\yys\Desktop\风机\wind-fault-detection-platform\datasets\wind_blade_defect_v03_recall\labels\train\v03_small_r1_hole_766.txt
small_target_recall_oversample,C:\Users\yys\Desktop\风机\wind-fault-detection-platform\datasets\wind_blade_defect_v02_improve\images\train\hole_767.jpg,C:\Users\yys\Desktop\风机\wind-fault-detection-platform\datasets\wind_blade_defect_v02_improve\labels\train\hole_767.txt,C:\Users\yys\Desktop\风机\wind-fault-detection-platform\datasets\wind_blade_defect_v03_recall\images\train\v03_small_r1_hole_767.jpg,C:\Users\yys\Desktop\风机\wind-fault-detection-platform\datasets\wind_blade_defect_v03_recall\labels\train\v03_small_r1_hole_767.txt
small_target_recall_oversample,C:\Users\yys\Desktop\风机\wind-fault-detection-platform\datasets\wind_blade_defect_v02_improve\images\train\hole_769.jpg,C:\Users\yys\Desktop\风机\wind-fault-detection-platform\datasets\wind_blade_defect_v02_improve\labels\train\hole_769.txt,C:\Users\yys\Desktop\风机\wind-fault-detection-platform\datasets\wind_blade_defect_v03_recall\images\train\v03_small_r1_hole_769.jpg,C:\Users\yys\Desktop\风机\wind-fault-detection-platform\datasets\wind_blade_defect_v03_recall\labels\train\v03_small_r1_hole_769.txt
small_target_recall_oversample,C:\Users\yys\Desktop\风机\wind-fault-detection-platform\datasets\wind_blade_defect_v02_improve\images\train\hole_770.jpg,C:\Users\yys\Desktop\风机\wind-fault-detection-platform\datasets\wind_blade_defect_v02_improve\labels\train\hole_770.txt,C:\Users\yys\Desktop\风机\wind-fault-detection-platform\datasets\wind_blade_defect_v03_recall\images\train\v03_small_r1_hole_770.jpg,C:\Users\yys\Desktop\风机\wind-fault-detection-platform\datasets\wind_blade_defect_v03_recall\labels\train\v03_small_r1_hole_770.txt
small_target_recall_oversample,C:\Users\yys\Desktop\风机\wind-fault-detection-platform\datasets\wind_blade_defect_v02_improve\images\train\hole_772.jpg,C:\Users\yys\Desktop\风机\wind-fault-detection-platform\datasets\wind_blade_defect_v02_improve\labels\train\hole_772.txt,C:\Users\yys\Desktop\风机\wind-fault-detection-platform\datasets\wind_blade_defect_v03_recall\images\train\v03_small_r1_hole_772.jpg,C:\Users\yys\Desktop\风机\wind-fault-detection-platform\datasets\wind_blade_defect_v03_recall\labels\train\v03_small_r1_hole_772.txt
small_target_recall_oversample,C:\Users\yys\Desktop\风机\wind-fault-detection-platform\datasets\wind_blade_defect_v02_improve\images\train\hole_775.jpg,C:\Users\yys\Desktop\风机\wind-fault-detection-platform\datasets\wind_blade_defect_v02_improve\labels\train\hole_775.txt,C:\Users\yys\Desktop\风机\wind-fault-detection-platform\datasets\wind_blade_defect_v03_recall\images\train\v03_small_r1_hole_775.jpg,C:\Users\yys\Desktop\风机\wind-fault-detection-platform\datasets\wind_blade_defect_v03_recall\labels\train\v03_small_r1_hole_775.txt
small_target_recall_oversample,C:\Users\yys\Desktop\风机\wind-fault-detection-platform\datasets\wind_blade_defect_v02_improve\images\train\hole_776.jpg,C:\Users\yys\Desktop\风机\wind-fault-detection-platform\datasets\wind_blade_defect_v02_improve\labels\train\hole_776.txt,C:\Users\yys\Desktop\风机\wind-fault-detection-platform\datasets\wind_blade_defect_v03_recall\images\train\v03_small_r1_hole_776.jpg,C:\Users\yys\Desktop\风机\wind-fault-detection-platform\datasets\wind_blade_defect_v03_recall\labels\train\v03_small_r1_hole_776.txt
small_target_recall_oversample,C:\Users\yys\Desktop\风机\wind-fault-detection-platform\datasets\wind_blade_defect_v02_improve\images\train\hole_778.jpg,C:\Users\yys\Desktop\风机\wind-fault-detection-platform\datasets\wind_blade_defect_v02_improve\labels\train\hole_778.txt,C:\Users\yys\Desktop\风机\wind-fault-detection-platform\datasets\wind_blade_defect_v03_recall\images\train\v03_small_r1_hole_778.jpg,C:\Users\yys\Desktop\风机\wind-fault-detection-platform\datasets\wind_blade_defect_v03_recall\labels\train\v03_small_r1_hole_778.txt
small_target_recall_oversample,C:\Users\yys\Desktop\风机\wind-fault-detection-platform\datasets\wind_blade_defect_v02_improve\images\train\hole_779.jpg,C:\Users\yys\Desktop\风机\wind-fault-detection-platform\datasets\wind_blade_defect_v02_improve\labels\train\hole_779.txt,C:\Users\yys\Desktop\风机\wind-fault-detection-platform\datasets\wind_blade_defect_v03_recall\images\train\v03_small_r1_hole_779.jpg,C:\Users\yys\Desktop\风机\wind-fault-detection-platform\datasets\wind_blade_defect_v03_recall\labels\train\v03_small_r1_hole_779.txt
small_target_recall_oversample,C:\Users\yys\Desktop\风机\wind-fault-detection-platform\datasets\wind_blade_defect_v02_improve\images\train\hole_78.jpg,C:\Users\yys\Desktop\风机\wind-fault-detection-platform\datasets\wind_blade_defect_v02_improve\labels\train\hole_78.txt,C:\Users\yys\Desktop\风机\wind-fault-detection-platform\datasets\wind_blade_defect_v03_recall\images\train\v03_small_r1_hole_78.jpg,C:\Users\yys\Desktop\风机\wind-fault-detection-platform\datasets\wind_blade_defect_v03_recall\labels\train\v03_small_r1_hole_78.txt
small_target_recall_oversample,C:\Users\yys\Desktop\风机\wind-fault-detection-platform\datasets\wind_blade_defect_v02_improve\images\train\hole_780.jpg,C:\Users\yys\Desktop\风机\wind-fault-detection-platform\datasets\wind_blade_defect_v02_improve\labels\train\hole_780.txt,C:\Users\yys\Desktop\风机\wind-fault-detection-platform\datasets\wind_blade_defect_v03_recall\images\train\v03_small_r1_hole_780.jpg,C:\Users\yys\Desktop\风机\wind-fault-detection-platform\datasets\wind_blade_defect_v03_recall\labels\train\v03_small_r1_hole_780.txt
small_target_recall_oversample,C:\Users\yys\Desktop\风机\wind-fault-detection-platform\datasets\wind_blade_defect_v02_improve\images\train\hole_781.jpg,C:\Users\yys\Desktop\风机\wind-fault-detection-platform\datasets\wind_blade_defect_v02_improve\labels\train\hole_781.txt,C:\Users\yys\Desktop\风机\wind-fault-detection-platform\datasets\wind_blade_defect_v03_recall\images\train\v03_small_r1_hole_781.jpg,C:\Users\yys\Desktop\风机\wind-fault-detection-platform\datasets\wind_blade_defect_v03_recall\labels\train\v03_small_r1_hole_781.txt
small_target_recall_oversample,C:\Users\yys\Desktop\风机\wind-fault-detection-platform\datasets\wind_blade_defect_v02_improve\images\train\hole_782.jpg,C:\Users\yys\Desktop\风机\wind-fault-detection-platform\datasets\wind_blade_defect_v02_improve\labels\train\hole_782.txt,C:\Users\yys\Desktop\风机\wind-fault-detection-platform\datasets\wind_blade_defect_v03_recall\images\train\v03_small_r1_hole_782.jpg,C:\Users\yys\Desktop\风机\wind-fault-detection-platform\datasets\wind_blade_defect_v03_recall\labels\train\v03_small_r1_hole_782.txt
small_target_recall_oversample,C:\Users\yys\Desktop\风机\wind-fault-detection-platform\datasets\wind_blade_defect_v02_improve\images\train\hole_785.jpg,C:\Users\yys\Desktop\风机\wind-fault-detection-platform\datasets\wind_blade_defect_v02_improve\labels\train\hole_785.txt,C:\Users\yys\Desktop\风机\wind-fault-detection-platform\datasets\wind_blade_defect_v03_recall\images\train\v03_small_r1_hole_785.jpg,C:\Users\yys\Desktop\风机\wind-fault-detection-platform\datasets\wind_blade_defect_v03_recall\labels\train\v03_small_r1_hole_785.txt
small_target_recall_oversample,C:\Users\yys\Desktop\风机\wind-fault-detection-platform\datasets\wind_blade_defect_v02_improve\images\train\hole_787.jpg,C:\Users\yys\Desktop\风机\wind-fault-detection-platform\datasets\wind_blade_defect_v02_improve\labels\train\hole_787.txt,C:\Users\yys\Desktop\风机\wind-fault-detection-platform\datasets\wind_blade_defect_v03_recall\images\train\v03_small_r1_hole_787.jpg,C:\Users\yys\Desktop\风机\wind-fault-detection-platform\datasets\wind_blade_defect_v03_recall\labels\train\v03_small_r1_hole_787.txt
small_target_recall_oversample,C:\Users\yys\Desktop\风机\wind-fault-detection-platform\datasets\wind_blade_defect_v02_improve\images\train\hole_789.jpg,C:\Users\yys\Desktop\风机\wind-fault-detection-platform\datasets\wind_blade_defect_v02_improve\labels\train\hole_789.txt,C:\Users\yys\Desktop\风机\wind-fault-detection-platform\datasets\wind_blade_defect_v03_recall\images\train\v03_small_r1_hole_789.jpg,C:\Users\yys\Desktop\风机\wind-fault-detection-platform\datasets\wind_blade_defect_v03_recall\labels\train\v03_small_r1_hole_789.txt
small_target_recall_oversample,C:\Users\yys\Desktop\风机\wind-fault-detection-platform\datasets\wind_blade_defect_v02_improve\images\train\hole_79.jpg,C:\Users\yys\Desktop\风机\wind-fault-detection-platform\datasets\wind_blade_defect_v02_improve\labels\train\hole_79.txt,C:\Users\yys\Desktop\风机\wind-fault-detection-platform\datasets\wind_blade_defect_v03_recall\images\train\v03_small_r1_hole_79.jpg,C:\Users\yys\Desktop\风机\wind-fault-detection-platform\datasets\wind_blade_defect_v03_recall\labels\train\v03_small_r1_hole_79.txt
small_target_recall_oversample,C:\Users\yys\Desktop\风机\wind-fault-detection-platform\datasets\wind_blade_defect_v02_improve\images\train\hole_790.jpg,C:\Users\yys\Desktop\风机\wind-fault-detection-platform\datasets\wind_blade_defect_v02_improve\labels\train\hole_790.txt,C:\Users\yys\Desktop\风机\wind-fault-detection-platform\datasets\wind_blade_defect_v03_recall\images\train\v03_small_r1_hole_790.jpg,C:\Users\yys\Desktop\风机\wind-fault-detection-platform\datasets\wind_blade_defect_v03_recall\labels\train\v03_small_r1_hole_790.txt
small_target_recall_oversample,C:\Users\yys\Desktop\风机\wind-fault-detection-platform\datasets\wind_blade_defect_v02_improve\images\train\hole_792.jpg,C:\Users\yys\Desktop\风机\wind-fault-detection-platform\datasets\wind_blade_defect_v02_improve\labels\train\hole_792.txt,C:\Users\yys\Desktop\风机\wind-fault-detection-platform\datasets\wind_blade_defect_v03_recall\images\train\v03_small_r1_hole_792.jpg,C:\Users\yys\Desktop\风机\wind-fault-detection-platform\datasets\wind_blade_defect_v03_recall\labels\train\v03_small_r1_hole_792.txt
small_target_recall_oversample,C:\Users\yys\Desktop\风机\wind-fault-detection-platform\datasets\wind_blade_defect_v02_improve\images\train\hole_794.jpg,C:\Users\yys\Desktop\风机\wind-fault-detection-platform\datasets\wind_blade_defect_v02_improve\labels\train\hole_794.txt,C:\Users\yys\Desktop\风机\wind-fault-detection-platform\datasets\wind_blade_defect_v03_recall\images\train\v03_small_r1_hole_794.jpg,C:\Users\yys\Desktop\风机\wind-fault-detection-platform\datasets\wind_blade_defect_v03_recall\labels\train\v03_small_r1_hole_794.txt
small_target_recall_oversample,C:\Users\yys\Desktop\风机\wind-fault-detection-platform\datasets\wind_blade_defect_v02_improve\images\train\hole_795.jpg,C:\Users\yys\Desktop\风机\wind-fault-detection-platform\datasets\wind_blade_defect_v02_improve\labels\train\hole_795.txt,C:\Users\yys\Desktop\风机\wind-fault-detection-platform\datasets\wind_blade_defect_v03_recall\images\train\v03_small_r1_hole_795.jpg,C:\Users\yys\Desktop\风机\wind-fault-detection-platform\datasets\wind_blade_defect_v03_recall\labels\train\v03_small_r1_hole_795.txt
small_target_recall_oversample,C:\Users\yys\Desktop\风机\wind-fault-detection-platform\datasets\wind_blade_defect_v02_improve\images\train\hole_796.jpg,C:\Users\yys\Desktop\风机\wind-fault-detection-platform\datasets\wind_blade_defect_v02_improve\labels\train\hole_796.txt,C:\Users\yys\Desktop\风机\wind-fault-detection-platform\datasets\wind_blade_defect_v03_recall\images\train\v03_small_r1_hole_796.jpg,C:\Users\yys\Desktop\风机\wind-fault-detection-platform\datasets\wind_blade_defect_v03_recall\labels\train\v03_small_r1_hole_796.txt
small_target_recall_oversample,C:\Users\yys\Desktop\风机\wind-fault-detection-platform\datasets\wind_blade_defect_v02_improve\images\train\hole_798.jpg,C:\Users\yys\Desktop\风机\wind-fault-detection-platform\datasets\wind_blade_defect_v02_improve\labels\train\hole_798.txt,C:\Users\yys\Desktop\风机\wind-fault-detection-platform\datasets\wind_blade_defect_v03_recall\images\train\v03_small_r1_hole_798.jpg,C:\Users\yys\Desktop\风机\wind-fault-detection-platform\datasets\wind_blade_defect_v03_recall\labels\train\v03_small_r1_hole_798.txt
small_target_recall_oversample,C:\Users\yys\Desktop\风机\wind-fault-detection-platform\datasets\wind_blade_defect_v02_improve\images\train\hole_799.jpg,C:\Users\yys\Desktop\风机\wind-fault-detection-platform\datasets\wind_blade_defect_v02_improve\labels\train\hole_799.txt,C:\Users\yys\Desktop\风机\wind-fault-detection-platform\datasets\wind_blade_defect_v03_recall\images\train\v03_small_r1_hole_799.jpg,C:\Users\yys\Desktop\风机\wind-fault-detection-platform\datasets\wind_blade_defect_v03_recall\labels\train\v03_small_r1_hole_799.txt
small_target_recall_oversample,C:\Users\yys\Desktop\风机\wind-fault-detection-platform\datasets\wind_blade_defect_v02_improve\images\train\hole_80.jpg,C:\Users\yys\Desktop\风机\wind-fault-detection-platform\datasets\wind_blade_defect_v02_improve\labels\train\hole_80.txt,C:\Users\yys\Desktop\风机\wind-fault-detection-platform\datasets\wind_blade_defect_v03_recall\images\train\v03_small_r1_hole_80.jpg,C:\Users\yys\Desktop\风机\wind-fault-detection-platform\datasets\wind_blade_defect_v03_recall\labels\train\v03_small_r1_hole_80.txt
small_target_recall_oversample,C:\Users\yys\Desktop\风机\wind-fault-detection-platform\datasets\wind_blade_defect_v02_improve\images\train\hole_800.jpg,C:\Users\yys\Desktop\风机\wind-fault-detection-platform\datasets\wind_blade_defect_v02_improve\labels\train\hole_800.txt,C:\Users\yys\Desktop\风机\wind-fault-detection-platform\datasets\wind_blade_defect_v03_recall\images\train\v03_small_r1_hole_800.jpg,C:\Users\yys\Desktop\风机\wind-fault-detection-platform\datasets\wind_blade_defect_v03_recall\labels\train\v03_small_r1_hole_800.txt
small_target_recall_oversample,C:\Users\yys\Desktop\风机\wind-fault-detection-platform\datasets\wind_blade_defect_v02_improve\images\train\hole_802.jpg,C:\Users\yys\Desktop\风机\wind-fault-detection-platform\datasets\wind_blade_defect_v02_improve\labels\train\hole_802.txt,C:\Users\yys\Desktop\风机\wind-fault-detection-platform\datasets\wind_blade_defect_v03_recall\images\train\v03_small_r1_hole_802.jpg,C:\Users\yys\Desktop\风机\wind-fault-detection-platform\datasets\wind_blade_defect_v03_recall\labels\train\v03_small_r1_hole_802.txt
small_target_recall_oversample,C:\Users\yys\Desktop\风机\wind-fault-detection-platform\datasets\wind_blade_defect_v02_improve\images\train\hole_803.jpg,C:\Users\yys\Desktop\风机\wind-fault-detection-platform\datasets\wind_blade_defect_v02_improve\labels\train\hole_803.txt,C:\Users\yys\Desktop\风机\wind-fault-detection-platform\datasets\wind_blade_defect_v03_recall\images\train\v03_small_r1_hole_803.jpg,C:\Users\yys\Desktop\风机\wind-fault-detection-platform\datasets\wind_blade_defect_v03_recall\labels\train\v03_small_r1_hole_803.txt
small_target_recall_oversample,C:\Users\yys\Desktop\风机\wind-fault-detection-platform\datasets\wind_blade_defect_v02_improve\images\train\hole_804.jpg,C:\Users\yys\Desktop\风机\wind-fault-detection-platform\datasets\wind_blade_defect_v02_improve\labels\train\hole_804.txt,C:\Users\yys\Desktop\风机\wind-fault-detection-platform\datasets\wind_blade_defect_v03_recall\images\train\v03_small_r1_hole_804.jpg,C:\Users\yys\Desktop\风机\wind-fault-detection-platform\datasets\wind_blade_defect_v03_recall\labels\train\v03_small_r1_hole_804.txt
small_target_recall_oversample,C:\Users\yys\Desktop\风机\wind-fault-detection-platform\datasets\wind_blade_defect_v02_improve\images\train\hole_805.jpg,C:\Users\yys\Desktop\风机\wind-fault-detection-platform\datasets\wind_blade_defect_v02_improve\labels\train\hole_805.txt,C:\Users\yys\Desktop\风机\wind-fault-detection-platform\datasets\wind_blade_defect_v03_recall\images\train\v03_small_r1_hole_805.jpg,C:\Users\yys\Desktop\风机\wind-fault-detection-platform\datasets\wind_blade_defect_v03_recall\labels\train\v03_small_r1_hole_805.txt
small_target_recall_oversample,C:\Users\yys\Desktop\风机\wind-fault-detection-platform\datasets\wind_blade_defect_v02_improve\images\train\hole_806.jpg,C:\Users\yys\Desktop\风机\wind-fault-detection-platform\datasets\wind_blade_defect_v02_improve\labels\train\hole_806.txt,C:\Users\yys\Desktop\风机\wind-fault-detection-platform\datasets\wind_blade_defect_v03_recall\images\train\v03_small_r1_hole_806.jpg,C:\Users\yys\Desktop\风机\wind-fault-detection-platform\datasets\wind_blade_defect_v03_recall\labels\train\v03_small_r1_hole_806.txt
small_target_recall_oversample,C:\Users\yys\Desktop\风机\wind-fault-detection-platform\datasets\wind_blade_defect_v02_improve\images\train\hole_809.jpg,C:\Users\yys\Desktop\风机\wind-fault-detection-platform\datasets\wind_blade_defect_v02_improve\labels\train\hole_809.txt,C:\Users\yys\Desktop\风机\wind-fault-detection-platform\datasets\wind_blade_defect_v03_recall\images\train\v03_small_r1_hole_809.jpg,C:\Users\yys\Desktop\风机\wind-fault-detection-platform\datasets\wind_blade_defect_v03_recall\labels\train\v03_small_r1_hole_809.txt
small_target_recall_oversample,C:\Users\yys\Desktop\风机\wind-fault-detection-platform\datasets\wind_blade_defect_v02_improve\images\train\hole_81.jpg,C:\Users\yys\Desktop\风机\wind-fault-detection-platform\datasets\wind_blade_defect_v02_improve\labels\train\hole_81.txt,C:\Users\yys\Desktop\风机\wind-fault-detection-platform\datasets\wind_blade_defect_v03_recall\images\train\v03_small_r1_hole_81.jpg,C:\Users\yys\Desktop\风机\wind-fault-detection-platform\datasets\wind_blade_defect_v03_recall\labels\train\v03_small_r1_hole_81.txt
small_target_recall_oversample,C:\Users\yys\Desktop\风机\wind-fault-detection-platform\datasets\wind_blade_defect_v02_improve\images\train\hole_810.jpg,C:\Users\yys\Desktop\风机\wind-fault-detection-platform\datasets\wind_blade_defect_v02_improve\labels\train\hole_810.txt,C:\Users\yys\Desktop\风机\wind-fault-detection-platform\datasets\wind_blade_defect_v03_recall\images\train\v03_small_r1_hole_810.jpg,C:\Users\yys\Desktop\风机\wind-fault-detection-platform\datasets\wind_blade_defect_v03_recall\labels\train\v03_small_r1_hole_810.txt
small_target_recall_oversample,C:\Users\yys\Desktop\风机\wind-fault-detection-platform\datasets\wind_blade_defect_v02_improve\images\train\hole_811.jpg,C:\Users\yys\Desktop\风机\wind-fault-detection-platform\datasets\wind_blade_defect_v02_improve\labels\train\hole_811.txt,C:\Users\yys\Desktop\风机\wind-fault-detection-platform\datasets\wind_blade_defect_v03_recall\images\train\v03_small_r1_hole_811.jpg,C:\Users\yys\Desktop\风机\wind-fault-detection-platform\datasets\wind_blade_defect_v03_recall\labels\train\v03_small_r1_hole_811.txt
small_target_recall_oversample,C:\Users\yys\Desktop\风机\wind-fault-detection-platform\datasets\wind_blade_defect_v02_improve\images\train\hole_812.jpg,C:\Users\yys\Desktop\风机\wind-fault-detection-platform\datasets\wind_blade_defect_v02_improve\labels\train\hole_812.txt,C:\Users\yys\Desktop\风机\wind-fault-detection-platform\datasets\wind_blade_defect_v03_recall\images\train\v03_small_r1_hole_812.jpg,C:\Users\yys\Desktop\风机\wind-fault-detection-platform\datasets\wind_blade_defect_v03_recall\labels\train\v03_small_r1_hole_812.txt
small_target_recall_oversample,C:\Users\yys\Desktop\风机\wind-fault-detection-platform\datasets\wind_blade_defect_v02_improve\images\train\hole_813.jpg,C:\Users\yys\Desktop\风机\wind-fault-detection-platform\datasets\wind_blade_defect_v02_improve\labels\train\hole_813.txt,C:\Users\yys\Desktop\风机\wind-fault-detection-platform\datasets\wind_blade_defect_v03_recall\images\train\v03_small_r1_hole_813.jpg,C:\Users\yys\Desktop\风机\wind-fault-detection-platform\datasets\wind_blade_defect_v03_recall\labels\train\v03_small_r1_hole_813.txt
small_target_recall_oversample,C:\Users\yys\Desktop\风机\wind-fault-detection-platform\datasets\wind_blade_defect_v02_improve\images\train\hole_814.jpg,C:\Users\yys\Desktop\风机\wind-fault-detection-platform\datasets\wind_blade_defect_v02_improve\labels\train\hole_814.txt,C:\Users\yys\Desktop\风机\wind-fault-detection-platform\datasets\wind_blade_defect_v03_recall\images\train\v03_small_r1_hole_814.jpg,C:\Users\yys\Desktop\风机\wind-fault-detection-platform\datasets\wind_blade_defect_v03_recall\labels\train\v03_small_r1_hole_814.txt
small_target_recall_oversample,C:\Users\yys\Desktop\风机\wind-fault-detection-platform\datasets\wind_blade_defect_v02_improve\images\train\hole_815.jpg,C:\Users\yys\Desktop\风机\wind-fault-detection-platform\datasets\wind_blade_defect_v02_improve\labels\train\hole_815.txt,C:\Users\yys\Desktop\风机\wind-fault-detection-platform\datasets\wind_blade_defect_v03_recall\images\train\v03_small_r1_hole_815.jpg,C:\Users\yys\Desktop\风机\wind-fault-detection-platform\datasets\wind_blade_defect_v03_recall\labels\train\v03_small_r1_hole_815.txt
small_target_recall_oversample,C:\Users\yys\Desktop\风机\wind-fault-detection-platform\datasets\wind_blade_defect_v02_improve\images\train\hole_816.jpg,C:\Users\yys\Desktop\风机\wind-fault-detection-platform\datasets\wind_blade_defect_v02_improve\labels\train\hole_816.txt,C:\Users\yys\Desktop\风机\wind-fault-detection-platform\datasets\wind_blade_defect_v03_recall\images\train\v03_small_r1_hole_816.jpg,C:\Users\yys\Desktop\风机\wind-fault-detection-platform\datasets\wind_blade_defect_v03_recall\labels\train\v03_small_r1_hole_816.txt
small_target_recall_oversample,C:\Users\yys\Desktop\风机\wind-fault-detection-platform\datasets\wind_blade_defect_v02_improve\images\train\hole_817.jpg,C:\Users\yys\Desktop\风机\wind-fault-detection-platform\datasets\wind_blade_defect_v02_improve\labels\train\hole_817.txt,C:\Users\yys\Desktop\风机\wind-fault-detection-platform\datasets\wind_blade_defect_v03_recall\images\train\v03_small_r1_hole_817.jpg,C:\Users\yys\Desktop\风机\wind-fault-detection-platform\datasets\wind_blade_defect_v03_recall\labels\train\v03_small_r1_hole_817.txt
small_target_recall_oversample,C:\Users\yys\Desktop\风机\wind-fault-detection-platform\datasets\wind_blade_defect_v02_improve\images\train\hole_819.jpg,C:\Users\yys\Desktop\风机\wind-fault-detection-platform\datasets\wind_blade_defect_v02_improve\labels\train\hole_819.txt,C:\Users\yys\Desktop\风机\wind-fault-detection-platform\datasets\wind_blade_defect_v03_recall\images\train\v03_small_r1_hole_819.jpg,C:\Users\yys\Desktop\风机\wind-fault-detection-platform\datasets\wind_blade_defect_v03_recall\labels\train\v03_small_r1_hole_819.txt
small_target_recall_oversample,C:\Users\yys\Desktop\风机\wind-fault-detection-platform\datasets\wind_blade_defect_v02_improve\images\train\hole_82.jpg,C:\Users\yys\Desktop\风机\wind-fault-detection-platform\datasets\wind_blade_defect_v02_improve\labels\train\hole_82.txt,C:\Users\yys\Desktop\风机\wind-fault-detection-platform\datasets\wind_blade_defect_v03_recall\images\train\v03_small_r1_hole_82.jpg,C:\Users\yys\Desktop\风机\wind-fault-detection-platform\datasets\wind_blade_defect_v03_recall\labels\train\v03_small_r1_hole_82.txt
small_target_recall_oversample,C:\Users\yys\Desktop\风机\wind-fault-detection-platform\datasets\wind_blade_defect_v02_improve\images\train\hole_821.jpg,C:\Users\yys\Desktop\风机\wind-fault-detection-platform\datasets\wind_blade_defect_v02_improve\labels\train\hole_821.txt,C:\Users\yys\Desktop\风机\wind-fault-detection-platform\datasets\wind_blade_defect_v03_recall\images\train\v03_small_r1_hole_821.jpg,C:\Users\yys\Desktop\风机\wind-fault-detection-platform\datasets\wind_blade_defect_v03_recall\labels\train\v03_small_r1_hole_821.txt
small_target_recall_oversample,C:\Users\yys\Desktop\风机\wind-fault-detection-platform\datasets\wind_blade_defect_v02_improve\images\train\hole_822.jpg,C:\Users\yys\Desktop\风机\wind-fault-detection-platform\datasets\wind_blade_defect_v02_improve\labels\train\hole_822.txt,C:\Users\yys\Desktop\风机\wind-fault-detection-platform\datasets\wind_blade_defect_v03_recall\images\train\v03_small_r1_hole_822.jpg,C:\Users\yys\Desktop\风机\wind-fault-detection-platform\datasets\wind_blade_defect_v03_recall\labels\train\v03_small_r1_hole_822.txt
small_target_recall_oversample,C:\Users\yys\Desktop\风机\wind-fault-detection-platform\datasets\wind_blade_defect_v02_improve\images\train\hole_823.jpg,C:\Users\yys\Desktop\风机\wind-fault-detection-platform\datasets\wind_blade_defect_v02_improve\labels\train\hole_823.txt,C:\Users\yys\Desktop\风机\wind-fault-detection-platform\datasets\wind_blade_defect_v03_recall\images\train\v03_small_r1_hole_823.jpg,C:\Users\yys\Desktop\风机\wind-fault-detection-platform\datasets\wind_blade_defect_v03_recall\labels\train\v03_small_r1_hole_823.txt
small_target_recall_oversample,C:\Users\yys\Desktop\风机\wind-fault-detection-platform\datasets\wind_blade_defect_v02_improve\images\train\hole_824.jpg,C:\Users\yys\Desktop\风机\wind-fault-detection-platform\datasets\wind_blade_defect_v02_improve\labels\train\hole_824.txt,C:\Users\yys\Desktop\风机\wind-fault-detection-platform\datasets\wind_blade_defect_v03_recall\images\train\v03_small_r1_hole_824.jpg,C:\Users\yys\Desktop\风机\wind-fault-detection-platform\datasets\wind_blade_defect_v03_recall\labels\train\v03_small_r1_hole_824.txt
small_target_recall_oversample,C:\Users\yys\Desktop\风机\wind-fault-detection-platform\datasets\wind_blade_defect_v02_improve\images\train\hole_825.jpg,C:\Users\yys\Desktop\风机\wind-fault-detection-platform\datasets\wind_blade_defect_v02_improve\labels\train\hole_825.txt,C:\Users\yys\Desktop\风机\wind-fault-detection-platform\datasets\wind_blade_defect_v03_recall\images\train\v03_small_r1_hole_825.jpg,C:\Users\yys\Desktop\风机\wind-fault-detection-platform\datasets\wind_blade_defect_v03_recall\labels\train\v03_small_r1_hole_825.txt
small_target_recall_oversample,C:\Users\yys\Desktop\风机\wind-fault-detection-platform\datasets\wind_blade_defect_v02_improve\images\train\hole_829.jpg,C:\Users\yys\Desktop\风机\wind-fault-detection-platform\datasets\wind_blade_defect_v02_improve\labels\train\hole_829.txt,C:\Users\yys\Desktop\风机\wind-fault-detection-platform\datasets\wind_blade_defect_v03_recall\images\train\v03_small_r1_hole_829.jpg,C:\Users\yys\Desktop\风机\wind-fault-detection-platform\datasets\wind_blade_defect_v03_recall\labels\train\v03_small_r1_hole_829.txt
small_target_recall_oversample,C:\Users\yys\Desktop\风机\wind-fault-detection-platform\datasets\wind_blade_defect_v02_improve\images\train\hole_83.jpg,C:\Users\yys\Desktop\风机\wind-fault-detection-platform\datasets\wind_blade_defect_v02_improve\labels\train\hole_83.txt,C:\Users\yys\Desktop\风机\wind-fault-detection-platform\datasets\wind_blade_defect_v03_recall\images\train\v03_small_r1_hole_83.jpg,C:\Users\yys\Desktop\风机\wind-fault-detection-platform\datasets\wind_blade_defect_v03_recall\labels\train\v03_small_r1_hole_83.txt
small_target_recall_oversample,C:\Users\yys\Desktop\风机\wind-fault-detection-platform\datasets\wind_blade_defect_v02_improve\images\train\hole_830.jpg,C:\Users\yys\Desktop\风机\wind-fault-detection-platform\datasets\wind_blade_defect_v02_improve\labels\train\hole_830.txt,C:\Users\yys\Desktop\风机\wind-fault-detection-platform\datasets\wind_blade_defect_v03_recall\images\train\v03_small_r1_hole_830.jpg,C:\Users\yys\Desktop\风机\wind-fault-detection-platform\datasets\wind_blade_defect_v03_recall\labels\train\v03_small_r1_hole_830.txt
small_target_recall_oversample,C:\Users\yys\Desktop\风机\wind-fault-detection-platform\datasets\wind_blade_defect_v02_improve\images\train\hole_832.jpg,C:\Users\yys\Desktop\风机\wind-fault-detection-platform\datasets\wind_blade_defect_v02_improve\labels\train\hole_832.txt,C:\Users\yys\Desktop\风机\wind-fault-detection-platform\datasets\wind_blade_defect_v03_recall\images\train\v03_small_r1_hole_832.jpg,C:\Users\yys\Desktop\风机\wind-fault-detection-platform\datasets\wind_blade_defect_v03_recall\labels\train\v03_small_r1_hole_832.txt
small_target_recall_oversample,C:\Users\yys\Desktop\风机\wind-fault-detection-platform\datasets\wind_blade_defect_v02_improve\images\train\hole_833.jpg,C:\Users\yys\Desktop\风机\wind-fault-detection-platform\datasets\wind_blade_defect_v02_improve\labels\train\hole_833.txt,C:\Users\yys\Desktop\风机\wind-fault-detection-platform\datasets\wind_blade_defect_v03_recall\images\train\v03_small_r1_hole_833.jpg,C:\Users\yys\Desktop\风机\wind-fault-detection-platform\datasets\wind_blade_defect_v03_recall\labels\train\v03_small_r1_hole_833.txt
small_target_recall_oversample,C:\Users\yys\Desktop\风机\wind-fault-detection-platform\datasets\wind_blade_defect_v02_improve\images\train\hole_834.jpg,C:\Users\yys\Desktop\风机\wind-fault-detection-platform\datasets\wind_blade_defect_v02_improve\labels\train\hole_834.txt,C:\Users\yys\Desktop\风机\wind-fault-detection-platform\datasets\wind_blade_defect_v03_recall\images\train\v03_small_r1_hole_834.jpg,C:\Users\yys\Desktop\风机\wind-fault-detection-platform\datasets\wind_blade_defect_v03_recall\labels\train\v03_small_r1_hole_834.txt
small_target_recall_oversample,C:\Users\yys\Desktop\风机\wind-fault-detection-platform\datasets\wind_blade_defect_v02_improve\images\train\hole_836.jpg,C:\Users\yys\Desktop\风机\wind-fault-detection-platform\datasets\wind_blade_defect_v02_improve\labels\train\hole_836.txt,C:\Users\yys\Desktop\风机\wind-fault-detection-platform\datasets\wind_blade_defect_v03_recall\images\train\v03_small_r1_hole_836.jpg,C:\Users\yys\Desktop\风机\wind-fault-detection-platform\datasets\wind_blade_defect_v03_recall\labels\train\v03_small_r1_hole_836.txt
small_target_recall_oversample,C:\Users\yys\Desktop\风机\wind-fault-detection-platform\datasets\wind_blade_defect_v02_improve\images\train\hole_837.jpg,C:\Users\yys\Desktop\风机\wind-fault-detection-platform\datasets\wind_blade_defect_v02_improve\labels\train\hole_837.txt,C:\Users\yys\Desktop\风机\wind-fault-detection-platform\datasets\wind_blade_defect_v03_recall\images\train\v03_small_r1_hole_837.jpg,C:\Users\yys\Desktop\风机\wind-fault-detection-platform\datasets\wind_blade_defect_v03_recall\labels\train\v03_small_r1_hole_837.txt
small_target_recall_oversample,C:\Users\yys\Desktop\风机\wind-fault-detection-platform\datasets\wind_blade_defect_v02_improve\images\train\hole_838.jpg,C:\Users\yys\Desktop\风机\wind-fault-detection-platform\datasets\wind_blade_defect_v02_improve\labels\train\hole_838.txt,C:\Users\yys\Desktop\风机\wind-fault-detection-platform\datasets\wind_blade_defect_v03_recall\images\train\v03_small_r1_hole_838.jpg,C:\Users\yys\Desktop\风机\wind-fault-detection-platform\datasets\wind_blade_defect_v03_recall\labels\train\v03_small_r1_hole_838.txt
small_target_recall_oversample,C:\Users\yys\Desktop\风机\wind-fault-detection-platform\datasets\wind_blade_defect_v02_improve\images\train\hole_839.jpg,C:\Users\yys\Desktop\风机\wind-fault-detection-platform\datasets\wind_blade_defect_v02_improve\labels\train\hole_839.txt,C:\Users\yys\Desktop\风机\wind-fault-detection-platform\datasets\wind_blade_defect_v03_recall\images\train\v03_small_r1_hole_839.jpg,C:\Users\yys\Desktop\风机\wind-fault-detection-platform\datasets\wind_blade_defect_v03_recall\labels\train\v03_small_r1_hole_839.txt
small_target_recall_oversample,C:\Users\yys\Desktop\风机\wind-fault-detection-platform\datasets\wind_blade_defect_v02_improve\images\train\hole_84.jpg,C:\Users\yys\Desktop\风机\wind-fault-detection-platform\datasets\wind_blade_defect_v02_improve\labels\train\hole_84.txt,C:\Users\yys\Desktop\风机\wind-fault-detection-platform\datasets\wind_blade_defect_v03_recall\images\train\v03_small_r1_hole_84.jpg,C:\Users\yys\Desktop\风机\wind-fault-detection-platform\datasets\wind_blade_defect_v03_recall\labels\train\v03_small_r1_hole_84.txt
small_target_recall_oversample,C:\Users\yys\Desktop\风机\wind-fault-detection-platform\datasets\wind_blade_defect_v02_improve\images\train\hole_840.jpg,C:\Users\yys\Desktop\风机\wind-fault-detection-platform\datasets\wind_blade_defect_v02_improve\labels\train\hole_840.txt,C:\Users\yys\Desktop\风机\wind-fault-detection-platform\datasets\wind_blade_defect_v03_recall\images\train\v03_small_r1_hole_840.jpg,C:\Users\yys\Desktop\风机\wind-fault-detection-platform\datasets\wind_blade_defect_v03_recall\labels\train\v03_small_r1_hole_840.txt
small_target_recall_oversample,C:\Users\yys\Desktop\风机\wind-fault-detection-platform\datasets\wind_blade_defect_v02_improve\images\train\hole_841.jpg,C:\Users\yys\Desktop\风机\wind-fault-detection-platform\datasets\wind_blade_defect_v02_improve\labels\train\hole_841.txt,C:\Users\yys\Desktop\风机\wind-fault-detection-platform\datasets\wind_blade_defect_v03_recall\images\train\v03_small_r1_hole_841.jpg,C:\Users\yys\Desktop\风机\wind-fault-detection-platform\datasets\wind_blade_defect_v03_recall\labels\train\v03_small_r1_hole_841.txt
small_target_recall_oversample,C:\Users\yys\Desktop\风机\wind-fault-detection-platform\datasets\wind_blade_defect_v02_improve\images\train\hole_845.jpg,C:\Users\yys\Desktop\风机\wind-fault-detection-platform\datasets\wind_blade_defect_v02_improve\labels\train\hole_845.txt,C:\Users\yys\Desktop\风机\wind-fault-detection-platform\datasets\wind_blade_defect_v03_recall\images\train\v03_small_r1_hole_845.jpg,C:\Users\yys\Desktop\风机\wind-fault-detection-platform\datasets\wind_blade_defect_v03_recall\labels\train\v03_small_r1_hole_845.txt
small_target_recall_oversample,C:\Users\yys\Desktop\风机\wind-fault-detection-platform\datasets\wind_blade_defect_v02_improve\images\train\hole_846.jpg,C:\Users\yys\Desktop\风机\wind-fault-detection-platform\datasets\wind_blade_defect_v02_improve\labels\train\hole_846.txt,C:\Users\yys\Desktop\风机\wind-fault-detection-platform\datasets\wind_blade_defect_v03_recall\images\train\v03_small_r1_hole_846.jpg,C:\Users\yys\Desktop\风机\wind-fault-detection-platform\datasets\wind_blade_defect_v03_recall\labels\train\v03_small_r1_hole_846.txt
small_target_recall_oversample,C:\Users\yys\Desktop\风机\wind-fault-detection-platform\datasets\wind_blade_defect_v02_improve\images\train\hole_847.jpg,C:\Users\yys\Desktop\风机\wind-fault-detection-platform\datasets\wind_blade_defect_v02_improve\labels\train\hole_847.txt,C:\Users\yys\Desktop\风机\wind-fault-detection-platform\datasets\wind_blade_defect_v03_recall\images\train\v03_small_r1_hole_847.jpg,C:\Users\yys\Desktop\风机\wind-fault-detection-platform\datasets\wind_blade_defect_v03_recall\labels\train\v03_small_r1_hole_847.txt
small_target_recall_oversample,C:\Users\yys\Desktop\风机\wind-fault-detection-platform\datasets\wind_blade_defect_v02_improve\images\train\hole_848.jpg,C:\Users\yys\Desktop\风机\wind-fault-detection-platform\datasets\wind_blade_defect_v02_improve\labels\train\hole_848.txt,C:\Users\yys\Desktop\风机\wind-fault-detection-platform\datasets\wind_blade_defect_v03_recall\images\train\v03_small_r1_hole_848.jpg,C:\Users\yys\Desktop\风机\wind-fault-detection-platform\datasets\wind_blade_defect_v03_recall\labels\train\v03_small_r1_hole_848.txt
small_target_recall_oversample,C:\Users\yys\Desktop\风机\wind-fault-detection-platform\datasets\wind_blade_defect_v02_improve\images\train\hole_852.jpg,C:\Users\yys\Desktop\风机\wind-fault-detection-platform\datasets\wind_blade_defect_v02_improve\labels\train\hole_852.txt,C:\Users\yys\Desktop\风机\wind-fault-detection-platform\datasets\wind_blade_defect_v03_recall\images\train\v03_small_r1_hole_852.jpg,C:\Users\yys\Desktop\风机\wind-fault-detection-platform\datasets\wind_blade_defect_v03_recall\labels\train\v03_small_r1_hole_852.txt
small_target_recall_oversample,C:\Users\yys\Desktop\风机\wind-fault-detection-platform\datasets\wind_blade_defect_v02_improve\images\train\hole_853.jpg,C:\Users\yys\Desktop\风机\wind-fault-detection-platform\datasets\wind_blade_defect_v02_improve\labels\train\hole_853.txt,C:\Users\yys\Desktop\风机\wind-fault-detection-platform\datasets\wind_blade_defect_v03_recall\images\train\v03_small_r1_hole_853.jpg,C:\Users\yys\Desktop\风机\wind-fault-detection-platform\datasets\wind_blade_defect_v03_recall\labels\train\v03_small_r1_hole_853.txt
small_target_recall_oversample,C:\Users\yys\Desktop\风机\wind-fault-detection-platform\datasets\wind_blade_defect_v02_improve\images\train\hole_854.jpg,C:\Users\yys\Desktop\风机\wind-fault-detection-platform\datasets\wind_blade_defect_v02_improve\labels\train\hole_854.txt,C:\Users\yys\Desktop\风机\wind-fault-detection-platform\datasets\wind_blade_defect_v03_recall\images\train\v03_small_r1_hole_854.jpg,C:\Users\yys\Desktop\风机\wind-fault-detection-platform\datasets\wind_blade_defect_v03_recall\labels\train\v03_small_r1_hole_854.txt
small_target_recall_oversample,C:\Users\yys\Desktop\风机\wind-fault-detection-platform\datasets\wind_blade_defect_v02_improve\images\train\hole_856.jpg,C:\Users\yys\Desktop\风机\wind-fault-detection-platform\datasets\wind_blade_defect_v02_improve\labels\train\hole_856.txt,C:\Users\yys\Desktop\风机\wind-fault-detection-platform\datasets\wind_blade_defect_v03_recall\images\train\v03_small_r1_hole_856.jpg,C:\Users\yys\Desktop\风机\wind-fault-detection-platform\datasets\wind_blade_defect_v03_recall\labels\train\v03_small_r1_hole_856.txt
small_target_recall_oversample,C:\Users\yys\Desktop\风机\wind-fault-detection-platform\datasets\wind_blade_defect_v02_improve\images\train\hole_857.jpg,C:\Users\yys\Desktop\风机\wind-fault-detection-platform\datasets\wind_blade_defect_v02_improve\labels\train\hole_857.txt,C:\Users\yys\Desktop\风机\wind-fault-detection-platform\datasets\wind_blade_defect_v03_recall\images\train\v03_small_r1_hole_857.jpg,C:\Users\yys\Desktop\风机\wind-fault-detection-platform\datasets\wind_blade_defect_v03_recall\labels\train\v03_small_r1_hole_857.txt
small_target_recall_oversample,C:\Users\yys\Desktop\风机\wind-fault-detection-platform\datasets\wind_blade_defect_v02_improve\images\train\hole_86.jpg,C:\Users\yys\Desktop\风机\wind-fault-detection-platform\datasets\wind_blade_defect_v02_improve\labels\train\hole_86.txt,C:\Users\yys\Desktop\风机\wind-fault-detection-platform\datasets\wind_blade_defect_v03_recall\images\train\v03_small_r1_hole_86.jpg,C:\Users\yys\Desktop\风机\wind-fault-detection-platform\datasets\wind_blade_defect_v03_recall\labels\train\v03_small_r1_hole_86.txt
small_target_recall_oversample,C:\Users\yys\Desktop\风机\wind-fault-detection-platform\datasets\wind_blade_defect_v02_improve\images\train\hole_860.jpg,C:\Users\yys\Desktop\风机\wind-fault-detection-platform\datasets\wind_blade_defect_v02_improve\labels\train\hole_860.txt,C:\Users\yys\Desktop\风机\wind-fault-detection-platform\datasets\wind_blade_defect_v03_recall\images\train\v03_small_r1_hole_860.jpg,C:\Users\yys\Desktop\风机\wind-fault-detection-platform\datasets\wind_blade_defect_v03_recall\labels\train\v03_small_r1_hole_860.txt
small_target_recall_oversample,C:\Users\yys\Desktop\风机\wind-fault-detection-platform\datasets\wind_blade_defect_v02_improve\images\train\hole_861.jpg,C:\Users\yys\Desktop\风机\wind-fault-detection-platform\datasets\wind_blade_defect_v02_improve\labels\train\hole_861.txt,C:\Users\yys\Desktop\风机\wind-fault-detection-platform\datasets\wind_blade_defect_v03_recall\images\train\v03_small_r1_hole_861.jpg,C:\Users\yys\Desktop\风机\wind-fault-detection-platform\datasets\wind_blade_defect_v03_recall\labels\train\v03_small_r1_hole_861.txt
small_target_recall_oversample,C:\Users\yys\Desktop\风机\wind-fault-detection-platform\datasets\wind_blade_defect_v02_improve\images\train\hole_862.jpg,C:\Users\yys\Desktop\风机\wind-fault-detection-platform\datasets\wind_blade_defect_v02_improve\labels\train\hole_862.txt,C:\Users\yys\Desktop\风机\wind-fault-detection-platform\datasets\wind_blade_defect_v03_recall\images\train\v03_small_r1_hole_862.jpg,C:\Users\yys\Desktop\风机\wind-fault-detection-platform\datasets\wind_blade_defect_v03_recall\labels\train\v03_small_r1_hole_862.txt
small_target_recall_oversample,C:\Users\yys\Desktop\风机\wind-fault-detection-platform\datasets\wind_blade_defect_v02_improve\images\train\hole_863.jpg,C:\Users\yys\Desktop\风机\wind-fault-detection-platform\datasets\wind_blade_defect_v02_improve\labels\train\hole_863.txt,C:\Users\yys\Desktop\风机\wind-fault-detection-platform\datasets\wind_blade_defect_v03_recall\images\train\v03_small_r1_hole_863.jpg,C:\Users\yys\Desktop\风机\wind-fault-detection-platform\datasets\wind_blade_defect_v03_recall\labels\train\v03_small_r1_hole_863.txt
small_target_recall_oversample,C:\Users\yys\Desktop\风机\wind-fault-detection-platform\datasets\wind_blade_defect_v02_improve\images\train\hole_865.jpg,C:\Users\yys\Desktop\风机\wind-fault-detection-platform\datasets\wind_blade_defect_v02_improve\labels\train\hole_865.txt,C:\Users\yys\Desktop\风机\wind-fault-detection-platform\datasets\wind_blade_defect_v03_recall\images\train\v03_small_r1_hole_865.jpg,C:\Users\yys\Desktop\风机\wind-fault-detection-platform\datasets\wind_blade_defect_v03_recall\labels\train\v03_small_r1_hole_865.txt
small_target_recall_oversample,C:\Users\yys\Desktop\风机\wind-fault-detection-platform\datasets\wind_blade_defect_v02_improve\images\train\hole_866.jpg,C:\Users\yys\Desktop\风机\wind-fault-detection-platform\datasets\wind_blade_defect_v02_improve\labels\train\hole_866.txt,C:\Users\yys\Desktop\风机\wind-fault-detection-platform\datasets\wind_blade_defect_v03_recall\images\train\v03_small_r1_hole_866.jpg,C:\Users\yys\Desktop\风机\wind-fault-detection-platform\datasets\wind_blade_defect_v03_recall\labels\train\v03_small_r1_hole_866.txt
small_target_recall_oversample,C:\Users\yys\Desktop\风机\wind-fault-detection-platform\datasets\wind_blade_defect_v02_improve\images\train\hole_867.jpg,C:\Users\yys\Desktop\风机\wind-fault-detection-platform\datasets\wind_blade_defect_v02_improve\labels\train\hole_867.txt,C:\Users\yys\Desktop\风机\wind-fault-detection-platform\datasets\wind_blade_defect_v03_recall\images\train\v03_small_r1_hole_867.jpg,C:\Users\yys\Desktop\风机\wind-fault-detection-platform\datasets\wind_blade_defect_v03_recall\labels\train\v03_small_r1_hole_867.txt
small_target_recall_oversample,C:\Users\yys\Desktop\风机\wind-fault-detection-platform\datasets\wind_blade_defect_v02_improve\images\train\hole_868.jpg,C:\Users\yys\Desktop\风机\wind-fault-detection-platform\datasets\wind_blade_defect_v02_improve\labels\train\hole_868.txt,C:\Users\yys\Desktop\风机\wind-fault-detection-platform\datasets\wind_blade_defect_v03_recall\images\train\v03_small_r1_hole_868.jpg,C:\Users\yys\Desktop\风机\wind-fault-detection-platform\datasets\wind_blade_defect_v03_recall\labels\train\v03_small_r1_hole_868.txt
small_target_recall_oversample,C:\Users\yys\Desktop\风机\wind-fault-detection-platform\datasets\wind_blade_defect_v02_improve\images\train\hole_869.jpg,C:\Users\yys\Desktop\风机\wind-fault-detection-platform\datasets\wind_blade_defect_v02_improve\labels\train\hole_869.txt,C:\Users\yys\Desktop\风机\wind-fault-detection-platform\datasets\wind_blade_defect_v03_recall\images\train\v03_small_r1_hole_869.jpg,C:\Users\yys\Desktop\风机\wind-fault-detection-platform\datasets\wind_blade_defect_v03_recall\labels\train\v03_small_r1_hole_869.txt
small_target_recall_oversample,C:\Users\yys\Desktop\风机\wind-fault-detection-platform\datasets\wind_blade_defect_v02_improve\images\train\hole_87.jpg,C:\Users\yys\Desktop\风机\wind-fault-detection-platform\datasets\wind_blade_defect_v02_improve\labels\train\hole_87.txt,C:\Users\yys\Desktop\风机\wind-fault-detection-platform\datasets\wind_blade_defect_v03_recall\images\train\v03_small_r1_hole_87.jpg,C:\Users\yys\Desktop\风机\wind-fault-detection-platform\datasets\wind_blade_defect_v03_recall\labels\train\v03_small_r1_hole_87.txt
small_target_recall_oversample,C:\Users\yys\Desktop\风机\wind-fault-detection-platform\datasets\wind_blade_defect_v02_improve\images\train\hole_870.jpg,C:\Users\yys\Desktop\风机\wind-fault-detection-platform\datasets\wind_blade_defect_v02_improve\labels\train\hole_870.txt,C:\Users\yys\Desktop\风机\wind-fault-detection-platform\datasets\wind_blade_defect_v03_recall\images\train\v03_small_r1_hole_870.jpg,C:\Users\yys\Desktop\风机\wind-fault-detection-platform\datasets\wind_blade_defect_v03_recall\labels\train\v03_small_r1_hole_870.txt
small_target_recall_oversample,C:\Users\yys\Desktop\风机\wind-fault-detection-platform\datasets\wind_blade_defect_v02_improve\images\train\hole_872.jpg,C:\Users\yys\Desktop\风机\wind-fault-detection-platform\datasets\wind_blade_defect_v02_improve\labels\train\hole_872.txt,C:\Users\yys\Desktop\风机\wind-fault-detection-platform\datasets\wind_blade_defect_v03_recall\images\train\v03_small_r1_hole_872.jpg,C:\Users\yys\Desktop\风机\wind-fault-detection-platform\datasets\wind_blade_defect_v03_recall\labels\train\v03_small_r1_hole_872.txt
small_target_recall_oversample,C:\Users\yys\Desktop\风机\wind-fault-detection-platform\datasets\wind_blade_defect_v02_improve\images\train\hole_873.jpg,C:\Users\yys\Desktop\风机\wind-fault-detection-platform\datasets\wind_blade_defect_v02_improve\labels\train\hole_873.txt,C:\Users\yys\Desktop\风机\wind-fault-detection-platform\datasets\wind_blade_defect_v03_recall\images\train\v03_small_r1_hole_873.jpg,C:\Users\yys\Desktop\风机\wind-fault-detection-platform\datasets\wind_blade_defect_v03_recall\labels\train\v03_small_r1_hole_873.txt
small_target_recall_oversample,C:\Users\yys\Desktop\风机\wind-fault-detection-platform\datasets\wind_blade_defect_v02_improve\images\train\hole_875.jpg,C:\Users\yys\Desktop\风机\wind-fault-detection-platform\datasets\wind_blade_defect_v02_improve\labels\train\hole_875.txt,C:\Users\yys\Desktop\风机\wind-fault-detection-platform\datasets\wind_blade_defect_v03_recall\images\train\v03_small_r1_hole_875.jpg,C:\Users\yys\Desktop\风机\wind-fault-detection-platform\datasets\wind_blade_defect_v03_recall\labels\train\v03_small_r1_hole_875.txt
small_target_recall_oversample,C:\Users\yys\Desktop\风机\wind-fault-detection-platform\datasets\wind_blade_defect_v02_improve\images\train\hole_878.jpg,C:\Users\yys\Desktop\风机\wind-fault-detection-platform\datasets\wind_blade_defect_v02_improve\labels\train\hole_878.txt,C:\Users\yys\Desktop\风机\wind-fault-detection-platform\datasets\wind_blade_defect_v03_recall\images\train\v03_small_r1_hole_878.jpg,C:\Users\yys\Desktop\风机\wind-fault-detection-platform\datasets\wind_blade_defect_v03_recall\labels\train\v03_small_r1_hole_878.txt
small_target_recall_oversample,C:\Users\yys\Desktop\风机\wind-fault-detection-platform\datasets\wind_blade_defect_v02_improve\images\train\hole_880.jpg,C:\Users\yys\Desktop\风机\wind-fault-detection-platform\datasets\wind_blade_defect_v02_improve\labels\train\hole_880.txt,C:\Users\yys\Desktop\风机\wind-fault-detection-platform\datasets\wind_blade_defect_v03_recall\images\train\v03_small_r1_hole_880.jpg,C:\Users\yys\Desktop\风机\wind-fault-detection-platform\datasets\wind_blade_defect_v03_recall\labels\train\v03_small_r1_hole_880.txt
small_target_recall_oversample,C:\Users\yys\Desktop\风机\wind-fault-detection-platform\datasets\wind_blade_defect_v02_improve\images\train\hole_882.jpg,C:\Users\yys\Desktop\风机\wind-fault-detection-platform\datasets\wind_blade_defect_v02_improve\labels\train\hole_882.txt,C:\Users\yys\Desktop\风机\wind-fault-detection-platform\datasets\wind_blade_defect_v03_recall\images\train\v03_small_r1_hole_882.jpg,C:\Users\yys\Desktop\风机\wind-fault-detection-platform\datasets\wind_blade_defect_v03_recall\labels\train\v03_small_r1_hole_882.txt
small_target_recall_oversample,C:\Users\yys\Desktop\风机\wind-fault-detection-platform\datasets\wind_blade_defect_v02_improve\images\train\hole_883.jpg,C:\Users\yys\Desktop\风机\wind-fault-detection-platform\datasets\wind_blade_defect_v02_improve\labels\train\hole_883.txt,C:\Users\yys\Desktop\风机\wind-fault-detection-platform\datasets\wind_blade_defect_v03_recall\images\train\v03_small_r1_hole_883.jpg,C:\Users\yys\Desktop\风机\wind-fault-detection-platform\datasets\wind_blade_defect_v03_recall\labels\train\v03_small_r1_hole_883.txt
small_target_recall_oversample,C:\Users\yys\Desktop\风机\wind-fault-detection-platform\datasets\wind_blade_defect_v02_improve\images\train\hole_884.jpg,C:\Users\yys\Desktop\风机\wind-fault-detection-platform\datasets\wind_blade_defect_v02_improve\labels\train\hole_884.txt,C:\Users\yys\Desktop\风机\wind-fault-detection-platform\datasets\wind_blade_defect_v03_recall\images\train\v03_small_r1_hole_884.jpg,C:\Users\yys\Desktop\风机\wind-fault-detection-platform\datasets\wind_blade_defect_v03_recall\labels\train\v03_small_r1_hole_884.txt
small_target_recall_oversample,C:\Users\yys\Desktop\风机\wind-fault-detection-platform\datasets\wind_blade_defect_v02_improve\images\train\hole_885.jpg,C:\Users\yys\Desktop\风机\wind-fault-detection-platform\datasets\wind_blade_defect_v02_improve\labels\train\hole_885.txt,C:\Users\yys\Desktop\风机\wind-fault-detection-platform\datasets\wind_blade_defect_v03_recall\images\train\v03_small_r1_hole_885.jpg,C:\Users\yys\Desktop\风机\wind-fault-detection-platform\datasets\wind_blade_defect_v03_recall\labels\train\v03_small_r1_hole_885.txt
small_target_recall_oversample,C:\Users\yys\Desktop\风机\wind-fault-detection-platform\datasets\wind_blade_defect_v02_improve\images\train\hole_886.jpg,C:\Users\yys\Desktop\风机\wind-fault-detection-platform\datasets\wind_blade_defect_v02_improve\labels\train\hole_886.txt,C:\Users\yys\Desktop\风机\wind-fault-detection-platform\datasets\wind_blade_defect_v03_recall\images\train\v03_small_r1_hole_886.jpg,C:\Users\yys\Desktop\风机\wind-fault-detection-platform\datasets\wind_blade_defect_v03_recall\labels\train\v03_small_r1_hole_886.txt
small_target_recall_oversample,C:\Users\yys\Desktop\风机\wind-fault-detection-platform\datasets\wind_blade_defect_v02_improve\images\train\hole_888.jpg,C:\Users\yys\Desktop\风机\wind-fault-detection-platform\datasets\wind_blade_defect_v02_improve\labels\train\hole_888.txt,C:\Users\yys\Desktop\风机\wind-fault-detection-platform\datasets\wind_blade_defect_v03_recall\images\train\v03_small_r1_hole_888.jpg,C:\Users\yys\Desktop\风机\wind-fault-detection-platform\datasets\wind_blade_defect_v03_recall\labels\train\v03_small_r1_hole_888.txt
small_target_recall_oversample,C:\Users\yys\Desktop\风机\wind-fault-detection-platform\datasets\wind_blade_defect_v02_improve\images\train\hole_89.jpg,C:\Users\yys\Desktop\风机\wind-fault-detection-platform\datasets\wind_blade_defect_v02_improve\labels\train\hole_89.txt,C:\Users\yys\Desktop\风机\wind-fault-detection-platform\datasets\wind_blade_defect_v03_recall\images\train\v03_small_r1_hole_89.jpg,C:\Users\yys\Desktop\风机\wind-fault-detection-platform\datasets\wind_blade_defect_v03_recall\labels\train\v03_small_r1_hole_89.txt
small_target_recall_oversample,C:\Users\yys\Desktop\风机\wind-fault-detection-platform\datasets\wind_blade_defect_v02_improve\images\train\hole_890.jpg,C:\Users\yys\Desktop\风机\wind-fault-detection-platform\datasets\wind_blade_defect_v02_improve\labels\train\hole_890.txt,C:\Users\yys\Desktop\风机\wind-fault-detection-platform\datasets\wind_blade_defect_v03_recall\images\train\v03_small_r1_hole_890.jpg,C:\Users\yys\Desktop\风机\wind-fault-detection-platform\datasets\wind_blade_defect_v03_recall\labels\train\v03_small_r1_hole_890.txt
small_target_recall_oversample,C:\Users\yys\Desktop\风机\wind-fault-detection-platform\datasets\wind_blade_defect_v02_improve\images\train\hole_891.jpg,C:\Users\yys\Desktop\风机\wind-fault-detection-platform\datasets\wind_blade_defect_v02_improve\labels\train\hole_891.txt,C:\Users\yys\Desktop\风机\wind-fault-detection-platform\datasets\wind_blade_defect_v03_recall\images\train\v03_small_r1_hole_891.jpg,C:\Users\yys\Desktop\风机\wind-fault-detection-platform\datasets\wind_blade_defect_v03_recall\labels\train\v03_small_r1_hole_891.txt
small_target_recall_oversample,C:\Users\yys\Desktop\风机\wind-fault-detection-platform\datasets\wind_blade_defect_v02_improve\images\train\hole_892.jpg,C:\Users\yys\Desktop\风机\wind-fault-detection-platform\datasets\wind_blade_defect_v02_improve\labels\train\hole_892.txt,C:\Users\yys\Desktop\风机\wind-fault-detection-platform\datasets\wind_blade_defect_v03_recall\images\train\v03_small_r1_hole_892.jpg,C:\Users\yys\Desktop\风机\wind-fault-detection-platform\datasets\wind_blade_defect_v03_recall\labels\train\v03_small_r1_hole_892.txt
small_target_recall_oversample,C:\Users\yys\Desktop\风机\wind-fault-detection-platform\datasets\wind_blade_defect_v02_improve\images\train\hole_893.jpg,C:\Users\yys\Desktop\风机\wind-fault-detection-platform\datasets\wind_blade_defect_v02_improve\labels\train\hole_893.txt,C:\Users\yys\Desktop\风机\wind-fault-detection-platform\datasets\wind_blade_defect_v03_recall\images\train\v03_small_r1_hole_893.jpg,C:\Users\yys\Desktop\风机\wind-fault-detection-platform\datasets\wind_blade_defect_v03_recall\labels\train\v03_small_r1_hole_893.txt
small_target_recall_oversample,C:\Users\yys\Desktop\风机\wind-fault-detection-platform\datasets\wind_blade_defect_v02_improve\images\train\hole_895.jpg,C:\Users\yys\Desktop\风机\wind-fault-detection-platform\datasets\wind_blade_defect_v02_improve\labels\train\hole_895.txt,C:\Users\yys\Desktop\风机\wind-fault-detection-platform\datasets\wind_blade_defect_v03_recall\images\train\v03_small_r1_hole_895.jpg,C:\Users\yys\Desktop\风机\wind-fault-detection-platform\datasets\wind_blade_defect_v03_recall\labels\train\v03_small_r1_hole_895.txt
small_target_recall_oversample,C:\Users\yys\Desktop\风机\wind-fault-detection-platform\datasets\wind_blade_defect_v02_improve\images\train\hole_897.jpg,C:\Users\yys\Desktop\风机\wind-fault-detection-platform\datasets\wind_blade_defect_v02_improve\labels\train\hole_897.txt,C:\Users\yys\Desktop\风机\wind-fault-detection-platform\datasets\wind_blade_defect_v03_recall\images\train\v03_small_r1_hole_897.jpg,C:\Users\yys\Desktop\风机\wind-fault-detection-platform\datasets\wind_blade_defect_v03_recall\labels\train\v03_small_r1_hole_897.txt
small_target_recall_oversample,C:\Users\yys\Desktop\风机\wind-fault-detection-platform\datasets\wind_blade_defect_v02_improve\images\train\hole_899.jpg,C:\Users\yys\Desktop\风机\wind-fault-detection-platform\datasets\wind_blade_defect_v02_improve\labels\train\hole_899.txt,C:\Users\yys\Desktop\风机\wind-fault-detection-platform\datasets\wind_blade_defect_v03_recall\images\train\v03_small_r1_hole_899.jpg,C:\Users\yys\Desktop\风机\wind-fault-detection-platform\datasets\wind_blade_defect_v03_recall\labels\train\v03_small_r1_hole_899.txt
small_target_recall_oversample,C:\Users\yys\Desktop\风机\wind-fault-detection-platform\datasets\wind_blade_defect_v02_improve\images\train\hole_90.jpg,C:\Users\yys\Desktop\风机\wind-fault-detection-platform\datasets\wind_blade_defect_v02_improve\labels\train\hole_90.txt,C:\Users\yys\Desktop\风机\wind-fault-detection-platform\datasets\wind_blade_defect_v03_recall\images\train\v03_small_r1_hole_90.jpg,C:\Users\yys\Desktop\风机\wind-fault-detection-platform\datasets\wind_blade_defect_v03_recall\labels\train\v03_small_r1_hole_90.txt
small_target_recall_oversample,C:\Users\yys\Desktop\风机\wind-fault-detection-platform\datasets\wind_blade_defect_v02_improve\images\train\hole_901.jpg,C:\Users\yys\Desktop\风机\wind-fault-detection-platform\datasets\wind_blade_defect_v02_improve\labels\train\hole_901.txt,C:\Users\yys\Desktop\风机\wind-fault-detection-platform\datasets\wind_blade_defect_v03_recall\images\train\v03_small_r1_hole_901.jpg,C:\Users\yys\Desktop\风机\wind-fault-detection-platform\datasets\wind_blade_defect_v03_recall\labels\train\v03_small_r1_hole_901.txt
small_target_recall_oversample,C:\Users\yys\Desktop\风机\wind-fault-detection-platform\datasets\wind_blade_defect_v02_improve\images\train\hole_903.jpg,C:\Users\yys\Desktop\风机\wind-fault-detection-platform\datasets\wind_blade_defect_v02_improve\labels\train\hole_903.txt,C:\Users\yys\Desktop\风机\wind-fault-detection-platform\datasets\wind_blade_defect_v03_recall\images\train\v03_small_r1_hole_903.jpg,C:\Users\yys\Desktop\风机\wind-fault-detection-platform\datasets\wind_blade_defect_v03_recall\labels\train\v03_small_r1_hole_903.txt
small_target_recall_oversample,C:\Users\yys\Desktop\风机\wind-fault-detection-platform\datasets\wind_blade_defect_v02_improve\images\train\hole_904.jpg,C:\Users\yys\Desktop\风机\wind-fault-detection-platform\datasets\wind_blade_defect_v02_improve\labels\train\hole_904.txt,C:\Users\yys\Desktop\风机\wind-fault-detection-platform\datasets\wind_blade_defect_v03_recall\images\train\v03_small_r1_hole_904.jpg,C:\Users\yys\Desktop\风机\wind-fault-detection-platform\datasets\wind_blade_defect_v03_recall\labels\train\v03_small_r1_hole_904.txt
small_target_recall_oversample,C:\Users\yys\Desktop\风机\wind-fault-detection-platform\datasets\wind_blade_defect_v02_improve\images\train\hole_905.jpg,C:\Users\yys\Desktop\风机\wind-fault-detection-platform\datasets\wind_blade_defect_v02_improve\labels\train\hole_905.txt,C:\Users\yys\Desktop\风机\wind-fault-detection-platform\datasets\wind_blade_defect_v03_recall\images\train\v03_small_r1_hole_905.jpg,C:\Users\yys\Desktop\风机\wind-fault-detection-platform\datasets\wind_blade_defect_v03_recall\labels\train\v03_small_r1_hole_905.txt
small_target_recall_oversample,C:\Users\yys\Desktop\风机\wind-fault-detection-platform\datasets\wind_blade_defect_v02_improve\images\train\hole_906.jpg,C:\Users\yys\Desktop\风机\wind-fault-detection-platform\datasets\wind_blade_defect_v02_improve\labels\train\hole_906.txt,C:\Users\yys\Desktop\风机\wind-fault-detection-platform\datasets\wind_blade_defect_v03_recall\images\train\v03_small_r1_hole_906.jpg,C:\Users\yys\Desktop\风机\wind-fault-detection-platform\datasets\wind_blade_defect_v03_recall\labels\train\v03_small_r1_hole_906.txt
small_target_recall_oversample,C:\Users\yys\Desktop\风机\wind-fault-detection-platform\datasets\wind_blade_defect_v02_improve\images\train\hole_910.jpg,C:\Users\yys\Desktop\风机\wind-fault-detection-platform\datasets\wind_blade_defect_v02_improve\labels\train\hole_910.txt,C:\Users\yys\Desktop\风机\wind-fault-detection-platform\datasets\wind_blade_defect_v03_recall\images\train\v03_small_r1_hole_910.jpg,C:\Users\yys\Desktop\风机\wind-fault-detection-platform\datasets\wind_blade_defect_v03_recall\labels\train\v03_small_r1_hole_910.txt
small_target_recall_oversample,C:\Users\yys\Desktop\风机\wind-fault-detection-platform\datasets\wind_blade_defect_v02_improve\images\train\hole_911.jpg,C:\Users\yys\Desktop\风机\wind-fault-detection-platform\datasets\wind_blade_defect_v02_improve\labels\train\hole_911.txt,C:\Users\yys\Desktop\风机\wind-fault-detection-platform\datasets\wind_blade_defect_v03_recall\images\train\v03_small_r1_hole_911.jpg,C:\Users\yys\Desktop\风机\wind-fault-detection-platform\datasets\wind_blade_defect_v03_recall\labels\train\v03_small_r1_hole_911.txt
small_target_recall_oversample,C:\Users\yys\Desktop\风机\wind-fault-detection-platform\datasets\wind_blade_defect_v02_improve\images\train\hole_912.jpg,C:\Users\yys\Desktop\风机\wind-fault-detection-platform\datasets\wind_blade_defect_v02_improve\labels\train\hole_912.txt,C:\Users\yys\Desktop\风机\wind-fault-detection-platform\datasets\wind_blade_defect_v03_recall\images\train\v03_small_r1_hole_912.jpg,C:\Users\yys\Desktop\风机\wind-fault-detection-platform\datasets\wind_blade_defect_v03_recall\labels\train\v03_small_r1_hole_912.txt
small_target_recall_oversample,C:\Users\yys\Desktop\风机\wind-fault-detection-platform\datasets\wind_blade_defect_v02_improve\images\train\hole_914.jpg,C:\Users\yys\Desktop\风机\wind-fault-detection-platform\datasets\wind_blade_defect_v02_improve\labels\train\hole_914.txt,C:\Users\yys\Desktop\风机\wind-fault-detection-platform\datasets\wind_blade_defect_v03_recall\images\train\v03_small_r1_hole_914.jpg,C:\Users\yys\Desktop\风机\wind-fault-detection-platform\datasets\wind_blade_defect_v03_recall\labels\train\v03_small_r1_hole_914.txt
small_target_recall_oversample,C:\Users\yys\Desktop\风机\wind-fault-detection-platform\datasets\wind_blade_defect_v02_improve\images\train\hole_915.jpg,C:\Users\yys\Desktop\风机\wind-fault-detection-platform\datasets\wind_blade_defect_v02_improve\labels\train\hole_915.txt,C:\Users\yys\Desktop\风机\wind-fault-detection-platform\datasets\wind_blade_defect_v03_recall\images\train\v03_small_r1_hole_915.jpg,C:\Users\yys\Desktop\风机\wind-fault-detection-platform\datasets\wind_blade_defect_v03_recall\labels\train\v03_small_r1_hole_915.txt
small_target_recall_oversample,C:\Users\yys\Desktop\风机\wind-fault-detection-platform\datasets\wind_blade_defect_v02_improve\images\train\hole_916.jpg,C:\Users\yys\Desktop\风机\wind-fault-detection-platform\datasets\wind_blade_defect_v02_improve\labels\train\hole_916.txt,C:\Users\yys\Desktop\风机\wind-fault-detection-platform\datasets\wind_blade_defect_v03_recall\images\train\v03_small_r1_hole_916.jpg,C:\Users\yys\Desktop\风机\wind-fault-detection-platform\datasets\wind_blade_defect_v03_recall\labels\train\v03_small_r1_hole_916.txt
small_target_recall_oversample,C:\Users\yys\Desktop\风机\wind-fault-detection-platform\datasets\wind_blade_defect_v02_improve\images\train\hole_92.jpg,C:\Users\yys\Desktop\风机\wind-fault-detection-platform\datasets\wind_blade_defect_v02_improve\labels\train\hole_92.txt,C:\Users\yys\Desktop\风机\wind-fault-detection-platform\datasets\wind_blade_defect_v03_recall\images\train\v03_small_r1_hole_92.jpg,C:\Users\yys\Desktop\风机\wind-fault-detection-platform\datasets\wind_blade_defect_v03_recall\labels\train\v03_small_r1_hole_92.txt
small_target_recall_oversample,C:\Users\yys\Desktop\风机\wind-fault-detection-platform\datasets\wind_blade_defect_v02_improve\images\train\hole_920.jpg,C:\Users\yys\Desktop\风机\wind-fault-detection-platform\datasets\wind_blade_defect_v02_improve\labels\train\hole_920.txt,C:\Users\yys\Desktop\风机\wind-fault-detection-platform\datasets\wind_blade_defect_v03_recall\images\train\v03_small_r1_hole_920.jpg,C:\Users\yys\Desktop\风机\wind-fault-detection-platform\datasets\wind_blade_defect_v03_recall\labels\train\v03_small_r1_hole_920.txt
small_target_recall_oversample,C:\Users\yys\Desktop\风机\wind-fault-detection-platform\datasets\wind_blade_defect_v02_improve\images\train\hole_921.jpg,C:\Users\yys\Desktop\风机\wind-fault-detection-platform\datasets\wind_blade_defect_v02_improve\labels\train\hole_921.txt,C:\Users\yys\Desktop\风机\wind-fault-detection-platform\datasets\wind_blade_defect_v03_recall\images\train\v03_small_r1_hole_921.jpg,C:\Users\yys\Desktop\风机\wind-fault-detection-platform\datasets\wind_blade_defect_v03_recall\labels\train\v03_small_r1_hole_921.txt
small_target_recall_oversample,C:\Users\yys\Desktop\风机\wind-fault-detection-platform\datasets\wind_blade_defect_v02_improve\images\train\hole_922.jpg,C:\Users\yys\Desktop\风机\wind-fault-detection-platform\datasets\wind_blade_defect_v02_improve\labels\train\hole_922.txt,C:\Users\yys\Desktop\风机\wind-fault-detection-platform\datasets\wind_blade_defect_v03_recall\images\train\v03_small_r1_hole_922.jpg,C:\Users\yys\Desktop\风机\wind-fault-detection-platform\datasets\wind_blade_defect_v03_recall\labels\train\v03_small_r1_hole_922.txt
small_target_recall_oversample,C:\Users\yys\Desktop\风机\wind-fault-detection-platform\datasets\wind_blade_defect_v02_improve\images\train\hole_923.jpg,C:\Users\yys\Desktop\风机\wind-fault-detection-platform\datasets\wind_blade_defect_v02_improve\labels\train\hole_923.txt,C:\Users\yys\Desktop\风机\wind-fault-detection-platform\datasets\wind_blade_defect_v03_recall\images\train\v03_small_r1_hole_923.jpg,C:\Users\yys\Desktop\风机\wind-fault-detection-platform\datasets\wind_blade_defect_v03_recall\labels\train\v03_small_r1_hole_923.txt
small_target_recall_oversample,C:\Users\yys\Desktop\风机\wind-fault-detection-platform\datasets\wind_blade_defect_v02_improve\images\train\hole_924.jpg,C:\Users\yys\Desktop\风机\wind-fault-detection-platform\datasets\wind_blade_defect_v02_improve\labels\train\hole_924.txt,C:\Users\yys\Desktop\风机\wind-fault-detection-platform\datasets\wind_blade_defect_v03_recall\images\train\v03_small_r1_hole_924.jpg,C:\Users\yys\Desktop\风机\wind-fault-detection-platform\datasets\wind_blade_defect_v03_recall\labels\train\v03_small_r1_hole_924.txt
small_target_recall_oversample,C:\Users\yys\Desktop\风机\wind-fault-detection-platform\datasets\wind_blade_defect_v02_improve\images\train\hole_926.jpg,C:\Users\yys\Desktop\风机\wind-fault-detection-platform\datasets\wind_blade_defect_v02_improve\labels\train\hole_926.txt,C:\Users\yys\Desktop\风机\wind-fault-detection-platform\datasets\wind_blade_defect_v03_recall\images\train\v03_small_r1_hole_926.jpg,C:\Users\yys\Desktop\风机\wind-fault-detection-platform\datasets\wind_blade_defect_v03_recall\labels\train\v03_small_r1_hole_926.txt
small_target_recall_oversample,C:\Users\yys\Desktop\风机\wind-fault-detection-platform\datasets\wind_blade_defect_v02_improve\images\train\hole_928.jpg,C:\Users\yys\Desktop\风机\wind-fault-detection-platform\datasets\wind_blade_defect_v02_improve\labels\train\hole_928.txt,C:\Users\yys\Desktop\风机\wind-fault-detection-platform\datasets\wind_blade_defect_v03_recall\images\train\v03_small_r1_hole_928.jpg,C:\Users\yys\Desktop\风机\wind-fault-detection-platform\datasets\wind_blade_defect_v03_recall\labels\train\v03_small_r1_hole_928.txt
small_target_recall_oversample,C:\Users\yys\Desktop\风机\wind-fault-detection-platform\datasets\wind_blade_defect_v02_improve\images\train\hole_929.jpg,C:\Users\yys\Desktop\风机\wind-fault-detection-platform\datasets\wind_blade_defect_v02_improve\labels\train\hole_929.txt,C:\Users\yys\Desktop\风机\wind-fault-detection-platform\datasets\wind_blade_defect_v03_recall\images\train\v03_small_r1_hole_929.jpg,C:\Users\yys\Desktop\风机\wind-fault-detection-platform\datasets\wind_blade_defect_v03_recall\labels\train\v03_small_r1_hole_929.txt
small_target_recall_oversample,C:\Users\yys\Desktop\风机\wind-fault-detection-platform\datasets\wind_blade_defect_v02_improve\images\train\hole_930.jpg,C:\Users\yys\Desktop\风机\wind-fault-detection-platform\datasets\wind_blade_defect_v02_improve\labels\train\hole_930.txt,C:\Users\yys\Desktop\风机\wind-fault-detection-platform\datasets\wind_blade_defect_v03_recall\images\train\v03_small_r1_hole_930.jpg,C:\Users\yys\Desktop\风机\wind-fault-detection-platform\datasets\wind_blade_defect_v03_recall\labels\train\v03_small_r1_hole_930.txt
small_target_recall_oversample,C:\Users\yys\Desktop\风机\wind-fault-detection-platform\datasets\wind_blade_defect_v02_improve\images\train\hole_931.jpg,C:\Users\yys\Desktop\风机\wind-fault-detection-platform\datasets\wind_blade_defect_v02_improve\labels\train\hole_931.txt,C:\Users\yys\Desktop\风机\wind-fault-detection-platform\datasets\wind_blade_defect_v03_recall\images\train\v03_small_r1_hole_931.jpg,C:\Users\yys\Desktop\风机\wind-fault-detection-platform\datasets\wind_blade_defect_v03_recall\labels\train\v03_small_r1_hole_931.txt
small_target_recall_oversample,C:\Users\yys\Desktop\风机\wind-fault-detection-platform\datasets\wind_blade_defect_v02_improve\images\train\hole_932.jpg,C:\Users\yys\Desktop\风机\wind-fault-detection-platform\datasets\wind_blade_defect_v02_improve\labels\train\hole_932.txt,C:\Users\yys\Desktop\风机\wind-fault-detection-platform\datasets\wind_blade_defect_v03_recall\images\train\v03_small_r1_hole_932.jpg,C:\Users\yys\Desktop\风机\wind-fault-detection-platform\datasets\wind_blade_defect_v03_recall\labels\train\v03_small_r1_hole_932.txt
small_target_recall_oversample,C:\Users\yys\Desktop\风机\wind-fault-detection-platform\datasets\wind_blade_defect_v02_improve\images\train\hole_937.jpg,C:\Users\yys\Desktop\风机\wind-fault-detection-platform\datasets\wind_blade_defect_v02_improve\labels\train\hole_937.txt,C:\Users\yys\Desktop\风机\wind-fault-detection-platform\datasets\wind_blade_defect_v03_recall\images\train\v03_small_r1_hole_937.jpg,C:\Users\yys\Desktop\风机\wind-fault-detection-platform\datasets\wind_blade_defect_v03_recall\labels\train\v03_small_r1_hole_937.txt
small_target_recall_oversample,C:\Users\yys\Desktop\风机\wind-fault-detection-platform\datasets\wind_blade_defect_v02_improve\images\train\hole_938.jpg,C:\Users\yys\Desktop\风机\wind-fault-detection-platform\datasets\wind_blade_defect_v02_improve\labels\train\hole_938.txt,C:\Users\yys\Desktop\风机\wind-fault-detection-platform\datasets\wind_blade_defect_v03_recall\images\train\v03_small_r1_hole_938.jpg,C:\Users\yys\Desktop\风机\wind-fault-detection-platform\datasets\wind_blade_defect_v03_recall\labels\train\v03_small_r1_hole_938.txt
small_target_recall_oversample,C:\Users\yys\Desktop\风机\wind-fault-detection-platform\datasets\wind_blade_defect_v02_improve\images\train\hole_939.jpg,C:\Users\yys\Desktop\风机\wind-fault-detection-platform\datasets\wind_blade_defect_v02_improve\labels\train\hole_939.txt,C:\Users\yys\Desktop\风机\wind-fault-detection-platform\datasets\wind_blade_defect_v03_recall\images\train\v03_small_r1_hole_939.jpg,C:\Users\yys\Desktop\风机\wind-fault-detection-platform\datasets\wind_blade_defect_v03_recall\labels\train\v03_small_r1_hole_939.txt
small_target_recall_oversample,C:\Users\yys\Desktop\风机\wind-fault-detection-platform\datasets\wind_blade_defect_v02_improve\images\train\hole_94.jpg,C:\Users\yys\Desktop\风机\wind-fault-detection-platform\datasets\wind_blade_defect_v02_improve\labels\train\hole_94.txt,C:\Users\yys\Desktop\风机\wind-fault-detection-platform\datasets\wind_blade_defect_v03_recall\images\train\v03_small_r1_hole_94.jpg,C:\Users\yys\Desktop\风机\wind-fault-detection-platform\datasets\wind_blade_defect_v03_recall\labels\train\v03_small_r1_hole_94.txt
small_target_recall_oversample,C:\Users\yys\Desktop\风机\wind-fault-detection-platform\datasets\wind_blade_defect_v02_improve\images\train\hole_941.jpg,C:\Users\yys\Desktop\风机\wind-fault-detection-platform\datasets\wind_blade_defect_v02_improve\labels\train\hole_941.txt,C:\Users\yys\Desktop\风机\wind-fault-detection-platform\datasets\wind_blade_defect_v03_recall\images\train\v03_small_r1_hole_941.jpg,C:\Users\yys\Desktop\风机\wind-fault-detection-platform\datasets\wind_blade_defect_v03_recall\labels\train\v03_small_r1_hole_941.txt
small_target_recall_oversample,C:\Users\yys\Desktop\风机\wind-fault-detection-platform\datasets\wind_blade_defect_v02_improve\images\train\hole_943.jpg,C:\Users\yys\Desktop\风机\wind-fault-detection-platform\datasets\wind_blade_defect_v02_improve\labels\train\hole_943.txt,C:\Users\yys\Desktop\风机\wind-fault-detection-platform\datasets\wind_blade_defect_v03_recall\images\train\v03_small_r1_hole_943.jpg,C:\Users\yys\Desktop\风机\wind-fault-detection-platform\datasets\wind_blade_defect_v03_recall\labels\train\v03_small_r1_hole_943.txt
small_target_recall_oversample,C:\Users\yys\Desktop\风机\wind-fault-detection-platform\datasets\wind_blade_defect_v02_improve\images\train\hole_945.jpg,C:\Users\yys\Desktop\风机\wind-fault-detection-platform\datasets\wind_blade_defect_v02_improve\labels\train\hole_945.txt,C:\Users\yys\Desktop\风机\wind-fault-detection-platform\datasets\wind_blade_defect_v03_recall\images\train\v03_small_r1_hole_945.jpg,C:\Users\yys\Desktop\风机\wind-fault-detection-platform\datasets\wind_blade_defect_v03_recall\labels\train\v03_small_r1_hole_945.txt
small_target_recall_oversample,C:\Users\yys\Desktop\风机\wind-fault-detection-platform\datasets\wind_blade_defect_v02_improve\images\train\hole_946.jpg,C:\Users\yys\Desktop\风机\wind-fault-detection-platform\datasets\wind_blade_defect_v02_improve\labels\train\hole_946.txt,C:\Users\yys\Desktop\风机\wind-fault-detection-platform\datasets\wind_blade_defect_v03_recall\images\train\v03_small_r1_hole_946.jpg,C:\Users\yys\Desktop\风机\wind-fault-detection-platform\datasets\wind_blade_defect_v03_recall\labels\train\v03_small_r1_hole_946.txt
small_target_recall_oversample,C:\Users\yys\Desktop\风机\wind-fault-detection-platform\datasets\wind_blade_defect_v02_improve\images\train\hole_948.jpg,C:\Users\yys\Desktop\风机\wind-fault-detection-platform\datasets\wind_blade_defect_v02_improve\labels\train\hole_948.txt,C:\Users\yys\Desktop\风机\wind-fault-detection-platform\datasets\wind_blade_defect_v03_recall\images\train\v03_small_r1_hole_948.jpg,C:\Users\yys\Desktop\风机\wind-fault-detection-platform\datasets\wind_blade_defect_v03_recall\labels\train\v03_small_r1_hole_948.txt
small_target_recall_oversample,C:\Users\yys\Desktop\风机\wind-fault-detection-platform\datasets\wind_blade_defect_v02_improve\images\train\hole_950.jpg,C:\Users\yys\Desktop\风机\wind-fault-detection-platform\datasets\wind_blade_defect_v02_improve\labels\train\hole_950.txt,C:\Users\yys\Desktop\风机\wind-fault-detection-platform\datasets\wind_blade_defect_v03_recall\images\train\v03_small_r1_hole_950.jpg,C:\Users\yys\Desktop\风机\wind-fault-detection-platform\datasets\wind_blade_defect_v03_recall\labels\train\v03_small_r1_hole_950.txt
small_target_recall_oversample,C:\Users\yys\Desktop\风机\wind-fault-detection-platform\datasets\wind_blade_defect_v02_improve\images\train\hole_952.jpg,C:\Users\yys\Desktop\风机\wind-fault-detection-platform\datasets\wind_blade_defect_v02_improve\labels\train\hole_952.txt,C:\Users\yys\Desktop\风机\wind-fault-detection-platform\datasets\wind_blade_defect_v03_recall\images\train\v03_small_r1_hole_952.jpg,C:\Users\yys\Desktop\风机\wind-fault-detection-platform\datasets\wind_blade_defect_v03_recall\labels\train\v03_small_r1_hole_952.txt
small_target_recall_oversample,C:\Users\yys\Desktop\风机\wind-fault-detection-platform\datasets\wind_blade_defect_v02_improve\images\train\hole_953.jpg,C:\Users\yys\Desktop\风机\wind-fault-detection-platform\datasets\wind_blade_defect_v02_improve\labels\train\hole_953.txt,C:\Users\yys\Desktop\风机\wind-fault-detection-platform\datasets\wind_blade_defect_v03_recall\images\train\v03_small_r1_hole_953.jpg,C:\Users\yys\Desktop\风机\wind-fault-detection-platform\datasets\wind_blade_defect_v03_recall\labels\train\v03_small_r1_hole_953.txt
small_target_recall_oversample,C:\Users\yys\Desktop\风机\wind-fault-detection-platform\datasets\wind_blade_defect_v02_improve\images\train\hole_955.jpg,C:\Users\yys\Desktop\风机\wind-fault-detection-platform\datasets\wind_blade_defect_v02_improve\labels\train\hole_955.txt,C:\Users\yys\Desktop\风机\wind-fault-detection-platform\datasets\wind_blade_defect_v03_recall\images\train\v03_small_r1_hole_955.jpg,C:\Users\yys\Desktop\风机\wind-fault-detection-platform\datasets\wind_blade_defect_v03_recall\labels\train\v03_small_r1_hole_955.txt
small_target_recall_oversample,C:\Users\yys\Desktop\风机\wind-fault-detection-platform\datasets\wind_blade_defect_v02_improve\images\train\hole_956.jpg,C:\Users\yys\Desktop\风机\wind-fault-detection-platform\datasets\wind_blade_defect_v02_improve\labels\train\hole_956.txt,C:\Users\yys\Desktop\风机\wind-fault-detection-platform\datasets\wind_blade_defect_v03_recall\images\train\v03_small_r1_hole_956.jpg,C:\Users\yys\Desktop\风机\wind-fault-detection-platform\datasets\wind_blade_defect_v03_recall\labels\train\v03_small_r1_hole_956.txt
small_target_recall_oversample,C:\Users\yys\Desktop\风机\wind-fault-detection-platform\datasets\wind_blade_defect_v02_improve\images\train\hole_958.jpg,C:\Users\yys\Desktop\风机\wind-fault-detection-platform\datasets\wind_blade_defect_v02_improve\labels\train\hole_958.txt,C:\Users\yys\Desktop\风机\wind-fault-detection-platform\datasets\wind_blade_defect_v03_recall\images\train\v03_small_r1_hole_958.jpg,C:\Users\yys\Desktop\风机\wind-fault-detection-platform\datasets\wind_blade_defect_v03_recall\labels\train\v03_small_r1_hole_958.txt
small_target_recall_oversample,C:\Users\yys\Desktop\风机\wind-fault-detection-platform\datasets\wind_blade_defect_v02_improve\images\train\hole_959.jpg,C:\Users\yys\Desktop\风机\wind-fault-detection-platform\datasets\wind_blade_defect_v02_improve\labels\train\hole_959.txt,C:\Users\yys\Desktop\风机\wind-fault-detection-platform\datasets\wind_blade_defect_v03_recall\images\train\v03_small_r1_hole_959.jpg,C:\Users\yys\Desktop\风机\wind-fault-detection-platform\datasets\wind_blade_defect_v03_recall\labels\train\v03_small_r1_hole_959.txt
small_target_recall_oversample,C:\Users\yys\Desktop\风机\wind-fault-detection-platform\datasets\wind_blade_defect_v02_improve\images\train\hole_960.jpg,C:\Users\yys\Desktop\风机\wind-fault-detection-platform\datasets\wind_blade_defect_v02_improve\labels\train\hole_960.txt,C:\Users\yys\Desktop\风机\wind-fault-detection-platform\datasets\wind_blade_defect_v03_recall\images\train\v03_small_r1_hole_960.jpg,C:\Users\yys\Desktop\风机\wind-fault-detection-platform\datasets\wind_blade_defect_v03_recall\labels\train\v03_small_r1_hole_960.txt
small_target_recall_oversample,C:\Users\yys\Desktop\风机\wind-fault-detection-platform\datasets\wind_blade_defect_v02_improve\images\train\hole_962.jpg,C:\Users\yys\Desktop\风机\wind-fault-detection-platform\datasets\wind_blade_defect_v02_improve\labels\train\hole_962.txt,C:\Users\yys\Desktop\风机\wind-fault-detection-platform\datasets\wind_blade_defect_v03_recall\images\train\v03_small_r1_hole_962.jpg,C:\Users\yys\Desktop\风机\wind-fault-detection-platform\datasets\wind_blade_defect_v03_recall\labels\train\v03_small_r1_hole_962.txt
small_target_recall_oversample,C:\Users\yys\Desktop\风机\wind-fault-detection-platform\datasets\wind_blade_defect_v02_improve\images\train\hole_964.jpg,C:\Users\yys\Desktop\风机\wind-fault-detection-platform\datasets\wind_blade_defect_v02_improve\labels\train\hole_964.txt,C:\Users\yys\Desktop\风机\wind-fault-detection-platform\datasets\wind_blade_defect_v03_recall\images\train\v03_small_r1_hole_964.jpg,C:\Users\yys\Desktop\风机\wind-fault-detection-platform\datasets\wind_blade_defect_v03_recall\labels\train\v03_small_r1_hole_964.txt
small_target_recall_oversample,C:\Users\yys\Desktop\风机\wind-fault-detection-platform\datasets\wind_blade_defect_v02_improve\images\train\hole_965.jpg,C:\Users\yys\Desktop\风机\wind-fault-detection-platform\datasets\wind_blade_defect_v02_improve\labels\train\hole_965.txt,C:\Users\yys\Desktop\风机\wind-fault-detection-platform\datasets\wind_blade_defect_v03_recall\images\train\v03_small_r1_hole_965.jpg,C:\Users\yys\Desktop\风机\wind-fault-detection-platform\datasets\wind_blade_defect_v03_recall\labels\train\v03_small_r1_hole_965.txt
small_target_recall_oversample,C:\Users\yys\Desktop\风机\wind-fault-detection-platform\datasets\wind_blade_defect_v02_improve\images\train\hole_966.jpg,C:\Users\yys\Desktop\风机\wind-fault-detection-platform\datasets\wind_blade_defect_v02_improve\labels\train\hole_966.txt,C:\Users\yys\Desktop\风机\wind-fault-detection-platform\datasets\wind_blade_defect_v03_recall\images\train\v03_small_r1_hole_966.jpg,C:\Users\yys\Desktop\风机\wind-fault-detection-platform\datasets\wind_blade_defect_v03_recall\labels\train\v03_small_r1_hole_966.txt
small_target_recall_oversample,C:\Users\yys\Desktop\风机\wind-fault-detection-platform\datasets\wind_blade_defect_v02_improve\images\train\hole_969.jpg,C:\Users\yys\Desktop\风机\wind-fault-detection-platform\datasets\wind_blade_defect_v02_improve\labels\train\hole_969.txt,C:\Users\yys\Desktop\风机\wind-fault-detection-platform\datasets\wind_blade_defect_v03_recall\images\train\v03_small_r1_hole_969.jpg,C:\Users\yys\Desktop\风机\wind-fault-detection-platform\datasets\wind_blade_defect_v03_recall\labels\train\v03_small_r1_hole_969.txt
small_target_recall_oversample,C:\Users\yys\Desktop\风机\wind-fault-detection-platform\datasets\wind_blade_defect_v02_improve\images\train\hole_97.jpg,C:\Users\yys\Desktop\风机\wind-fault-detection-platform\datasets\wind_blade_defect_v02_improve\labels\train\hole_97.txt,C:\Users\yys\Desktop\风机\wind-fault-detection-platform\datasets\wind_blade_defect_v03_recall\images\train\v03_small_r1_hole_97.jpg,C:\Users\yys\Desktop\风机\wind-fault-detection-platform\datasets\wind_blade_defect_v03_recall\labels\train\v03_small_r1_hole_97.txt
small_target_recall_oversample,C:\Users\yys\Desktop\风机\wind-fault-detection-platform\datasets\wind_blade_defect_v02_improve\images\train\hole_972.jpg,C:\Users\yys\Desktop\风机\wind-fault-detection-platform\datasets\wind_blade_defect_v02_improve\labels\train\hole_972.txt,C:\Users\yys\Desktop\风机\wind-fault-detection-platform\datasets\wind_blade_defect_v03_recall\images\train\v03_small_r1_hole_972.jpg,C:\Users\yys\Desktop\风机\wind-fault-detection-platform\datasets\wind_blade_defect_v03_recall\labels\train\v03_small_r1_hole_972.txt
small_target_recall_oversample,C:\Users\yys\Desktop\风机\wind-fault-detection-platform\datasets\wind_blade_defect_v02_improve\images\train\hole_974.jpg,C:\Users\yys\Desktop\风机\wind-fault-detection-platform\datasets\wind_blade_defect_v02_improve\labels\train\hole_974.txt,C:\Users\yys\Desktop\风机\wind-fault-detection-platform\datasets\wind_blade_defect_v03_recall\images\train\v03_small_r1_hole_974.jpg,C:\Users\yys\Desktop\风机\wind-fault-detection-platform\datasets\wind_blade_defect_v03_recall\labels\train\v03_small_r1_hole_974.txt
small_target_recall_oversample,C:\Users\yys\Desktop\风机\wind-fault-detection-platform\datasets\wind_blade_defect_v02_improve\images\train\hole_975.jpg,C:\Users\yys\Desktop\风机\wind-fault-detection-platform\datasets\wind_blade_defect_v02_improve\labels\train\hole_975.txt,C:\Users\yys\Desktop\风机\wind-fault-detection-platform\datasets\wind_blade_defect_v03_recall\images\train\v03_small_r1_hole_975.jpg,C:\Users\yys\Desktop\风机\wind-fault-detection-platform\datasets\wind_blade_defect_v03_recall\labels\train\v03_small_r1_hole_975.txt
small_target_recall_oversample,C:\Users\yys\Desktop\风机\wind-fault-detection-platform\datasets\wind_blade_defect_v02_improve\images\train\hole_978.jpg,C:\Users\yys\Desktop\风机\wind-fault-detection-platform\datasets\wind_blade_defect_v02_improve\labels\train\hole_978.txt,C:\Users\yys\Desktop\风机\wind-fault-detection-platform\datasets\wind_blade_defect_v03_recall\images\train\v03_small_r1_hole_978.jpg,C:\Users\yys\Desktop\风机\wind-fault-detection-platform\datasets\wind_blade_defect_v03_recall\labels\train\v03_small_r1_hole_978.txt
small_target_recall_oversample,C:\Users\yys\Desktop\风机\wind-fault-detection-platform\datasets\wind_blade_defect_v02_improve\images\train\hole_980.jpg,C:\Users\yys\Desktop\风机\wind-fault-detection-platform\datasets\wind_blade_defect_v02_improve\labels\train\hole_980.txt,C:\Users\yys\Desktop\风机\wind-fault-detection-platform\datasets\wind_blade_defect_v03_recall\images\train\v03_small_r1_hole_980.jpg,C:\Users\yys\Desktop\风机\wind-fault-detection-platform\datasets\wind_blade_defect_v03_recall\labels\train\v03_small_r1_hole_980.txt
small_target_recall_oversample,C:\Users\yys\Desktop\风机\wind-fault-detection-platform\datasets\wind_blade_defect_v02_improve\images\train\hole_981.jpg,C:\Users\yys\Desktop\风机\wind-fault-detection-platform\datasets\wind_blade_defect_v02_improve\labels\train\hole_981.txt,C:\Users\yys\Desktop\风机\wind-fault-detection-platform\datasets\wind_blade_defect_v03_recall\images\train\v03_small_r1_hole_981.jpg,C:\Users\yys\Desktop\风机\wind-fault-detection-platform\datasets\wind_blade_defect_v03_recall\labels\train\v03_small_r1_hole_981.txt
small_target_recall_oversample,C:\Users\yys\Desktop\风机\wind-fault-detection-platform\datasets\wind_blade_defect_v02_improve\images\train\hole_983.jpg,C:\Users\yys\Desktop\风机\wind-fault-detection-platform\datasets\wind_blade_defect_v02_improve\labels\train\hole_983.txt,C:\Users\yys\Desktop\风机\wind-fault-detection-platform\datasets\wind_blade_defect_v03_recall\images\train\v03_small_r1_hole_983.jpg,C:\Users\yys\Desktop\风机\wind-fault-detection-platform\datasets\wind_blade_defect_v03_recall\labels\train\v03_small_r1_hole_983.txt
small_target_recall_oversample,C:\Users\yys\Desktop\风机\wind-fault-detection-platform\datasets\wind_blade_defect_v02_improve\images\train\hole_985.jpg,C:\Users\yys\Desktop\风机\wind-fault-detection-platform\datasets\wind_blade_defect_v02_improve\labels\train\hole_985.txt,C:\Users\yys\Desktop\风机\wind-fault-detection-platform\datasets\wind_blade_defect_v03_recall\images\train\v03_small_r1_hole_985.jpg,C:\Users\yys\Desktop\风机\wind-fault-detection-platform\datasets\wind_blade_defect_v03_recall\labels\train\v03_small_r1_hole_985.txt
small_target_recall_oversample,C:\Users\yys\Desktop\风机\wind-fault-detection-platform\datasets\wind_blade_defect_v02_improve\images\train\hole_988.jpg,C:\Users\yys\Desktop\风机\wind-fault-detection-platform\datasets\wind_blade_defect_v02_improve\labels\train\hole_988.txt,C:\Users\yys\Desktop\风机\wind-fault-detection-platform\datasets\wind_blade_defect_v03_recall\images\train\v03_small_r1_hole_988.jpg,C:\Users\yys\Desktop\风机\wind-fault-detection-platform\datasets\wind_blade_defect_v03_recall\labels\train\v03_small_r1_hole_988.txt
small_target_recall_oversample,C:\Users\yys\Desktop\风机\wind-fault-detection-platform\datasets\wind_blade_defect_v02_improve\images\train\hole_989.jpg,C:\Users\yys\Desktop\风机\wind-fault-detection-platform\datasets\wind_blade_defect_v02_improve\labels\train\hole_989.txt,C:\Users\yys\Desktop\风机\wind-fault-detection-platform\datasets\wind_blade_defect_v03_recall\images\train\v03_small_r1_hole_989.jpg,C:\Users\yys\Desktop\风机\wind-fault-detection-platform\datasets\wind_blade_defect_v03_recall\labels\train\v03_small_r1_hole_989.txt
small_target_recall_oversample,C:\Users\yys\Desktop\风机\wind-fault-detection-platform\datasets\wind_blade_defect_v02_improve\images\train\hole_990.jpg,C:\Users\yys\Desktop\风机\wind-fault-detection-platform\datasets\wind_blade_defect_v02_improve\labels\train\hole_990.txt,C:\Users\yys\Desktop\风机\wind-fault-detection-platform\datasets\wind_blade_defect_v03_recall\images\train\v03_small_r1_hole_990.jpg,C:\Users\yys\Desktop\风机\wind-fault-detection-platform\datasets\wind_blade_defect_v03_recall\labels\train\v03_small_r1_hole_990.txt
small_target_recall_oversample,C:\Users\yys\Desktop\风机\wind-fault-detection-platform\datasets\wind_blade_defect_v02_improve\images\train\hole_991.jpg,C:\Users\yys\Desktop\风机\wind-fault-detection-platform\datasets\wind_blade_defect_v02_improve\labels\train\hole_991.txt,C:\Users\yys\Desktop\风机\wind-fault-detection-platform\datasets\wind_blade_defect_v03_recall\images\train\v03_small_r1_hole_991.jpg,C:\Users\yys\Desktop\风机\wind-fault-detection-platform\datasets\wind_blade_defect_v03_recall\labels\train\v03_small_r1_hole_991.txt
small_target_recall_oversample,C:\Users\yys\Desktop\风机\wind-fault-detection-platform\datasets\wind_blade_defect_v02_improve\images\train\hole_992.jpg,C:\Users\yys\Desktop\风机\wind-fault-detection-platform\datasets\wind_blade_defect_v02_improve\labels\train\hole_992.txt,C:\Users\yys\Desktop\风机\wind-fault-detection-platform\datasets\wind_blade_defect_v03_recall\images\train\v03_small_r1_hole_992.jpg,C:\Users\yys\Desktop\风机\wind-fault-detection-platform\datasets\wind_blade_defect_v03_recall\labels\train\v03_small_r1_hole_992.txt
small_target_recall_oversample,C:\Users\yys\Desktop\风机\wind-fault-detection-platform\datasets\wind_blade_defect_v02_improve\images\train\hole_993.jpg,C:\Users\yys\Desktop\风机\wind-fault-detection-platform\datasets\wind_blade_defect_v02_improve\labels\train\hole_993.txt,C:\Users\yys\Desktop\风机\wind-fault-detection-platform\datasets\wind_blade_defect_v03_recall\images\train\v03_small_r1_hole_993.jpg,C:\Users\yys\Desktop\风机\wind-fault-detection-platform\datasets\wind_blade_defect_v03_recall\labels\train\v03_small_r1_hole_993.txt
small_target_recall_oversample,C:\Users\yys\Desktop\风机\wind-fault-detection-platform\datasets\wind_blade_defect_v02_improve\images\train\hole_994.jpg,C:\Users\yys\Desktop\风机\wind-fault-detection-platform\datasets\wind_blade_defect_v02_improve\labels\train\hole_994.txt,C:\Users\yys\Desktop\风机\wind-fault-detection-platform\datasets\wind_blade_defect_v03_recall\images\train\v03_small_r1_hole_994.jpg,C:\Users\yys\Desktop\风机\wind-fault-detection-platform\datasets\wind_blade_defect_v03_recall\labels\train\v03_small_r1_hole_994.txt
small_target_recall_oversample,C:\Users\yys\Desktop\风机\wind-fault-detection-platform\datasets\wind_blade_defect_v02_improve\images\train\hole_995.jpg,C:\Users\yys\Desktop\风机\wind-fault-detection-platform\datasets\wind_blade_defect_v02_improve\labels\train\hole_995.txt,C:\Users\yys\Desktop\风机\wind-fault-detection-platform\datasets\wind_blade_defect_v03_recall\images\train\v03_small_r1_hole_995.jpg,C:\Users\yys\Desktop\风机\wind-fault-detection-platform\datasets\wind_blade_defect_v03_recall\labels\train\v03_small_r1_hole_995.txt
small_target_recall_oversample,C:\Users\yys\Desktop\风机\wind-fault-detection-platform\datasets\wind_blade_defect_v02_improve\images\train\hole_996.jpg,C:\Users\yys\Desktop\风机\wind-fault-detection-platform\datasets\wind_blade_defect_v02_improve\labels\train\hole_996.txt,C:\Users\yys\Desktop\风机\wind-fault-detection-platform\datasets\wind_blade_defect_v03_recall\images\train\v03_small_r1_hole_996.jpg,C:\Users\yys\Desktop\风机\wind-fault-detection-platform\datasets\wind_blade_defect_v03_recall\labels\train\v03_small_r1_hole_996.txt
small_target_recall_oversample,C:\Users\yys\Desktop\风机\wind-fault-detection-platform\datasets\wind_blade_defect_v02_improve\images\train\hole_999.jpg,C:\Users\yys\Desktop\风机\wind-fault-detection-platform\datasets\wind_blade_defect_v02_improve\labels\train\hole_999.txt,C:\Users\yys\Desktop\风机\wind-fault-detection-platform\datasets\wind_blade_defect_v03_recall\images\train\v03_small_r1_hole_999.jpg,C:\Users\yys\Desktop\风机\wind-fault-detection-platform\datasets\wind_blade_defect_v03_recall\labels\train\v03_small_r1_hole_999.txt
small_target_recall_oversample,C:\Users\yys\Desktop\风机\wind-fault-detection-platform\datasets\wind_blade_defect_v02_improve\images\train\oversample_corrosion_hole_1024.jpg,C:\Users\yys\Desktop\风机\wind-fault-detection-platform\datasets\wind_blade_defect_v02_improve\labels\train\oversample_corrosion_hole_1024.txt,C:\Users\yys\Desktop\风机\wind-fault-detection-platform\datasets\wind_blade_defect_v03_recall\images\train\v03_small_r1_oversample_corrosion_hole_1024.jpg,C:\Users\yys\Desktop\风机\wind-fault-detection-platform\datasets\wind_blade_defect_v03_recall\labels\train\v03_small_r1_oversample_corrosion_hole_1024.txt
small_target_recall_oversample,C:\Users\yys\Desktop\风机\wind-fault-detection-platform\datasets\wind_blade_defect_v02_improve\images\train\oversample_corrosion_hole_154.jpg,C:\Users\yys\Desktop\风机\wind-fault-detection-platform\datasets\wind_blade_defect_v02_improve\labels\train\oversample_corrosion_hole_154.txt,C:\Users\yys\Desktop\风机\wind-fault-detection-platform\datasets\wind_blade_defect_v03_recall\images\train\v03_small_r1_oversample_corrosion_hole_154.jpg,C:\Users\yys\Desktop\风机\wind-fault-detection-platform\datasets\wind_blade_defect_v03_recall\labels\train\v03_small_r1_oversample_corrosion_hole_154.txt
small_target_recall_oversample,C:\Users\yys\Desktop\风机\wind-fault-detection-platform\datasets\wind_blade_defect_v02_improve\images\train\oversample_corrosion_hole_195.jpg,C:\Users\yys\Desktop\风机\wind-fault-detection-platform\datasets\wind_blade_defect_v02_improve\labels\train\oversample_corrosion_hole_195.txt,C:\Users\yys\Desktop\风机\wind-fault-detection-platform\datasets\wind_blade_defect_v03_recall\images\train\v03_small_r1_oversample_corrosion_hole_195.jpg,C:\Users\yys\Desktop\风机\wind-fault-detection-platform\datasets\wind_blade_defect_v03_recall\labels\train\v03_small_r1_oversample_corrosion_hole_195.txt
small_target_recall_oversample,C:\Users\yys\Desktop\风机\wind-fault-detection-platform\datasets\wind_blade_defect_v02_improve\images\train\oversample_corrosion_hole_482.jpg,C:\Users\yys\Desktop\风机\wind-fault-detection-platform\datasets\wind_blade_defect_v02_improve\labels\train\oversample_corrosion_hole_482.txt,C:\Users\yys\Desktop\风机\wind-fault-detection-platform\datasets\wind_blade_defect_v03_recall\images\train\v03_small_r1_oversample_corrosion_hole_482.jpg,C:\Users\yys\Desktop\风机\wind-fault-detection-platform\datasets\wind_blade_defect_v03_recall\labels\train\v03_small_r1_oversample_corrosion_hole_482.txt
small_target_recall_oversample,C:\Users\yys\Desktop\风机\wind-fault-detection-platform\datasets\wind_blade_defect_v02_improve\images\train\oversample_corrosion_hole_510.jpg,C:\Users\yys\Desktop\风机\wind-fault-detection-platform\datasets\wind_blade_defect_v02_improve\labels\train\oversample_corrosion_hole_510.txt,C:\Users\yys\Desktop\风机\wind-fault-detection-platform\datasets\wind_blade_defect_v03_recall\images\train\v03_small_r1_oversample_corrosion_hole_510.jpg,C:\Users\yys\Desktop\风机\wind-fault-detection-platform\datasets\wind_blade_defect_v03_recall\labels\train\v03_small_r1_oversample_corrosion_hole_510.txt
small_target_recall_oversample,C:\Users\yys\Desktop\风机\wind-fault-detection-platform\datasets\wind_blade_defect_v02_improve\images\train\oversample_corrosion_hole_697.jpg,C:\Users\yys\Desktop\风机\wind-fault-detection-platform\datasets\wind_blade_defect_v02_improve\labels\train\oversample_corrosion_hole_697.txt,C:\Users\yys\Desktop\风机\wind-fault-detection-platform\datasets\wind_blade_defect_v03_recall\images\train\v03_small_r1_oversample_corrosion_hole_697.jpg,C:\Users\yys\Desktop\风机\wind-fault-detection-platform\datasets\wind_blade_defect_v03_recall\labels\train\v03_small_r1_oversample_corrosion_hole_697.txt
small_target_recall_oversample,C:\Users\yys\Desktop\风机\wind-fault-detection-platform\datasets\wind_blade_defect_v02_improve\images\train\oversample_corrosion_spalling_905.jpg,C:\Users\yys\Desktop\风机\wind-fault-detection-platform\datasets\wind_blade_defect_v02_improve\labels\train\oversample_corrosion_spalling_905.txt,C:\Users\yys\Desktop\风机\wind-fault-detection-platform\datasets\wind_blade_defect_v03_recall\images\train\v03_small_r1_oversample_corrosion_spalling_905.jpg,C:\Users\yys\Desktop\风机\wind-fault-detection-platform\datasets\wind_blade_defect_v03_recall\labels\train\v03_small_r1_oversample_corrosion_spalling_905.txt
small_target_recall_oversample,C:\Users\yys\Desktop\风机\wind-fault-detection-platform\datasets\wind_blade_defect_v02_improve\images\train\spalling_1038.jpg,C:\Users\yys\Desktop\风机\wind-fault-detection-platform\datasets\wind_blade_defect_v02_improve\labels\train\spalling_1038.txt,C:\Users\yys\Desktop\风机\wind-fault-detection-platform\datasets\wind_blade_defect_v03_recall\images\train\v03_small_r1_spalling_1038.jpg,C:\Users\yys\Desktop\风机\wind-fault-detection-platform\datasets\wind_blade_defect_v03_recall\labels\train\v03_small_r1_spalling_1038.txt
small_target_recall_oversample,C:\Users\yys\Desktop\风机\wind-fault-detection-platform\datasets\wind_blade_defect_v02_improve\images\train\spalling_188.jpg,C:\Users\yys\Desktop\风机\wind-fault-detection-platform\datasets\wind_blade_defect_v02_improve\labels\train\spalling_188.txt,C:\Users\yys\Desktop\风机\wind-fault-detection-platform\datasets\wind_blade_defect_v03_recall\images\train\v03_small_r1_spalling_188.jpg,C:\Users\yys\Desktop\风机\wind-fault-detection-platform\datasets\wind_blade_defect_v03_recall\labels\train\v03_small_r1_spalling_188.txt
small_target_recall_oversample,C:\Users\yys\Desktop\风机\wind-fault-detection-platform\datasets\wind_blade_defect_v02_improve\images\train\spalling_25.jpg,C:\Users\yys\Desktop\风机\wind-fault-detection-platform\datasets\wind_blade_defect_v02_improve\labels\train\spalling_25.txt,C:\Users\yys\Desktop\风机\wind-fault-detection-platform\datasets\wind_blade_defect_v03_recall\images\train\v03_small_r1_spalling_25.jpg,C:\Users\yys\Desktop\风机\wind-fault-detection-platform\datasets\wind_blade_defect_v03_recall\labels\train\v03_small_r1_spalling_25.txt
small_target_recall_oversample,C:\Users\yys\Desktop\风机\wind-fault-detection-platform\datasets\wind_blade_defect_v02_improve\images\train\spalling_273.jpg,C:\Users\yys\Desktop\风机\wind-fault-detection-platform\datasets\wind_blade_defect_v02_improve\labels\train\spalling_273.txt,C:\Users\yys\Desktop\风机\wind-fault-detection-platform\datasets\wind_blade_defect_v03_recall\images\train\v03_small_r1_spalling_273.jpg,C:\Users\yys\Desktop\风机\wind-fault-detection-platform\datasets\wind_blade_defect_v03_recall\labels\train\v03_small_r1_spalling_273.txt
small_target_recall_oversample,C:\Users\yys\Desktop\风机\wind-fault-detection-platform\datasets\wind_blade_defect_v02_improve\images\train\spalling_304.jpg,C:\Users\yys\Desktop\风机\wind-fault-detection-platform\datasets\wind_blade_defect_v02_improve\labels\train\spalling_304.txt,C:\Users\yys\Desktop\风机\wind-fault-detection-platform\datasets\wind_blade_defect_v03_recall\images\train\v03_small_r1_spalling_304.jpg,C:\Users\yys\Desktop\风机\wind-fault-detection-platform\datasets\wind_blade_defect_v03_recall\labels\train\v03_small_r1_spalling_304.txt
small_target_recall_oversample,C:\Users\yys\Desktop\风机\wind-fault-detection-platform\datasets\wind_blade_defect_v02_improve\images\train\spalling_324.jpg,C:\Users\yys\Desktop\风机\wind-fault-detection-platform\datasets\wind_blade_defect_v02_improve\labels\train\spalling_324.txt,C:\Users\yys\Desktop\风机\wind-fault-detection-platform\datasets\wind_blade_defect_v03_recall\images\train\v03_small_r1_spalling_324.jpg,C:\Users\yys\Desktop\风机\wind-fault-detection-platform\datasets\wind_blade_defect_v03_recall\labels\train\v03_small_r1_spalling_324.txt
small_target_recall_oversample,C:\Users\yys\Desktop\风机\wind-fault-detection-platform\datasets\wind_blade_defect_v02_improve\images\train\spalling_35.jpg,C:\Users\yys\Desktop\风机\wind-fault-detection-platform\datasets\wind_blade_defect_v02_improve\labels\train\spalling_35.txt,C:\Users\yys\Desktop\风机\wind-fault-detection-platform\datasets\wind_blade_defect_v03_recall\images\train\v03_small_r1_spalling_35.jpg,C:\Users\yys\Desktop\风机\wind-fault-detection-platform\datasets\wind_blade_defect_v03_recall\labels\train\v03_small_r1_spalling_35.txt
small_target_recall_oversample,C:\Users\yys\Desktop\风机\wind-fault-detection-platform\datasets\wind_blade_defect_v02_improve\images\train\spalling_38.jpg,C:\Users\yys\Desktop\风机\wind-fault-detection-platform\datasets\wind_blade_defect_v02_improve\labels\train\spalling_38.txt,C:\Users\yys\Desktop\风机\wind-fault-detection-platform\datasets\wind_blade_defect_v03_recall\images\train\v03_small_r1_spalling_38.jpg,C:\Users\yys\Desktop\风机\wind-fault-detection-platform\datasets\wind_blade_defect_v03_recall\labels\train\v03_small_r1_spalling_38.txt
small_target_recall_oversample,C:\Users\yys\Desktop\风机\wind-fault-detection-platform\datasets\wind_blade_defect_v02_improve\images\train\spalling_461.jpg,C:\Users\yys\Desktop\风机\wind-fault-detection-platform\datasets\wind_blade_defect_v02_improve\labels\train\spalling_461.txt,C:\Users\yys\Desktop\风机\wind-fault-detection-platform\datasets\wind_blade_defect_v03_recall\images\train\v03_small_r1_spalling_461.jpg,C:\Users\yys\Desktop\风机\wind-fault-detection-platform\datasets\wind_blade_defect_v03_recall\labels\train\v03_small_r1_spalling_461.txt
small_target_recall_oversample,C:\Users\yys\Desktop\风机\wind-fault-detection-platform\datasets\wind_blade_defect_v02_improve\images\train\spalling_641.jpg,C:\Users\yys\Desktop\风机\wind-fault-detection-platform\datasets\wind_blade_defect_v02_improve\labels\train\spalling_641.txt,C:\Users\yys\Desktop\风机\wind-fault-detection-platform\datasets\wind_blade_defect_v03_recall\images\train\v03_small_r1_spalling_641.jpg,C:\Users\yys\Desktop\风机\wind-fault-detection-platform\datasets\wind_blade_defect_v03_recall\labels\train\v03_small_r1_spalling_641.txt
small_target_recall_oversample,C:\Users\yys\Desktop\风机\wind-fault-detection-platform\datasets\wind_blade_defect_v02_improve\images\train\spalling_769.jpg,C:\Users\yys\Desktop\风机\wind-fault-detection-platform\datasets\wind_blade_defect_v02_improve\labels\train\spalling_769.txt,C:\Users\yys\Desktop\风机\wind-fault-detection-platform\datasets\wind_blade_defect_v03_recall\images\train\v03_small_r1_spalling_769.jpg,C:\Users\yys\Desktop\风机\wind-fault-detection-platform\datasets\wind_blade_defect_v03_recall\labels\train\v03_small_r1_spalling_769.txt
small_target_recall_oversample,C:\Users\yys\Desktop\风机\wind-fault-detection-platform\datasets\wind_blade_defect_v02_improve\images\train\spalling_891.jpg,C:\Users\yys\Desktop\风机\wind-fault-detection-platform\datasets\wind_blade_defect_v02_improve\labels\train\spalling_891.txt,C:\Users\yys\Desktop\风机\wind-fault-detection-platform\datasets\wind_blade_defect_v03_recall\images\train\v03_small_r1_spalling_891.jpg,C:\Users\yys\Desktop\风机\wind-fault-detection-platform\datasets\wind_blade_defect_v03_recall\labels\train\v03_small_r1_spalling_891.txt
small_target_recall_oversample,C:\Users\yys\Desktop\风机\wind-fault-detection-platform\datasets\wind_blade_defect_v02_improve\images\train\spalling_905.jpg,C:\Users\yys\Desktop\风机\wind-fault-detection-platform\datasets\wind_blade_defect_v02_improve\labels\train\spalling_905.txt,C:\Users\yys\Desktop\风机\wind-fault-detection-platform\datasets\wind_blade_defect_v03_recall\images\train\v03_small_r1_spalling_905.jpg,C:\Users\yys\Desktop\风机\wind-fault-detection-platform\datasets\wind_blade_defect_v03_recall\labels\train\v03_small_r1_spalling_905.txt
small_target_recall_oversample,C:\Users\yys\Desktop\风机\wind-fault-detection-platform\datasets\wind_blade_defect_v02_improve\images\train\spalling_938.jpg,C:\Users\yys\Desktop\风机\wind-fault-detection-platform\datasets\wind_blade_defect_v02_improve\labels\train\spalling_938.txt,C:\Users\yys\Desktop\风机\wind-fault-detection-platform\datasets\wind_blade_defect_v03_recall\images\train\v03_small_r1_spalling_938.jpg,C:\Users\yys\Desktop\风机\wind-fault-detection-platform\datasets\wind_blade_defect_v03_recall\labels\train\v03_small_r1_spalling_938.txt
small_target_recall_oversample,C:\Users\yys\Desktop\风机\wind-fault-detection-platform\datasets\wind_blade_defect_v02_improve\images\train\spalling_956.jpg,C:\Users\yys\Desktop\风机\wind-fault-detection-platform\datasets\wind_blade_defect_v02_improve\labels\train\spalling_956.txt,C:\Users\yys\Desktop\风机\wind-fault-detection-platform\datasets\wind_blade_defect_v03_recall\images\train\v03_small_r1_spalling_956.jpg,C:\Users\yys\Desktop\风机\wind-fault-detection-platform\datasets\wind_blade_defect_v03_recall\labels\train\v03_small_r1_spalling_956.txt
small_target_recall_oversample,C:\Users\yys\Desktop\风机\wind-fault-detection-platform\datasets\wind_blade_defect_v02_improve\images\train\spalling_983.jpg,C:\Users\yys\Desktop\风机\wind-fault-detection-platform\datasets\wind_blade_defect_v02_improve\labels\train\spalling_983.txt,C:\Users\yys\Desktop\风机\wind-fault-detection-platform\datasets\wind_blade_defect_v03_recall\images\train\v03_small_r1_spalling_983.jpg,C:\Users\yys\Desktop\风机\wind-fault-detection-platform\datasets\wind_blade_defect_v03_recall\labels\train\v03_small_r1_spalling_983.txt
